Servicing hardware INT=0x20
     0: v=20 e=0000 i=0 cpl=0 IP=0038:000000003fe7769a pc=000000003fe7769a SP=0030:000000003fe65818 env->regs[R_EAX]=0000000000000000
RAX=0000000000000000 RBX=000000003fe8c0a0 RCX=000000003eb51800 RDX=0000000000000078
RSI=000000003fe6591c RDI=0000000000000078 RBP=000000003fe65880 RSP=000000003fe65818
R8 =00000000000000af R9 =0000000000000050 R10=000000003fe65380 R11=000000000000c000
R12=0000000000000078 R13=000000003eb51800 R14=0000000000000000 R15=000000003eb51818
RIP=000000003fe7769a RFL=00000206 [-----P-] CPL=0 II=0 A20=1 SMM=0 HLT=0
ES =0030 0000000000000000 ffffffff 00cf9300 DPL=0 DS   [-WA]
CS =0038 0000000000000000 ffffffff 00af9a00 DPL=0 CS64 [-R-]
SS =0030 0000000000000000 ffffffff 00cf9300 DPL=0 DS   [-WA]
DS =0030 0000000000000000 ffffffff 00cf9300 DPL=0 DS   [-WA]
FS =0030 0000000000000000 ffffffff 00cf9300 DPL=0 DS   [-WA]
GS =0030 0000000000000000 ffffffff 00cf9300 DPL=0 DS   [-WA]
LDT=0000 0000000000000000 0000ffff 00008200 DPL=0 LDT
TR =0000 0000000000000000 0000ffff 00008b00 DPL=0 TSS64-busy
GDT=     000000003f5dc000 00000047
IDT=     000000003efa3018 00000fff
CR0=80010033 CR2=0000000000000000 CR3=000000003f801000 CR4=00000660
DR0=0000000000000000 DR1=0000000000000000 DR2=0000000000000000 DR3=0000000000000000 
DR6=00000000ffff0ff0 DR7=0000000000000400
CCS=0000000000000004 CCD=000000003fe65800 CCO=EFLAGS
EFER=0000000000000d00
Servicing hardware INT=0x20
     1: v=20 e=0000 i=0 cpl=0 IP=0038:000000003efa8fff pc=000000003efa8fff SP=0030:000000003fe652a0 env->regs[R_EAX]=000000003efa8ff1
RAX=000000003efa8ff1 RBX=000000c19b000000 RCX=0000000000000005 RDX=0000000000000027
RSI=0000000000000008 RDI=0000000000000005 RBP=000000003fe652b0 RSP=000000003fe652a0
R8 =000000c19ae00083 R9 =000000003eb73397 R10=0000000000000000 R11=0000000000000008
R12=000000003fe65358 R13=0000000000000001 R14=0000000000000000 R15=000000003fe65354
RIP=000000003efa8fff RFL=00000202 [-------] CPL=0 II=0 A20=1 SMM=0 HLT=0
ES =0030 0000000000000000 ffffffff 00cf9300 DPL=0 DS   [-WA]
CS =0038 0000000000000000 ffffffff 00af9a00 DPL=0 CS64 [-R-]
SS =0030 0000000000000000 ffffffff 00cf9300 DPL=0 DS   [-WA]
DS =0030 0000000000000000 ffffffff 00cf9300 DPL=0 DS   [-WA]
FS =0030 0000000000000000 ffffffff 00cf9300 DPL=0 DS   [-WA]
GS =0030 0000000000000000 ffffffff 00cf9300 DPL=0 DS   [-WA]
LDT=0000 0000000000000000 0000ffff 00008200 DPL=0 LDT
TR =0000 0000000000000000 0000ffff 00008b00 DPL=0 TSS64-busy
GDT=     000000003f5dc000 00000047
IDT=     000000003efa3018 00000fff
CR0=80000033 CR2=0000000000000000 CR3=000000003f801000 CR4=00000668
DR0=0000000000000000 DR1=0000000000000000 DR2=0000000000000000 DR3=0000000000000000 
DR6=00000000ffff0ff0 DR7=0000000000000400
CCS=0000000000000000 CCD=000000003efab940 CCO=EFLAGS
EFER=0000000000000d00
Servicing hardware INT=0x20
     2: v=20 e=0000 i=0 cpl=0 IP=0038:000000003efa8fff pc=000000003efa8fff SP=0030:000000003fe652a0 env->regs[R_EAX]=000000003efa8ff1
RAX=000000003efa8ff1 RBX=000000c513e00000 RCX=0000000000000005 RDX=0000000000000027
RSI=0000000000000008 RDI=0000000000000005 RBP=000000003fe652b0 RSP=000000003fe652a0
R8 =000000c513c00083 R9 =000000003eb73397 R10=0000000000000000 R11=0000000000000008
R12=000000003fe65358 R13=0000000000000001 R14=0000000000000000 R15=000000003fe65354
RIP=000000003efa8fff RFL=00000202 [-------] CPL=0 II=0 A20=1 SMM=0 HLT=0
ES =0030 0000000000000000 ffffffff 00cf9300 DPL=0 DS   [-WA]
CS =0038 0000000000000000 ffffffff 00af9a00 DPL=0 CS64 [-R-]
SS =0030 0000000000000000 ffffffff 00cf9300 DPL=0 DS   [-WA]
DS =0030 0000000000000000 ffffffff 00cf9300 DPL=0 DS   [-WA]
FS =0030 0000000000000000 ffffffff 00cf9300 DPL=0 DS   [-WA]
GS =0030 0000000000000000 ffffffff 00cf9300 DPL=0 DS   [-WA]
LDT=0000 0000000000000000 0000ffff 00008200 DPL=0 LDT
TR =0000 0000000000000000 0000ffff 00008b00 DPL=0 TSS64-busy
GDT=     000000003f5dc000 00000047
IDT=     000000003efa3018 00000fff
CR0=80000033 CR2=0000000000000000 CR3=000000003f801000 CR4=00000668
DR0=0000000000000000 DR1=0000000000000000 DR2=0000000000000000 DR3=0000000000000000 
DR6=00000000ffff0ff0 DR7=0000000000000400
CCS=0000000000000000 CCD=000000003efab940 CCO=EFLAGS
EFER=0000000000000d00
Servicing hardware INT=0x20
     3: v=20 e=0000 i=0 cpl=0 IP=0038:000000003fe6e690 pc=000000003fe6e690 SP=0030:000000003fe65180 env->regs[R_EAX]=000000003fe8afc0
RAX=000000003fe8afc0 RBX=0000000000000010 RCX=0000000000000010 RDX=000fffffc0000000
RSI=0000000000000008 RDI=0000000000000007 RBP=000000003fe651c0 RSP=000000003fe65180
R8 =000000000000001f R9 =000000003eb73397 R10=0000000000000000 R11=0000000000000008
R12=0000000000000010 R13=0000000000000007 R14=0000000000000000 R15=000000003fe65354
RIP=000000003fe6e690 RFL=00000246 [---Z-P-] CPL=0 II=0 A20=1 SMM=0 HLT=0
ES =0030 0000000000000000 ffffffff 00cf9300 DPL=0 DS   [-WA]
CS =0038 0000000000000000 ffffffff 00af9a00 DPL=0 CS64 [-R-]
SS =0030 0000000000000000 ffffffff 00cf9300 DPL=0 DS   [-WA]
DS =0030 0000000000000000 ffffffff 00cf9300 DPL=0 DS   [-WA]
FS =0030 0000000000000000 ffffffff 00cf9300 DPL=0 DS   [-WA]
GS =0030 0000000000000000 ffffffff 00cf9300 DPL=0 DS   [-WA]
LDT=0000 0000000000000000 0000ffff 00008200 DPL=0 LDT
TR =0000 0000000000000000 0000ffff 00008b00 DPL=0 TSS64-busy
GDT=     000000003f5dc000 00000047
IDT=     000000003efa3018 00000fff
CR0=80000033 CR2=0000000000000000 CR3=000000003f801000 CR4=00000668
DR0=0000000000000000 DR1=0000000000000000 DR2=0000000000000000 DR3=0000000000000000 
DR6=00000000ffff0ff0 DR7=0000000000000400
CCS=0000000000000044 CCD=0000000000000000 CCO=EFLAGS
EFER=0000000000000d00
Servicing hardware INT=0x20
     4: v=20 e=0000 i=0 cpl=0 IP=0038:000000003efa8fff pc=000000003efa8fff SP=0030:000000003fe652a0 env->regs[R_EAX]=000000003efa8ff1
RAX=000000003efa8ff1 RBX=000000cc4a400000 RCX=0000000000000005 RDX=0000000000000027
RSI=0000000000000008 RDI=0000000000000005 RBP=000000003fe652b0 RSP=000000003fe652a0
R8 =000000cc4a200083 R9 =000000003eb73397 R10=0000000000000000 R11=0000000000000008
R12=000000003fe65358 R13=0000000000000001 R14=0000000000000000 R15=000000003fe65354
RIP=000000003efa8fff RFL=00000202 [-------] CPL=0 II=0 A20=1 SMM=0 HLT=0
ES =0030 0000000000000000 ffffffff 00cf9300 DPL=0 DS   [-WA]
CS =0038 0000000000000000 ffffffff 00af9a00 DPL=0 CS64 [-R-]
SS =0030 0000000000000000 ffffffff 00cf9300 DPL=0 DS   [-WA]
DS =0030 0000000000000000 ffffffff 00cf9300 DPL=0 DS   [-WA]
FS =0030 0000000000000000 ffffffff 00cf9300 DPL=0 DS   [-WA]
GS =0030 0000000000000000 ffffffff 00cf9300 DPL=0 DS   [-WA]
LDT=0000 0000000000000000 0000ffff 00008200 DPL=0 LDT
TR =0000 0000000000000000 0000ffff 00008b00 DPL=0 TSS64-busy
GDT=     000000003f5dc000 00000047
IDT=     000000003efa3018 00000fff
CR0=80000033 CR2=0000000000000000 CR3=000000003f801000 CR4=00000668
DR0=0000000000000000 DR1=0000000000000000 DR2=0000000000000000 DR3=0000000000000000 
DR6=00000000ffff0ff0 DR7=0000000000000400
CCS=0000000000000000 CCD=000000003efab940 CCO=EFLAGS
EFER=0000000000000d00
Servicing hardware INT=0x20
     5: v=20 e=0000 i=0 cpl=0 IP=0038:000000003eb57266 pc=000000003eb57266 SP=0030:000000003fe65138 env->regs[R_EAX]=000000003eb6ca80
RAX=000000003eb6ca80 RBX=0000000000000010 RCX=000000003eb6ca80 RDX=000000003f4e7a3c
RSI=0000000008000158 RDI=0000000000000001 RBP=000000003fe65170 RSP=000000003fe65138
R8 =000000000000001f R9 =000000003eb73397 R10=0000000000000000 R11=0000000000000008
R12=0000000000000010 R13=0000000000000005 R14=0000000000000008 R15=000000003fe65354
RIP=000000003eb57266 RFL=00000202 [-------] CPL=0 II=0 A20=1 SMM=0 HLT=0
ES =0030 0000000000000000 ffffffff 00cf9300 DPL=0 DS   [-WA]
CS =0038 0000000000000000 ffffffff 00af9a00 DPL=0 CS64 [-R-]
SS =0030 0000000000000000 ffffffff 00cf9300 DPL=0 DS   [-WA]
DS =0030 0000000000000000 ffffffff 00cf9300 DPL=0 DS   [-WA]
FS =0030 0000000000000000 ffffffff 00cf9300 DPL=0 DS   [-WA]
GS =0030 0000000000000000 ffffffff 00cf9300 DPL=0 DS   [-WA]
LDT=0000 0000000000000000 0000ffff 00008200 DPL=0 LDT
TR =0000 0000000000000000 0000ffff 00008b00 DPL=0 TSS64-busy
GDT=     000000003f5dc000 00000047
IDT=     000000003efa3018 00000fff
CR0=80000033 CR2=0000000000000000 CR3=000000003f801000 CR4=00000668
DR0=0000000000000000 DR1=0000000000000000 DR2=0000000000000000 DR3=0000000000000000 
DR6=00000000ffff0ff0 DR7=0000000000000400
CCS=0000000000000000 CCD=000000003fe65140 CCO=EFLAGS
EFER=0000000000000d00
Servicing hardware INT=0x20
     6: v=20 e=0000 i=0 cpl=0 IP=0038:000000003efa8fff pc=000000003efa8fff SP=0030:000000003fe652a0 env->regs[R_EAX]=000000003efa8ff1
RAX=000000003efa8ff1 RBX=000000d532800000 RCX=0000000000000005 RDX=0000000000000027
RSI=0000000000000008 RDI=0000000000000005 RBP=000000003fe652b0 RSP=000000003fe652a0
R8 =000000d532600083 R9 =000000003eb73397 R10=0000000000000000 R11=0000000000000008
R12=000000003fe65358 R13=0000000000000001 R14=0000000000000000 R15=000000003fe65354
RIP=000000003efa8fff RFL=00000202 [-------] CPL=0 II=0 A20=1 SMM=0 HLT=0
ES =0030 0000000000000000 ffffffff 00cf9300 DPL=0 DS   [-WA]
CS =0038 0000000000000000 ffffffff 00af9a00 DPL=0 CS64 [-R-]
SS =0030 0000000000000000 ffffffff 00cf9300 DPL=0 DS   [-WA]
DS =0030 0000000000000000 ffffffff 00cf9300 DPL=0 DS   [-WA]
FS =0030 0000000000000000 ffffffff 00cf9300 DPL=0 DS   [-WA]
GS =0030 0000000000000000 ffffffff 00cf9300 DPL=0 DS   [-WA]
LDT=0000 0000000000000000 0000ffff 00008200 DPL=0 LDT
TR =0000 0000000000000000 0000ffff 00008b00 DPL=0 TSS64-busy
GDT=     000000003f5dc000 00000047
IDT=     000000003efa3018 00000fff
CR0=80000033 CR2=0000000000000000 CR3=000000003f801000 CR4=00000668
DR0=0000000000000000 DR1=0000000000000000 DR2=0000000000000000 DR3=0000000000000000 
DR6=00000000ffff0ff0 DR7=0000000000000400
CCS=0000000000000000 CCD=000000003efab940 CCO=EFLAGS
EFER=0000000000000d00
Servicing hardware INT=0x20
     7: v=20 e=0000 i=0 cpl=0 IP=0038:000000003efa8fff pc=000000003efa8fff SP=0030:000000003fe652a0 env->regs[R_EAX]=000000003efa8ff1
RAX=000000003efa8ff1 RBX=000000d975e00000 RCX=0000000000000005 RDX=0000000000000027
RSI=0000000000000008 RDI=0000000000000005 RBP=000000003fe652b0 RSP=000000003fe652a0
R8 =000000d975c00083 R9 =000000003eb73397 R10=0000000000000000 R11=0000000000000008
R12=000000003fe65358 R13=0000000000000001 R14=0000000000000000 R15=000000003fe65354
RIP=000000003efa8fff RFL=00000202 [-------] CPL=0 II=0 A20=1 SMM=0 HLT=0
ES =0030 0000000000000000 ffffffff 00cf9300 DPL=0 DS   [-WA]
CS =0038 0000000000000000 ffffffff 00af9a00 DPL=0 CS64 [-R-]
SS =0030 0000000000000000 ffffffff 00cf9300 DPL=0 DS   [-WA]
DS =0030 0000000000000000 ffffffff 00cf9300 DPL=0 DS   [-WA]
FS =0030 0000000000000000 ffffffff 00cf9300 DPL=0 DS   [-WA]
GS =0030 0000000000000000 ffffffff 00cf9300 DPL=0 DS   [-WA]
LDT=0000 0000000000000000 0000ffff 00008200 DPL=0 LDT
TR =0000 0000000000000000 0000ffff 00008b00 DPL=0 TSS64-busy
GDT=     000000003f5dc000 00000047
IDT=     000000003efa3018 00000fff
CR0=80000033 CR2=0000000000000000 CR3=000000003f801000 CR4=00000668
DR0=0000000000000000 DR1=0000000000000000 DR2=0000000000000000 DR3=0000000000000000 
DR6=00000000ffff0ff0 DR7=0000000000000400
CCS=0000000000000000 CCD=000000003efab940 CCO=EFLAGS
EFER=0000000000000d00
Servicing hardware INT=0x20
     8: v=20 e=0000 i=0 cpl=0 IP=0038:000000003eb57266 pc=000000003eb57266 SP=0030:000000003fe65138 env->regs[R_EAX]=000000003eb6ca80
RAX=000000003eb6ca80 RBX=0000000000000010 RCX=000000003eb6ca80 RDX=000000003f4e7a3c
RSI=0000000008000160 RDI=0000000000000001 RBP=000000003fe65170 RSP=000000003fe65138
R8 =000000000000001f R9 =000000003eb73397 R10=0000000000000000 R11=0000000000000008
R12=0000000000000010 R13=0000000000000007 R14=0000000000000008 R15=000000003fe65354
RIP=000000003eb57266 RFL=00000202 [-------] CPL=0 II=0 A20=1 SMM=0 HLT=0
ES =0030 0000000000000000 ffffffff 00cf9300 DPL=0 DS   [-WA]
CS =0038 0000000000000000 ffffffff 00af9a00 DPL=0 CS64 [-R-]
SS =0030 0000000000000000 ffffffff 00cf9300 DPL=0 DS   [-WA]
DS =0030 0000000000000000 ffffffff 00cf9300 DPL=0 DS   [-WA]
FS =0030 0000000000000000 ffffffff 00cf9300 DPL=0 DS   [-WA]
GS =0030 0000000000000000 ffffffff 00cf9300 DPL=0 DS   [-WA]
LDT=0000 0000000000000000 0000ffff 00008200 DPL=0 LDT
TR =0000 0000000000000000 0000ffff 00008b00 DPL=0 TSS64-busy
GDT=     000000003f5dc000 00000047
IDT=     000000003efa3018 00000fff
CR0=80000033 CR2=0000000000000000 CR3=000000003f801000 CR4=00000668
DR0=0000000000000000 DR1=0000000000000000 DR2=0000000000000000 DR3=0000000000000000 
DR6=00000000ffff0ff0 DR7=0000000000000400
CCS=0000000000000000 CCD=000000003fe65140 CCO=EFLAGS
EFER=0000000000000d00
Servicing hardware INT=0x20
     9: v=20 e=0000 i=0 cpl=0 IP=0038:000000003fe801e6 pc=000000003fe801e6 SP=0030:000000003fe65b10 env->regs[R_EAX]=00000000000058c0
RAX=00000000000058c0 RBX=000000003eb46298 RCX=0000000000000000 RDX=000000003ea3c018
RSI=0000000000000000 RDI=000000003fe8a0f0 RBP=000000003fe65d30 RSP=000000003fe65b10
R8 =00000000000058c0 R9 =000000003ea3c257 R10=0000000000000003 R11=0000000000000000
R12=0000000000000000 R13=000000003ea26080 R14=000000003fe8b8a0 R15=000000003ea26188
RIP=000000003fe801e6 RFL=00000206 [-----P-] CPL=0 II=0 A20=1 SMM=0 HLT=0
ES =0030 0000000000000000 ffffffff 00cf9300 DPL=0 DS   [-WA]
CS =0038 0000000000000000 ffffffff 00af9a00 DPL=0 CS64 [-R-]
SS =0030 0000000000000000 ffffffff 00cf9300 DPL=0 DS   [-WA]
DS =0030 0000000000000000 ffffffff 00cf9300 DPL=0 DS   [-WA]
FS =0030 0000000000000000 ffffffff 00cf9300 DPL=0 DS   [-WA]
GS =0030 0000000000000000 ffffffff 00cf9300 DPL=0 DS   [-WA]
LDT=0000 0000000000000000 0000ffff 00008200 DPL=0 LDT
TR =0000 0000000000000000 0000ffff 00008b00 DPL=0 TSS64-busy
GDT=     000000003f5dc000 00000047
IDT=     000000003efa3018 00000fff
CR0=80010033 CR2=0000000000000000 CR3=000000003f801000 CR4=00000668
DR0=0000000000000000 DR1=0000000000000000 DR2=0000000000000000 DR3=0000000000000000 
DR6=00000000ffff0ff0 DR7=0000000000000400
CCS=0000000000000004 CCD=00000000000058c0 CCO=EFLAGS
EFER=0000000000000d00
Servicing hardware INT=0x20
    10: v=20 e=0000 i=0 cpl=0 IP=0038:000000003fe77ffe pc=000000003fe77ffe SP=0030:000000003fe65880 env->regs[R_EAX]=49dd98d899f03b99
RAX=49dd98d899f03b99 RBX=000000003fe65990 RCX=000000003f21d020 RDX=000000003f21d018
RSI=000000003f21d018 RDI=49dd98d899f03b99 RBP=000000003fe658c0 RSP=000000003fe65880
R8 =000000003fe65983 R9 =000000003fe65990 R10=000000000000000f R11=0000000000000000
R12=000000003fe65984 R13=000000003f4e3618 R14=000000003f4e3698 R15=000000003fe65990
RIP=000000003fe77ffe RFL=00000206 [-----P-] CPL=0 II=0 A20=1 SMM=0 HLT=0
ES =0030 0000000000000000 ffffffff 00cf9300 DPL=0 DS   [-WA]
CS =0038 0000000000000000 ffffffff 00af9a00 DPL=0 CS64 [-R-]
SS =0030 0000000000000000 ffffffff 00cf9300 DPL=0 DS   [-WA]
DS =0030 0000000000000000 ffffffff 00cf9300 DPL=0 DS   [-WA]
FS =0030 0000000000000000 ffffffff 00cf9300 DPL=0 DS   [-WA]
GS =0030 0000000000000000 ffffffff 00cf9300 DPL=0 DS   [-WA]
LDT=0000 0000000000000000 0000ffff 00008200 DPL=0 LDT
TR =0000 0000000000000000 0000ffff 00008b00 DPL=0 TSS64-busy
GDT=     000000003f5dc000 00000047
IDT=     000000003efa3018 00000fff
CR0=80010033 CR2=0000000000000000 CR3=000000003f801000 CR4=00000668
DR0=0000000000000000 DR1=0000000000000000 DR2=0000000000000000 DR3=0000000000000000 
DR6=00000000ffff0ff0 DR7=0000000000000400
CCS=0000000000000004 CCD=000000003fe65990 CCO=EFLAGS
EFER=0000000000000d00
Servicing hardware INT=0x20
    11: v=20 e=0000 i=0 cpl=0 IP=0038:000000003fe82e8c pc=000000003fe82e8c SP=0030:000000003fe65b10 env->regs[R_EAX]=00000000000000af
RAX=00000000000000af RBX=000000003ea1a000 RCX=0000000000000000 RDX=000000003ea1a000
RSI=000000003fe8bb60 RDI=000000003ea1f000 RBP=000000003fe65ba0 RSP=000000003fe65b10
R8 =00000000000000af R9 =000000003ea1efff R10=0000000000000010 R11=0000000000000000
R12=000000003ea1efff R13=000000003ea1f000 R14=000000003f7ffb40 R15=000000003ea1efff
RIP=000000003fe82e8c RFL=00000202 [-------] CPL=0 II=0 A20=1 SMM=0 HLT=0
ES =0030 0000000000000000 ffffffff 00cf9300 DPL=0 DS   [-WA]
CS =0038 0000000000000000 ffffffff 00af9a00 DPL=0 CS64 [-R-]
SS =0030 0000000000000000 ffffffff 00cf9300 DPL=0 DS   [-WA]
DS =0030 0000000000000000 ffffffff 00cf9300 DPL=0 DS   [-WA]
FS =0030 0000000000000000 ffffffff 00cf9300 DPL=0 DS   [-WA]
GS =0030 0000000000000000 ffffffff 00cf9300 DPL=0 DS   [-WA]
LDT=0000 0000000000000000 0000ffff 00008200 DPL=0 LDT
TR =0000 0000000000000000 0000ffff 00008b00 DPL=0 TSS64-busy
GDT=     000000003f5dc000 00000047
IDT=     000000003efa3018 00000fff
CR0=80010033 CR2=0000000000000000 CR3=000000003f801000 CR4=00000668
DR0=0000000000000000 DR1=0000000000000000 DR2=0000000000000000 DR3=0000000000000000 
DR6=00000000ffff0ff0 DR7=0000000000000400
CCS=0000000000000000 CCD=000000003fe65af8 CCO=EFLAGS
EFER=0000000000000d00
Servicing hardware INT=0x20
    12: v=20 e=0000 i=0 cpl=0 IP=0038:000000003eb57266 pc=000000003eb57266 SP=0030:000000003fe65688 env->regs[R_EAX]=000000003eb6ca80
RAX=000000003eb6ca80 RBX=0000000000000010 RCX=000000003eb6ca80 RDX=abd7f02e4201db00
RSI=000000003e749000 RDI=0000000000000001 RBP=000000003fe656c0 RSP=000000003fe65688
R8 =000000003e749000 R9 =000000003e78bfff R10=0000000000000084 R11=0000000000000042
R12=000000000000001f R13=0000000000000007 R14=000000000002600f R15=000000003e78bfff
RIP=000000003eb57266 RFL=00000206 [-----P-] CPL=0 II=0 A20=1 SMM=0 HLT=0
ES =0030 0000000000000000 ffffffff 00cf9300 DPL=0 DS   [-WA]
CS =0038 0000000000000000 ffffffff 00af9a00 DPL=0 CS64 [-R-]
SS =0030 0000000000000000 ffffffff 00cf9300 DPL=0 DS   [-WA]
DS =0030 0000000000000000 ffffffff 00cf9300 DPL=0 DS   [-WA]
FS =0030 0000000000000000 ffffffff 00cf9300 DPL=0 DS   [-WA]
GS =0030 0000000000000000 ffffffff 00cf9300 DPL=0 DS   [-WA]
LDT=0000 0000000000000000 0000ffff 00008200 DPL=0 LDT
TR =0000 0000000000000000 0000ffff 00008b00 DPL=0 TSS64-busy
GDT=     000000003f5dc000 00000047
IDT=     000000003efa3018 00000fff
CR0=80010033 CR2=0000000000000000 CR3=000000003f801000 CR4=00000668
DR0=0000000000000000 DR1=0000000000000000 DR2=0000000000000000 DR3=0000000000000000 
DR6=00000000ffff0ff0 DR7=0000000000000400
CCS=0000000000000020 CCD=000000003fe65690 CCO=SUBQ
EFER=0000000000000d00
Servicing hardware INT=0x20
    13: v=20 e=0000 i=0 cpl=0 IP=0038:000000003fe82e8c pc=000000003fe82e8c SP=0030:000000003fe65b10 env->regs[R_EAX]=00000000000000af
RAX=00000000000000af RBX=000000003ea03000 RCX=0000000000000000 RDX=000000003ea03000
RSI=000000003fe8bb60 RDI=000000003ea0b000 RBP=000000003fe65ba0 RSP=000000003fe65b10
R8 =00000000000000af R9 =000000003ea0afff R10=0000000000000014 R11=0000000000000000
R12=000000003ea0afff R13=000000003ea0b000 R14=000000003f7ff640 R15=000000003ea0afff
RIP=000000003fe82e8c RFL=00000202 [-------] CPL=0 II=0 A20=1 SMM=0 HLT=0
ES =0030 0000000000000000 ffffffff 00cf9300 DPL=0 DS   [-WA]
CS =0038 0000000000000000 ffffffff 00af9a00 DPL=0 CS64 [-R-]
SS =0030 0000000000000000 ffffffff 00cf9300 DPL=0 DS   [-WA]
DS =0030 0000000000000000 ffffffff 00cf9300 DPL=0 DS   [-WA]
FS =0030 0000000000000000 ffffffff 00cf9300 DPL=0 DS   [-WA]
GS =0030 0000000000000000 ffffffff 00cf9300 DPL=0 DS   [-WA]
LDT=0000 0000000000000000 0000ffff 00008200 DPL=0 LDT
TR =0000 0000000000000000 0000ffff 00008b00 DPL=0 TSS64-busy
GDT=     000000003f5dc000 00000047
IDT=     000000003efa3018 00000fff
CR0=80010033 CR2=0000000000000000 CR3=000000003f801000 CR4=00000668
DR0=0000000000000000 DR1=0000000000000000 DR2=0000000000000000 DR3=0000000000000000 
DR6=00000000ffff0ff0 DR7=0000000000000400
CCS=0000000000000000 CCD=000000003fe65af8 CCO=EFLAGS
EFER=0000000000000d00
Servicing hardware INT=0x20
    14: v=20 e=0000 i=0 cpl=0 IP=0038:000000003e7c50fb pc=000000003e7c50fb SP=0030:000000003fe65c30 env->regs[R_EAX]=0000000000000000
RAX=0000000000000000 RBX=0000000000000002 RCX=000000003f4e7a88 RDX=0000000000000000
RSI=00000000554d4551 RDI=0000000000000246 RBP=000000003fe65cc0 RSP=000000003fe65c30
R8 =000000000000001f R9 =0000000000000cf8 R10=0000000000000016 R11=0000000000000000
R12=000000003eb53318 R13=000000003f0494b0 R14=000000003fe8a8b0 R15=000000003fe8a8a0
RIP=000000003e7c50fb RFL=00000246 [---Z-P-] CPL=0 II=0 A20=1 SMM=0 HLT=0
ES =0030 0000000000000000 ffffffff 00cf9300 DPL=0 DS   [-WA]
CS =0038 0000000000000000 ffffffff 00af9a00 DPL=0 CS64 [-R-]
SS =0030 0000000000000000 ffffffff 00cf9300 DPL=0 DS   [-WA]
DS =0030 0000000000000000 ffffffff 00cf9300 DPL=0 DS   [-WA]
FS =0030 0000000000000000 ffffffff 00cf9300 DPL=0 DS   [-WA]
GS =0030 0000000000000000 ffffffff 00cf9300 DPL=0 DS   [-WA]
LDT=0000 0000000000000000 0000ffff 00008200 DPL=0 LDT
TR =0000 0000000000000000 0000ffff 00008b00 DPL=0 TSS64-busy
GDT=     000000003f5dc000 00000047
IDT=     000000003efa3018 00000fff
CR0=80010033 CR2=0000000000000000 CR3=000000003f801000 CR4=00000668
DR0=0000000000000000 DR1=0000000000000000 DR2=0000000000000000 DR3=0000000000000000 
DR6=00000000ffff0ff0 DR7=0000000000000400
CCS=0000000000000044 CCD=0000000000000000 CCO=EFLAGS
EFER=0000000000000d00
Servicing hardware INT=0x20
    15: v=20 e=0000 i=0 cpl=0 IP=0038:000000003fe82e8c pc=000000003fe82e8c SP=0030:000000003fe65b10 env->regs[R_EAX]=00000000000000af
RAX=00000000000000af RBX=000000003e7be000 RCX=0000000000000000 RDX=000000003e7be000
RSI=000000003fe8bb60 RDI=000000003e7cf000 RBP=000000003fe65ba0 RSP=000000003fe65b10
R8 =00000000000000af R9 =000000003e7cefff R10=0000000000000016 R11=0000000000000000
R12=000000003e7cefff R13=000000003e7cf000 R14=000000003f7ff540 R15=000000003e7cefff
RIP=000000003fe82e8c RFL=00000202 [-------] CPL=0 II=0 A20=1 SMM=0 HLT=0
ES =0030 0000000000000000 ffffffff 00cf9300 DPL=0 DS   [-WA]
CS =0038 0000000000000000 ffffffff 00af9a00 DPL=0 CS64 [-R-]
SS =0030 0000000000000000 ffffffff 00cf9300 DPL=0 DS   [-WA]
DS =0030 0000000000000000 ffffffff 00cf9300 DPL=0 DS   [-WA]
FS =0030 0000000000000000 ffffffff 00cf9300 DPL=0 DS   [-WA]
GS =0030 0000000000000000 ffffffff 00cf9300 DPL=0 DS   [-WA]
LDT=0000 0000000000000000 0000ffff 00008200 DPL=0 LDT
TR =0000 0000000000000000 0000ffff 00008b00 DPL=0 TSS64-busy
GDT=     000000003f5dc000 00000047
IDT=     000000003efa3018 00000fff
CR0=80010033 CR2=0000000000000000 CR3=000000003f801000 CR4=00000668
DR0=0000000000000000 DR1=0000000000000000 DR2=0000000000000000 DR3=0000000000000000 
DR6=00000000ffff0ff0 DR7=0000000000000400
CCS=0000000000000000 CCD=000000003fe65af8 CCO=EFLAGS
EFER=0000000000000d00
Servicing hardware INT=0x20
    16: v=20 e=0000 i=0 cpl=0 IP=0038:000000003eb24ef5 pc=000000003eb24ef5 SP=0030:000000003fe65aa0 env->regs[R_EAX]=000000003ea41060
RAX=000000003ea41060 RBX=000000003ea41060 RCX=0000000000000000 RDX=000000003ea00024
RSI=0000000000000001 RDI=000000003ea41f98 RBP=000000003fe65ba0 RSP=000000003fe65aa0
R8 =0000000000000004 R9 =000000003ea09574 R10=000000003ea081b2 R11=0000000000000000
R12=000000003ea40024 R13=000000003ea41018 R14=000000003ea41b98 R15=000000003ea41060
RIP=000000003eb24ef5 RFL=00000246 [---Z-P-] CPL=0 II=0 A20=1 SMM=0 HLT=0
ES =0030 0000000000000000 ffffffff 00cf9300 DPL=0 DS   [-WA]
CS =0038 0000000000000000 ffffffff 00af9a00 DPL=0 CS64 [-R-]
SS =0030 0000000000000000 ffffffff 00cf9300 DPL=0 DS   [-WA]
DS =0030 0000000000000000 ffffffff 00cf9300 DPL=0 DS   [-WA]
FS =0030 0000000000000000 ffffffff 00cf9300 DPL=0 DS   [-WA]
GS =0030 0000000000000000 ffffffff 00cf9300 DPL=0 DS   [-WA]
LDT=0000 0000000000000000 0000ffff 00008200 DPL=0 LDT
TR =0000 0000000000000000 0000ffff 00008b00 DPL=0 TSS64-busy
GDT=     000000003f5dc000 00000047
IDT=     000000003efa3018 00000fff
CR0=80010033 CR2=0000000000000000 CR3=000000003f801000 CR4=00000668
DR0=0000000000000000 DR1=0000000000000000 DR2=0000000000000000 DR3=0000000000000000 
DR6=00000000ffff0ff0 DR7=0000000000000400
CCS=0000000000000044 CCD=fffffffffffc0000 CCO=EFLAGS
EFER=0000000000000d00
Servicing hardware INT=0x20
    17: v=20 e=0000 i=0 cpl=0 IP=0038:000000003eb57266 pc=000000003eb57266 SP=0030:000000003fe65668 env->regs[R_EAX]=000000003eb6ca80
RAX=000000003eb6ca80 RBX=0000000000000010 RCX=000000003eb6ca80 RDX=abd7f02e4201db00
RSI=000000003ea0c000 RDI=0000000000000001 RBP=000000003fe656a0 RSP=000000003fe65668
R8 =000000003ea0c000 R9 =000000003ea12fff R10=000000003fe65a78 R11=0000000000000000
R12=000000000000001f R13=0000000000000004 R14=000000000002600f R15=000000003ea12fff
RIP=000000003eb57266 RFL=00000202 [-------] CPL=0 II=0 A20=1 SMM=0 HLT=0
ES =0030 0000000000000000 ffffffff 00cf9300 DPL=0 DS   [-WA]
CS =0038 0000000000000000 ffffffff 00af9a00 DPL=0 CS64 [-R-]
SS =0030 0000000000000000 ffffffff 00cf9300 DPL=0 DS   [-WA]
DS =0030 0000000000000000 ffffffff 00cf9300 DPL=0 DS   [-WA]
FS =0030 0000000000000000 ffffffff 00cf9300 DPL=0 DS   [-WA]
GS =0030 0000000000000000 ffffffff 00cf9300 DPL=0 DS   [-WA]
LDT=0000 0000000000000000 0000ffff 00008200 DPL=0 LDT
TR =0000 0000000000000000 0000ffff 00008b00 DPL=0 TSS64-busy
GDT=     000000003f5dc000 00000047
IDT=     000000003efa3018 00000fff
CR0=80010033 CR2=0000000000000000 CR3=000000003f801000 CR4=00000668
DR0=0000000000000000 DR1=0000000000000000 DR2=0000000000000000 DR3=0000000000000000 
DR6=00000000ffff0ff0 DR7=0000000000000400
CCS=0000000000000020 CCD=000000003fe65670 CCO=SUBQ
EFER=0000000000000d00
Servicing hardware INT=0x20
    18: v=20 e=0000 i=0 cpl=0 IP=0038:000000003e75c818 pc=000000003e75c818 SP=0030:000000003fe65be8 env->regs[R_EAX]=000000003fe65c70
RAX=000000003fe65c70 RBX=000000003ea10798 RCX=000000003e76a560 RDX=000000003fe65c78
RSI=000000003e76a560 RDI=0000000000000000 RBP=000000003fe65c50 RSP=000000003fe65be8
R8 =000000003e76a560 R9 =0000000000000000 R10=000000000000002a R11=0000000000000000
R12=000000003ea10798 R13=000000003fe65c70 R14=000000003e76ac50 R15=000000003fe8a8a0
RIP=000000003e75c818 RFL=00000206 [-----P-] CPL=0 II=0 A20=1 SMM=0 HLT=0
ES =0030 0000000000000000 ffffffff 00cf9300 DPL=0 DS   [-WA]
CS =0038 0000000000000000 ffffffff 00af9a00 DPL=0 CS64 [-R-]
SS =0030 0000000000000000 ffffffff 00cf9300 DPL=0 DS   [-WA]
DS =0030 0000000000000000 ffffffff 00cf9300 DPL=0 DS   [-WA]
FS =0030 0000000000000000 ffffffff 00cf9300 DPL=0 DS   [-WA]
GS =0030 0000000000000000 ffffffff 00cf9300 DPL=0 DS   [-WA]
LDT=0000 0000000000000000 0000ffff 00008200 DPL=0 LDT
TR =0000 0000000000000000 0000ffff 00008b00 DPL=0 TSS64-busy
GDT=     000000003f5dc000 00000047
IDT=     000000003efa3018 00000fff
CR0=80010033 CR2=0000000000000000 CR3=000000003f801000 CR4=00000668
DR0=0000000000000000 DR1=0000000000000000 DR2=0000000000000000 DR3=0000000000000000 
DR6=00000000ffff0ff0 DR7=0000000000000400
CCS=0000000000000004 CCD=000000003e76a560 CCO=EFLAGS
EFER=0000000000000d00
Servicing hardware INT=0x20
    19: v=20 e=0000 i=0 cpl=0 IP=0038:000000003e767f04 pc=000000003e767f04 SP=0030:000000003fe65c60 env->regs[R_EAX]=000000003ea0bb98
RAX=000000003ea0bb98 RBX=000000003e76aca8 RCX=000000003eb6ca80 RDX=000000003ea11388
RSI=000000003ea0eb18 RDI=0000000000000032 RBP=000000003fe65cc0 RSP=000000003fe65c60
R8 =00000000000000af R9 =0000000000000008 R10=000000003ea11398 R11=0000000000000000
R12=000000003f5ec018 R13=000000003f344bb0 R14=000000003fe8a8b0 R15=000000003fe8a8a0
RIP=000000003e767f04 RFL=00000202 [-------] CPL=0 II=0 A20=1 SMM=0 HLT=0
ES =0030 0000000000000000 ffffffff 00cf9300 DPL=0 DS   [-WA]
CS =0038 0000000000000000 ffffffff 00af9a00 DPL=0 CS64 [-R-]
SS =0030 0000000000000000 ffffffff 00cf9300 DPL=0 DS   [-WA]
DS =0030 0000000000000000 ffffffff 00cf9300 DPL=0 DS   [-WA]
FS =0030 0000000000000000 ffffffff 00cf9300 DPL=0 DS   [-WA]
GS =0030 0000000000000000 ffffffff 00cf9300 DPL=0 DS   [-WA]
LDT=0000 0000000000000000 0000ffff 00008200 DPL=0 LDT
TR =0000 0000000000000000 0000ffff 00008b00 DPL=0 TSS64-busy
GDT=     000000003f5dc000 00000047
IDT=     000000003efa3018 00000fff
CR0=80010033 CR2=0000000000000000 CR3=000000003f801000 CR4=00000668
DR0=0000000000000000 DR1=0000000000000000 DR2=0000000000000000 DR3=0000000000000000 
DR6=00000000ffff0ff0 DR7=0000000000000400
CCS=0000000000000000 CCD=000000003ea0bb98 CCO=EFLAGS
EFER=0000000000000d00
Servicing hardware INT=0x20
    20: v=20 e=0000 i=0 cpl=0 IP=0038:000000003e754a75 pc=000000003e754a75 SP=0030:000000003fe65b68 env->regs[R_EAX]=000000003e7bf02c
RAX=000000003e7bf02c RBX=000000003e7bf018 RCX=000000003e7bf02c RDX=000000003e757804
RSI=000000003e757804 RDI=000000003e7bf02c RBP=000000003fe65be0 RSP=000000003fe65b68
R8 =00000000000000f5 R9 =000000003e7578f8 R10=0000000000000000 R11=0000000000000000
R12=000000003e7c0798 R13=000000003fe65c00 R14=000000003e757fa0 R15=000000003fe8a8a0
RIP=000000003e754a75 RFL=00000297 [--S-APC] CPL=0 II=0 A20=1 SMM=0 HLT=0
ES =0030 0000000000000000 ffffffff 00cf9300 DPL=0 DS   [-WA]
CS =0038 0000000000000000 ffffffff 00af9a00 DPL=0 CS64 [-R-]
SS =0030 0000000000000000 ffffffff 00cf9300 DPL=0 DS   [-WA]
DS =0030 0000000000000000 ffffffff 00cf9300 DPL=0 DS   [-WA]
FS =0030 0000000000000000 ffffffff 00cf9300 DPL=0 DS   [-WA]
GS =0030 0000000000000000 ffffffff 00cf9300 DPL=0 DS   [-WA]
LDT=0000 0000000000000000 0000ffff 00008200 DPL=0 LDT
TR =0000 0000000000000000 0000ffff 00008b00 DPL=0 TSS64-busy
GDT=     000000003f5dc000 00000047
IDT=     000000003efa3018 00000fff
CR0=80010033 CR2=0000000000000000 CR3=000000003f801000 CR4=00000668
DR0=0000000000000000 DR1=0000000000000000 DR2=0000000000000000 DR3=0000000000000000 
DR6=00000000ffff0ff0 DR7=0000000000000400
CCS=0000000000000095 CCD=fffffffffff987d8 CCO=EFLAGS
EFER=0000000000000d00
Servicing hardware INT=0x20
    21: v=20 e=0000 i=0 cpl=0 IP=0038:000000003fe67761 pc=000000003fe67761 SP=0030:000000003fe659b8 env->regs[R_EAX]=000000003fe8afc0
RAX=000000003fe8afc0 RBX=8000000000000002 RCX=000000003f4e3798 RDX=000000003ef9e5a0
RSI=000000003ef9e5a0 RDI=000000003fe8a0f0 RBP=000000003fe65a30 RSP=000000003fe659b8
R8 =0000000000000000 R9 =0000000000000000 R10=000000003fe65a78 R11=0000000000000000
R12=0000000000000004 R13=000000003e7a2db0 R14=0000000000000000 R15=000000003ef9e5a0
RIP=000000003fe67761 RFL=00000246 [---Z-P-] CPL=0 II=0 A20=1 SMM=0 HLT=0
ES =0030 0000000000000000 ffffffff 00cf9300 DPL=0 DS   [-WA]
CS =0038 0000000000000000 ffffffff 00af9a00 DPL=0 CS64 [-R-]
SS =0030 0000000000000000 ffffffff 00cf9300 DPL=0 DS   [-WA]
DS =0030 0000000000000000 ffffffff 00cf9300 DPL=0 DS   [-WA]
FS =0030 0000000000000000 ffffffff 00cf9300 DPL=0 DS   [-WA]
GS =0030 0000000000000000 ffffffff 00cf9300 DPL=0 DS   [-WA]
LDT=0000 0000000000000000 0000ffff 00008200 DPL=0 LDT
TR =0000 0000000000000000 0000ffff 00008b00 DPL=0 TSS64-busy
GDT=     000000003f5dc000 00000047
IDT=     000000003efa3018 00000fff
CR0=80010033 CR2=0000000000000000 CR3=000000003f801000 CR4=00000668
DR0=0000000000000000 DR1=0000000000000000 DR2=0000000000000000 DR3=0000000000000000 
DR6=00000000ffff0ff0 DR7=0000000000000400
CCS=0000000000000044 CCD=0000000000000000 CCO=EFLAGS
EFER=0000000000000d00
Servicing hardware INT=0x20
    22: v=20 e=0000 i=0 cpl=0 IP=0038:000000003e72a3cc pc=000000003e72a3cc SP=0030:000000003fe65c00 env->regs[R_EAX]=000000003e776100
RAX=000000003e776100 RBX=000000003f5ec018 RCX=000000003e776c98 RDX=000000003f5ec018
RSI=0000000000000007 RDI=000000003e776118 RBP=000000003fe65cc0 RSP=000000003fe65c00
R8 =000000003fe86dc0 R9 =000000003e776398 R10=0000000000000046 R11=000000003e7109c0
R12=0000000000000000 R13=000000003f3d8bb0 R14=000000003fe8a8b0 R15=000000003fe8a8a0
RIP=000000003e72a3cc RFL=00000206 [-----P-] CPL=0 II=0 A20=1 SMM=0 HLT=0
ES =0030 0000000000000000 ffffffff 00cf9300 DPL=0 DS   [-WA]
CS =0038 0000000000000000 ffffffff 00af9a00 DPL=0 CS64 [-R-]
SS =0030 0000000000000000 ffffffff 00cf9300 DPL=0 DS   [-WA]
DS =0030 0000000000000000 ffffffff 00cf9300 DPL=0 DS   [-WA]
FS =0030 0000000000000000 ffffffff 00cf9300 DPL=0 DS   [-WA]
GS =0030 0000000000000000 ffffffff 00cf9300 DPL=0 DS   [-WA]
LDT=0000 0000000000000000 0000ffff 00008200 DPL=0 LDT
TR =0000 0000000000000000 0000ffff 00008b00 DPL=0 TSS64-busy
GDT=     000000003f5dc000 00000047
IDT=     000000003efa3018 00000fff
CR0=80010033 CR2=0000000000000000 CR3=000000003f801000 CR4=00000668
DR0=0000000000000000 DR1=0000000000000000 DR2=0000000000000000 DR3=0000000000000000 
DR6=00000000ffff0ff0 DR7=0000000000000400
CCS=0000000000000004 CCD=000000003f5ec018 CCO=EFLAGS
EFER=0000000000000d00
Servicing hardware INT=0x20
    23: v=20 e=0000 i=0 cpl=0 IP=0038:000000003fe82e8c pc=000000003fe82e8c SP=0030:000000003fe65b10 env->regs[R_EAX]=00000000000000af
RAX=00000000000000af RBX=000000003e728000 RCX=0000000000000000 RDX=000000003e728000
RSI=000000003fe8bb60 RDI=000000003e72d000 RBP=000000003fe65ba0 RSP=000000003fe65b10
R8 =00000000000000af R9 =000000003e72cfff R10=000000003f6bd260 R11=0000000000000000
R12=000000003e72cfff R13=000000003e72d000 R14=000000003ea12200 R15=000000003e72cfff
RIP=000000003fe82e8c RFL=00000202 [-------] CPL=0 II=0 A20=1 SMM=0 HLT=0
ES =0030 0000000000000000 ffffffff 00cf9300 DPL=0 DS   [-WA]
CS =0038 0000000000000000 ffffffff 00af9a00 DPL=0 CS64 [-R-]
SS =0030 0000000000000000 ffffffff 00cf9300 DPL=0 DS   [-WA]
DS =0030 0000000000000000 ffffffff 00cf9300 DPL=0 DS   [-WA]
FS =0030 0000000000000000 ffffffff 00cf9300 DPL=0 DS   [-WA]
GS =0030 0000000000000000 ffffffff 00cf9300 DPL=0 DS   [-WA]
LDT=0000 0000000000000000 0000ffff 00008200 DPL=0 LDT
TR =0000 0000000000000000 0000ffff 00008b00 DPL=0 TSS64-busy
GDT=     000000003f5dc000 00000047
IDT=     000000003efa3018 00000fff
CR0=80010033 CR2=0000000000000000 CR3=000000003f801000 CR4=00000668
DR0=0000000000000000 DR1=0000000000000000 DR2=0000000000000000 DR3=0000000000000000 
DR6=00000000ffff0ff0 DR7=0000000000000400
CCS=0000000000000000 CCD=000000003fe65af8 CCO=EFLAGS
EFER=0000000000000d00
Servicing hardware INT=0x20
    24: v=20 e=0000 i=0 cpl=0 IP=0038:000000003fe82e8c pc=000000003fe82e8c SP=0030:000000003fe65920 env->regs[R_EAX]=00000000000000af
RAX=00000000000000af RBX=000000003e6df000 RCX=0000000000000000 RDX=000000003e6df000
RSI=000000003fe8bb60 RDI=000000003e6e9000 RBP=000000003fe659b0 RSP=000000003fe65920
R8 =00000000000000af R9 =000000003e6e8fff R10=0000000000000016 R11=000000003e741f20
R12=000000003e6e8fff R13=000000003e6e9000 R14=000000003ea125c0 R15=000000003e6e8fff
RIP=000000003fe82e8c RFL=00000202 [-------] CPL=0 II=0 A20=1 SMM=0 HLT=0
ES =0030 0000000000000000 ffffffff 00cf9300 DPL=0 DS   [-WA]
CS =0038 0000000000000000 ffffffff 00af9a00 DPL=0 CS64 [-R-]
SS =0030 0000000000000000 ffffffff 00cf9300 DPL=0 DS   [-WA]
DS =0030 0000000000000000 ffffffff 00cf9300 DPL=0 DS   [-WA]
FS =0030 0000000000000000 ffffffff 00cf9300 DPL=0 DS   [-WA]
GS =0030 0000000000000000 ffffffff 00cf9300 DPL=0 DS   [-WA]
LDT=0000 0000000000000000 0000ffff 00008200 DPL=0 LDT
TR =0000 0000000000000000 0000ffff 00008b00 DPL=0 TSS64-busy
GDT=     000000003f5dc000 00000047
IDT=     000000003efa3018 00000fff
CR0=80010033 CR2=0000000000000000 CR3=000000003f801000 CR4=00000668
DR0=0000000000000000 DR1=0000000000000000 DR2=0000000000000000 DR3=0000000000000000 
DR6=00000000ffff0ff0 DR7=0000000000000400
CCS=0000000000000000 CCD=000000003fe65908 CCO=EFLAGS
EFER=0000000000000d00
Servicing hardware INT=0x20
    25: v=20 e=0000 i=0 cpl=0 IP=0038:000000003fe82e8c pc=000000003fe82e8c SP=0030:000000003fe659c0 env->regs[R_EAX]=00000000000000af
RAX=00000000000000af RBX=000000003fe8c0a0 RCX=0000000000000000 RDX=000000003e6b4000
RSI=000000003fe65acc RDI=000000003e6b86e8 RBP=000000003fe65a30 RSP=000000003fe659c0
R8 =00000000000000af R9 =00000000000046c0 R10=000000000000001d R11=000000003e7263e0
R12=00000000000046e8 R13=000000003e6b4000 R14=000000000000000a R15=000000003e6b4018
RIP=000000003fe82e8c RFL=00000202 [-------] CPL=0 II=0 A20=1 SMM=0 HLT=0
ES =0030 0000000000000000 ffffffff 00cf9300 DPL=0 DS   [-WA]
CS =0038 0000000000000000 ffffffff 00af9a00 DPL=0 CS64 [-R-]
SS =0030 0000000000000000 ffffffff 00cf9300 DPL=0 DS   [-WA]
DS =0030 0000000000000000 ffffffff 00cf9300 DPL=0 DS   [-WA]
FS =0030 0000000000000000 ffffffff 00cf9300 DPL=0 DS   [-WA]
GS =0030 0000000000000000 ffffffff 00cf9300 DPL=0 DS   [-WA]
LDT=0000 0000000000000000 0000ffff 00008200 DPL=0 LDT
TR =0000 0000000000000000 0000ffff 00008b00 DPL=0 TSS64-busy
GDT=     000000003f5dc000 00000047
IDT=     000000003efa3018 00000fff
CR0=80010033 CR2=0000000000000000 CR3=000000003f801000 CR4=00000668
DR0=0000000000000000 DR1=0000000000000000 DR2=0000000000000000 DR3=0000000000000000 
DR6=00000000ffff0ff0 DR7=0000000000000400
CCS=0000000000000000 CCD=000000003fe659a8 CCO=EFLAGS
EFER=0000000000000d00
Servicing hardware INT=0x20
    26: v=20 e=0000 i=0 cpl=0 IP=0038:000000003eb57266 pc=000000003eb57266 SP=0030:000000003fe658e8 env->regs[R_EAX]=000000003eb6ca80
RAX=000000003eb6ca80 RBX=0000000000000004 RCX=000000003eb6ca80 RDX=000000003fe85f28
RSI=0000000000000028 RDI=0000000000000001 RBP=000000003fe65920 RSP=000000003fe658e8
R8 =0000000000000004 R9 =000000003e713c18 R10=0000000000000c00 R11=000000003e7263e0
R12=0000000000000010 R13=0000000000000004 R14=000000003fe8ab90 R15=000000003e569088
RIP=000000003eb57266 RFL=00000206 [-----P-] CPL=0 II=0 A20=1 SMM=0 HLT=0
ES =0030 0000000000000000 ffffffff 00cf9300 DPL=0 DS   [-WA]
CS =0038 0000000000000000 ffffffff 00af9a00 DPL=0 CS64 [-R-]
SS =0030 0000000000000000 ffffffff 00cf9300 DPL=0 DS   [-WA]
DS =0030 0000000000000000 ffffffff 00cf9300 DPL=0 DS   [-WA]
FS =0030 0000000000000000 ffffffff 00cf9300 DPL=0 DS   [-WA]
GS =0030 0000000000000000 ffffffff 00cf9300 DPL=0 DS   [-WA]
LDT=0000 0000000000000000 0000ffff 00008200 DPL=0 LDT
TR =0000 0000000000000000 0000ffff 00008b00 DPL=0 TSS64-busy
GDT=     000000003f5dc000 00000047
IDT=     000000003efa3018 00000fff
CR0=80010033 CR2=0000000000000000 CR3=000000003f801000 CR4=00000668
DR0=0000000000000000 DR1=0000000000000000 DR2=0000000000000000 DR3=0000000000000000 
DR6=00000000ffff0ff0 DR7=0000000000000400
CCS=0000000000000004 CCD=000000003fe658f0 CCO=EFLAGS
EFER=0000000000000d00
Servicing hardware INT=0x20
    27: v=20 e=0000 i=0 cpl=0 IP=0038:000000003e5009a3 pc=000000003e5009a3 SP=0030:000000003fe65930 env->regs[R_EAX]=000000003e598ca0
RAX=000000003e598ca0 RBX=00000000000001a4 RCX=0000000000000000 RDX=000000003eb6ca80
RSI=000000003e5668f8 RDI=0000000000000000 RBP=000000003fe65940 RSP=000000003fe65930
R8 =000000003e5668f8 R9 =0000000000000000 R10=0000000000000c00 R11=0000000000000000
R12=000000003e6e3ba8 R13=000000003e713aa8 R14=000000003e503a1c R15=0000000000000000
RIP=000000003e5009a3 RFL=00000297 [--S-APC] CPL=0 II=0 A20=1 SMM=0 HLT=0
ES =0030 0000000000000000 ffffffff 00cf9300 DPL=0 DS   [-WA]
CS =0038 0000000000000000 ffffffff 00af9a00 DPL=0 CS64 [-R-]
SS =0030 0000000000000000 ffffffff 00cf9300 DPL=0 DS   [-WA]
DS =0030 0000000000000000 ffffffff 00cf9300 DPL=0 DS   [-WA]
FS =0030 0000000000000000 ffffffff 00cf9300 DPL=0 DS   [-WA]
GS =0030 0000000000000000 ffffffff 00cf9300 DPL=0 DS   [-WA]
LDT=0000 0000000000000000 0000ffff 00008200 DPL=0 LDT
TR =0000 0000000000000000 0000ffff 00008b00 DPL=0 TSS64-busy
GDT=     000000003f5dc000 00000047
IDT=     000000003efa3018 00000fff
CR0=80010033 CR2=0000000000000000 CR3=000000003f801000 CR4=00000668
DR0=0000000000000000 DR1=0000000000000000 DR2=0000000000000000 DR3=0000000000000000 
DR6=00000000ffff0ff0 DR7=0000000000000400
CCS=0000000000000095 CCD=ffffffffffffffff CCO=EFLAGS
EFER=0000000000000d00
Servicing hardware INT=0x20
    28: v=20 e=0000 i=0 cpl=0 IP=0038:000000003e4eb57a pc=000000003e4eb57a SP=0030:000000003fe659d0 env->regs[R_EAX]=00000000000000af
RAX=00000000000000af RBX=000000003e6b80a8 RCX=0000000000000000 RDX=0000000000000000
RSI=0000000000000001 RDI=000000003e6b80a8 RBP=000000003fe659e0 RSP=000000003fe659d0
R8 =00000000000000af R9 =0000000000000020 R10=0000000000000900 R11=0000000000000000
R12=0000000000000001 R13=000000003e56c41a R14=0000000000000000 R15=000000000008010c
RIP=000000003e4eb57a RFL=00000246 [---Z-P-] CPL=0 II=0 A20=1 SMM=0 HLT=0
ES =0030 0000000000000000 ffffffff 00cf9300 DPL=0 DS   [-WA]
CS =0038 0000000000000000 ffffffff 00af9a00 DPL=0 CS64 [-R-]
SS =0030 0000000000000000 ffffffff 00cf9300 DPL=0 DS   [-WA]
DS =0030 0000000000000000 ffffffff 00cf9300 DPL=0 DS   [-WA]
FS =0030 0000000000000000 ffffffff 00cf9300 DPL=0 DS   [-WA]
GS =0030 0000000000000000 ffffffff 00cf9300 DPL=0 DS   [-WA]
LDT=0000 0000000000000000 0000ffff 00008200 DPL=0 LDT
TR =0000 0000000000000000 0000ffff 00008b00 DPL=0 TSS64-busy
GDT=     000000003f5dc000 00000047
IDT=     000000003efa3018 00000fff
CR0=80010033 CR2=0000000000000000 CR3=000000003f801000 CR4=00000668
DR0=0000000000000000 DR1=0000000000000000 DR2=0000000000000000 DR3=0000000000000000 
DR6=00000000ffff0ff0 DR7=0000000000000400
CCS=0000000000000044 CCD=0000000000000000 CCO=EFLAGS
EFER=0000000000000d00
Servicing hardware INT=0x20
    29: v=20 e=0000 i=0 cpl=0 IP=0038:000000003e52f93f pc=000000003e52f93f SP=0030:000000003fe658e0 env->regs[R_EAX]=000000003e6866a8
RAX=000000003e6866a8 RBX=000000003e68a0a8 RCX=000000003eb6ca80 RDX=0000000000000000
RSI=000000003e56c333 RDI=0000000000000000 RBP=000000003fe65940 RSP=000000003fe658e0
R8 =000000003e4f5c2e R9 =0000000000003200 R10=0000000000000c00 R11=000000003e68bfa8
R12=0000000000000000 R13=000000003e68a628 R14=000000003e68a928 R15=000000003e5ad460
RIP=000000003e52f93f RFL=00000246 [---Z-P-] CPL=0 II=0 A20=1 SMM=0 HLT=0
ES =0030 0000000000000000 ffffffff 00cf9300 DPL=0 DS   [-WA]
CS =0038 0000000000000000 ffffffff 00af9a00 DPL=0 CS64 [-R-]
SS =0030 0000000000000000 ffffffff 00cf9300 DPL=0 DS   [-WA]
DS =0030 0000000000000000 ffffffff 00cf9300 DPL=0 DS   [-WA]
FS =0030 0000000000000000 ffffffff 00cf9300 DPL=0 DS   [-WA]
GS =0030 0000000000000000 ffffffff 00cf9300 DPL=0 DS   [-WA]
LDT=0000 0000000000000000 0000ffff 00008200 DPL=0 LDT
TR =0000 0000000000000000 0000ffff 00008b00 DPL=0 TSS64-busy
GDT=     000000003f5dc000 00000047
IDT=     000000003efa3018 00000fff
CR0=80010033 CR2=0000000000000000 CR3=000000003f801000 CR4=00000668
DR0=0000000000000000 DR1=0000000000000000 DR2=0000000000000000 DR3=0000000000000000 
DR6=00000000ffff0ff0 DR7=0000000000000400
CCS=0000000000000044 CCD=0000000000000000 CCO=EFLAGS
EFER=0000000000000d00
Servicing hardware INT=0x20
    30: v=20 e=0000 i=0 cpl=0 IP=0038:000000003eb57266 pc=000000003eb57266 SP=0030:000000003fe655c8 env->regs[R_EAX]=000000003eb6ca80
RAX=000000003eb6ca80 RBX=0000000000000010 RCX=000000003eb6ca80 RDX=abd7f02e4201db00
RSI=000000003e680000 RDI=0000000000000001 RBP=000000003fe65600 RSP=000000003fe655c8
R8 =000000003e680000 R9 =000000003e680fff R10=0000000000000800 R11=00000000001f0000
R12=000000000000001f R13=0000000000000004 R14=000000000002600f R15=000000003e680fff
RIP=000000003eb57266 RFL=00000202 [-------] CPL=0 II=0 A20=1 SMM=0 HLT=0
ES =0030 0000000000000000 ffffffff 00cf9300 DPL=0 DS   [-WA]
CS =0038 0000000000000000 ffffffff 00af9a00 DPL=0 CS64 [-R-]
SS =0030 0000000000000000 ffffffff 00cf9300 DPL=0 DS   [-WA]
DS =0030 0000000000000000 ffffffff 00cf9300 DPL=0 DS   [-WA]
FS =0030 0000000000000000 ffffffff 00cf9300 DPL=0 DS   [-WA]
GS =0030 0000000000000000 ffffffff 00cf9300 DPL=0 DS   [-WA]
LDT=0000 0000000000000000 0000ffff 00008200 DPL=0 LDT
TR =0000 0000000000000000 0000ffff 00008b00 DPL=0 TSS64-busy
GDT=     000000003f5dc000 00000047
IDT=     000000003efa3018 00000fff
CR0=80010033 CR2=0000000000000000 CR3=000000003f801000 CR4=00000668
DR0=0000000000000000 DR1=0000000000000000 DR2=0000000000000000 DR3=0000000000000000 
DR6=00000000ffff0ff0 DR7=0000000000000400
CCS=0000000000000020 CCD=000000003fe655d0 CCO=SUBQ
EFER=0000000000000d00
Servicing hardware INT=0x20
    31: v=20 e=0000 i=0 cpl=0 IP=0038:000000003eb5725e pc=000000003eb5725e SP=0030:000000003fe655b8 env->regs[R_EAX]=000000003eb6ca80
RAX=000000003eb6ca80 RBX=0000000000000004 RCX=000000003eb6ca80 RDX=000000003fe85f28
RSI=0000000000000014 RDI=0000000000000001 RBP=000000003fe655f0 RSP=000000003fe655b8
R8 =0000000000000004 R9 =000000003e678518 R10=0000000000001500 R11=0000000000000058
R12=0000000000000010 R13=0000000000000004 R14=000000003fe8ab90 R15=000000000000002c
RIP=000000003eb5725e RFL=00000206 [-----P-] CPL=0 II=0 A20=1 SMM=0 HLT=0
ES =0030 0000000000000000 ffffffff 00cf9300 DPL=0 DS   [-WA]
CS =0038 0000000000000000 ffffffff 00af9a00 DPL=0 CS64 [-R-]
SS =0030 0000000000000000 ffffffff 00cf9300 DPL=0 DS   [-WA]
DS =0030 0000000000000000 ffffffff 00cf9300 DPL=0 DS   [-WA]
FS =0030 0000000000000000 ffffffff 00cf9300 DPL=0 DS   [-WA]
GS =0030 0000000000000000 ffffffff 00cf9300 DPL=0 DS   [-WA]
LDT=0000 0000000000000000 0000ffff 00008200 DPL=0 LDT
TR =0000 0000000000000000 0000ffff 00008b00 DPL=0 TSS64-busy
GDT=     000000003f5dc000 00000047
IDT=     000000003efa3018 00000fff
CR0=80010033 CR2=0000000000000000 CR3=000000003f801000 CR4=00000668
DR0=0000000000000000 DR1=0000000000000000 DR2=0000000000000000 DR3=0000000000000000 
DR6=00000000ffff0ff0 DR7=0000000000000400
CCS=0000000000000004 CCD=000000003fe655c0 CCO=EFLAGS
EFER=0000000000000d00
Servicing hardware INT=0x20
    32: v=20 e=0000 i=0 cpl=0 IP=0038:000000003e553cb0 pc=000000003e553cb0 SP=0030:000000003fe65bb0 env->regs[R_EAX]=000000003e675ea8
RAX=000000003e675ea8 RBX=000000003e714518 RCX=000000003eb6ca80 RDX=000000003e675908
RSI=0000000000000001 RDI=0000000000000000 RBP=000000003fe65cc0 RSP=000000003fe65bb0
R8 =00000000000000af R9 =0000000000000018 R10=000000003e5a58c0 R11=0000000000000000
R12=000000003e56c333 R13=0000000000000005 R14=000000003e681028 R15=000000003e5a9af8
RIP=000000003e553cb0 RFL=00000202 [-------] CPL=0 II=0 A20=1 SMM=0 HLT=0
ES =0030 0000000000000000 ffffffff 00cf9300 DPL=0 DS   [-WA]
CS =0038 0000000000000000 ffffffff 00af9a00 DPL=0 CS64 [-R-]
SS =0030 0000000000000000 ffffffff 00cf9300 DPL=0 DS   [-WA]
DS =0030 0000000000000000 ffffffff 00cf9300 DPL=0 DS   [-WA]
FS =0030 0000000000000000 ffffffff 00cf9300 DPL=0 DS   [-WA]
GS =0030 0000000000000000 ffffffff 00cf9300 DPL=0 DS   [-WA]
LDT=0000 0000000000000000 0000ffff 00008200 DPL=0 LDT
TR =0000 0000000000000000 0000ffff 00008b00 DPL=0 TSS64-busy
GDT=     000000003f5dc000 00000047
IDT=     000000003efa3018 00000fff
CR0=80010033 CR2=0000000000000000 CR3=000000003f801000 CR4=00000668
DR0=0000000000000000 DR1=0000000000000000 DR2=0000000000000000 DR3=0000000000000000 
DR6=00000000ffff0ff0 DR7=0000000000000400
CCS=0000000000000000 CCD=000000003e675ea8 CCO=EFLAGS
EFER=0000000000000d00
Servicing hardware INT=0x20
    33: v=20 e=0000 i=0 cpl=0 IP=0038:000000003fe66a9d pc=000000003fe66a9d SP=0030:000000003fe65d58 env->regs[R_EAX]=000000003f0b4298
RAX=000000003f0b4298 RBX=000000003f0b4218 RCX=0000000000000000 RDX=000000003f4ecf98
RSI=000000003f0b4998 RDI=000000003fe8a8c0 RBP=000000003fe65e20 RSP=000000003fe65d58
R8 =000000003f0b4598 R9 =0000000000000000 R10=000000000000001e R11=000000003e73d980
R12=0000000000000000 R13=000000003f0b4230 R14=000000003fe8a8b0 R15=000000003fe8a8a0
RIP=000000003fe66a9d RFL=00000246 [---Z-P-] CPL=0 II=0 A20=1 SMM=0 HLT=0
ES =0030 0000000000000000 ffffffff 00cf9300 DPL=0 DS   [-WA]
CS =0038 0000000000000000 ffffffff 00af9a00 DPL=0 CS64 [-R-]
SS =0030 0000000000000000 ffffffff 00cf9300 DPL=0 DS   [-WA]
DS =0030 0000000000000000 ffffffff 00cf9300 DPL=0 DS   [-WA]
FS =0030 0000000000000000 ffffffff 00cf9300 DPL=0 DS   [-WA]
GS =0030 0000000000000000 ffffffff 00cf9300 DPL=0 DS   [-WA]
LDT=0000 0000000000000000 0000ffff 00008200 DPL=0 LDT
TR =0000 0000000000000000 0000ffff 00008b00 DPL=0 TSS64-busy
GDT=     000000003f5dc000 00000047
IDT=     000000003efa3018 00000fff
CR0=80010033 CR2=0000000000000000 CR3=000000003f801000 CR4=00000668
DR0=0000000000000000 DR1=0000000000000000 DR2=0000000000000000 DR3=0000000000000000 
DR6=00000000ffff0ff0 DR7=0000000000000400
CCS=0000000000000044 CCD=000000003fe65d40 CCO=EFLAGS
EFER=0000000000000d00
Servicing hardware INT=0x20
    34: v=20 e=0000 i=0 cpl=0 IP=0038:000000003e787d70 pc=000000003e787d70 SP=0030:000000003fe65e28 env->regs[R_EAX]=000000003e7a0160
RAX=000000003e7a0160 RBX=000000003fe8a8b0 RCX=000000003e7a0160 RDX=0000000000000000
RSI=000000003fe8a8b0 RDI=000000003fe866c3 RBP=000000003fe65fc0 RSP=000000003fe65e28
R8 =0000000000000000 R9 =0000000003041001 R10=000000000000002b R11=000000003e700e80
R12=000000003fe933b8 R13=000000003fe8499c R14=0000000080000000 R15=0000000080001201
RIP=000000003e787d70 RFL=00000202 [-------] CPL=0 II=0 A20=1 SMM=0 HLT=0
ES =0030 0000000000000000 ffffffff 00cf9300 DPL=0 DS   [-WA]
CS =0038 0000000000000000 ffffffff 00af9a00 DPL=0 CS64 [-R-]
SS =0030 0000000000000000 ffffffff 00cf9300 DPL=0 DS   [-WA]
DS =0030 0000000000000000 ffffffff 00cf9300 DPL=0 DS   [-WA]
FS =0030 0000000000000000 ffffffff 00cf9300 DPL=0 DS   [-WA]
GS =0030 0000000000000000 ffffffff 00cf9300 DPL=0 DS   [-WA]
LDT=0000 0000000000000000 0000ffff 00008200 DPL=0 LDT
TR =0000 0000000000000000 0000ffff 00008b00 DPL=0 TSS64-busy
GDT=     000000003f5dc000 00000047
IDT=     000000003efa3018 00000fff
CR0=80010033 CR2=0000000000000000 CR3=000000003f801000 CR4=00000668
DR0=0000000000000000 DR1=0000000000000000 DR2=0000000000000000 DR3=0000000000000000 
DR6=00000000ffff0ff0 DR7=0000000000000400
CCS=0000000000000000 CCD=000000003fe65de0 CCO=EFLAGS
EFER=0000000000000d00
Servicing hardware INT=0x20
    35: v=20 e=0000 i=0 cpl=0 IP=0038:000000003e78231c pc=000000003e78231c SP=0030:000000003fe65ad0 env->regs[R_EAX]=0000000000000000
RAX=0000000000000000 RBX=000000003e79f2d0 RCX=0000000000000002 RDX=0000000000000064
RSI=000000000000000e RDI=000000003e79dc68 RBP=000000003fe65b70 RSP=000000003fe65ad0
R8 =0000000000000000 R9 =000000003eac2089 R10=000000003f58a1a4 R11=000000003f6d631e
R12=000000003f5ec018 R13=0000000000000000 R14=0000000000000000 R15=0000000080001201
RIP=000000003e78231c RFL=00000246 [---Z-P-] CPL=0 II=0 A20=1 SMM=0 HLT=0
ES =0030 0000000000000000 ffffffff 00cf9300 DPL=0 DS   [-WA]
CS =0038 0000000000000000 ffffffff 00af9a00 DPL=0 CS64 [-R-]
SS =0030 0000000000000000 ffffffff 00cf9300 DPL=0 DS   [-WA]
DS =0030 0000000000000000 ffffffff 00cf9300 DPL=0 DS   [-WA]
FS =0030 0000000000000000 ffffffff 00cf9300 DPL=0 DS   [-WA]
GS =0030 0000000000000000 ffffffff 00cf9300 DPL=0 DS   [-WA]
LDT=0000 0000000000000000 0000ffff 00008200 DPL=0 LDT
TR =0000 0000000000000000 0000ffff 00008b00 DPL=0 TSS64-busy
GDT=     000000003f5dc000 00000047
IDT=     000000003efa3018 00000fff
CR0=80010033 CR2=0000000000000000 CR3=000000003f801000 CR4=00000668
DR0=0000000000000000 DR1=0000000000000000 DR2=0000000000000000 DR3=0000000000000000 
DR6=00000000ffff0ff0 DR7=0000000000000400
CCS=0000000000000044 CCD=0000000000000000 CCO=EFLAGS
EFER=0000000000000d00
Servicing hardware INT=0x20
    36: v=20 e=0000 i=0 cpl=0 IP=0038:000000003e72fe36 pc=000000003e72fe36 SP=0030:000000003fe658b0 env->regs[R_EAX]=0000000000000000
RAX=0000000000000000 RBX=000000003eb516c0 RCX=000000003eb516a8 RDX=000000003eb516a8
RSI=0000000000000000 RDI=000000003eb516c0 RBP=000000003fe65900 RSP=000000003fe658b0
R8 =0000000000000004 R9 =000000003e66e798 R10=000000000000002d R11=0000000000000000
R12=0000000000000000 R13=0000000000000000 R14=0000000000000000 R15=0000000000000000
RIP=000000003e72fe36 RFL=00000202 [-------] CPL=0 II=0 A20=1 SMM=0 HLT=0
ES =0030 0000000000000000 ffffffff 00cf9300 DPL=0 DS   [-WA]
CS =0038 0000000000000000 ffffffff 00af9a00 DPL=0 CS64 [-R-]
SS =0030 0000000000000000 ffffffff 00cf9300 DPL=0 DS   [-WA]
DS =0030 0000000000000000 ffffffff 00cf9300 DPL=0 DS   [-WA]
FS =0030 0000000000000000 ffffffff 00cf9300 DPL=0 DS   [-WA]
GS =0030 0000000000000000 ffffffff 00cf9300 DPL=0 DS   [-WA]
LDT=0000 0000000000000000 0000ffff 00008200 DPL=0 LDT
TR =0000 0000000000000000 0000ffff 00008b00 DPL=0 TSS64-busy
GDT=     000000003f5dc000 00000047
IDT=     000000003efa3018 00000fff
CR0=80010033 CR2=0000000000000000 CR3=000000003f801000 CR4=00000668
DR0=0000000000000000 DR1=0000000000000000 DR2=0000000000000000 DR3=0000000000000000 
DR6=00000000ffff0ff0 DR7=0000000000000400
CCS=0000000000000000 CCD=000000003fe65868 CCO=EFLAGS
EFER=0000000000000d00
Servicing hardware INT=0x20
    37: v=20 e=0000 i=0 cpl=0 IP=0038:000000003ea2e540 pc=000000003ea2e540 SP=0030:000000003fe65840 env->regs[R_EAX]=000000003e66df46
RAX=000000003e66df46 RBX=000000003e66d018 RCX=000000003eb516c0 RDX=000000003eb47d18
RSI=000000003e66df18 RDI=00000000000000ff RBP=000000003fe65890 RSP=000000003fe65840
R8 =000000003e66df18 R9 =0000000000000000 R10=0000000000000000 R11=0000000000000000
R12=000000003eb516c0 R13=000000003eb47d18 R14=0000000000000100 R15=0000000000000079
RIP=000000003ea2e540 RFL=00000246 [---Z-P-] CPL=0 II=0 A20=1 SMM=0 HLT=0
ES =0030 0000000000000000 ffffffff 00cf9300 DPL=0 DS   [-WA]
CS =0038 0000000000000000 ffffffff 00af9a00 DPL=0 CS64 [-R-]
SS =0030 0000000000000000 ffffffff 00cf9300 DPL=0 DS   [-WA]
DS =0030 0000000000000000 ffffffff 00cf9300 DPL=0 DS   [-WA]
FS =0030 0000000000000000 ffffffff 00cf9300 DPL=0 DS   [-WA]
GS =0030 0000000000000000 ffffffff 00cf9300 DPL=0 DS   [-WA]
LDT=0000 0000000000000000 0000ffff 00008200 DPL=0 LDT
TR =0000 0000000000000000 0000ffff 00008b00 DPL=0 TSS64-busy
GDT=     000000003f5dc000 00000047
IDT=     000000003efa3018 00000fff
CR0=80010033 CR2=0000000000000000 CR3=000000003f801000 CR4=00000668
DR0=0000000000000000 DR1=0000000000000000 DR2=0000000000000000 DR3=0000000000000000 
DR6=00000000ffff0ff0 DR7=0000000000000400
CCS=0000000000000044 CCD=0000000000000100 CCO=EFLAGS
EFER=0000000000000d00
Servicing hardware INT=0x20
    38: v=20 e=0000 i=0 cpl=0 IP=0038:000000003ef9f2b5 pc=000000003ef9f2b5 SP=0030:000000003fe65458 env->regs[R_EAX]=00000000147f0191
RAX=00000000147f0191 RBX=0000000081002534 RCX=0000000000000002 RDX=000000003efa1880
RSI=0000000000000002 RDI=0000000000000000 RBP=000000003fe654e0 RSP=000000003fe65458
R8 =000000003e5e8018 R9 =0000000081000000 R10=000000000000267f R11=0000000000000002
R12=000000003e5ea54c R13=0000000000001d33 R14=0000000000000004 R15=0000000000000004
RIP=000000003ef9f2b5 RFL=00000246 [---Z-P-] CPL=0 II=0 A20=1 SMM=0 HLT=0
ES =0030 0000000000000000 ffffffff 00cf9300 DPL=0 DS   [-WA]
CS =0038 0000000000000000 ffffffff 00af9a00 DPL=0 CS64 [-R-]
SS =0030 0000000000000000 ffffffff 00cf9300 DPL=0 DS   [-WA]
DS =0030 0000000000000000 ffffffff 00cf9300 DPL=0 DS   [-WA]
FS =0030 0000000000000000 ffffffff 00cf9300 DPL=0 DS   [-WA]
GS =0030 0000000000000000 ffffffff 00cf9300 DPL=0 DS   [-WA]
LDT=0000 0000000000000000 0000ffff 00008200 DPL=0 LDT
TR =0000 0000000000000000 0000ffff 00008b00 DPL=0 TSS64-busy
GDT=     000000003f5dc000 00000047
IDT=     000000003efa3018 00000fff
CR0=80010033 CR2=0000000000000000 CR3=000000003f801000 CR4=00000668
DR0=0000000000000000 DR1=0000000000000000 DR2=0000000000000000 DR3=0000000000000000 
DR6=00000000ffff0ff0 DR7=0000000000000400
CCS=0000000000000044 CCD=0000000000000000 CCO=EFLAGS
EFER=0000000000000d00
Servicing hardware INT=0x20
    39: v=20 e=0000 i=0 cpl=0 IP=0038:000000003eb57266 pc=000000003eb57266 SP=0030:000000003fe65788 env->regs[R_EAX]=000000003eb6ca80
RAX=000000003eb6ca80 RBX=0000000000000004 RCX=000000003eb6ca80 RDX=0000000000000000
RSI=0000000000000000 RDI=0000000000000001 RBP=000000003fe657c0 RSP=000000003fe65788
R8 =0000000000000000 R9 =0000000000000cf8 R10=0000000000000000 R11=0000000000000000
R12=000000000000001f R13=0000000000000007 R14=0000000000000004 R15=000000003e6668c8
RIP=000000003eb57266 RFL=00000206 [-----P-] CPL=0 II=0 A20=1 SMM=0 HLT=0
ES =0030 0000000000000000 ffffffff 00cf9300 DPL=0 DS   [-WA]
CS =0038 0000000000000000 ffffffff 00af9a00 DPL=0 CS64 [-R-]
SS =0030 0000000000000000 ffffffff 00cf9300 DPL=0 DS   [-WA]
DS =0030 0000000000000000 ffffffff 00cf9300 DPL=0 DS   [-WA]
FS =0030 0000000000000000 ffffffff 00cf9300 DPL=0 DS   [-WA]
GS =0030 0000000000000000 ffffffff 00cf9300 DPL=0 DS   [-WA]
LDT=0000 0000000000000000 0000ffff 00008200 DPL=0 LDT
TR =0000 0000000000000000 0000ffff 00008b00 DPL=0 TSS64-busy
GDT=     000000003f5dc000 00000047
IDT=     000000003efa3018 00000fff
CR0=80010033 CR2=0000000000000000 CR3=000000003f801000 CR4=00000668
DR0=0000000000000000 DR1=0000000000000000 DR2=0000000000000000 DR3=0000000000000000 
DR6=00000000ffff0ff0 DR7=0000000000000400
CCS=0000000000000020 CCD=000000003fe65790 CCO=SUBQ
EFER=0000000000000d00
Servicing hardware INT=0x20
    40: v=20 e=0000 i=0 cpl=0 IP=0038:000000003fe76ef9 pc=000000003fe76ef9 SP=0030:000000003fe65428 env->regs[R_EAX]=0000000000000045
RAX=0000000000000045 RBX=000000003e660018 RCX=000000000000898a RDX=00000000a06da111
RSI=0000000000000008 RDI=000000003e660018 RBP=000000003fe65490 RSP=000000003fe65428
R8 =00000000000087e2 R9 =0000000000000040 R10=000000000000001f R11=0000000000000002
R12=0000000000000009 R13=0000000000000045 R14=00000000000001ad R15=00000000000087e1
RIP=000000003fe76ef9 RFL=00000297 [--S-APC] CPL=0 II=0 A20=1 SMM=0 HLT=0
ES =0030 0000000000000000 ffffffff 00cf9300 DPL=0 DS   [-WA]
CS =0038 0000000000000000 ffffffff 00af9a00 DPL=0 CS64 [-R-]
SS =0030 0000000000000000 ffffffff 00cf9300 DPL=0 DS   [-WA]
DS =0030 0000000000000000 ffffffff 00cf9300 DPL=0 DS   [-WA]
FS =0030 0000000000000000 ffffffff 00cf9300 DPL=0 DS   [-WA]
GS =0030 0000000000000000 ffffffff 00cf9300 DPL=0 DS   [-WA]
LDT=0000 0000000000000000 0000ffff 00008200 DPL=0 LDT
TR =0000 0000000000000000 0000ffff 00008b00 DPL=0 TSS64-busy
GDT=     000000003f5dc000 00000047
IDT=     000000003efa3018 00000fff
CR0=80010033 CR2=0000000000000000 CR3=000000003f801000 CR4=00000668
DR0=0000000000000000 DR1=0000000000000000 DR2=0000000000000000 DR3=0000000000000000 
DR6=00000000ffff0ff0 DR7=0000000000000400
CCS=0000000000000095 CCD=fffffffffffffe48 CCO=EFLAGS
EFER=0000000000000d00
Servicing hardware INT=0x20
    41: v=20 e=0000 i=0 cpl=0 IP=0038:000000003fe76f15 pc=000000003fe76f15 SP=0030:000000003fe653f0 env->regs[R_EAX]=000000017cb32200
RAX=000000017cb32200 RBX=000000003e660018 RCX=0000000000000004 RDX=0000000000000004
RSI=0000000000000004 RDI=000000003e660018 RBP=000000003fe65420 RSP=000000003fe653f0
R8 =000000000001ea08 R9 =00000000000000a0 R10=000000000000001f R11=0000000000000003
R12=0000000000000004 R13=0000000000000104 R14=0000000000000a72 R15=000000000001f47b
RIP=000000003fe76f15 RFL=00000206 [-----P-] CPL=0 II=0 A20=1 SMM=0 HLT=0
ES =0030 0000000000000000 ffffffff 00cf9300 DPL=0 DS   [-WA]
CS =0038 0000000000000000 ffffffff 00af9a00 DPL=0 CS64 [-R-]
SS =0030 0000000000000000 ffffffff 00cf9300 DPL=0 DS   [-WA]
DS =0030 0000000000000000 ffffffff 00cf9300 DPL=0 DS   [-WA]
FS =0030 0000000000000000 ffffffff 00cf9300 DPL=0 DS   [-WA]
GS =0030 0000000000000000 ffffffff 00cf9300 DPL=0 DS   [-WA]
LDT=0000 0000000000000000 0000ffff 00008200 DPL=0 LDT
TR =0000 0000000000000000 0000ffff 00008b00 DPL=0 TSS64-busy
GDT=     000000003f5dc000 00000047
IDT=     000000003efa3018 00000fff
CR0=80010033 CR2=0000000000000000 CR3=000000003f801000 CR4=00000668
DR0=0000000000000000 DR1=0000000000000000 DR2=0000000000000000 DR3=0000000000000000 
DR6=00000000ffff0ff0 DR7=0000000000000400
CCS=0000000000000004 CCD=000000017cb32200 CCO=EFLAGS
EFER=0000000000000d00
Servicing hardware INT=0x20
    42: v=20 e=0000 i=0 cpl=0 IP=0038:000000003ea2254e pc=000000003ea2254e SP=0030:000000003fe658d0 env->regs[R_EAX]=000000003e661018
RAX=000000003e661018 RBX=8000000000000009 RCX=000000003eb6ca80 RDX=0000000000000000
RSI=0000000000000200 RDI=000000003e662018 RBP=000000003fe659d0 RSP=000000003fe658d0
R8 =0000000000000004 R9 =000000003e663a18 R10=0000000000000000 R11=0000000000000004
R12=000000003e66101c R13=000000003e663c18 R14=000000003e662018 R15=000000003ea24893
RIP=000000003ea2254e RFL=00000287 [--S--PC] CPL=0 II=0 A20=1 SMM=0 HLT=0
ES =0030 0000000000000000 ffffffff 00cf9300 DPL=0 DS   [-WA]
CS =0038 0000000000000000 ffffffff 00af9a00 DPL=0 CS64 [-R-]
SS =0030 0000000000000000 ffffffff 00cf9300 DPL=0 DS   [-WA]
DS =0030 0000000000000000 ffffffff 00cf9300 DPL=0 DS   [-WA]
FS =0030 0000000000000000 ffffffff 00cf9300 DPL=0 DS   [-WA]
GS =0030 0000000000000000 ffffffff 00cf9300 DPL=0 DS   [-WA]
LDT=0000 0000000000000000 0000ffff 00008200 DPL=0 LDT
TR =0000 0000000000000000 0000ffff 00008b00 DPL=0 TSS64-busy
GDT=     000000003f5dc000 00000047
IDT=     000000003efa3018 00000fff
CR0=80010033 CR2=0000000000000000 CR3=000000003f801000 CR4=00000668
DR0=0000000000000000 DR1=0000000000000000 DR2=0000000000000000 DR3=0000000000000000 
DR6=00000000ffff0ff0 DR7=0000000000000400
CCS=0000000000000085 CCD=fffffffffffff000 CCO=EFLAGS
EFER=0000000000000d00
Servicing hardware INT=0x20
    43: v=20 e=0000 i=0 cpl=0 IP=0038:000000003f6cea4a pc=000000003f6cea4a SP=0030:000000003fe65880 env->regs[R_EAX]=00000000000000ff
RAX=00000000000000ff RBX=000000003f6d13b0 RCX=0000000000020001 RDX=000000003eac2018
RSI=000000003f5cc398 RDI=000000003eae2017 RBP=000000003fe65950 RSP=000000003fe65880
R8 =00000000000000ff R9 =0000000000000000 R10=000000003f58a29c R11=0000000000000004
R12=000000003fe65988 R13=000000003fe65988 R14=000000003fe8b940 R15=000000003eac2018
RIP=000000003f6cea4a RFL=00010202 [-------] CPL=0 II=0 A20=1 SMM=0 HLT=0
ES =0030 0000000000000000 ffffffff 00cf9300 DPL=0 DS   [-WA]
CS =0038 0000000000000000 ffffffff 00af9a00 DPL=0 CS64 [-R-]
SS =0030 0000000000000000 ffffffff 00cf9300 DPL=0 DS   [-WA]
DS =0030 0000000000000000 ffffffff 00cf9300 DPL=0 DS   [-WA]
FS =0030 0000000000000000 ffffffff 00cf9300 DPL=0 DS   [-WA]
GS =0030 0000000000000000 ffffffff 00cf9300 DPL=0 DS   [-WA]
LDT=0000 0000000000000000 0000ffff 00008200 DPL=0 LDT
TR =0000 0000000000000000 0000ffff 00008b00 DPL=0 TSS64-busy
GDT=     000000003f5dc000 00000047
IDT=     000000003efa3018 00000fff
CR0=80010033 CR2=0000000000000000 CR3=000000003f801000 CR4=00000668
DR0=0000000000000000 DR1=0000000000000000 DR2=0000000000000000 DR3=0000000000000000 
DR6=00000000ffff0ff0 DR7=0000000000000400
CCS=0000000000000000 CCD=000000003fe65870 CCO=EFLAGS
EFER=0000000000000d00
Servicing hardware INT=0x20
    44: v=20 e=0000 i=0 cpl=0 IP=0038:000000003e783d75 pc=000000003e783d75 SP=0030:000000003fe65880 env->regs[R_EAX]=0000000000000000
RAX=0000000000000000 RBX=000000003e663498 RCX=000000003eb6ca80 RDX=000000003e663488
RSI=000000003e663418 RDI=000000003e66e518 RBP=000000003fe65900 RSP=000000003fe65880
R8 =00000000000000af R9 =0000000000000028 R10=000000003f58a3f4 R11=000000003f6d631e
R12=000000003e663518 R13=000000003e663418 R14=0000000000000045 R15=000000003eb76818
RIP=000000003e783d75 RFL=00000246 [---Z-P-] CPL=0 II=0 A20=1 SMM=0 HLT=0
ES =0030 0000000000000000 ffffffff 00cf9300 DPL=0 DS   [-WA]
CS =0038 0000000000000000 ffffffff 00af9a00 DPL=0 CS64 [-R-]
SS =0030 0000000000000000 ffffffff 00cf9300 DPL=0 DS   [-WA]
DS =0030 0000000000000000 ffffffff 00cf9300 DPL=0 DS   [-WA]
FS =0030 0000000000000000 ffffffff 00cf9300 DPL=0 DS   [-WA]
GS =0030 0000000000000000 ffffffff 00cf9300 DPL=0 DS   [-WA]
LDT=0000 0000000000000000 0000ffff 00008200 DPL=0 LDT
TR =0000 0000000000000000 0000ffff 00008b00 DPL=0 TSS64-busy
GDT=     000000003f5dc000 00000047
IDT=     000000003efa3018 00000fff
CR0=80010033 CR2=0000000000000000 CR3=000000003f801000 CR4=00000668
DR0=0000000000000000 DR1=0000000000000000 DR2=0000000000000000 DR3=0000000000000000 
DR6=00000000ffff0ff0 DR7=0000000000000400
CCS=0000000000000044 CCD=0000000000000000 CCO=EFLAGS
EFER=0000000000000d00
Servicing hardware INT=0x20
    45: v=20 e=0000 i=0 cpl=0 IP=0038:000000003ef9f2b5 pc=000000003ef9f2b5 SP=0030:000000003fe65598 env->regs[R_EAX]=0000000000000000
RAX=0000000000000000 RBX=000000008003d8ec RCX=0000000000000002 RDX=000000003efa1880
RSI=0000000000000002 RDI=0000000000000000 RBP=000000003fe65620 RSP=000000003fe65598
R8 =000000003fe656dc R9 =0000000080000000 R10=00000000000fffff R11=000000000000000a
R12=000000003fe656dc R13=00000000000f09c5 R14=0000000000000004 R15=0000000000000000
RIP=000000003ef9f2b5 RFL=00000246 [---Z-P-] CPL=0 II=0 A20=1 SMM=0 HLT=0
ES =0030 0000000000000000 ffffffff 00cf9300 DPL=0 DS   [-WA]
CS =0038 0000000000000000 ffffffff 00af9a00 DPL=0 CS64 [-R-]
SS =0030 0000000000000000 ffffffff 00cf9300 DPL=0 DS   [-WA]
DS =0030 0000000000000000 ffffffff 00cf9300 DPL=0 DS   [-WA]
FS =0030 0000000000000000 ffffffff 00cf9300 DPL=0 DS   [-WA]
GS =0030 0000000000000000 ffffffff 00cf9300 DPL=0 DS   [-WA]
LDT=0000 0000000000000000 0000ffff 00008200 DPL=0 LDT
TR =0000 0000000000000000 0000ffff 00008b00 DPL=0 TSS64-busy
GDT=     000000003f5dc000 00000047
IDT=     000000003efa3018 00000fff
CR0=80010033 CR2=0000000000000000 CR3=000000003f801000 CR4=00000668
DR0=0000000000000000 DR1=0000000000000000 DR2=0000000000000000 DR3=0000000000000000 
DR6=00000000ffff0ff0 DR7=0000000000000400
CCS=0000000000000044 CCD=0000000000000000 CCO=EFLAGS
EFER=0000000000000d00
Servicing hardware INT=0x20
    46: v=20 e=0000 i=0 cpl=0 IP=0038:000000003efa0ae0 pc=000000003efa0ae0 SP=0030:000000003fe655a0 env->regs[R_EAX]=0000000000000000
RAX=0000000000000000 RBX=00000000800db49c RCX=0000000000000002 RDX=000000003efa1880
RSI=0000000000000002 RDI=0000000000000000 RBP=000000003fe65620 RSP=000000003fe655a0
R8 =000000003fe656dc R9 =0000000080000000 R10=00000000000fffff R11=000000000000000a
R12=000000003fe656dc R13=00000000000c92d9 R14=0000000000000004 R15=0000000000000000
RIP=000000003efa0ae0 RFL=00000293 [--S-A-C] CPL=0 II=0 A20=1 SMM=0 HLT=0
ES =0030 0000000000000000 ffffffff 00cf9300 DPL=0 DS   [-WA]
CS =0038 0000000000000000 ffffffff 00af9a00 DPL=0 CS64 [-R-]
SS =0030 0000000000000000 ffffffff 00cf9300 DPL=0 DS   [-WA]
DS =0030 0000000000000000 ffffffff 00cf9300 DPL=0 DS   [-WA]
FS =0030 0000000000000000 ffffffff 00cf9300 DPL=0 DS   [-WA]
GS =0030 0000000000000000 ffffffff 00cf9300 DPL=0 DS   [-WA]
LDT=0000 0000000000000000 0000ffff 00008200 DPL=0 LDT
TR =0000 0000000000000000 0000ffff 00008b00 DPL=0 TSS64-busy
GDT=     000000003f5dc000 00000047
IDT=     000000003efa3018 00000fff
CR0=80010033 CR2=0000000000000000 CR3=000000003f801000 CR4=00000668
DR0=0000000000000000 DR1=0000000000000000 DR2=0000000000000000 DR3=0000000000000000 
DR6=00000000ffff0ff0 DR7=0000000000000400
CCS=0000000000000091 CCD=fffffffffffffffe CCO=EFLAGS
EFER=0000000000000d00
Servicing hardware INT=0x20
    47: v=20 e=0000 i=0 cpl=0 IP=0038:000000003ef9f2b5 pc=000000003ef9f2b5 SP=0030:000000003fe65598 env->regs[R_EAX]=0000000000000000
RAX=0000000000000000 RBX=00000000801718a4 RCX=0000000000000002 RDX=000000003efa1880
RSI=0000000000000002 RDI=0000000000000000 RBP=000000003fe65620 RSP=000000003fe65598
R8 =000000003fe656dc R9 =0000000080000000 R10=00000000000fffff R11=000000000000000a
R12=000000003fe656dc R13=00000000000a39d7 R14=0000000000000004 R15=0000000000000000
RIP=000000003ef9f2b5 RFL=00000246 [---Z-P-] CPL=0 II=0 A20=1 SMM=0 HLT=0
ES =0030 0000000000000000 ffffffff 00cf9300 DPL=0 DS   [-WA]
CS =0038 0000000000000000 ffffffff 00af9a00 DPL=0 CS64 [-R-]
SS =0030 0000000000000000 ffffffff 00cf9300 DPL=0 DS   [-WA]
DS =0030 0000000000000000 ffffffff 00cf9300 DPL=0 DS   [-WA]
FS =0030 0000000000000000 ffffffff 00cf9300 DPL=0 DS   [-WA]
GS =0030 0000000000000000 ffffffff 00cf9300 DPL=0 DS   [-WA]
LDT=0000 0000000000000000 0000ffff 00008200 DPL=0 LDT
TR =0000 0000000000000000 0000ffff 00008b00 DPL=0 TSS64-busy
GDT=     000000003f5dc000 00000047
IDT=     000000003efa3018 00000fff
CR0=80010033 CR2=0000000000000000 CR3=000000003f801000 CR4=00000668
DR0=0000000000000000 DR1=0000000000000000 DR2=0000000000000000 DR3=0000000000000000 
DR6=00000000ffff0ff0 DR7=0000000000000400
CCS=0000000000000044 CCD=0000000000000000 CCO=EFLAGS
EFER=0000000000000d00
Servicing hardware INT=0x20
    48: v=20 e=0000 i=0 cpl=0 IP=0038:000000003efa0adb pc=000000003efa0adb SP=0030:000000003fe655a0 env->regs[R_EAX]=0000000000000000
RAX=0000000000000000 RBX=0000000080219148 RCX=0000000000000002 RDX=000000003efa1880
RSI=0000000000000002 RDI=0000000000000000 RBP=000000003fe65620 RSP=000000003fe655a0
R8 =000000003fe656dc R9 =0000000080000000 R10=00000000000fffff R11=000000000000000a
R12=000000003fe656dc R13=0000000000079bae R14=0000000000000004 R15=0000000000000000
RIP=000000003efa0adb RFL=00000246 [---Z-P-] CPL=0 II=0 A20=1 SMM=0 HLT=0
ES =0030 0000000000000000 ffffffff 00cf9300 DPL=0 DS   [-WA]
CS =0038 0000000000000000 ffffffff 00af9a00 DPL=0 CS64 [-R-]
SS =0030 0000000000000000 ffffffff 00cf9300 DPL=0 DS   [-WA]
DS =0030 0000000000000000 ffffffff 00cf9300 DPL=0 DS   [-WA]
FS =0030 0000000000000000 ffffffff 00cf9300 DPL=0 DS   [-WA]
GS =0030 0000000000000000 ffffffff 00cf9300 DPL=0 DS   [-WA]
LDT=0000 0000000000000000 0000ffff 00008200 DPL=0 LDT
TR =0000 0000000000000000 0000ffff 00008b00 DPL=0 TSS64-busy
GDT=     000000003f5dc000 00000047
IDT=     000000003efa3018 00000fff
CR0=80010033 CR2=0000000000000000 CR3=000000003f801000 CR4=00000668
DR0=0000000000000000 DR1=0000000000000000 DR2=0000000000000000 DR3=0000000000000000 
DR6=00000000ffff0ff0 DR7=0000000000000400
CCS=0000000000000044 CCD=0000000000000000 CCO=EFLAGS
EFER=0000000000000d00
Servicing hardware INT=0x20
    49: v=20 e=0000 i=0 cpl=0 IP=0038:000000003ef9f2c0 pc=000000003ef9f2c0 SP=0030:000000003fe65580 env->regs[R_EAX]=0000000000000000
RAX=0000000000000000 RBX=00000000802b55c4 RCX=0000000000000002 RDX=000000003efa1880
RSI=0000000000000002 RDI=0000000000000000 RBP=000000003fe65590 RSP=000000003fe65580
R8 =000000003fe656dc R9 =0000000080000000 R10=00000000000fffff R11=000000000000000a
R12=000000003fe656dc R13=0000000000052a8f R14=0000000000000004 R15=0000000000000000
RIP=000000003ef9f2c0 RFL=00000202 [-------] CPL=0 II=0 A20=1 SMM=0 HLT=0
ES =0030 0000000000000000 ffffffff 00cf9300 DPL=0 DS   [-WA]
CS =0038 0000000000000000 ffffffff 00af9a00 DPL=0 CS64 [-R-]
SS =0030 0000000000000000 ffffffff 00cf9300 DPL=0 DS   [-WA]
DS =0030 0000000000000000 ffffffff 00cf9300 DPL=0 DS   [-WA]
FS =0030 0000000000000000 ffffffff 00cf9300 DPL=0 DS   [-WA]
GS =0030 0000000000000000 ffffffff 00cf9300 DPL=0 DS   [-WA]
LDT=0000 0000000000000000 0000ffff 00008200 DPL=0 LDT
TR =0000 0000000000000000 0000ffff 00008b00 DPL=0 TSS64-busy
GDT=     000000003f5dc000 00000047
IDT=     000000003efa3018 00000fff
CR0=80010033 CR2=0000000000000000 CR3=000000003f801000 CR4=00000668
DR0=0000000000000000 DR1=0000000000000000 DR2=0000000000000000 DR3=0000000000000000 
DR6=00000000ffff0ff0 DR7=0000000000000400
CCS=0000000000000000 CCD=0000000000000001 CCO=EFLAGS
EFER=0000000000000d00
Servicing hardware INT=0x20
    50: v=20 e=0000 i=0 cpl=0 IP=0038:000000003efa09bc pc=000000003efa09bc SP=0030:000000003fe655a0 env->regs[R_EAX]=0000000000000000
RAX=0000000000000000 RBX=000000008035f99c RCX=0000000000000002 RDX=000000003efa1880
RSI=0000000000000002 RDI=0000000000000000 RBP=000000003fe65620 RSP=000000003fe655a0
R8 =000000003fe656dc R9 =0000000080000000 R10=00000000000fffff R11=000000000000000a
R12=000000003fe656dc R13=0000000000028199 R14=0000000000000004 R15=0000000000000000
RIP=000000003efa09bc RFL=00000206 [-----P-] CPL=0 II=0 A20=1 SMM=0 HLT=0
ES =0030 0000000000000000 ffffffff 00cf9300 DPL=0 DS   [-WA]
CS =0038 0000000000000000 ffffffff 00af9a00 DPL=0 CS64 [-R-]
SS =0030 0000000000000000 ffffffff 00cf9300 DPL=0 DS   [-WA]
DS =0030 0000000000000000 ffffffff 00cf9300 DPL=0 DS   [-WA]
FS =0030 0000000000000000 ffffffff 00cf9300 DPL=0 DS   [-WA]
GS =0030 0000000000000000 ffffffff 00cf9300 DPL=0 DS   [-WA]
LDT=0000 0000000000000000 0000ffff 00008200 DPL=0 LDT
TR =0000 0000000000000000 0000ffff 00008b00 DPL=0 TSS64-busy
GDT=     000000003f5dc000 00000047
IDT=     000000003efa3018 00000fff
CR0=80010033 CR2=0000000000000000 CR3=000000003f801000 CR4=00000668
DR0=0000000000000000 DR1=0000000000000000 DR2=0000000000000000 DR3=0000000000000000 
DR6=00000000ffff0ff0 DR7=0000000000000400
CCS=0000000000000004 CCD=0000000000028199 CCO=EFLAGS
EFER=0000000000000d00
Servicing hardware INT=0x20
    51: v=20 e=0000 i=0 cpl=0 IP=0038:000000003ef9f2c0 pc=000000003ef9f2c0 SP=0030:000000003fe65580 env->regs[R_EAX]=0000000000000000
RAX=0000000000000000 RBX=00000000803fc0bc RCX=0000000000000002 RDX=000000003efa1880
RSI=0000000000000002 RDI=0000000000000000 RBP=000000003fe65590 RSP=000000003fe65580
R8 =000000003fe656dc R9 =0000000080000000 R10=00000000000fffff R11=000000000000000a
R12=000000003fe656dc R13=0000000000000fd1 R14=0000000000000004 R15=0000000000000000
RIP=000000003ef9f2c0 RFL=00000202 [-------] CPL=0 II=0 A20=1 SMM=0 HLT=0
ES =0030 0000000000000000 ffffffff 00cf9300 DPL=0 DS   [-WA]
CS =0038 0000000000000000 ffffffff 00af9a00 DPL=0 CS64 [-R-]
SS =0030 0000000000000000 ffffffff 00cf9300 DPL=0 DS   [-WA]
DS =0030 0000000000000000 ffffffff 00cf9300 DPL=0 DS   [-WA]
FS =0030 0000000000000000 ffffffff 00cf9300 DPL=0 DS   [-WA]
GS =0030 0000000000000000 ffffffff 00cf9300 DPL=0 DS   [-WA]
LDT=0000 0000000000000000 0000ffff 00008200 DPL=0 LDT
TR =0000 0000000000000000 0000ffff 00008b00 DPL=0 TSS64-busy
GDT=     000000003f5dc000 00000047
IDT=     000000003efa3018 00000fff
CR0=80010033 CR2=0000000000000000 CR3=000000003f801000 CR4=00000668
DR0=0000000000000000 DR1=0000000000000000 DR2=0000000000000000 DR3=0000000000000000 
DR6=00000000ffff0ff0 DR7=0000000000000400
CCS=0000000000000000 CCD=0000000000000001 CCO=EFLAGS
EFER=0000000000000d00
Servicing hardware INT=0x20
    52: v=20 e=0000 i=0 cpl=0 IP=0038:000000003f6c6d12 pc=000000003f6c6d12 SP=0030:000000003fe65768 env->regs[R_EAX]=000000003f5cbb98
RAX=000000003f5cbb98 RBX=000000003e79dec4 RCX=000000003f5ec818 RDX=000000003e79f2d0
RSI=000000003e79f2d0 RDI=000000003e79dec4 RBP=000000003fe657e0 RSP=000000003fe65768
R8 =000000003f6cf121 R9 =000000000000001e R10=000000003f58a7f0 R11=0000000000000000
R12=000000003f5ec818 R13=0000000000000009 R14=000000000000001e R15=0000000000000001
RIP=000000003f6c6d12 RFL=00000202 [-------] CPL=0 II=0 A20=1 SMM=0 HLT=0
ES =0030 0000000000000000 ffffffff 00cf9300 DPL=0 DS   [-WA]
CS =0038 0000000000000000 ffffffff 00af9a00 DPL=0 CS64 [-R-]
SS =0030 0000000000000000 ffffffff 00cf9300 DPL=0 DS   [-WA]
DS =0030 0000000000000000 ffffffff 00cf9300 DPL=0 DS   [-WA]
FS =0030 0000000000000000 ffffffff 00cf9300 DPL=0 DS   [-WA]
GS =0030 0000000000000000 ffffffff 00cf9300 DPL=0 DS   [-WA]
LDT=0000 0000000000000000 0000ffff 00008200 DPL=0 LDT
TR =0000 0000000000000000 0000ffff 00008b00 DPL=0 TSS64-busy
GDT=     000000003f5dc000 00000047
IDT=     000000003efa3018 00000fff
CR0=80010033 CR2=0000000000000000 CR3=000000003f801000 CR4=00000668
DR0=0000000000000000 DR1=0000000000000000 DR2=0000000000000000 DR3=0000000000000000 
DR6=00000000ffff0ff0 DR7=0000000000000400
CCS=0000000000000000 CCD=000000003fe65770 CCO=EFLAGS
EFER=0000000000000d00
Servicing hardware INT=0x20
    53: v=20 e=0000 i=0 cpl=0 IP=0038:000000003f73a08e pc=000000003f73a08e SP=0030:000000003fe65710 env->regs[R_EAX]=000000003efab940
RAX=000000003efab940 RBX=000000003f746a50 RCX=0000000000000026 RDX=000000003f4e7a3c
RSI=000000003f743a31 RDI=000000003f746a40 RBP=000000003fe65740 RSP=000000003fe65710
R8 =000000000000001f R9 =0000000000001237 R10=000000003f736000 R11=000000003f74d5c0
R12=000000003f5ec018 R13=000000003e66e598 R14=000000003e7d0000 R15=000000003fe65870
RIP=000000003f73a08e RFL=00000202 [-------] CPL=0 II=0 A20=1 SMM=0 HLT=0
ES =0030 0000000000000000 ffffffff 00cf9300 DPL=0 DS   [-WA]
CS =0038 0000000000000000 ffffffff 00af9a00 DPL=0 CS64 [-R-]
SS =0030 0000000000000000 ffffffff 00cf9300 DPL=0 DS   [-WA]
DS =0030 0000000000000000 ffffffff 00cf9300 DPL=0 DS   [-WA]
FS =0030 0000000000000000 ffffffff 00cf9300 DPL=0 DS   [-WA]
GS =0030 0000000000000000 ffffffff 00cf9300 DPL=0 DS   [-WA]
LDT=0000 0000000000000000 0000ffff 00008200 DPL=0 LDT
TR =0000 0000000000000000 0000ffff 00008b00 DPL=0 TSS64-busy
GDT=     000000003f5dc000 00000047
IDT=     000000003efa3018 00000fff
CR0=80010033 CR2=0000000000000000 CR3=000000003f801000 CR4=00000668
DR0=0000000000000000 DR1=0000000000000000 DR2=0000000000000000 DR3=0000000000000000 
DR6=00000000ffff0ff0 DR7=0000000000000400
CCS=0000000000000000 CCD=000000003efab940 CCO=EFLAGS
EFER=0000000000000d00
Servicing hardware INT=0x20
    54: v=20 e=0000 i=0 cpl=0 IP=0038:000000003fe7896c pc=000000003fe7896c SP=0030:000000003fe65750 env->regs[R_EAX]=0000000000000002
RAX=0000000000000002 RBX=000000003e5bd018 RCX=0000000000000004 RDX=000000003e5d1c58
RSI=0000000000000007 RDI=000000003e5bd018 RBP=000000003fe657b0 RSP=000000003fe65750
R8 =0000000000010959 R9 =0000000000000080 R10=000000000000001f R11=0000000000000002
R12=000000000000000c R13=0000000000000000 R14=0000000000000bbb R15=0000000000011517
RIP=000000003fe7896c RFL=00000286 [--S--P-] CPL=0 II=0 A20=1 SMM=0 HLT=0
ES =0030 0000000000000000 ffffffff 00cf9300 DPL=0 DS   [-WA]
CS =0038 0000000000000000 ffffffff 00af9a00 DPL=0 CS64 [-R-]
SS =0030 0000000000000000 ffffffff 00cf9300 DPL=0 DS   [-WA]
DS =0030 0000000000000000 ffffffff 00cf9300 DPL=0 DS   [-WA]
FS =0030 0000000000000000 ffffffff 00cf9300 DPL=0 DS   [-WA]
GS =0030 0000000000000000 ffffffff 00cf9300 DPL=0 DS   [-WA]
LDT=0000 0000000000000000 0000ffff 00008200 DPL=0 LDT
TR =0000 0000000000000000 0000ffff 00008b00 DPL=0 TSS64-busy
GDT=     000000003f5dc000 00000047
IDT=     000000003efa3018 00000fff
CR0=80010033 CR2=0000000000000000 CR3=000000003f801000 CR4=00000668
DR0=0000000000000000 DR1=0000000000000000 DR2=0000000000000000 DR3=0000000000000000 
DR6=00000000ffff0ff0 DR7=0000000000000400
CCS=0000000000000084 CCD=0000000089f7c282 CCO=EFLAGS
EFER=0000000000000d00
Servicing hardware INT=0x20
    55: v=20 e=0000 i=0 cpl=0 IP=0038:000000003fe82e8c pc=000000003fe82e8c SP=0030:000000003fe65690 env->regs[R_EAX]=00000000000000af
RAX=00000000000000af RBX=000000003e4ab000 RCX=0000000000000000 RDX=000000003e4ab000
RSI=000000003fe8bb60 RDI=000000003e4d2000 RBP=000000003fe65720 RSP=000000003fe65690
R8 =00000000000000af R9 =000000003e4d1fff R10=000000003fe8afc0 R11=000000003e6f2920
R12=000000003e4d1fff R13=000000003e4d2000 R14=000000003ea122c0 R15=000000003e4d1fff
RIP=000000003fe82e8c RFL=00000206 [-----P-] CPL=0 II=0 A20=1 SMM=0 HLT=0
ES =0030 0000000000000000 ffffffff 00cf9300 DPL=0 DS   [-WA]
CS =0038 0000000000000000 ffffffff 00af9a00 DPL=0 CS64 [-R-]
SS =0030 0000000000000000 ffffffff 00cf9300 DPL=0 DS   [-WA]
DS =0030 0000000000000000 ffffffff 00cf9300 DPL=0 DS   [-WA]
FS =0030 0000000000000000 ffffffff 00cf9300 DPL=0 DS   [-WA]
GS =0030 0000000000000000 ffffffff 00cf9300 DPL=0 DS   [-WA]
LDT=0000 0000000000000000 0000ffff 00008200 DPL=0 LDT
TR =0000 0000000000000000 0000ffff 00008b00 DPL=0 TSS64-busy
GDT=     000000003f5dc000 00000047
IDT=     000000003efa3018 00000fff
CR0=80010033 CR2=0000000000000000 CR3=000000003f801000 CR4=00000668
DR0=0000000000000000 DR1=0000000000000000 DR2=0000000000000000 DR3=0000000000000000 
DR6=00000000ffff0ff0 DR7=0000000000000400
CCS=0000000000000004 CCD=000000003fe65678 CCO=EFLAGS
EFER=0000000000000d00
Servicing hardware INT=0x20
    56: v=20 e=0000 i=0 cpl=0 IP=0038:000000003e417fc3 pc=000000003e417fc3 SP=0030:000000003fe655d0 env->regs[R_EAX]=0000000000000030
RAX=0000000000000030 RBX=000000003fe65668 RCX=0000000000000030 RDX=000000003fe655eb
RSI=0000000000000004 RDI=000000003fe655ef RBP=000000003fe655eb RSP=000000003fe655d0
R8 =0000000000000020 R9 =0000000000000000 R10=000000003e423b3d R11=000000003e73d930
R12=000000003e4233da R13=000000003fe65620 R14=000000003fe655d0 R15=0000000000000000
RIP=000000003e417fc3 RFL=00000246 [---Z-P-] CPL=0 II=0 A20=1 SMM=0 HLT=0
ES =0030 0000000000000000 ffffffff 00cf9300 DPL=0 DS   [-WA]
CS =0038 0000000000000000 ffffffff 00af9a00 DPL=0 CS64 [-R-]
SS =0030 0000000000000000 ffffffff 00cf9300 DPL=0 DS   [-WA]
DS =0030 0000000000000000 ffffffff 00cf9300 DPL=0 DS   [-WA]
FS =0030 0000000000000000 ffffffff 00cf9300 DPL=0 DS   [-WA]
GS =0030 0000000000000000 ffffffff 00cf9300 DPL=0 DS   [-WA]
LDT=0000 0000000000000000 0000ffff 00008200 DPL=0 LDT
TR =0000 0000000000000000 0000ffff 00008b00 DPL=0 TSS64-busy
GDT=     000000003f5dc000 00000047
IDT=     000000003efa3018 00000fff
CR0=80010033 CR2=0000000000000000 CR3=000000003f801000 CR4=00000668
DR0=0000000000000000 DR1=0000000000000000 DR2=0000000000000000 DR3=0000000000000000 
DR6=00000000ffff0ff0 DR7=0000000000000400
CCS=0000000000000044 CCD=0000000000000000 CCO=EFLAGS
EFER=0000000000000d00
Servicing hardware INT=0x20
    57: v=20 e=0000 i=0 cpl=0 IP=0038:000000003e78a00b pc=000000003e78a00b SP=0030:000000003fe65990 env->regs[R_EAX]=0000000080000000
RAX=0000000080000000 RBX=000000003e7b8a18 RCX=0000000000000040 RDX=000000003e79b535
RSI=000000003e7b8a18 RDI=000000003e726140 RBP=000000003fe65a10 RSP=000000003fe65990
R8 =000000000000000c R9 =0000000000000000 R10=000000003f58af84 R11=000000003fe65a06
R12=000000003e726140 R13=0000000000000000 R14=0000000000000000 R15=000000003e7b8a38
RIP=000000003e78a00b RFL=00000202 [-------] CPL=0 II=0 A20=1 SMM=0 HLT=0
ES =0030 0000000000000000 ffffffff 00cf9300 DPL=0 DS   [-WA]
CS =0038 0000000000000000 ffffffff 00af9a00 DPL=0 CS64 [-R-]
SS =0030 0000000000000000 ffffffff 00cf9300 DPL=0 DS   [-WA]
DS =0030 0000000000000000 ffffffff 00cf9300 DPL=0 DS   [-WA]
FS =0030 0000000000000000 ffffffff 00cf9300 DPL=0 DS   [-WA]
GS =0030 0000000000000000 ffffffff 00cf9300 DPL=0 DS   [-WA]
LDT=0000 0000000000000000 0000ffff 00008200 DPL=0 LDT
TR =0000 0000000000000000 0000ffff 00008b00 DPL=0 TSS64-busy
GDT=     000000003f5dc000 00000047
IDT=     000000003efa3018 00000fff
CR0=80010033 CR2=0000000000000000 CR3=000000003f801000 CR4=00000668
DR0=0000000000000000 DR1=0000000000000000 DR2=0000000000000000 DR3=0000000000000000 
DR6=00000000ffff0ff0 DR7=0000000000000400
CCS=0000000000000000 CCD=000000003fe65970 CCO=EFLAGS
EFER=0000000000000d00
Servicing hardware INT=0x20
    58: v=20 e=0000 i=0 cpl=0 IP=0038:000000003e70c3e4 pc=000000003e70c3e4 SP=0030:000000003fe657a0 env->regs[R_EAX]=0000000000000000
RAX=0000000000000000 RBX=0000000000000000 RCX=0000000000000000 RDX=000000003fe657e8
RSI=000000003e639098 RDI=0000000000000000 RBP=000000003fe65820 RSP=000000003fe657a0
R8 =00000000000000af R9 =0000000000000018 R10=000000003f58afe0 R11=000000003e73d980
R12=000000003e5c0018 R13=0000000000000000 R14=0000000000000000 R15=000000003fe657e0
RIP=000000003e70c3e4 RFL=00000246 [---Z-P-] CPL=0 II=0 A20=1 SMM=0 HLT=0
ES =0030 0000000000000000 ffffffff 00cf9300 DPL=0 DS   [-WA]
CS =0038 0000000000000000 ffffffff 00af9a00 DPL=0 CS64 [-R-]
SS =0030 0000000000000000 ffffffff 00cf9300 DPL=0 DS   [-WA]
DS =0030 0000000000000000 ffffffff 00cf9300 DPL=0 DS   [-WA]
FS =0030 0000000000000000 ffffffff 00cf9300 DPL=0 DS   [-WA]
GS =0030 0000000000000000 ffffffff 00cf9300 DPL=0 DS   [-WA]
LDT=0000 0000000000000000 0000ffff 00008200 DPL=0 LDT
TR =0000 0000000000000000 0000ffff 00008b00 DPL=0 TSS64-busy
GDT=     000000003f5dc000 00000047
IDT=     000000003efa3018 00000fff
CR0=80010033 CR2=0000000000000000 CR3=000000003f801000 CR4=00000668
DR0=0000000000000000 DR1=0000000000000000 DR2=0000000000000000 DR3=0000000000000000 
DR6=00000000ffff0ff0 DR7=0000000000000400
CCS=0000000000000044 CCD=0000000000000000 CCO=EFLAGS
EFER=0000000000000d00
Servicing hardware INT=0x20
    59: v=20 e=0000 i=0 cpl=0 IP=0038:000000003e7238c8 pc=000000003e7238c8 SP=0030:000000003fe657e0 env->regs[R_EAX]=8000000000000003
RAX=8000000000000003 RBX=0000000000000000 RCX=0000000000000000 RDX=0000000000000000
RSI=000000003e5c0558 RDI=000000003e725fc0 RBP=000000003fe65870 RSP=000000003fe657e0
R8 =000000003fe658b8 R9 =000000003e7a9d98 R10=000000003ea42974 R11=000000003e73d980
R12=000000003e5c0558 R13=0000000000000000 R14=000000003e725fc0 R15=000000003e7260a0
RIP=000000003e7238c8 RFL=00000283 [--S---C] CPL=0 II=0 A20=1 SMM=0 HLT=0
ES =0030 0000000000000000 ffffffff 00cf9300 DPL=0 DS   [-WA]
CS =0038 0000000000000000 ffffffff 00af9a00 DPL=0 CS64 [-R-]
SS =0030 0000000000000000 ffffffff 00cf9300 DPL=0 DS   [-WA]
DS =0030 0000000000000000 ffffffff 00cf9300 DPL=0 DS   [-WA]
FS =0030 0000000000000000 ffffffff 00cf9300 DPL=0 DS   [-WA]
GS =0030 0000000000000000 ffffffff 00cf9300 DPL=0 DS   [-WA]
LDT=0000 0000000000000000 0000ffff 00008200 DPL=0 LDT
TR =0000 0000000000000000 0000ffff 00008b00 DPL=0 TSS64-busy
GDT=     000000003f5dc000 00000047
IDT=     000000003efa3018 00000fff
CR0=80010033 CR2=0000000000000000 CR3=000000003f801000 CR4=00000668
DR0=0000000000000000 DR1=0000000000000000 DR2=0000000000000000 DR3=0000000000000000 
DR6=00000000ffff0ff0 DR7=0000000000000400
CCS=0000000000000081 CCD=ffffffffffffffe0 CCO=EFLAGS
EFER=0000000000000d00
Servicing hardware INT=0x20
    60: v=20 e=0000 i=0 cpl=0 IP=0038:000000003fe6a8ad pc=000000003fe6a8ad SP=0030:000000003fe65710 env->regs[R_EAX]=0000000000000016
RAX=0000000000000016 RBX=000000003e663498 RCX=000000003e666fac RDX=000000003e666f01
RSI=0000000000000012 RDI=0000000000000000 RBP=000000003fe657d0 RSP=000000003fe65710
R8 =000000003fe65778 R9 =000000003f4ecf98 R10=000000003f58ab64 R11=0000000000000004
R12=000000003fe65820 R13=ffffffffffffffff R14=0000000000000004 R15=0000000000000000
RIP=000000003fe6a8ad RFL=00000206 [-----P-] CPL=0 II=0 A20=1 SMM=0 HLT=0
ES =0030 0000000000000000 ffffffff 00cf9300 DPL=0 DS   [-WA]
CS =0038 0000000000000000 ffffffff 00af9a00 DPL=0 CS64 [-R-]
SS =0030 0000000000000000 ffffffff 00cf9300 DPL=0 DS   [-WA]
DS =0030 0000000000000000 ffffffff 00cf9300 DPL=0 DS   [-WA]
FS =0030 0000000000000000 ffffffff 00cf9300 DPL=0 DS   [-WA]
GS =0030 0000000000000000 ffffffff 00cf9300 DPL=0 DS   [-WA]
LDT=0000 0000000000000000 0000ffff 00008200 DPL=0 LDT
TR =0000 0000000000000000 0000ffff 00008b00 DPL=0 TSS64-busy
GDT=     000000003f5dc000 00000047
IDT=     000000003efa3018 00000fff
CR0=80010033 CR2=0000000000000000 CR3=000000003f801000 CR4=00000668
DR0=0000000000000000 DR1=0000000000000000 DR2=0000000000000000 DR3=0000000000000000 
DR6=00000000ffff0ff0 DR7=0000000000000400
CCS=0000000000000004 CCD=000000003fe656f0 CCO=EFLAGS
EFER=0000000000000d00
Servicing hardware INT=0x20
    61: v=20 e=0000 i=0 cpl=0 IP=0038:000000003e6dee6d pc=000000003e6dee6d SP=0030:000000003fe657d0 env->regs[R_EAX]=000000000000002b
RAX=000000000000002b RBX=0000000000631b6f RCX=000000000000b008 RDX=0000000000631b44
RSI=000000003fe658af RDI=000000003e5b6018 RBP=000000003fe65800 RSP=000000003fe657d0
R8 =0000000000000004 R9 =0000000000000064 R10=000000000000004f R11=000000003e73d980
R12=0000000000000877 R13=000000003fe658af R14=000000003e6e2bd0 R15=0000000000000001
RIP=000000003e6dee6d RFL=00000206 [-----P-] CPL=0 II=0 A20=1 SMM=0 HLT=0
ES =0030 0000000000000000 ffffffff 00cf9300 DPL=0 DS   [-WA]
CS =0038 0000000000000000 ffffffff 00af9a00 DPL=0 CS64 [-R-]
SS =0030 0000000000000000 ffffffff 00cf9300 DPL=0 DS   [-WA]
DS =0030 0000000000000000 ffffffff 00cf9300 DPL=0 DS   [-WA]
FS =0030 0000000000000000 ffffffff 00cf9300 DPL=0 DS   [-WA]
GS =0030 0000000000000000 ffffffff 00cf9300 DPL=0 DS   [-WA]
LDT=0000 0000000000000000 0000ffff 00008200 DPL=0 LDT
TR =0000 0000000000000000 0000ffff 00008b00 DPL=0 TSS64-busy
GDT=     000000003f5dc000 00000047
IDT=     000000003efa3018 00000fff
CR0=80010033 CR2=0000000000000000 CR3=000000003f801000 CR4=00000668
DR0=0000000000000000 DR1=0000000000000000 DR2=0000000000000000 DR3=0000000000000000 
DR6=00000000ffff0ff0 DR7=0000000000000400
CCS=0000000000000004 CCD=000000000000002b CCO=EFLAGS
EFER=0000000000000d00
Servicing hardware INT=0x20
    62: v=20 e=0000 i=0 cpl=0 IP=0038:000000003e6dee6d pc=000000003e6dee6d SP=0030:000000003fe657d0 env->regs[R_EAX]=000000000000001a
RAX=000000000000001a RBX=000000000063ae40 RCX=000000000000b008 RDX=000000000063ae26
RSI=000000003fe658af RDI=000000003e5b6018 RBP=000000003fe65800 RSP=000000003fe657d0
R8 =0000000000000004 R9 =0000000000000064 R10=000000000000004f R11=000000003e73d980
R12=0000000000000727 R13=000000003fe658af R14=000000003e6e2bd0 R15=0000000000000001
RIP=000000003e6dee6d RFL=00000202 [-------] CPL=0 II=0 A20=1 SMM=0 HLT=0
ES =0030 0000000000000000 ffffffff 00cf9300 DPL=0 DS   [-WA]
CS =0038 0000000000000000 ffffffff 00af9a00 DPL=0 CS64 [-R-]
SS =0030 0000000000000000 ffffffff 00cf9300 DPL=0 DS   [-WA]
DS =0030 0000000000000000 ffffffff 00cf9300 DPL=0 DS   [-WA]
FS =0030 0000000000000000 ffffffff 00cf9300 DPL=0 DS   [-WA]
GS =0030 0000000000000000 ffffffff 00cf9300 DPL=0 DS   [-WA]
LDT=0000 0000000000000000 0000ffff 00008200 DPL=0 LDT
TR =0000 0000000000000000 0000ffff 00008b00 DPL=0 TSS64-busy
GDT=     000000003f5dc000 00000047
IDT=     000000003efa3018 00000fff
CR0=80010033 CR2=0000000000000000 CR3=000000003f801000 CR4=00000668
DR0=0000000000000000 DR1=0000000000000000 DR2=0000000000000000 DR3=0000000000000000 
DR6=00000000ffff0ff0 DR7=0000000000000400
CCS=0000000000000000 CCD=000000000000001a CCO=EFLAGS
EFER=0000000000000d00
Servicing hardware INT=0x20
    63: v=20 e=0000 i=0 cpl=0 IP=0038:000000003e6dee6d pc=000000003e6dee6d SP=0030:000000003fe657d0 env->regs[R_EAX]=000000000000004a
RAX=000000000000004a RBX=0000000000643c81 RCX=000000000000b008 RDX=0000000000643c37
RSI=000000003fe658af RDI=000000003e5b6018 RBP=000000003fe65800 RSP=000000003fe657d0
R8 =0000000000000004 R9 =0000000000000064 R10=000000000000004f R11=000000003e73d980
R12=00000000000005e5 R13=000000003fe658af R14=000000003e6e2bd0 R15=0000000000000001
RIP=000000003e6dee6d RFL=00000202 [-------] CPL=0 II=0 A20=1 SMM=0 HLT=0
ES =0030 0000000000000000 ffffffff 00cf9300 DPL=0 DS   [-WA]
CS =0038 0000000000000000 ffffffff 00af9a00 DPL=0 CS64 [-R-]
SS =0030 0000000000000000 ffffffff 00cf9300 DPL=0 DS   [-WA]
DS =0030 0000000000000000 ffffffff 00cf9300 DPL=0 DS   [-WA]
FS =0030 0000000000000000 ffffffff 00cf9300 DPL=0 DS   [-WA]
GS =0030 0000000000000000 ffffffff 00cf9300 DPL=0 DS   [-WA]
LDT=0000 0000000000000000 0000ffff 00008200 DPL=0 LDT
TR =0000 0000000000000000 0000ffff 00008b00 DPL=0 TSS64-busy
GDT=     000000003f5dc000 00000047
IDT=     000000003efa3018 00000fff
CR0=80010033 CR2=0000000000000000 CR3=000000003f801000 CR4=00000668
DR0=0000000000000000 DR1=0000000000000000 DR2=0000000000000000 DR3=0000000000000000 
DR6=00000000ffff0ff0 DR7=0000000000000400
CCS=0000000000000000 CCD=000000000000004a CCO=EFLAGS
EFER=0000000000000d00
Servicing hardware INT=0x20
    64: v=20 e=0000 i=0 cpl=0 IP=0038:000000003e6dee6d pc=000000003e6dee6d SP=0030:000000003fe657d0 env->regs[R_EAX]=0000000000000023
RAX=0000000000000023 RBX=000000000064cdca RCX=000000000000b008 RDX=000000000064cda7
RSI=000000003fe658af RDI=000000003e5b6018 RBP=000000003fe65800 RSP=000000003fe657d0
R8 =0000000000000004 R9 =0000000000000064 R10=000000000000004f R11=000000003e73d980
R12=00000000000004a4 R13=000000003fe658af R14=000000003e6e2bd0 R15=0000000000000001
RIP=000000003e6dee6d RFL=00000202 [-------] CPL=0 II=0 A20=1 SMM=0 HLT=0
ES =0030 0000000000000000 ffffffff 00cf9300 DPL=0 DS   [-WA]
CS =0038 0000000000000000 ffffffff 00af9a00 DPL=0 CS64 [-R-]
SS =0030 0000000000000000 ffffffff 00cf9300 DPL=0 DS   [-WA]
DS =0030 0000000000000000 ffffffff 00cf9300 DPL=0 DS   [-WA]
FS =0030 0000000000000000 ffffffff 00cf9300 DPL=0 DS   [-WA]
GS =0030 0000000000000000 ffffffff 00cf9300 DPL=0 DS   [-WA]
LDT=0000 0000000000000000 0000ffff 00008200 DPL=0 LDT
TR =0000 0000000000000000 0000ffff 00008b00 DPL=0 TSS64-busy
GDT=     000000003f5dc000 00000047
IDT=     000000003efa3018 00000fff
CR0=80010033 CR2=0000000000000000 CR3=000000003f801000 CR4=00000668
DR0=0000000000000000 DR1=0000000000000000 DR2=0000000000000000 DR3=0000000000000000 
DR6=00000000ffff0ff0 DR7=0000000000000400
CCS=0000000000000000 CCD=0000000000000023 CCO=EFLAGS
EFER=0000000000000d00
Servicing hardware INT=0x20
    65: v=20 e=0000 i=0 cpl=0 IP=0038:000000003e6dee6d pc=000000003e6dee6d SP=0030:000000003fe657d0 env->regs[R_EAX]=0000000000000000
RAX=0000000000000000 RBX=00000000006552f6 RCX=000000000000b008 RDX=00000000006552f6
RSI=000000003fe658af RDI=000000003e5b6018 RBP=000000003fe65800 RSP=000000003fe657d0
R8 =0000000000000004 R9 =0000000000000064 R10=000000000000004f R11=000000003e73d980
R12=0000000000000376 R13=000000003fe658af R14=000000003e6e2bd0 R15=0000000000000001
RIP=000000003e6dee6d RFL=00000246 [---Z-P-] CPL=0 II=0 A20=1 SMM=0 HLT=0
ES =0030 0000000000000000 ffffffff 00cf9300 DPL=0 DS   [-WA]
CS =0038 0000000000000000 ffffffff 00af9a00 DPL=0 CS64 [-R-]
SS =0030 0000000000000000 ffffffff 00cf9300 DPL=0 DS   [-WA]
DS =0030 0000000000000000 ffffffff 00cf9300 DPL=0 DS   [-WA]
FS =0030 0000000000000000 ffffffff 00cf9300 DPL=0 DS   [-WA]
GS =0030 0000000000000000 ffffffff 00cf9300 DPL=0 DS   [-WA]
LDT=0000 0000000000000000 0000ffff 00008200 DPL=0 LDT
TR =0000 0000000000000000 0000ffff 00008b00 DPL=0 TSS64-busy
GDT=     000000003f5dc000 00000047
IDT=     000000003efa3018 00000fff
CR0=80010033 CR2=0000000000000000 CR3=000000003f801000 CR4=00000668
DR0=0000000000000000 DR1=0000000000000000 DR2=0000000000000000 DR3=0000000000000000 
DR6=00000000ffff0ff0 DR7=0000000000000400
CCS=0000000000000044 CCD=0000000000000000 CCO=EFLAGS
EFER=0000000000000d00
Servicing hardware INT=0x20
    66: v=20 e=0000 i=0 cpl=0 IP=0038:000000003e6dee6d pc=000000003e6dee6d SP=0030:000000003fe657d0 env->regs[R_EAX]=0000000000000047
RAX=0000000000000047 RBX=000000000065d917 RCX=000000000000b008 RDX=000000000065d8d0
RSI=000000003fe658af RDI=000000003e5b6018 RBP=000000003fe65800 RSP=000000003fe657d0
R8 =0000000000000004 R9 =0000000000000064 R10=000000000000004f R11=000000003e73d980
R12=0000000000000252 R13=000000003fe658af R14=000000003e6e2bd0 R15=0000000000000001
RIP=000000003e6dee6d RFL=00000206 [-----P-] CPL=0 II=0 A20=1 SMM=0 HLT=0
ES =0030 0000000000000000 ffffffff 00cf9300 DPL=0 DS   [-WA]
CS =0038 0000000000000000 ffffffff 00af9a00 DPL=0 CS64 [-R-]
SS =0030 0000000000000000 ffffffff 00cf9300 DPL=0 DS   [-WA]
DS =0030 0000000000000000 ffffffff 00cf9300 DPL=0 DS   [-WA]
FS =0030 0000000000000000 ffffffff 00cf9300 DPL=0 DS   [-WA]
GS =0030 0000000000000000 ffffffff 00cf9300 DPL=0 DS   [-WA]
LDT=0000 0000000000000000 0000ffff 00008200 DPL=0 LDT
TR =0000 0000000000000000 0000ffff 00008b00 DPL=0 TSS64-busy
GDT=     000000003f5dc000 00000047
IDT=     000000003efa3018 00000fff
CR0=80010033 CR2=0000000000000000 CR3=000000003f801000 CR4=00000668
DR0=0000000000000000 DR1=0000000000000000 DR2=0000000000000000 DR3=0000000000000000 
DR6=00000000ffff0ff0 DR7=0000000000000400
CCS=0000000000000004 CCD=0000000000000047 CCO=EFLAGS
EFER=0000000000000d00
Servicing hardware INT=0x20
    67: v=20 e=0000 i=0 cpl=0 IP=0038:000000003e6dee6d pc=000000003e6dee6d SP=0030:000000003fe657d0 env->regs[R_EAX]=0000000000000038
RAX=0000000000000038 RBX=0000000000666b7e RCX=000000000000b008 RDX=0000000000666b46
RSI=000000003fe658af RDI=000000003e5b6018 RBP=000000003fe65800 RSP=000000003fe657d0
R8 =0000000000000004 R9 =0000000000000064 R10=000000000000004f R11=000000003e73d980
R12=0000000000000108 R13=000000003fe658af R14=000000003e6e2bd0 R15=0000000000000001
RIP=000000003e6dee6d RFL=00000202 [-------] CPL=0 II=0 A20=1 SMM=0 HLT=0
ES =0030 0000000000000000 ffffffff 00cf9300 DPL=0 DS   [-WA]
CS =0038 0000000000000000 ffffffff 00af9a00 DPL=0 CS64 [-R-]
SS =0030 0000000000000000 ffffffff 00cf9300 DPL=0 DS   [-WA]
DS =0030 0000000000000000 ffffffff 00cf9300 DPL=0 DS   [-WA]
FS =0030 0000000000000000 ffffffff 00cf9300 DPL=0 DS   [-WA]
GS =0030 0000000000000000 ffffffff 00cf9300 DPL=0 DS   [-WA]
LDT=0000 0000000000000000 0000ffff 00008200 DPL=0 LDT
TR =0000 0000000000000000 0000ffff 00008b00 DPL=0 TSS64-busy
GDT=     000000003f5dc000 00000047
IDT=     000000003efa3018 00000fff
CR0=80010033 CR2=0000000000000000 CR3=000000003f801000 CR4=00000668
DR0=0000000000000000 DR1=0000000000000000 DR2=0000000000000000 DR3=0000000000000000 
DR6=00000000ffff0ff0 DR7=0000000000000400
CCS=0000000000000000 CCD=0000000000000038 CCO=EFLAGS
EFER=0000000000000d00
Servicing hardware INT=0x20
    68: v=20 e=0000 i=0 cpl=0 IP=0038:000000003e6df825 pc=000000003e6df825 SP=0030:000000003fe657d0 env->regs[R_EAX]=0000000000000000
RAX=0000000000000000 RBX=000000003e5b6018 RCX=0000000000000060 RDX=0000000000000060
RSI=0000000000000055 RDI=000000003e5b6018 RBP=000000003fe65850 RSP=000000003fe657d0
R8 =0000000000000000 R9 =0000000000000060 R10=0000000000000053 R11=0000000000000004
R12=000000003fe65807 R13=0000000000000000 R14=0000000000000001 R15=0000000000000000
RIP=000000003e6df825 RFL=00000246 [---Z-P-] CPL=0 II=0 A20=1 SMM=0 HLT=0
ES =0030 0000000000000000 ffffffff 00cf9300 DPL=0 DS   [-WA]
CS =0038 0000000000000000 ffffffff 00af9a00 DPL=0 CS64 [-R-]
SS =0030 0000000000000000 ffffffff 00cf9300 DPL=0 DS   [-WA]
DS =0030 0000000000000000 ffffffff 00cf9300 DPL=0 DS   [-WA]
FS =0030 0000000000000000 ffffffff 00cf9300 DPL=0 DS   [-WA]
GS =0030 0000000000000000 ffffffff 00cf9300 DPL=0 DS   [-WA]
LDT=0000 0000000000000000 0000ffff 00008200 DPL=0 LDT
TR =0000 0000000000000000 0000ffff 00008b00 DPL=0 TSS64-busy
GDT=     000000003f5dc000 00000047
IDT=     000000003efa3018 00000fff
CR0=80010033 CR2=0000000000000000 CR3=000000003f801000 CR4=00000668
DR0=0000000000000000 DR1=0000000000000000 DR2=0000000000000000 DR3=0000000000000000 
DR6=00000000ffff0ff0 DR7=0000000000000400
CCS=0000000000000044 CCD=0000000000000000 CCO=EFLAGS
EFER=0000000000000d00
Servicing hardware INT=0x20
    69: v=20 e=0000 i=0 cpl=0 IP=0038:000000003fe773b1 pc=000000003fe773b1 SP=0030:000000003fe657e0 env->regs[R_EAX]=46652cb919cb87ab
RAX=46652cb919cb87ab RBX=000000003fe659b0 RCX=000000003fe659b0 RDX=000000003fe659b0
RSI=000000003e7b7bb0 RDI=46652cb919cb87ab RBP=000000003fe65810 RSP=000000003fe657e0
R8 =000000003fe659a8 R9 =000000003f2a8cf4 R10=0000000000000005 R11=0000000000000000
R12=000000003e7b7b98 R13=0000000000000000 R14=000000003fe8a0e0 R15=000000003fe844d1
RIP=000000003fe773b1 RFL=00000202 [-------] CPL=0 II=0 A20=1 SMM=0 HLT=0
ES =0030 0000000000000000 ffffffff 00cf9300 DPL=0 DS   [-WA]
CS =0038 0000000000000000 ffffffff 00af9a00 DPL=0 CS64 [-R-]
SS =0030 0000000000000000 ffffffff 00cf9300 DPL=0 DS   [-WA]
DS =0030 0000000000000000 ffffffff 00cf9300 DPL=0 DS   [-WA]
FS =0030 0000000000000000 ffffffff 00cf9300 DPL=0 DS   [-WA]
GS =0030 0000000000000000 ffffffff 00cf9300 DPL=0 DS   [-WA]
LDT=0000 0000000000000000 0000ffff 00008200 DPL=0 LDT
TR =0000 0000000000000000 0000ffff 00008b00 DPL=0 TSS64-busy
GDT=     000000003f5dc000 00000047
IDT=     000000003efa3018 00000fff
CR0=80010033 CR2=0000000000000000 CR3=000000003f801000 CR4=00000668
DR0=0000000000000000 DR1=0000000000000000 DR2=0000000000000000 DR3=0000000000000000 
DR6=00000000ffff0ff0 DR7=0000000000000400
CCS=0000000000000000 CCD=000000003fe659b0 CCO=EFLAGS
EFER=0000000000000d00
Servicing hardware INT=0x20
    70: v=20 e=0000 i=0 cpl=0 IP=0038:000000003e6d8007 pc=000000003e6d8007 SP=0030:000000003fe655b0 env->regs[R_EAX]=000000003e6dac00
RAX=000000003e6dac00 RBX=000000003e5b4018 RCX=0000000000000040 RDX=000000003e6db2e4
RSI=000000003e5b40d4 RDI=000000003e5b9720 RBP=000000003fe658f0 RSP=000000003fe655b0
R8 =000000003e6db1e5 R9 =000000003e6db1c4 R10=0000000000000000 R11=0000000000000000
R12=0000000000000000 R13=0000000000000001 R14=00000000ffffffe0 R15=0000000000000000
RIP=000000003e6d8007 RFL=00000297 [--S-APC] CPL=0 II=0 A20=1 SMM=0 HLT=0
ES =0030 0000000000000000 ffffffff 00cf9300 DPL=0 DS   [-WA]
CS =0038 0000000000000000 ffffffff 00af9a00 DPL=0 CS64 [-R-]
SS =0030 0000000000000000 ffffffff 00cf9300 DPL=0 DS   [-WA]
DS =0030 0000000000000000 ffffffff 00cf9300 DPL=0 DS   [-WA]
FS =0030 0000000000000000 ffffffff 00cf9300 DPL=0 DS   [-WA]
GS =0030 0000000000000000 ffffffff 00cf9300 DPL=0 DS   [-WA]
LDT=0000 0000000000000000 0000ffff 00008200 DPL=0 LDT
TR =0000 0000000000000000 0000ffff 00008b00 DPL=0 TSS64-busy
GDT=     000000003f5dc000 00000047
IDT=     000000003efa3018 00000fff
CR0=80010033 CR2=0000000000000000 CR3=000000003f801000 CR4=00000668
DR0=0000000000000000 DR1=0000000000000000 DR2=0000000000000000 DR3=0000000000000000 
DR6=00000000ffff0ff0 DR7=0000000000000400
CCS=0000000000000095 CCD=ffffffffffffffff CCO=EFLAGS
EFER=0000000000000d00
Servicing hardware INT=0x20
    71: v=20 e=0000 i=0 cpl=0 IP=0038:000000003e6cb866 pc=000000003e6cb866 SP=0030:000000003fe657c0 env->regs[R_EAX]=000000003e5b4038
RAX=000000003e5b4038 RBX=0000000000000007 RCX=0000000000000000 RDX=000000003e6d0460
RSI=0000000000000000 RDI=000000003e5b3018 RBP=000000003fe657f0 RSP=000000003fe657c0
R8 =0000000000000000 R9 =000000003e6d063f R10=000000000000000a R11=0000000000000031
R12=0000000000000001 R13=0000000000000008 R14=0000000000000008 R15=0000000000000000
RIP=000000003e6cb866 RFL=00000246 [---Z-P-] CPL=0 II=0 A20=1 SMM=0 HLT=0
ES =0030 0000000000000000 ffffffff 00cf9300 DPL=0 DS   [-WA]
CS =0038 0000000000000000 ffffffff 00af9a00 DPL=0 CS64 [-R-]
SS =0030 0000000000000000 ffffffff 00cf9300 DPL=0 DS   [-WA]
DS =0030 0000000000000000 ffffffff 00cf9300 DPL=0 DS   [-WA]
FS =0030 0000000000000000 ffffffff 00cf9300 DPL=0 DS   [-WA]
GS =0030 0000000000000000 ffffffff 00cf9300 DPL=0 DS   [-WA]
LDT=0000 0000000000000000 0000ffff 00008200 DPL=0 LDT
TR =0000 0000000000000000 0000ffff 00008b00 DPL=0 TSS64-busy
GDT=     000000003f5dc000 00000047
IDT=     000000003efa3018 00000fff
CR0=80010033 CR2=0000000000000000 CR3=000000003f801000 CR4=00000668
DR0=0000000000000000 DR1=0000000000000000 DR2=0000000000000000 DR3=0000000000000000 
DR6=00000000ffff0ff0 DR7=0000000000000400
CCS=0000000000000044 CCD=0000000000000000 CCO=EFLAGS
EFER=0000000000000d00
Servicing hardware INT=0x20
    72: v=20 e=0000 i=0 cpl=0 IP=0038:000000003fe69ea9 pc=000000003fe69ea9 SP=0030:000000003fe65900 env->regs[R_EAX]=000000003e666c98
RAX=000000003e666c98 RBX=0000000000000000 RCX=000000003eb6ca80 RDX=000000003e5b3598
RSI=000000003e5b4558 RDI=000000003e666cb0 RBP=000000003fe659f0 RSP=000000003fe65900
R8 =0000000000000004 R9 =000000003e5b35a0 R10=000000003fe8afc0 R11=0000000000000031
R12=000000003e5b3618 R13=0000000000000000 R14=0000000000000000 R15=000000003e5b4520
RIP=000000003fe69ea9 RFL=00000202 [-------] CPL=0 II=0 A20=1 SMM=0 HLT=0
ES =0030 0000000000000000 ffffffff 00cf9300 DPL=0 DS   [-WA]
CS =0038 0000000000000000 ffffffff 00af9a00 DPL=0 CS64 [-R-]
SS =0030 0000000000000000 ffffffff 00cf9300 DPL=0 DS   [-WA]
DS =0030 0000000000000000 ffffffff 00cf9300 DPL=0 DS   [-WA]
FS =0030 0000000000000000 ffffffff 00cf9300 DPL=0 DS   [-WA]
GS =0030 0000000000000000 ffffffff 00cf9300 DPL=0 DS   [-WA]
LDT=0000 0000000000000000 0000ffff 00008200 DPL=0 LDT
TR =0000 0000000000000000 0000ffff 00008b00 DPL=0 TSS64-busy
GDT=     000000003f5dc000 00000047
IDT=     000000003efa3018 00000fff
CR0=80010033 CR2=0000000000000000 CR3=000000003f801000 CR4=00000668
DR0=0000000000000000 DR1=0000000000000000 DR2=0000000000000000 DR3=0000000000000000 
DR6=00000000ffff0ff0 DR7=0000000000000400
CCS=0000000000000000 CCD=0000000000000008 CCO=EFLAGS
EFER=0000000000000d00
Servicing hardware INT=0x20
    73: v=20 e=0000 i=0 cpl=0 IP=0038:000000003e6edd0c pc=000000003e6edd0c SP=0030:000000003fe65650 env->regs[R_EAX]=0000000000000000
RAX=0000000000000000 RBX=0000000000000020 RCX=0000000000000000 RDX=0000000000000000
RSI=000000003e4c1e98 RDI=000000003e4c1e98 RBP=000000003fe656b0 RSP=000000003fe65650
R8 =0000000000000004 R9 =000000003fe6579b R10=000000003fe6576c R11=0000000000000001
R12=0000000000000012 R13=000000003e4c12d8 R14=000000003fe65778 R15=000000003e6f15b9
RIP=000000003e6edd0c RFL=00000246 [---Z-P-] CPL=0 II=0 A20=1 SMM=0 HLT=0
ES =0030 0000000000000000 ffffffff 00cf9300 DPL=0 DS   [-WA]
CS =0038 0000000000000000 ffffffff 00af9a00 DPL=0 CS64 [-R-]
SS =0030 0000000000000000 ffffffff 00cf9300 DPL=0 DS   [-WA]
DS =0030 0000000000000000 ffffffff 00cf9300 DPL=0 DS   [-WA]
FS =0030 0000000000000000 ffffffff 00cf9300 DPL=0 DS   [-WA]
GS =0030 0000000000000000 ffffffff 00cf9300 DPL=0 DS   [-WA]
LDT=0000 0000000000000000 0000ffff 00008200 DPL=0 LDT
TR =0000 0000000000000000 0000ffff 00008b00 DPL=0 TSS64-busy
GDT=     000000003f5dc000 00000047
IDT=     000000003efa3018 00000fff
CR0=80010033 CR2=0000000000000000 CR3=000000003f801000 CR4=00000668
DR0=0000000000000000 DR1=0000000000000000 DR2=0000000000000000 DR3=0000000000000000 
DR6=00000000ffff0ff0 DR7=0000000000000400
CCS=0000000000000044 CCD=0000000000000000 CCO=EFLAGS
EFER=0000000000000d00
Servicing hardware INT=0x20
    74: v=20 e=0000 i=0 cpl=0 IP=0038:000000003e6d3862 pc=000000003e6d3862 SP=0030:000000003fe65190 env->regs[R_EAX]=000000000000048d
RAX=000000000000048d RBX=0000000000000190 RCX=000000000000b008 RDX=00000000006a40d8
RSI=00000000006a4565 RDI=000000003fe652e8 RBP=000000003fe651c0 RSP=000000003fe65190
R8 =000000003fe651e0 R9 =0000000000000177 R10=0000000000000000 R11=0000000000000000
R12=00000000000493e1 R13=0000000000000000 R14=000000003e5b40a0 R15=00000000ffffff00
RIP=000000003e6d3862 RFL=00000206 [-----P-] CPL=0 II=0 A20=1 SMM=0 HLT=0
ES =0030 0000000000000000 ffffffff 00cf9300 DPL=0 DS   [-WA]
CS =0038 0000000000000000 ffffffff 00af9a00 DPL=0 CS64 [-R-]
SS =0030 0000000000000000 ffffffff 00cf9300 DPL=0 DS   [-WA]
DS =0030 0000000000000000 ffffffff 00cf9300 DPL=0 DS   [-WA]
FS =0030 0000000000000000 ffffffff 00cf9300 DPL=0 DS   [-WA]
GS =0030 0000000000000000 ffffffff 00cf9300 DPL=0 DS   [-WA]
LDT=0000 0000000000000000 0000ffff 00008200 DPL=0 LDT
TR =0000 0000000000000000 0000ffff 00008b00 DPL=0 TSS64-busy
GDT=     000000003f5dc000 00000047
IDT=     000000003efa3018 00000fff
CR0=80010033 CR2=0000000000000000 CR3=000000003f801000 CR4=00000668
DR0=0000000000000000 DR1=0000000000000000 DR2=0000000000000000 DR3=0000000000000000 
DR6=00000000ffff0ff0 DR7=0000000000000400
CCS=0000000000000004 CCD=000000000000048d CCO=EFLAGS
EFER=0000000000000d00
Servicing hardware INT=0x20
    75: v=20 e=0000 i=0 cpl=0 IP=0038:000000003e6d3862 pc=000000003e6d3862 SP=0030:000000003fe65120 env->regs[R_EAX]=0000000000007275
RAX=0000000000007275 RBX=0000000000002710 RCX=000000000000b008 RDX=00000000006ac64a
RSI=00000000006b38bf RDI=000000003e5b40d4 RBP=000000003fe65150 RSP=000000003fe65120
R8 =000000003fe65170 R9 =00000000000003f6 R10=0000000000000000 R11=0000000000000000
R12=000000000000c042 R13=0000000000000011 R14=000000000000c040 R15=0000000000000000
RIP=000000003e6d3862 RFL=00000202 [-------] CPL=0 II=0 A20=1 SMM=0 HLT=0
ES =0030 0000000000000000 ffffffff 00cf9300 DPL=0 DS   [-WA]
CS =0038 0000000000000000 ffffffff 00af9a00 DPL=0 CS64 [-R-]
SS =0030 0000000000000000 ffffffff 00cf9300 DPL=0 DS   [-WA]
DS =0030 0000000000000000 ffffffff 00cf9300 DPL=0 DS   [-WA]
FS =0030 0000000000000000 ffffffff 00cf9300 DPL=0 DS   [-WA]
GS =0030 0000000000000000 ffffffff 00cf9300 DPL=0 DS   [-WA]
LDT=0000 0000000000000000 0000ffff 00008200 DPL=0 LDT
TR =0000 0000000000000000 0000ffff 00008b00 DPL=0 TSS64-busy
GDT=     000000003f5dc000 00000047
IDT=     000000003efa3018 00000fff
CR0=80010033 CR2=0000000000000000 CR3=000000003f801000 CR4=00000668
DR0=0000000000000000 DR1=0000000000000000 DR2=0000000000000000 DR3=0000000000000000 
DR6=00000000ffff0ff0 DR7=0000000000000400
CCS=0000000000000000 CCD=0000000000007275 CCO=EFLAGS
EFER=0000000000000d00
Servicing hardware INT=0x20
    76: v=20 e=0000 i=0 cpl=0 IP=0038:000000003e6d3862 pc=000000003e6d3862 SP=0030:000000003fe64f70 env->regs[R_EAX]=000000000000010d
RAX=000000000000010d RBX=0000000000000064 RCX=000000000000b008 RDX=00000000006b4e1d
RSI=00000000006b4f2a RDI=000000003e5b40d4 RBP=000000003fe64fa0 RSP=000000003fe64f70
R8 =000000003fe64f8f R9 =000000000000c042 R10=0000000000000000 R11=0000000000000000
R12=000000000004baf1 R13=0000000000000011 R14=000000000000c040 R15=0000000000000000
RIP=000000003e6d3862 RFL=00000202 [-------] CPL=0 II=0 A20=1 SMM=0 HLT=0
ES =0030 0000000000000000 ffffffff 00cf9300 DPL=0 DS   [-WA]
CS =0038 0000000000000000 ffffffff 00af9a00 DPL=0 CS64 [-R-]
SS =0030 0000000000000000 ffffffff 00cf9300 DPL=0 DS   [-WA]
DS =0030 0000000000000000 ffffffff 00cf9300 DPL=0 DS   [-WA]
FS =0030 0000000000000000 ffffffff 00cf9300 DPL=0 DS   [-WA]
GS =0030 0000000000000000 ffffffff 00cf9300 DPL=0 DS   [-WA]
LDT=0000 0000000000000000 0000ffff 00008200 DPL=0 LDT
TR =0000 0000000000000000 0000ffff 00008b00 DPL=0 TSS64-busy
GDT=     000000003f5dc000 00000047
IDT=     000000003efa3018 00000fff
CR0=80010033 CR2=0000000000000000 CR3=000000003f801000 CR4=00000668
DR0=0000000000000000 DR1=0000000000000000 DR2=0000000000000000 DR3=0000000000000000 
DR6=00000000ffff0ff0 DR7=0000000000000400
CCS=0000000000000000 CCD=000000000000010d CCO=EFLAGS
EFER=0000000000000d00
Servicing hardware INT=0x20
    77: v=20 e=0000 i=0 cpl=0 IP=0038:000000003fe82e8c pc=000000003fe82e8c SP=0030:000000003fe64e60 env->regs[R_EAX]=00000000000000af
RAX=00000000000000af RBX=000000003e3d2000 RCX=0000000000000000 RDX=000000003e3d2000
RSI=000000003fe8bb60 RDI=000000003e3e3000 RBP=000000003fe64ef0 RSP=000000003fe64e60
R8 =00000000000000af R9 =000000003e3e2fff R10=0000000000000000 R11=0000000000000000
R12=000000003e3e2fff R13=000000003e3e3000 R14=000000003f7ff140 R15=000000003e3e2fff
RIP=000000003fe82e8c RFL=00000206 [-----P-] CPL=0 II=0 A20=1 SMM=0 HLT=0
ES =0030 0000000000000000 ffffffff 00cf9300 DPL=0 DS   [-WA]
CS =0038 0000000000000000 ffffffff 00af9a00 DPL=0 CS64 [-R-]
SS =0030 0000000000000000 ffffffff 00cf9300 DPL=0 DS   [-WA]
DS =0030 0000000000000000 ffffffff 00cf9300 DPL=0 DS   [-WA]
FS =0030 0000000000000000 ffffffff 00cf9300 DPL=0 DS   [-WA]
GS =0030 0000000000000000 ffffffff 00cf9300 DPL=0 DS   [-WA]
LDT=0000 0000000000000000 0000ffff 00008200 DPL=0 LDT
TR =0000 0000000000000000 0000ffff 00008b00 DPL=0 TSS64-busy
GDT=     000000003f5dc000 00000047
IDT=     000000003efa3018 00000fff
CR0=80010033 CR2=0000000000000000 CR3=000000003f801000 CR4=00000668
DR0=0000000000000000 DR1=0000000000000000 DR2=0000000000000000 DR3=0000000000000000 
DR6=00000000ffff0ff0 DR7=0000000000000400
CCS=0000000000000004 CCD=000000003fe64e48 CCO=EFLAGS
EFER=0000000000000d00
Servicing hardware INT=0x20
    78: v=20 e=0000 i=0 cpl=0 IP=0038:000000003e6d3862 pc=000000003e6d3862 SP=0030:000000003fe64f70 env->regs[R_EAX]=0000000000000a08
RAX=0000000000000a08 RBX=0000000000002710 RCX=000000000000b008 RDX=00000000006c72f4
RSI=00000000006c7cfc RDI=000000003e5b40d4 RBP=000000003fe64fa0 RSP=000000003fe64f70
R8 =000000003fe64fc0 R9 =00000000000003f6 R10=0000000000000000 R11=0000000000000000
R12=000000000000c042 R13=0000000000000011 R14=000000000000c040 R15=0000000000000000
RIP=000000003e6d3862 RFL=00000202 [-------] CPL=0 II=0 A20=1 SMM=0 HLT=0
ES =0030 0000000000000000 ffffffff 00cf9300 DPL=0 DS   [-WA]
CS =0038 0000000000000000 ffffffff 00af9a00 DPL=0 CS64 [-R-]
SS =0030 0000000000000000 ffffffff 00cf9300 DPL=0 DS   [-WA]
DS =0030 0000000000000000 ffffffff 00cf9300 DPL=0 DS   [-WA]
FS =0030 0000000000000000 ffffffff 00cf9300 DPL=0 DS   [-WA]
GS =0030 0000000000000000 ffffffff 00cf9300 DPL=0 DS   [-WA]
LDT=0000 0000000000000000 0000ffff 00008200 DPL=0 LDT
TR =0000 0000000000000000 0000ffff 00008b00 DPL=0 TSS64-busy
GDT=     000000003f5dc000 00000047
IDT=     000000003efa3018 00000fff
CR0=80010033 CR2=0000000000000000 CR3=000000003f801000 CR4=00000668
DR0=0000000000000000 DR1=0000000000000000 DR2=0000000000000000 DR3=0000000000000000 
DR6=00000000ffff0ff0 DR7=0000000000000400
CCS=0000000000000000 CCD=0000000000000a08 CCO=EFLAGS
EFER=0000000000000d00
Servicing hardware INT=0x20
    79: v=20 e=0000 i=0 cpl=0 IP=0038:000000003e6d3862 pc=000000003e6d3862 SP=0030:000000003fe65110 env->regs[R_EAX]=0000000000002e64
RAX=0000000000002e64 RBX=0000000000002710 RCX=000000000000b008 RDX=00000000006ceaf5
RSI=00000000006d1959 RDI=000000003e5b40d4 RBP=000000003fe65140 RSP=000000003fe65110
R8 =000000003fe65160 R9 =00000000000003f6 R10=0000000000000000 R11=0000000000000000
R12=000000000000c042 R13=0000000000000011 R14=000000000000c040 R15=0000000000000000
RIP=000000003e6d3862 RFL=00000202 [-------] CPL=0 II=0 A20=1 SMM=0 HLT=0
ES =0030 0000000000000000 ffffffff 00cf9300 DPL=0 DS   [-WA]
CS =0038 0000000000000000 ffffffff 00af9a00 DPL=0 CS64 [-R-]
SS =0030 0000000000000000 ffffffff 00cf9300 DPL=0 DS   [-WA]
DS =0030 0000000000000000 ffffffff 00cf9300 DPL=0 DS   [-WA]
FS =0030 0000000000000000 ffffffff 00cf9300 DPL=0 DS   [-WA]
GS =0030 0000000000000000 ffffffff 00cf9300 DPL=0 DS   [-WA]
LDT=0000 0000000000000000 0000ffff 00008200 DPL=0 LDT
TR =0000 0000000000000000 0000ffff 00008b00 DPL=0 TSS64-busy
GDT=     000000003f5dc000 00000047
IDT=     000000003efa3018 00000fff
CR0=80010033 CR2=0000000000000000 CR3=000000003f801000 CR4=00000668
DR0=0000000000000000 DR1=0000000000000000 DR2=0000000000000000 DR3=0000000000000000 
DR6=00000000ffff0ff0 DR7=0000000000000400
CCS=0000000000000000 CCD=0000000000002e64 CCO=EFLAGS
EFER=0000000000000d00
Servicing hardware INT=0x20
    80: v=20 e=0000 i=0 cpl=0 IP=0038:000000003e6d3862 pc=000000003e6d3862 SP=0030:000000003fe64f10 env->regs[R_EAX]=0000000000005204
RAX=0000000000005204 RBX=0000000000002710 RCX=000000000000b008 RDX=00000000006d7e87
RSI=00000000006dd08b RDI=000000003e5b40d4 RBP=000000003fe64f40 RSP=000000003fe64f10
R8 =000000003fe64f60 R9 =00000000000003f6 R10=0000000000000000 R11=0000000000000000
R12=000000000000c042 R13=0000000000000011 R14=000000000000c040 R15=0000000000000000
RIP=000000003e6d3862 RFL=00000202 [-------] CPL=0 II=0 A20=1 SMM=0 HLT=0
ES =0030 0000000000000000 ffffffff 00cf9300 DPL=0 DS   [-WA]
CS =0038 0000000000000000 ffffffff 00af9a00 DPL=0 CS64 [-R-]
SS =0030 0000000000000000 ffffffff 00cf9300 DPL=0 DS   [-WA]
DS =0030 0000000000000000 ffffffff 00cf9300 DPL=0 DS   [-WA]
FS =0030 0000000000000000 ffffffff 00cf9300 DPL=0 DS   [-WA]
GS =0030 0000000000000000 ffffffff 00cf9300 DPL=0 DS   [-WA]
LDT=0000 0000000000000000 0000ffff 00008200 DPL=0 LDT
TR =0000 0000000000000000 0000ffff 00008b00 DPL=0 TSS64-busy
GDT=     000000003f5dc000 00000047
IDT=     000000003efa3018 00000fff
CR0=80010033 CR2=0000000000000000 CR3=000000003f801000 CR4=00000668
DR0=0000000000000000 DR1=0000000000000000 DR2=0000000000000000 DR3=0000000000000000 
DR6=00000000ffff0ff0 DR7=0000000000000400
CCS=0000000000000000 CCD=0000000000005204 CCO=EFLAGS
EFER=0000000000000d00
Servicing hardware INT=0x20
    81: v=20 e=0000 i=0 cpl=0 IP=0038:000000003e6d3862 pc=000000003e6d3862 SP=0030:000000003fe64d60 env->regs[R_EAX]=0000000000006639
RAX=0000000000006639 RBX=0000000000002710 RCX=000000000000b008 RDX=00000000006e0462
RSI=00000000006e6a9b RDI=000000003e5b40d4 RBP=000000003fe64d90 RSP=000000003fe64d60
R8 =000000003fe64db0 R9 =00000000000003f6 R10=0000000000000000 R11=0000000000000000
R12=000000000000c042 R13=0000000000000011 R14=000000000000c040 R15=0000000000000000
RIP=000000003e6d3862 RFL=00000206 [-----P-] CPL=0 II=0 A20=1 SMM=0 HLT=0
ES =0030 0000000000000000 ffffffff 00cf9300 DPL=0 DS   [-WA]
CS =0038 0000000000000000 ffffffff 00af9a00 DPL=0 CS64 [-R-]
SS =0030 0000000000000000 ffffffff 00cf9300 DPL=0 DS   [-WA]
DS =0030 0000000000000000 ffffffff 00cf9300 DPL=0 DS   [-WA]
FS =0030 0000000000000000 ffffffff 00cf9300 DPL=0 DS   [-WA]
GS =0030 0000000000000000 ffffffff 00cf9300 DPL=0 DS   [-WA]
LDT=0000 0000000000000000 0000ffff 00008200 DPL=0 LDT
TR =0000 0000000000000000 0000ffff 00008b00 DPL=0 TSS64-busy
GDT=     000000003f5dc000 00000047
IDT=     000000003efa3018 00000fff
CR0=80010033 CR2=0000000000000000 CR3=000000003f801000 CR4=00000668
DR0=0000000000000000 DR1=0000000000000000 DR2=0000000000000000 DR3=0000000000000000 
DR6=00000000ffff0ff0 DR7=0000000000000400
CCS=0000000000000004 CCD=0000000000006639 CCO=EFLAGS
EFER=0000000000000d00
Servicing hardware INT=0x20
    82: v=20 e=0000 i=0 cpl=0 IP=0038:000000003e6d3862 pc=000000003e6d3862 SP=0030:000000003fe64d60 env->regs[R_EAX]=000000000000714c
RAX=000000000000714c RBX=0000000000002710 RCX=000000000000b008 RDX=00000000006e92ee
RSI=00000000006f043a RDI=000000003e5b40d4 RBP=000000003fe64d90 RSP=000000003fe64d60
R8 =000000003fe64db0 R9 =00000000000003f6 R10=0000000000000000 R11=0000000000000000
R12=000000000000c042 R13=0000000000000011 R14=000000000000c040 R15=0000000000000000
RIP=000000003e6d3862 RFL=00000202 [-------] CPL=0 II=0 A20=1 SMM=0 HLT=0
ES =0030 0000000000000000 ffffffff 00cf9300 DPL=0 DS   [-WA]
CS =0038 0000000000000000 ffffffff 00af9a00 DPL=0 CS64 [-R-]
SS =0030 0000000000000000 ffffffff 00cf9300 DPL=0 DS   [-WA]
DS =0030 0000000000000000 ffffffff 00cf9300 DPL=0 DS   [-WA]
FS =0030 0000000000000000 ffffffff 00cf9300 DPL=0 DS   [-WA]
GS =0030 0000000000000000 ffffffff 00cf9300 DPL=0 DS   [-WA]
LDT=0000 0000000000000000 0000ffff 00008200 DPL=0 LDT
TR =0000 0000000000000000 0000ffff 00008b00 DPL=0 TSS64-busy
GDT=     000000003f5dc000 00000047
IDT=     000000003efa3018 00000fff
CR0=80010033 CR2=0000000000000000 CR3=000000003f801000 CR4=00000668
DR0=0000000000000000 DR1=0000000000000000 DR2=0000000000000000 DR3=0000000000000000 
DR6=00000000ffff0ff0 DR7=0000000000000400
CCS=0000000000000000 CCD=000000000000714c CCO=EFLAGS
EFER=0000000000000d00
Servicing hardware INT=0x20
    83: v=20 e=0000 i=0 cpl=0 IP=0038:000000003e6d3862 pc=000000003e6d3862 SP=0030:000000003fe64f00 env->regs[R_EAX]=0000000000007591
RAX=0000000000007591 RBX=0000000000002710 RCX=000000000000b008 RDX=00000000006f26d7
RSI=00000000006f9c68 RDI=000000003e5b40d4 RBP=000000003fe64f30 RSP=000000003fe64f00
R8 =000000003fe64f50 R9 =00000000000003f6 R10=0000000000000000 R11=0000000000000000
R12=000000000000c042 R13=0000000000000011 R14=000000000000c040 R15=0000000000000000
RIP=000000003e6d3862 RFL=00000202 [-------] CPL=0 II=0 A20=1 SMM=0 HLT=0
ES =0030 0000000000000000 ffffffff 00cf9300 DPL=0 DS   [-WA]
CS =0038 0000000000000000 ffffffff 00af9a00 DPL=0 CS64 [-R-]
SS =0030 0000000000000000 ffffffff 00cf9300 DPL=0 DS   [-WA]
DS =0030 0000000000000000 ffffffff 00cf9300 DPL=0 DS   [-WA]
FS =0030 0000000000000000 ffffffff 00cf9300 DPL=0 DS   [-WA]
GS =0030 0000000000000000 ffffffff 00cf9300 DPL=0 DS   [-WA]
LDT=0000 0000000000000000 0000ffff 00008200 DPL=0 LDT
TR =0000 0000000000000000 0000ffff 00008b00 DPL=0 TSS64-busy
GDT=     000000003f5dc000 00000047
IDT=     000000003efa3018 00000fff
CR0=80010033 CR2=0000000000000000 CR3=000000003f801000 CR4=00000668
DR0=0000000000000000 DR1=0000000000000000 DR2=0000000000000000 DR3=0000000000000000 
DR6=00000000ffff0ff0 DR7=0000000000000400
CCS=0000000000000000 CCD=0000000000007591 CCO=EFLAGS
EFER=0000000000000d00
Servicing hardware INT=0x20
    84: v=20 e=0000 i=0 cpl=0 IP=0038:000000003e6d3862 pc=000000003e6d3862 SP=0030:000000003fe65050 env->regs[R_EAX]=00000000000000e7
RAX=00000000000000e7 RBX=0000000000000064 RCX=000000000000b008 RDX=00000000006fad7d
RSI=00000000006fae64 RDI=000000003e5b40d4 RBP=000000003fe65080 RSP=000000003fe65050
R8 =000000003fe6506f R9 =000000000000c042 R10=0000000000000000 R11=0000000000000000
R12=000000000004baf1 R13=0000000000000011 R14=000000000000c040 R15=0000000000000000
RIP=000000003e6d3862 RFL=00000206 [-----P-] CPL=0 II=0 A20=1 SMM=0 HLT=0
ES =0030 0000000000000000 ffffffff 00cf9300 DPL=0 DS   [-WA]
CS =0038 0000000000000000 ffffffff 00af9a00 DPL=0 CS64 [-R-]
SS =0030 0000000000000000 ffffffff 00cf9300 DPL=0 DS   [-WA]
DS =0030 0000000000000000 ffffffff 00cf9300 DPL=0 DS   [-WA]
FS =0030 0000000000000000 ffffffff 00cf9300 DPL=0 DS   [-WA]
GS =0030 0000000000000000 ffffffff 00cf9300 DPL=0 DS   [-WA]
LDT=0000 0000000000000000 0000ffff 00008200 DPL=0 LDT
TR =0000 0000000000000000 0000ffff 00008b00 DPL=0 TSS64-busy
GDT=     000000003f5dc000 00000047
IDT=     000000003efa3018 00000fff
CR0=80010033 CR2=0000000000000000 CR3=000000003f801000 CR4=00000668
DR0=0000000000000000 DR1=0000000000000000 DR2=0000000000000000 DR3=0000000000000000 
DR6=00000000ffff0ff0 DR7=0000000000000400
CCS=0000000000000004 CCD=00000000000000e7 CCO=EFLAGS
EFER=0000000000000d00
Servicing hardware INT=0x20
    85: v=20 e=0000 i=0 cpl=0 IP=0038:000000003e6a86dd pc=000000003e6a86dd SP=0030:000000003fe655e0 env->regs[R_EAX]=000000000000000f
RAX=000000000000000f RBX=000000003e4ae018 RCX=00000000000000fc RDX=0000000000000010
RSI=000000003e4b7c20 RDI=0000000000000002 RBP=000000003fe656f0 RSP=000000003fe655e0
R8 =00000000000fbfc1 R9 =0000000000000200 R10=0000000000000200 R11=0000000000000001
R12=000000003e4c0518 R13=000000003e6ace60 R14=0000000000000003 R15=0000000000000009
RIP=000000003e6a86dd RFL=00000202 [-------] CPL=0 II=0 A20=1 SMM=0 HLT=0
ES =0030 0000000000000000 ffffffff 00cf9300 DPL=0 DS   [-WA]
CS =0038 0000000000000000 ffffffff 00af9a00 DPL=0 CS64 [-R-]
SS =0030 0000000000000000 ffffffff 00cf9300 DPL=0 DS   [-WA]
DS =0030 0000000000000000 ffffffff 00cf9300 DPL=0 DS   [-WA]
FS =0030 0000000000000000 ffffffff 00cf9300 DPL=0 DS   [-WA]
GS =0030 0000000000000000 ffffffff 00cf9300 DPL=0 DS   [-WA]
LDT=0000 0000000000000000 0000ffff 00008200 DPL=0 LDT
TR =0000 0000000000000000 0000ffff 00008b00 DPL=0 TSS64-busy
GDT=     000000003f5dc000 00000047
IDT=     000000003efa3018 00000fff
CR0=80010033 CR2=0000000000000000 CR3=000000003f801000 CR4=00000668
DR0=0000000000000000 DR1=0000000000000000 DR2=0000000000000000 DR3=0000000000000000 
DR6=00000000ffff0ff0 DR7=0000000000000400
CCS=0000000000000000 CCD=0000000000000010 CCO=EFLAGS
EFER=0000000000000d00
Servicing hardware INT=0x20
    86: v=20 e=0000 i=0 cpl=0 IP=0038:000000003e6d3862 pc=000000003e6d3862 SP=0030:000000003fe64fa0 env->regs[R_EAX]=0000000000000a12
RAX=0000000000000a12 RBX=0000000000002710 RCX=000000000000b008 RDX=000000000070d416
RSI=000000000070de28 RDI=000000003e5b40d4 RBP=000000003fe64fd0 RSP=000000003fe64fa0
R8 =000000003fe64ff0 R9 =00000000000003f6 R10=0000000000000000 R11=0000000000000000
R12=000000000000c042 R13=0000000000000011 R14=000000000000c040 R15=0000000000000000
RIP=000000003e6d3862 RFL=00000206 [-----P-] CPL=0 II=0 A20=1 SMM=0 HLT=0
ES =0030 0000000000000000 ffffffff 00cf9300 DPL=0 DS   [-WA]
CS =0038 0000000000000000 ffffffff 00af9a00 DPL=0 CS64 [-R-]
SS =0030 0000000000000000 ffffffff 00cf9300 DPL=0 DS   [-WA]
DS =0030 0000000000000000 ffffffff 00cf9300 DPL=0 DS   [-WA]
FS =0030 0000000000000000 ffffffff 00cf9300 DPL=0 DS   [-WA]
GS =0030 0000000000000000 ffffffff 00cf9300 DPL=0 DS   [-WA]
LDT=0000 0000000000000000 0000ffff 00008200 DPL=0 LDT
TR =0000 0000000000000000 0000ffff 00008b00 DPL=0 TSS64-busy
GDT=     000000003f5dc000 00000047
IDT=     000000003efa3018 00000fff
CR0=80010033 CR2=0000000000000000 CR3=000000003f801000 CR4=00000668
DR0=0000000000000000 DR1=0000000000000000 DR2=0000000000000000 DR3=0000000000000000 
DR6=00000000ffff0ff0 DR7=0000000000000400
CCS=0000000000000004 CCD=0000000000000a12 CCO=EFLAGS
EFER=0000000000000d00
Servicing hardware INT=0x20
    87: v=20 e=0000 i=0 cpl=0 IP=0038:000000003e6aafb3 pc=000000003e6aafb3 SP=0030:000000003fe655c8 env->regs[R_EAX]=0000000000000000
RAX=0000000000000000 RBX=000000003e4ae018 RCX=0000000000030001 RDX=0000000000000000
RSI=0000000000080000 RDI=000000003e262010 RBP=000000003fe656f0 RSP=000000003fe655c8
R8 =0000000000000200 R9 =000000003df62018 R10=0000000000000000 R11=0000000000000000
R12=000000003e4c0518 R13=000000003e6ace60 R14=0000000000000001 R15=0000000000007fff
RIP=000000003e6aafb3 RFL=00010246 [---Z-P-] CPL=0 II=0 A20=1 SMM=0 HLT=0
ES =0030 0000000000000000 ffffffff 00cf9300 DPL=0 DS   [-WA]
CS =0038 0000000000000000 ffffffff 00af9a00 DPL=0 CS64 [-R-]
SS =0030 0000000000000000 ffffffff 00cf9300 DPL=0 DS   [-WA]
DS =0030 0000000000000000 ffffffff 00cf9300 DPL=0 DS   [-WA]
FS =0030 0000000000000000 ffffffff 00cf9300 DPL=0 DS   [-WA]
GS =0030 0000000000000000 ffffffff 00cf9300 DPL=0 DS   [-WA]
LDT=0000 0000000000000000 0000ffff 00008200 DPL=0 LDT
TR =0000 0000000000000000 0000ffff 00008b00 DPL=0 TSS64-busy
GDT=     000000003f5dc000 00000047
IDT=     000000003efa3018 00000fff
CR0=80010033 CR2=0000000000000000 CR3=000000003f801000 CR4=00000668
DR0=0000000000000000 DR1=0000000000000000 DR2=0000000000000000 DR3=0000000000000000 
DR6=00000000ffff0ff0 DR7=0000000000000400
CCS=0000000000000044 CCD=0000000000000000 CCO=EFLAGS
EFER=0000000000000d00
Servicing hardware INT=0x20
    88: v=20 e=0000 i=0 cpl=0 IP=0038:000000003e6d3862 pc=000000003e6d3862 SP=0030:000000003fe64b80 env->regs[R_EAX]=0000000000004ccb
RAX=0000000000004ccb RBX=0000000000002710 RCX=000000000000b008 RDX=000000000071dedc
RSI=0000000000722ba7 RDI=000000003e5b40d4 RBP=000000003fe64bb0 RSP=000000003fe64b80
R8 =000000003fe64bd0 R9 =00000000000003f6 R10=0000000000000000 R11=0000000000000000
R12=000000000000c042 R13=0000000000000011 R14=000000000000c040 R15=0000000000000000
RIP=000000003e6d3862 RFL=00000202 [-------] CPL=0 II=0 A20=1 SMM=0 HLT=0
ES =0030 0000000000000000 ffffffff 00cf9300 DPL=0 DS   [-WA]
CS =0038 0000000000000000 ffffffff 00af9a00 DPL=0 CS64 [-R-]
SS =0030 0000000000000000 ffffffff 00cf9300 DPL=0 DS   [-WA]
DS =0030 0000000000000000 ffffffff 00cf9300 DPL=0 DS   [-WA]
FS =0030 0000000000000000 ffffffff 00cf9300 DPL=0 DS   [-WA]
GS =0030 0000000000000000 ffffffff 00cf9300 DPL=0 DS   [-WA]
LDT=0000 0000000000000000 0000ffff 00008200 DPL=0 LDT
TR =0000 0000000000000000 0000ffff 00008b00 DPL=0 TSS64-busy
GDT=     000000003f5dc000 00000047
IDT=     000000003efa3018 00000fff
CR0=80010033 CR2=0000000000000000 CR3=000000003f801000 CR4=00000668
DR0=0000000000000000 DR1=0000000000000000 DR2=0000000000000000 DR3=0000000000000000 
DR6=00000000ffff0ff0 DR7=0000000000000400
CCS=0000000000000000 CCD=0000000000004ccb CCO=EFLAGS
EFER=0000000000000d00
Servicing hardware INT=0x20
    89: v=20 e=0000 i=0 cpl=0 IP=0038:000000003e6d3862 pc=000000003e6d3862 SP=0030:000000003fe65120 env->regs[R_EAX]=0000000000000005
RAX=0000000000000005 RBX=0000000000000190 RCX=000000000000b008 RDX=000000000072731b
RSI=0000000000727320 RDI=000000003e5b3140 RBP=000000003fe65150 RSP=000000003fe65120
R8 =000000003fe65170 R9 =00000000000001f7 R10=0000000000000000 R11=0000000000000000
R12=000000000004baf1 R13=0000000000000000 R14=000000000000c0ca R15=00000000ffffff00
RIP=000000003e6d3862 RFL=00000206 [-----P-] CPL=0 II=0 A20=1 SMM=0 HLT=0
ES =0030 0000000000000000 ffffffff 00cf9300 DPL=0 DS   [-WA]
CS =0038 0000000000000000 ffffffff 00af9a00 DPL=0 CS64 [-R-]
SS =0030 0000000000000000 ffffffff 00cf9300 DPL=0 DS   [-WA]
DS =0030 0000000000000000 ffffffff 00cf9300 DPL=0 DS   [-WA]
FS =0030 0000000000000000 ffffffff 00cf9300 DPL=0 DS   [-WA]
GS =0030 0000000000000000 ffffffff 00cf9300 DPL=0 DS   [-WA]
LDT=0000 0000000000000000 0000ffff 00008200 DPL=0 LDT
TR =0000 0000000000000000 0000ffff 00008b00 DPL=0 TSS64-busy
GDT=     000000003f5dc000 00000047
IDT=     000000003efa3018 00000fff
CR0=80010033 CR2=0000000000000000 CR3=000000003f801000 CR4=00000668
DR0=0000000000000000 DR1=0000000000000000 DR2=0000000000000000 DR3=0000000000000000 
DR6=00000000ffff0ff0 DR7=0000000000000400
CCS=0000000000000004 CCD=0000000000000005 CCO=EFLAGS
EFER=0000000000000d00
Servicing hardware INT=0x20
    90: v=20 e=0000 i=0 cpl=0 IP=0038:000000003e6d3862 pc=000000003e6d3862 SP=0030:000000003fe65190 env->regs[R_EAX]=0000000000000058
RAX=0000000000000058 RBX=0000000000000064 RCX=000000000000b008 RDX=000000000072ec25
RSI=000000000072ec7d RDI=000000003e5b40d4 RBP=000000003fe651c0 RSP=000000003fe65190
R8 =000000003fe651af R9 =000000000000c042 R10=0000000000000000 R11=0000000000000000
R12=000000000004babb R13=0000000000000011 R14=000000000000c040 R15=0000000000000000
RIP=000000003e6d3862 RFL=00000202 [-------] CPL=0 II=0 A20=1 SMM=0 HLT=0
ES =0030 0000000000000000 ffffffff 00cf9300 DPL=0 DS   [-WA]
CS =0038 0000000000000000 ffffffff 00af9a00 DPL=0 CS64 [-R-]
SS =0030 0000000000000000 ffffffff 00cf9300 DPL=0 DS   [-WA]
DS =0030 0000000000000000 ffffffff 00cf9300 DPL=0 DS   [-WA]
FS =0030 0000000000000000 ffffffff 00cf9300 DPL=0 DS   [-WA]
GS =0030 0000000000000000 ffffffff 00cf9300 DPL=0 DS   [-WA]
LDT=0000 0000000000000000 0000ffff 00008200 DPL=0 LDT
TR =0000 0000000000000000 0000ffff 00008b00 DPL=0 TSS64-busy
GDT=     000000003f5dc000 00000047
IDT=     000000003efa3018 00000fff
CR0=80010033 CR2=0000000000000000 CR3=000000003f801000 CR4=00000668
DR0=0000000000000000 DR1=0000000000000000 DR2=0000000000000000 DR3=0000000000000000 
DR6=00000000ffff0ff0 DR7=0000000000000400
CCS=0000000000000000 CCD=0000000000000058 CCO=EFLAGS
EFER=0000000000000d00
Servicing hardware INT=0x20
    91: v=20 e=0000 i=0 cpl=0 IP=0038:000000003e6d3862 pc=000000003e6d3862 SP=0030:000000003fe65190 env->regs[R_EAX]=0000000000000046
RAX=0000000000000046 RBX=0000000000000064 RCX=000000000000b008 RDX=0000000000737820
RSI=0000000000737866 RDI=000000003e5b40d4 RBP=000000003fe651c0 RSP=000000003fe65190
R8 =000000003fe651af R9 =000000000000c042 R10=0000000000000000 R11=0000000000000000
R12=000000000004ba7a R13=0000000000000011 R14=000000000000c040 R15=0000000000000000
RIP=000000003e6d3862 RFL=00000202 [-------] CPL=0 II=0 A20=1 SMM=0 HLT=0
ES =0030 0000000000000000 ffffffff 00cf9300 DPL=0 DS   [-WA]
CS =0038 0000000000000000 ffffffff 00af9a00 DPL=0 CS64 [-R-]
SS =0030 0000000000000000 ffffffff 00cf9300 DPL=0 DS   [-WA]
DS =0030 0000000000000000 ffffffff 00cf9300 DPL=0 DS   [-WA]
FS =0030 0000000000000000 ffffffff 00cf9300 DPL=0 DS   [-WA]
GS =0030 0000000000000000 ffffffff 00cf9300 DPL=0 DS   [-WA]
LDT=0000 0000000000000000 0000ffff 00008200 DPL=0 LDT
TR =0000 0000000000000000 0000ffff 00008b00 DPL=0 TSS64-busy
GDT=     000000003f5dc000 00000047
IDT=     000000003efa3018 00000fff
CR0=80010033 CR2=0000000000000000 CR3=000000003f801000 CR4=00000668
DR0=0000000000000000 DR1=0000000000000000 DR2=0000000000000000 DR3=0000000000000000 
DR6=00000000ffff0ff0 DR7=0000000000000400
CCS=0000000000000000 CCD=0000000000000046 CCO=EFLAGS
EFER=0000000000000d00
Servicing hardware INT=0x20
    92: v=20 e=0000 i=0 cpl=0 IP=0038:000000003e6d3862 pc=000000003e6d3862 SP=0030:000000003fe65190 env->regs[R_EAX]=000000000000001b
RAX=000000000000001b RBX=0000000000000064 RCX=000000000000b008 RDX=000000000073fdd3
RSI=000000000073fdee RDI=000000003e5b40d4 RBP=000000003fe651c0 RSP=000000003fe65190
R8 =000000003fe651af R9 =000000000000c042 R10=0000000000000000 R11=0000000000000000
R12=000000000004ba3e R13=0000000000000011 R14=000000000000c040 R15=0000000000000000
RIP=000000003e6d3862 RFL=00000206 [-----P-] CPL=0 II=0 A20=1 SMM=0 HLT=0
ES =0030 0000000000000000 ffffffff 00cf9300 DPL=0 DS   [-WA]
CS =0038 0000000000000000 ffffffff 00af9a00 DPL=0 CS64 [-R-]
SS =0030 0000000000000000 ffffffff 00cf9300 DPL=0 DS   [-WA]
DS =0030 0000000000000000 ffffffff 00cf9300 DPL=0 DS   [-WA]
FS =0030 0000000000000000 ffffffff 00cf9300 DPL=0 DS   [-WA]
GS =0030 0000000000000000 ffffffff 00cf9300 DPL=0 DS   [-WA]
LDT=0000 0000000000000000 0000ffff 00008200 DPL=0 LDT
TR =0000 0000000000000000 0000ffff 00008b00 DPL=0 TSS64-busy
GDT=     000000003f5dc000 00000047
IDT=     000000003efa3018 00000fff
CR0=80010033 CR2=0000000000000000 CR3=000000003f801000 CR4=00000668
DR0=0000000000000000 DR1=0000000000000000 DR2=0000000000000000 DR3=0000000000000000 
DR6=00000000ffff0ff0 DR7=0000000000000400
CCS=0000000000000004 CCD=000000000000001b CCO=EFLAGS
EFER=0000000000000d00
Servicing hardware INT=0x20
    93: v=20 e=0000 i=0 cpl=0 IP=0038:000000003e6d3862 pc=000000003e6d3862 SP=0030:000000003fe65190 env->regs[R_EAX]=0000000000003ea6
RAX=0000000000003ea6 RBX=0000000000002710 RCX=000000000000b008 RDX=0000000000749667
RSI=000000000074d50d RDI=000000003e5b40d4 RBP=000000003fe651c0 RSP=000000003fe65190
R8 =000000003fe651e0 R9 =00000000000003f6 R10=0000000000000000 R11=0000000000000000
R12=000000000000c042 R13=0000000000000011 R14=000000000000c040 R15=0000000000000000
RIP=000000003e6d3862 RFL=00000206 [-----P-] CPL=0 II=0 A20=1 SMM=0 HLT=0
ES =0030 0000000000000000 ffffffff 00cf9300 DPL=0 DS   [-WA]
CS =0038 0000000000000000 ffffffff 00af9a00 DPL=0 CS64 [-R-]
SS =0030 0000000000000000 ffffffff 00cf9300 DPL=0 DS   [-WA]
DS =0030 0000000000000000 ffffffff 00cf9300 DPL=0 DS   [-WA]
FS =0030 0000000000000000 ffffffff 00cf9300 DPL=0 DS   [-WA]
GS =0030 0000000000000000 ffffffff 00cf9300 DPL=0 DS   [-WA]
LDT=0000 0000000000000000 0000ffff 00008200 DPL=0 LDT
TR =0000 0000000000000000 0000ffff 00008b00 DPL=0 TSS64-busy
GDT=     000000003f5dc000 00000047
IDT=     000000003efa3018 00000fff
CR0=80010033 CR2=0000000000000000 CR3=000000003f801000 CR4=00000668
DR0=0000000000000000 DR1=0000000000000000 DR2=0000000000000000 DR3=0000000000000000 
DR6=00000000ffff0ff0 DR7=0000000000000400
CCS=0000000000000004 CCD=0000000000003ea6 CCO=EFLAGS
EFER=0000000000000d00
Servicing hardware INT=0x20
    94: v=20 e=0000 i=0 cpl=0 IP=0038:000000003e6d3862 pc=000000003e6d3862 SP=0030:000000003fe650e0 env->regs[R_EAX]=00000000000054b1
RAX=00000000000054b1 RBX=0000000000002710 RCX=000000000000b008 RDX=0000000000752a1d
RSI=0000000000757ece RDI=000000003e5b40d4 RBP=000000003fe65110 RSP=000000003fe650e0
R8 =000000003fe65130 R9 =00000000000003f6 R10=0000000000000000 R11=0000000000000000
R12=000000000000c042 R13=0000000000000011 R14=000000000000c040 R15=0000000000000000
RIP=000000003e6d3862 RFL=00000206 [-----P-] CPL=0 II=0 A20=1 SMM=0 HLT=0
ES =0030 0000000000000000 ffffffff 00cf9300 DPL=0 DS   [-WA]
CS =0038 0000000000000000 ffffffff 00af9a00 DPL=0 CS64 [-R-]
SS =0030 0000000000000000 ffffffff 00cf9300 DPL=0 DS   [-WA]
DS =0030 0000000000000000 ffffffff 00cf9300 DPL=0 DS   [-WA]
FS =0030 0000000000000000 ffffffff 00cf9300 DPL=0 DS   [-WA]
GS =0030 0000000000000000 ffffffff 00cf9300 DPL=0 DS   [-WA]
LDT=0000 0000000000000000 0000ffff 00008200 DPL=0 LDT
TR =0000 0000000000000000 0000ffff 00008b00 DPL=0 TSS64-busy
GDT=     000000003f5dc000 00000047
IDT=     000000003efa3018 00000fff
CR0=80010033 CR2=0000000000000000 CR3=000000003f801000 CR4=00000668
DR0=0000000000000000 DR1=0000000000000000 DR2=0000000000000000 DR3=0000000000000000 
DR6=00000000ffff0ff0 DR7=0000000000000400
CCS=0000000000000004 CCD=00000000000054b1 CCO=EFLAGS
EFER=0000000000000d00
Servicing hardware INT=0x20
    95: v=20 e=0000 i=0 cpl=0 IP=0038:000000003e6d3862 pc=000000003e6d3862 SP=0030:000000003fe650e0 env->regs[R_EAX]=0000000000006445
RAX=0000000000006445 RBX=0000000000002710 RCX=000000000000b008 RDX=000000000075be0a
RSI=000000000076224f RDI=000000003e5b40d4 RBP=000000003fe65110 RSP=000000003fe650e0
R8 =000000003fe65130 R9 =00000000000003f6 R10=0000000000000000 R11=0000000000000000
R12=000000000000c042 R13=0000000000000011 R14=000000000000c040 R15=0000000000000000
RIP=000000003e6d3862 RFL=00000202 [-------] CPL=0 II=0 A20=1 SMM=0 HLT=0
ES =0030 0000000000000000 ffffffff 00cf9300 DPL=0 DS   [-WA]
CS =0038 0000000000000000 ffffffff 00af9a00 DPL=0 CS64 [-R-]
SS =0030 0000000000000000 ffffffff 00cf9300 DPL=0 DS   [-WA]
DS =0030 0000000000000000 ffffffff 00cf9300 DPL=0 DS   [-WA]
FS =0030 0000000000000000 ffffffff 00cf9300 DPL=0 DS   [-WA]
GS =0030 0000000000000000 ffffffff 00cf9300 DPL=0 DS   [-WA]
LDT=0000 0000000000000000 0000ffff 00008200 DPL=0 LDT
TR =0000 0000000000000000 0000ffff 00008b00 DPL=0 TSS64-busy
GDT=     000000003f5dc000 00000047
IDT=     000000003efa3018 00000fff
CR0=80010033 CR2=0000000000000000 CR3=000000003f801000 CR4=00000668
DR0=0000000000000000 DR1=0000000000000000 DR2=0000000000000000 DR3=0000000000000000 
DR6=00000000ffff0ff0 DR7=0000000000000400
CCS=0000000000000000 CCD=0000000000006445 CCO=EFLAGS
EFER=0000000000000d00
Servicing hardware INT=0x20
    96: v=20 e=0000 i=0 cpl=0 IP=0038:000000003e6d3862 pc=000000003e6d3862 SP=0030:000000003fe65240 env->regs[R_EAX]=000000000000007e
RAX=000000000000007e RBX=0000000000000064 RCX=000000000000b008 RDX=0000000000763cd9
RSI=0000000000763d57 RDI=000000003e5b40d4 RBP=000000003fe65270 RSP=000000003fe65240
R8 =000000003fe6525f R9 =000000000000c042 R10=0000000000000000 R11=0000000000000000
R12=000000000004baf1 R13=0000000000000011 R14=000000000000c040 R15=0000000000000000
RIP=000000003e6d3862 RFL=00000206 [-----P-] CPL=0 II=0 A20=1 SMM=0 HLT=0
ES =0030 0000000000000000 ffffffff 00cf9300 DPL=0 DS   [-WA]
CS =0038 0000000000000000 ffffffff 00af9a00 DPL=0 CS64 [-R-]
SS =0030 0000000000000000 ffffffff 00cf9300 DPL=0 DS   [-WA]
DS =0030 0000000000000000 ffffffff 00cf9300 DPL=0 DS   [-WA]
FS =0030 0000000000000000 ffffffff 00cf9300 DPL=0 DS   [-WA]
GS =0030 0000000000000000 ffffffff 00cf9300 DPL=0 DS   [-WA]
LDT=0000 0000000000000000 0000ffff 00008200 DPL=0 LDT
TR =0000 0000000000000000 0000ffff 00008b00 DPL=0 TSS64-busy
GDT=     000000003f5dc000 00000047
IDT=     000000003efa3018 00000fff
CR0=80010033 CR2=0000000000000000 CR3=000000003f801000 CR4=00000668
DR0=0000000000000000 DR1=0000000000000000 DR2=0000000000000000 DR3=0000000000000000 
DR6=00000000ffff0ff0 DR7=0000000000000400
CCS=0000000000000004 CCD=000000000000007e CCO=EFLAGS
EFER=0000000000000d00
Servicing hardware INT=0x20
    97: v=20 e=0000 i=0 cpl=0 IP=0038:000000003e6d3862 pc=000000003e6d3862 SP=0030:000000003fe65240 env->regs[R_EAX]=000000000000013b
RAX=000000000000013b RBX=0000000000000064 RCX=000000000000b008 RDX=000000000076bfa3
RSI=000000000076c0de RDI=000000003e5b40d4 RBP=000000003fe65270 RSP=000000003fe65240
R8 =000000003fe6525f R9 =000000000000c042 R10=0000000000000000 R11=0000000000000000
R12=000000000004bab4 R13=0000000000000011 R14=000000000000c040 R15=0000000000000000
RIP=000000003e6d3862 RFL=00000202 [-------] CPL=0 II=0 A20=1 SMM=0 HLT=0
ES =0030 0000000000000000 ffffffff 00cf9300 DPL=0 DS   [-WA]
CS =0038 0000000000000000 ffffffff 00af9a00 DPL=0 CS64 [-R-]
SS =0030 0000000000000000 ffffffff 00cf9300 DPL=0 DS   [-WA]
DS =0030 0000000000000000 ffffffff 00cf9300 DPL=0 DS   [-WA]
FS =0030 0000000000000000 ffffffff 00cf9300 DPL=0 DS   [-WA]
GS =0030 0000000000000000 ffffffff 00cf9300 DPL=0 DS   [-WA]
LDT=0000 0000000000000000 0000ffff 00008200 DPL=0 LDT
TR =0000 0000000000000000 0000ffff 00008b00 DPL=0 TSS64-busy
GDT=     000000003f5dc000 00000047
IDT=     000000003efa3018 00000fff
CR0=80010033 CR2=0000000000000000 CR3=000000003f801000 CR4=00000668
DR0=0000000000000000 DR1=0000000000000000 DR2=0000000000000000 DR3=0000000000000000 
DR6=00000000ffff0ff0 DR7=0000000000000400
CCS=0000000000000000 CCD=000000000000013b CCO=EFLAGS
EFER=0000000000000d00
Servicing hardware INT=0x20
    98: v=20 e=0000 i=0 cpl=0 IP=0038:000000003e6d3862 pc=000000003e6d3862 SP=0030:000000003fe65240 env->regs[R_EAX]=00000000000039cc
RAX=00000000000039cc RBX=0000000000002710 RCX=000000000000b008 RDX=00000000007757b3
RSI=000000000077917f RDI=000000003e5b40d4 RBP=000000003fe65270 RSP=000000003fe65240
R8 =000000003fe65290 R9 =00000000000003f6 R10=0000000000000000 R11=0000000000000000
R12=000000000000c042 R13=0000000000000011 R14=000000000000c040 R15=0000000000000000
RIP=000000003e6d3862 RFL=00000206 [-----P-] CPL=0 II=0 A20=1 SMM=0 HLT=0
ES =0030 0000000000000000 ffffffff 00cf9300 DPL=0 DS   [-WA]
CS =0038 0000000000000000 ffffffff 00af9a00 DPL=0 CS64 [-R-]
SS =0030 0000000000000000 ffffffff 00cf9300 DPL=0 DS   [-WA]
DS =0030 0000000000000000 ffffffff 00cf9300 DPL=0 DS   [-WA]
FS =0030 0000000000000000 ffffffff 00cf9300 DPL=0 DS   [-WA]
GS =0030 0000000000000000 ffffffff 00cf9300 DPL=0 DS   [-WA]
LDT=0000 0000000000000000 0000ffff 00008200 DPL=0 LDT
TR =0000 0000000000000000 0000ffff 00008b00 DPL=0 TSS64-busy
GDT=     000000003f5dc000 00000047
IDT=     000000003efa3018 00000fff
CR0=80010033 CR2=0000000000000000 CR3=000000003f801000 CR4=00000668
DR0=0000000000000000 DR1=0000000000000000 DR2=0000000000000000 DR3=0000000000000000 
DR6=00000000ffff0ff0 DR7=0000000000000400
CCS=0000000000000004 CCD=00000000000039cc CCO=EFLAGS
EFER=0000000000000d00
Servicing hardware INT=0x20
    99: v=20 e=0000 i=0 cpl=0 IP=0038:000000003e6d3862 pc=000000003e6d3862 SP=0030:000000003fe65240 env->regs[R_EAX]=00000000000000cf
RAX=00000000000000cf RBX=0000000000000064 RCX=000000000000b008 RDX=000000000077d6d8
RSI=000000000077d7a7 RDI=000000003e5b40d4 RBP=000000003fe65270 RSP=000000003fe65240
R8 =000000003fe6525f R9 =000000000000c042 R10=0000000000000000 R11=0000000000000000
R12=000000000004bad9 R13=0000000000000011 R14=000000000000c040 R15=0000000000000000
RIP=000000003e6d3862 RFL=00000206 [-----P-] CPL=0 II=0 A20=1 SMM=0 HLT=0
ES =0030 0000000000000000 ffffffff 00cf9300 DPL=0 DS   [-WA]
CS =0038 0000000000000000 ffffffff 00af9a00 DPL=0 CS64 [-R-]
SS =0030 0000000000000000 ffffffff 00cf9300 DPL=0 DS   [-WA]
DS =0030 0000000000000000 ffffffff 00cf9300 DPL=0 DS   [-WA]
FS =0030 0000000000000000 ffffffff 00cf9300 DPL=0 DS   [-WA]
GS =0030 0000000000000000 ffffffff 00cf9300 DPL=0 DS   [-WA]
LDT=0000 0000000000000000 0000ffff 00008200 DPL=0 LDT
TR =0000 0000000000000000 0000ffff 00008b00 DPL=0 TSS64-busy
GDT=     000000003f5dc000 00000047
IDT=     000000003efa3018 00000fff
CR0=80010033 CR2=0000000000000000 CR3=000000003f801000 CR4=00000668
DR0=0000000000000000 DR1=0000000000000000 DR2=0000000000000000 DR3=0000000000000000 
DR6=00000000ffff0ff0 DR7=0000000000000400
CCS=0000000000000004 CCD=00000000000000cf CCO=EFLAGS
EFER=0000000000000d00
Servicing hardware INT=0x20
   100: v=20 e=0000 i=0 cpl=0 IP=0038:000000003e6d3862 pc=000000003e6d3862 SP=0030:000000003fe65240 env->regs[R_EAX]=00000000000000cc
RAX=00000000000000cc RBX=0000000000000064 RCX=000000000000b008 RDX=0000000000786267
RSI=0000000000786333 RDI=000000003e5b40d4 RBP=000000003fe65270 RSP=000000003fe65240
R8 =000000003fe6525f R9 =000000000000c042 R10=0000000000000000 R11=0000000000000000
R12=000000000004ba95 R13=0000000000000011 R14=000000000000c040 R15=0000000000000000
RIP=000000003e6d3862 RFL=00000206 [-----P-] CPL=0 II=0 A20=1 SMM=0 HLT=0
ES =0030 0000000000000000 ffffffff 00cf9300 DPL=0 DS   [-WA]
CS =0038 0000000000000000 ffffffff 00af9a00 DPL=0 CS64 [-R-]
SS =0030 0000000000000000 ffffffff 00cf9300 DPL=0 DS   [-WA]
DS =0030 0000000000000000 ffffffff 00cf9300 DPL=0 DS   [-WA]
FS =0030 0000000000000000 ffffffff 00cf9300 DPL=0 DS   [-WA]
GS =0030 0000000000000000 ffffffff 00cf9300 DPL=0 DS   [-WA]
LDT=0000 0000000000000000 0000ffff 00008200 DPL=0 LDT
TR =0000 0000000000000000 0000ffff 00008b00 DPL=0 TSS64-busy
GDT=     000000003f5dc000 00000047
IDT=     000000003efa3018 00000fff
CR0=80010033 CR2=0000000000000000 CR3=000000003f801000 CR4=00000668
DR0=0000000000000000 DR1=0000000000000000 DR2=0000000000000000 DR3=0000000000000000 
DR6=00000000ffff0ff0 DR7=0000000000000400
CCS=0000000000000004 CCD=00000000000000cc CCO=EFLAGS
EFER=0000000000000d00
Servicing hardware INT=0x20
   101: v=20 e=0000 i=0 cpl=0 IP=0038:000000003e6d3862 pc=000000003e6d3862 SP=0030:000000003fe65240 env->regs[R_EAX]=00000000000010ab
RAX=00000000000010ab RBX=0000000000002710 RCX=000000000000b008 RDX=000000000078f507
RSI=00000000007905b2 RDI=000000003e5b40d4 RBP=000000003fe65270 RSP=000000003fe65240
R8 =000000003fe65290 R9 =00000000000003f6 R10=0000000000000000 R11=0000000000000000
R12=000000000000c042 R13=0000000000000011 R14=000000000000c040 R15=0000000000000000
RIP=000000003e6d3862 RFL=00000202 [-------] CPL=0 II=0 A20=1 SMM=0 HLT=0
ES =0030 0000000000000000 ffffffff 00cf9300 DPL=0 DS   [-WA]
CS =0038 0000000000000000 ffffffff 00af9a00 DPL=0 CS64 [-R-]
SS =0030 0000000000000000 ffffffff 00cf9300 DPL=0 DS   [-WA]
DS =0030 0000000000000000 ffffffff 00cf9300 DPL=0 DS   [-WA]
FS =0030 0000000000000000 ffffffff 00cf9300 DPL=0 DS   [-WA]
GS =0030 0000000000000000 ffffffff 00cf9300 DPL=0 DS   [-WA]
LDT=0000 0000000000000000 0000ffff 00008200 DPL=0 LDT
TR =0000 0000000000000000 0000ffff 00008b00 DPL=0 TSS64-busy
GDT=     000000003f5dc000 00000047
IDT=     000000003efa3018 00000fff
CR0=80010033 CR2=0000000000000000 CR3=000000003f801000 CR4=00000668
DR0=0000000000000000 DR1=0000000000000000 DR2=0000000000000000 DR3=0000000000000000 
DR6=00000000ffff0ff0 DR7=0000000000000400
CCS=0000000000000000 CCD=00000000000010ab CCO=EFLAGS
EFER=0000000000000d00
Servicing hardware INT=0x20
   102: v=20 e=0000 i=0 cpl=0 IP=0038:000000003e6d3862 pc=000000003e6d3862 SP=0030:000000003fe65240 env->regs[R_EAX]=00000000000000ce
RAX=00000000000000ce RBX=0000000000000064 RCX=000000000000b008 RDX=0000000000797a4d
RSI=0000000000797b1b RDI=000000003e5b40d4 RBP=000000003fe65270 RSP=000000003fe65240
R8 =000000003fe6525f R9 =000000000000c042 R10=0000000000000000 R11=0000000000000000
R12=000000000004bac3 R13=0000000000000011 R14=000000000000c040 R15=0000000000000000
RIP=000000003e6d3862 RFL=00000202 [-------] CPL=0 II=0 A20=1 SMM=0 HLT=0
ES =0030 0000000000000000 ffffffff 00cf9300 DPL=0 DS   [-WA]
CS =0038 0000000000000000 ffffffff 00af9a00 DPL=0 CS64 [-R-]
SS =0030 0000000000000000 ffffffff 00cf9300 DPL=0 DS   [-WA]
DS =0030 0000000000000000 ffffffff 00cf9300 DPL=0 DS   [-WA]
FS =0030 0000000000000000 ffffffff 00cf9300 DPL=0 DS   [-WA]
GS =0030 0000000000000000 ffffffff 00cf9300 DPL=0 DS   [-WA]
LDT=0000 0000000000000000 0000ffff 00008200 DPL=0 LDT
TR =0000 0000000000000000 0000ffff 00008b00 DPL=0 TSS64-busy
GDT=     000000003f5dc000 00000047
IDT=     000000003efa3018 00000fff
CR0=80010033 CR2=0000000000000000 CR3=000000003f801000 CR4=00000668
DR0=0000000000000000 DR1=0000000000000000 DR2=0000000000000000 DR3=0000000000000000 
DR6=00000000ffff0ff0 DR7=0000000000000400
CCS=0000000000000000 CCD=00000000000000ce CCO=EFLAGS
EFER=0000000000000d00
Servicing hardware INT=0x20
   103: v=20 e=0000 i=0 cpl=0 IP=0038:000000003e6d3862 pc=000000003e6d3862 SP=0030:000000003fe65240 env->regs[R_EAX]=000000000000007f
RAX=000000000000007f RBX=0000000000000064 RCX=000000000000b008 RDX=00000000007a05b8
RSI=00000000007a0637 RDI=000000003e5b40d4 RBP=000000003fe65270 RSP=000000003fe65240
R8 =000000003fe6525f R9 =000000000000c042 R10=0000000000000000 R11=0000000000000000
R12=000000000004ba83 R13=0000000000000011 R14=000000000000c040 R15=0000000000000000
RIP=000000003e6d3862 RFL=00000202 [-------] CPL=0 II=0 A20=1 SMM=0 HLT=0
ES =0030 0000000000000000 ffffffff 00cf9300 DPL=0 DS   [-WA]
CS =0038 0000000000000000 ffffffff 00af9a00 DPL=0 CS64 [-R-]
SS =0030 0000000000000000 ffffffff 00cf9300 DPL=0 DS   [-WA]
DS =0030 0000000000000000 ffffffff 00cf9300 DPL=0 DS   [-WA]
FS =0030 0000000000000000 ffffffff 00cf9300 DPL=0 DS   [-WA]
GS =0030 0000000000000000 ffffffff 00cf9300 DPL=0 DS   [-WA]
LDT=0000 0000000000000000 0000ffff 00008200 DPL=0 LDT
TR =0000 0000000000000000 0000ffff 00008b00 DPL=0 TSS64-busy
GDT=     000000003f5dc000 00000047
IDT=     000000003efa3018 00000fff
CR0=80010033 CR2=0000000000000000 CR3=000000003f801000 CR4=00000668
DR0=0000000000000000 DR1=0000000000000000 DR2=0000000000000000 DR3=0000000000000000 
DR6=00000000ffff0ff0 DR7=0000000000000400
CCS=0000000000000000 CCD=000000000000007f CCO=EFLAGS
EFER=0000000000000d00
Servicing hardware INT=0x20
   104: v=20 e=0000 i=0 cpl=0 IP=0038:000000003e6d3862 pc=000000003e6d3862 SP=0030:000000003fe65240 env->regs[R_EAX]=0000000000000016
RAX=0000000000000016 RBX=0000000000000064 RCX=000000000000b008 RDX=00000000007a9182
RSI=00000000007a9198 RDI=000000003e5b40d4 RBP=000000003fe65270 RSP=000000003fe65240
R8 =000000003fe6525f R9 =000000000000c042 R10=0000000000000000 R11=0000000000000000
R12=000000000004ba49 R13=0000000000000011 R14=000000000000c040 R15=0000000000000000
RIP=000000003e6d3862 RFL=00000202 [-------] CPL=0 II=0 A20=1 SMM=0 HLT=0
ES =0030 0000000000000000 ffffffff 00cf9300 DPL=0 DS   [-WA]
CS =0038 0000000000000000 ffffffff 00af9a00 DPL=0 CS64 [-R-]
SS =0030 0000000000000000 ffffffff 00cf9300 DPL=0 DS   [-WA]
DS =0030 0000000000000000 ffffffff 00cf9300 DPL=0 DS   [-WA]
FS =0030 0000000000000000 ffffffff 00cf9300 DPL=0 DS   [-WA]
GS =0030 0000000000000000 ffffffff 00cf9300 DPL=0 DS   [-WA]
LDT=0000 0000000000000000 0000ffff 00008200 DPL=0 LDT
TR =0000 0000000000000000 0000ffff 00008b00 DPL=0 TSS64-busy
GDT=     000000003f5dc000 00000047
IDT=     000000003efa3018 00000fff
CR0=80010033 CR2=0000000000000000 CR3=000000003f801000 CR4=00000668
DR0=0000000000000000 DR1=0000000000000000 DR2=0000000000000000 DR3=0000000000000000 
DR6=00000000ffff0ff0 DR7=0000000000000400
CCS=0000000000000000 CCD=0000000000000016 CCO=EFLAGS
EFER=0000000000000d00
Servicing hardware INT=0x20
   105: v=20 e=0000 i=0 cpl=0 IP=0038:000000003e6d3862 pc=000000003e6d3862 SP=0030:000000003fe65240 env->regs[R_EAX]=0000000000000027
RAX=0000000000000027 RBX=0000000000000064 RCX=000000000000b008 RDX=00000000007acefa
RSI=00000000007acf21 RDI=000000003e5b40d4 RBP=000000003fe65270 RSP=000000003fe65240
R8 =000000003fe6525f R9 =000000000000c042 R10=0000000000000000 R11=0000000000000000
R12=000000000004ba28 R13=0000000000000011 R14=000000000000c040 R15=0000000000000000
RIP=000000003e6d3862 RFL=00000206 [-----P-] CPL=0 II=0 A20=1 SMM=0 HLT=0
ES =0030 0000000000000000 ffffffff 00cf9300 DPL=0 DS   [-WA]
CS =0038 0000000000000000 ffffffff 00af9a00 DPL=0 CS64 [-R-]
SS =0030 0000000000000000 ffffffff 00cf9300 DPL=0 DS   [-WA]
DS =0030 0000000000000000 ffffffff 00cf9300 DPL=0 DS   [-WA]
FS =0030 0000000000000000 ffffffff 00cf9300 DPL=0 DS   [-WA]
GS =0030 0000000000000000 ffffffff 00cf9300 DPL=0 DS   [-WA]
LDT=0000 0000000000000000 0000ffff 00008200 DPL=0 LDT
TR =0000 0000000000000000 0000ffff 00008b00 DPL=0 TSS64-busy
GDT=     000000003f5dc000 00000047
IDT=     000000003efa3018 00000fff
CR0=80010033 CR2=0000000000000000 CR3=000000003f801000 CR4=00000668
DR0=0000000000000000 DR1=0000000000000000 DR2=0000000000000000 DR3=0000000000000000 
DR6=00000000ffff0ff0 DR7=0000000000000400
CCS=0000000000000004 CCD=0000000000000027 CCO=EFLAGS
EFER=0000000000000d00
Servicing hardware INT=0x20
   106: v=20 e=0000 i=0 cpl=0 IP=0038:000000003e6d3862 pc=000000003e6d3862 SP=0030:000000003fe65240 env->regs[R_EAX]=0000000000001d52
RAX=0000000000001d52 RBX=0000000000002710 RCX=000000000000b008 RDX=00000000007bab36
RSI=00000000007bc888 RDI=000000003e5b40d4 RBP=000000003fe65270 RSP=000000003fe65240
R8 =000000003fe65290 R9 =00000000000003f6 R10=0000000000000000 R11=0000000000000000
R12=000000000000c042 R13=0000000000000011 R14=000000000000c040 R15=0000000000000000
RIP=000000003e6d3862 RFL=00000202 [-------] CPL=0 II=0 A20=1 SMM=0 HLT=0
ES =0030 0000000000000000 ffffffff 00cf9300 DPL=0 DS   [-WA]
CS =0038 0000000000000000 ffffffff 00af9a00 DPL=0 CS64 [-R-]
SS =0030 0000000000000000 ffffffff 00cf9300 DPL=0 DS   [-WA]
DS =0030 0000000000000000 ffffffff 00cf9300 DPL=0 DS   [-WA]
FS =0030 0000000000000000 ffffffff 00cf9300 DPL=0 DS   [-WA]
GS =0030 0000000000000000 ffffffff 00cf9300 DPL=0 DS   [-WA]
LDT=0000 0000000000000000 0000ffff 00008200 DPL=0 LDT
TR =0000 0000000000000000 0000ffff 00008b00 DPL=0 TSS64-busy
GDT=     000000003f5dc000 00000047
IDT=     000000003efa3018 00000fff
CR0=80010033 CR2=0000000000000000 CR3=000000003f801000 CR4=00000668
DR0=0000000000000000 DR1=0000000000000000 DR2=0000000000000000 DR3=0000000000000000 
DR6=00000000ffff0ff0 DR7=0000000000000400
CCS=0000000000000000 CCD=0000000000001d52 CCO=EFLAGS
EFER=0000000000000d00
Servicing hardware INT=0x20
   107: v=20 e=0000 i=0 cpl=0 IP=0038:000000003e6d3862 pc=000000003e6d3862 SP=0030:000000003fe65240 env->regs[R_EAX]=00000000000000d6
RAX=00000000000000d6 RBX=0000000000000064 RCX=000000000000b008 RDX=00000000007c35de
RSI=00000000007c36b4 RDI=000000003e5b40d4 RBP=000000003fe65270 RSP=000000003fe65240
R8 =000000003fe6525f R9 =000000000000c042 R10=0000000000000000 R11=0000000000000000
R12=000000000004bacb R13=0000000000000011 R14=000000000000c040 R15=0000000000000000
RIP=000000003e6d3862 RFL=00000202 [-------] CPL=0 II=0 A20=1 SMM=0 HLT=0
ES =0030 0000000000000000 ffffffff 00cf9300 DPL=0 DS   [-WA]
CS =0038 0000000000000000 ffffffff 00af9a00 DPL=0 CS64 [-R-]
SS =0030 0000000000000000 ffffffff 00cf9300 DPL=0 DS   [-WA]
DS =0030 0000000000000000 ffffffff 00cf9300 DPL=0 DS   [-WA]
FS =0030 0000000000000000 ffffffff 00cf9300 DPL=0 DS   [-WA]
GS =0030 0000000000000000 ffffffff 00cf9300 DPL=0 DS   [-WA]
LDT=0000 0000000000000000 0000ffff 00008200 DPL=0 LDT
TR =0000 0000000000000000 0000ffff 00008b00 DPL=0 TSS64-busy
GDT=     000000003f5dc000 00000047
IDT=     000000003efa3018 00000fff
CR0=80010033 CR2=0000000000000000 CR3=000000003f801000 CR4=00000668
DR0=0000000000000000 DR1=0000000000000000 DR2=0000000000000000 DR3=0000000000000000 
DR6=00000000ffff0ff0 DR7=0000000000000400
CCS=0000000000000000 CCD=00000000000000d6 CCO=EFLAGS
EFER=0000000000000d00
Servicing hardware INT=0x20
   108: v=20 e=0000 i=0 cpl=0 IP=0038:000000003e6d3862 pc=000000003e6d3862 SP=0030:000000003fe65240 env->regs[R_EAX]=000000000000014e
RAX=000000000000014e RBX=0000000000000064 RCX=000000000000b008 RDX=00000000007cbfb3
RSI=00000000007cc101 RDI=000000003e5b40d4 RBP=000000003fe65270 RSP=000000003fe65240
R8 =000000003fe6525f R9 =000000000000c042 R10=0000000000000000 R11=0000000000000000
R12=000000000004ba8d R13=0000000000000011 R14=000000000000c040 R15=0000000000000000
RIP=000000003e6d3862 RFL=00000206 [-----P-] CPL=0 II=0 A20=1 SMM=0 HLT=0
ES =0030 0000000000000000 ffffffff 00cf9300 DPL=0 DS   [-WA]
CS =0038 0000000000000000 ffffffff 00af9a00 DPL=0 CS64 [-R-]
SS =0030 0000000000000000 ffffffff 00cf9300 DPL=0 DS   [-WA]
DS =0030 0000000000000000 ffffffff 00cf9300 DPL=0 DS   [-WA]
FS =0030 0000000000000000 ffffffff 00cf9300 DPL=0 DS   [-WA]
GS =0030 0000000000000000 ffffffff 00cf9300 DPL=0 DS   [-WA]
LDT=0000 0000000000000000 0000ffff 00008200 DPL=0 LDT
TR =0000 0000000000000000 0000ffff 00008b00 DPL=0 TSS64-busy
GDT=     000000003f5dc000 00000047
IDT=     000000003efa3018 00000fff
CR0=80010033 CR2=0000000000000000 CR3=000000003f801000 CR4=00000668
DR0=0000000000000000 DR1=0000000000000000 DR2=0000000000000000 DR3=0000000000000000 
DR6=00000000ffff0ff0 DR7=0000000000000400
CCS=0000000000000004 CCD=000000000000014e CCO=EFLAGS
EFER=0000000000000d00
Servicing hardware INT=0x20
   109: v=20 e=0000 i=0 cpl=0 IP=0038:000000003e6d3862 pc=000000003e6d3862 SP=0030:000000003fe65240 env->regs[R_EAX]=0000000000007b3b
RAX=0000000000007b3b RBX=0000000000002710 RCX=000000000000b008 RDX=00000000007d50db
RSI=00000000007dcc16 RDI=000000003e5b40d4 RBP=000000003fe65270 RSP=000000003fe65240
R8 =000000003fe65290 R9 =00000000000003f6 R10=0000000000000000 R11=0000000000000000
R12=000000000000c042 R13=0000000000000011 R14=000000000000c040 R15=0000000000000000
RIP=000000003e6d3862 RFL=00000202 [-------] CPL=0 II=0 A20=1 SMM=0 HLT=0
ES =0030 0000000000000000 ffffffff 00cf9300 DPL=0 DS   [-WA]
CS =0038 0000000000000000 ffffffff 00af9a00 DPL=0 CS64 [-R-]
SS =0030 0000000000000000 ffffffff 00cf9300 DPL=0 DS   [-WA]
DS =0030 0000000000000000 ffffffff 00cf9300 DPL=0 DS   [-WA]
FS =0030 0000000000000000 ffffffff 00cf9300 DPL=0 DS   [-WA]
GS =0030 0000000000000000 ffffffff 00cf9300 DPL=0 DS   [-WA]
LDT=0000 0000000000000000 0000ffff 00008200 DPL=0 LDT
TR =0000 0000000000000000 0000ffff 00008b00 DPL=0 TSS64-busy
GDT=     000000003f5dc000 00000047
IDT=     000000003efa3018 00000fff
CR0=80010033 CR2=0000000000000000 CR3=000000003f801000 CR4=00000668
DR0=0000000000000000 DR1=0000000000000000 DR2=0000000000000000 DR3=0000000000000000 
DR6=00000000ffff0ff0 DR7=0000000000000400
CCS=0000000000000000 CCD=0000000000007b3b CCO=EFLAGS
EFER=0000000000000d00
Servicing hardware INT=0x20
   110: v=20 e=0000 i=0 cpl=0 IP=0038:000000003e791fa5 pc=000000003e791fa5 SP=0030:000000003fe658c0 env->regs[R_EAX]=0000000000000000
RAX=0000000000000000 RBX=0000000000000004 RCX=0000000000000040 RDX=000000003e79c556
RSI=000000003fe8b9c0 RDI=000000003fe8a960 RBP=000000003fe658f0 RSP=000000003fe658c0
R8 =0000000000000004 R9 =000000003e4ac998 R10=000000003fe65a38 R11=0000000000000004
R12=0000000000000008 R13=0000000000000080 R14=000000003fe8b940 R15=000000003e4ac018
RIP=000000003e791fa5 RFL=00000206 [-----P-] CPL=0 II=0 A20=1 SMM=0 HLT=0
ES =0030 0000000000000000 ffffffff 00cf9300 DPL=0 DS   [-WA]
CS =0038 0000000000000000 ffffffff 00af9a00 DPL=0 CS64 [-R-]
SS =0030 0000000000000000 ffffffff 00cf9300 DPL=0 DS   [-WA]
DS =0030 0000000000000000 ffffffff 00cf9300 DPL=0 DS   [-WA]
FS =0030 0000000000000000 ffffffff 00cf9300 DPL=0 DS   [-WA]
GS =0030 0000000000000000 ffffffff 00cf9300 DPL=0 DS   [-WA]
LDT=0000 0000000000000000 0000ffff 00008200 DPL=0 LDT
TR =0000 0000000000000000 0000ffff 00008b00 DPL=0 TSS64-busy
GDT=     000000003f5dc000 00000047
IDT=     000000003efa3018 00000fff
CR0=80010033 CR2=0000000000000000 CR3=000000003f801000 CR4=00000668
DR0=0000000000000000 DR1=0000000000000000 DR2=0000000000000000 DR3=0000000000000000 
DR6=00000000ffff0ff0 DR7=0000000000000400
CCS=0000000000000004 CCD=000000003fe658a0 CCO=EFLAGS
EFER=0000000000000d00
Servicing hardware INT=0x20
   111: v=20 e=0000 i=0 cpl=0 IP=0038:000000003e6d3862 pc=000000003e6d3862 SP=0030:000000003fe65060 env->regs[R_EAX]=000000000000004d
RAX=000000000000004d RBX=0000000000000064 RCX=000000000000b008 RDX=00000000007e64d0
RSI=00000000007e651d RDI=000000003e5b40d4 RBP=000000003fe65090 RSP=000000003fe65060
R8 =000000003fe6507f R9 =000000000000c042 R10=0000000000000000 R11=0000000000000000
R12=000000000004bacc R13=0000000000000011 R14=000000000000c040 R15=0000000000000000
RIP=000000003e6d3862 RFL=00000206 [-----P-] CPL=0 II=0 A20=1 SMM=0 HLT=0
ES =0030 0000000000000000 ffffffff 00cf9300 DPL=0 DS   [-WA]
CS =0038 0000000000000000 ffffffff 00af9a00 DPL=0 CS64 [-R-]
SS =0030 0000000000000000 ffffffff 00cf9300 DPL=0 DS   [-WA]
DS =0030 0000000000000000 ffffffff 00cf9300 DPL=0 DS   [-WA]
FS =0030 0000000000000000 ffffffff 00cf9300 DPL=0 DS   [-WA]
GS =0030 0000000000000000 ffffffff 00cf9300 DPL=0 DS   [-WA]
LDT=0000 0000000000000000 0000ffff 00008200 DPL=0 LDT
TR =0000 0000000000000000 0000ffff 00008b00 DPL=0 TSS64-busy
GDT=     000000003f5dc000 00000047
IDT=     000000003efa3018 00000fff
CR0=80010033 CR2=0000000000000000 CR3=000000003f801000 CR4=00000668
DR0=0000000000000000 DR1=0000000000000000 DR2=0000000000000000 DR3=0000000000000000 
DR6=00000000ffff0ff0 DR7=0000000000000400
CCS=0000000000000004 CCD=000000000000004d CCO=EFLAGS
EFER=0000000000000d00
Servicing hardware INT=0x20
   112: v=20 e=0000 i=0 cpl=0 IP=0038:000000003e6d3862 pc=000000003e6d3862 SP=0030:000000003fe65060 env->regs[R_EAX]=000000000000767c
RAX=000000000000767c RBX=0000000000002710 RCX=000000000000b008 RDX=00000000007efc50
RSI=00000000007f72cc RDI=000000003e5b40d4 RBP=000000003fe65090 RSP=000000003fe65060
R8 =000000003fe650b0 R9 =00000000000003f6 R10=0000000000000000 R11=0000000000000000
R12=000000000000c042 R13=0000000000000011 R14=000000000000c040 R15=0000000000000000
RIP=000000003e6d3862 RFL=00000202 [-------] CPL=0 II=0 A20=1 SMM=0 HLT=0
ES =0030 0000000000000000 ffffffff 00cf9300 DPL=0 DS   [-WA]
CS =0038 0000000000000000 ffffffff 00af9a00 DPL=0 CS64 [-R-]
SS =0030 0000000000000000 ffffffff 00cf9300 DPL=0 DS   [-WA]
DS =0030 0000000000000000 ffffffff 00cf9300 DPL=0 DS   [-WA]
FS =0030 0000000000000000 ffffffff 00cf9300 DPL=0 DS   [-WA]
GS =0030 0000000000000000 ffffffff 00cf9300 DPL=0 DS   [-WA]
LDT=0000 0000000000000000 0000ffff 00008200 DPL=0 LDT
TR =0000 0000000000000000 0000ffff 00008b00 DPL=0 TSS64-busy
GDT=     000000003f5dc000 00000047
IDT=     000000003efa3018 00000fff
CR0=80010033 CR2=0000000000000000 CR3=000000003f801000 CR4=00000668
DR0=0000000000000000 DR1=0000000000000000 DR2=0000000000000000 DR3=0000000000000000 
DR6=00000000ffff0ff0 DR7=0000000000000400
CCS=0000000000000000 CCD=000000000000767c CCO=EFLAGS
EFER=0000000000000d00
Servicing hardware INT=0x20
   113: v=20 e=0000 i=0 cpl=0 IP=0038:000000003e6d3862 pc=000000003e6d3862 SP=0030:000000003fe65060 env->regs[R_EAX]=0000000000000106
RAX=0000000000000106 RBX=0000000000000064 RCX=000000000000b008 RDX=00000000007f836c
RSI=00000000007f8472 RDI=000000003e5b40d4 RBP=000000003fe65090 RSP=000000003fe65060
R8 =000000003fe6507f R9 =000000000000c042 R10=0000000000000000 R11=0000000000000000
R12=000000000004baf1 R13=0000000000000011 R14=000000000000c040 R15=0000000000000000
RIP=000000003e6d3862 RFL=00000206 [-----P-] CPL=0 II=0 A20=1 SMM=0 HLT=0
ES =0030 0000000000000000 ffffffff 00cf9300 DPL=0 DS   [-WA]
CS =0038 0000000000000000 ffffffff 00af9a00 DPL=0 CS64 [-R-]
SS =0030 0000000000000000 ffffffff 00cf9300 DPL=0 DS   [-WA]
DS =0030 0000000000000000 ffffffff 00cf9300 DPL=0 DS   [-WA]
FS =0030 0000000000000000 ffffffff 00cf9300 DPL=0 DS   [-WA]
GS =0030 0000000000000000 ffffffff 00cf9300 DPL=0 DS   [-WA]
LDT=0000 0000000000000000 0000ffff 00008200 DPL=0 LDT
TR =0000 0000000000000000 0000ffff 00008b00 DPL=0 TSS64-busy
GDT=     000000003f5dc000 00000047
IDT=     000000003efa3018 00000fff
CR0=80010033 CR2=0000000000000000 CR3=000000003f801000 CR4=00000668
DR0=0000000000000000 DR1=0000000000000000 DR2=0000000000000000 DR3=0000000000000000 
DR6=00000000ffff0ff0 DR7=0000000000000400
CCS=0000000000000004 CCD=0000000000000106 CCO=EFLAGS
EFER=0000000000000d00
Servicing hardware INT=0x20
   114: v=20 e=0000 i=0 cpl=0 IP=0038:000000003e6d3862 pc=000000003e6d3862 SP=0030:000000003fe65060 env->regs[R_EAX]=000000000000004d
RAX=000000000000004d RBX=0000000000000064 RCX=000000000000b008 RDX=000000000080080d
RSI=000000000080085a RDI=000000003e5b40d4 RBP=000000003fe65090 RSP=000000003fe65060
R8 =000000003fe6507f R9 =000000000000c042 R10=0000000000000000 R11=0000000000000000
R12=000000000004bab9 R13=0000000000000011 R14=000000000000c040 R15=0000000000000000
RIP=000000003e6d3862 RFL=00000206 [-----P-] CPL=0 II=0 A20=1 SMM=0 HLT=0
ES =0030 0000000000000000 ffffffff 00cf9300 DPL=0 DS   [-WA]
CS =0038 0000000000000000 ffffffff 00af9a00 DPL=0 CS64 [-R-]
SS =0030 0000000000000000 ffffffff 00cf9300 DPL=0 DS   [-WA]
DS =0030 0000000000000000 ffffffff 00cf9300 DPL=0 DS   [-WA]
FS =0030 0000000000000000 ffffffff 00cf9300 DPL=0 DS   [-WA]
GS =0030 0000000000000000 ffffffff 00cf9300 DPL=0 DS   [-WA]
LDT=0000 0000000000000000 0000ffff 00008200 DPL=0 LDT
TR =0000 0000000000000000 0000ffff 00008b00 DPL=0 TSS64-busy
GDT=     000000003f5dc000 00000047
IDT=     000000003efa3018 00000fff
CR0=80010033 CR2=0000000000000000 CR3=000000003f801000 CR4=00000668
DR0=0000000000000000 DR1=0000000000000000 DR2=0000000000000000 DR3=0000000000000000 
DR6=00000000ffff0ff0 DR7=0000000000000400
CCS=0000000000000004 CCD=000000000000004d CCO=EFLAGS
EFER=0000000000000d00
Servicing hardware INT=0x20
   115: v=20 e=0000 i=0 cpl=0 IP=0038:000000003e6d3862 pc=000000003e6d3862 SP=0030:000000003fe65060 env->regs[R_EAX]=0000000000002e5d
RAX=0000000000002e5d RBX=0000000000002710 RCX=000000000000b008 RDX=000000000080a8ef
RSI=000000000080d74c RDI=000000003e5b40d4 RBP=000000003fe65090 RSP=000000003fe65060
R8 =000000003fe650b0 R9 =00000000000003f6 R10=0000000000000000 R11=0000000000000000
R12=000000000000c042 R13=0000000000000011 R14=000000000000c040 R15=0000000000000000
RIP=000000003e6d3862 RFL=00000202 [-------] CPL=0 II=0 A20=1 SMM=0 HLT=0
ES =0030 0000000000000000 ffffffff 00cf9300 DPL=0 DS   [-WA]
CS =0038 0000000000000000 ffffffff 00af9a00 DPL=0 CS64 [-R-]
SS =0030 0000000000000000 ffffffff 00cf9300 DPL=0 DS   [-WA]
DS =0030 0000000000000000 ffffffff 00cf9300 DPL=0 DS   [-WA]
FS =0030 0000000000000000 ffffffff 00cf9300 DPL=0 DS   [-WA]
GS =0030 0000000000000000 ffffffff 00cf9300 DPL=0 DS   [-WA]
LDT=0000 0000000000000000 0000ffff 00008200 DPL=0 LDT
TR =0000 0000000000000000 0000ffff 00008b00 DPL=0 TSS64-busy
GDT=     000000003f5dc000 00000047
IDT=     000000003efa3018 00000fff
CR0=80010033 CR2=0000000000000000 CR3=000000003f801000 CR4=00000668
DR0=0000000000000000 DR1=0000000000000000 DR2=0000000000000000 DR3=0000000000000000 
DR6=00000000ffff0ff0 DR7=0000000000000400
CCS=0000000000000000 CCD=0000000000002e5d CCO=EFLAGS
EFER=0000000000000d00
Servicing hardware INT=0x20
   116: v=20 e=0000 i=0 cpl=0 IP=0038:000000003e6d3862 pc=000000003e6d3862 SP=0030:000000003fe65060 env->regs[R_EAX]=0000000000000049
RAX=0000000000000049 RBX=0000000000000064 RCX=000000000000b008 RDX=0000000000811f75
RSI=0000000000811fbe RDI=000000003e5b40d4 RBP=000000003fe65090 RSP=000000003fe65060
R8 =000000003fe6507f R9 =000000000000c042 R10=0000000000000000 R11=0000000000000000
R12=000000000004bad7 R13=0000000000000011 R14=000000000000c040 R15=0000000000000000
RIP=000000003e6d3862 RFL=00000202 [-------] CPL=0 II=0 A20=1 SMM=0 HLT=0
ES =0030 0000000000000000 ffffffff 00cf9300 DPL=0 DS   [-WA]
CS =0038 0000000000000000 ffffffff 00af9a00 DPL=0 CS64 [-R-]
SS =0030 0000000000000000 ffffffff 00cf9300 DPL=0 DS   [-WA]
DS =0030 0000000000000000 ffffffff 00cf9300 DPL=0 DS   [-WA]
FS =0030 0000000000000000 ffffffff 00cf9300 DPL=0 DS   [-WA]
GS =0030 0000000000000000 ffffffff 00cf9300 DPL=0 DS   [-WA]
LDT=0000 0000000000000000 0000ffff 00008200 DPL=0 LDT
TR =0000 0000000000000000 0000ffff 00008b00 DPL=0 TSS64-busy
GDT=     000000003f5dc000 00000047
IDT=     000000003efa3018 00000fff
CR0=80010033 CR2=0000000000000000 CR3=000000003f801000 CR4=00000668
DR0=0000000000000000 DR1=0000000000000000 DR2=0000000000000000 DR3=0000000000000000 
DR6=00000000ffff0ff0 DR7=0000000000000400
CCS=0000000000000000 CCD=0000000000000049 CCO=EFLAGS
EFER=0000000000000d00
Servicing hardware INT=0x20
   117: v=20 e=0000 i=0 cpl=0 IP=0038:000000003e6d3862 pc=000000003e6d3862 SP=0030:000000003fe65060 env->regs[R_EAX]=000000000000005c
RAX=000000000000005c RBX=0000000000000064 RCX=000000000000b008 RDX=000000000081abbf
RSI=000000000081ac1b RDI=000000003e5b40d4 RBP=000000003fe65090 RSP=000000003fe65060
R8 =000000003fe6507f R9 =000000000000c042 R10=0000000000000000 R11=0000000000000000
R12=000000000004ba96 R13=0000000000000011 R14=000000000000c040 R15=0000000000000000
RIP=000000003e6d3862 RFL=00000206 [-----P-] CPL=0 II=0 A20=1 SMM=0 HLT=0
ES =0030 0000000000000000 ffffffff 00cf9300 DPL=0 DS   [-WA]
CS =0038 0000000000000000 ffffffff 00af9a00 DPL=0 CS64 [-R-]
SS =0030 0000000000000000 ffffffff 00cf9300 DPL=0 DS   [-WA]
DS =0030 0000000000000000 ffffffff 00cf9300 DPL=0 DS   [-WA]
FS =0030 0000000000000000 ffffffff 00cf9300 DPL=0 DS   [-WA]
GS =0030 0000000000000000 ffffffff 00cf9300 DPL=0 DS   [-WA]
LDT=0000 0000000000000000 0000ffff 00008200 DPL=0 LDT
TR =0000 0000000000000000 0000ffff 00008b00 DPL=0 TSS64-busy
GDT=     000000003f5dc000 00000047
IDT=     000000003efa3018 00000fff
CR0=80010033 CR2=0000000000000000 CR3=000000003f801000 CR4=00000668
DR0=0000000000000000 DR1=0000000000000000 DR2=0000000000000000 DR3=0000000000000000 
DR6=00000000ffff0ff0 DR7=0000000000000400
CCS=0000000000000004 CCD=000000000000005c CCO=EFLAGS
EFER=0000000000000d00
Servicing hardware INT=0x20
   118: v=20 e=0000 i=0 cpl=0 IP=0038:000000003e6d3862 pc=000000003e6d3862 SP=0030:000000003fe65060 env->regs[R_EAX]=0000000000000148
RAX=0000000000000148 RBX=0000000000000064 RCX=000000000000b008 RDX=0000000000823747
RSI=000000000082388f RDI=000000003e5b40d4 RBP=000000003fe65090 RSP=000000003fe65060
R8 =000000003fe6507f R9 =000000000000c042 R10=0000000000000000 R11=0000000000000000
R12=000000000004ba58 R13=0000000000000011 R14=000000000000c040 R15=0000000000000000
RIP=000000003e6d3862 RFL=00000206 [-----P-] CPL=0 II=0 A20=1 SMM=0 HLT=0
ES =0030 0000000000000000 ffffffff 00cf9300 DPL=0 DS   [-WA]
CS =0038 0000000000000000 ffffffff 00af9a00 DPL=0 CS64 [-R-]
SS =0030 0000000000000000 ffffffff 00cf9300 DPL=0 DS   [-WA]
DS =0030 0000000000000000 ffffffff 00cf9300 DPL=0 DS   [-WA]
FS =0030 0000000000000000 ffffffff 00cf9300 DPL=0 DS   [-WA]
GS =0030 0000000000000000 ffffffff 00cf9300 DPL=0 DS   [-WA]
LDT=0000 0000000000000000 0000ffff 00008200 DPL=0 LDT
TR =0000 0000000000000000 0000ffff 00008b00 DPL=0 TSS64-busy
GDT=     000000003f5dc000 00000047
IDT=     000000003efa3018 00000fff
CR0=80010033 CR2=0000000000000000 CR3=000000003f801000 CR4=00000668
DR0=0000000000000000 DR1=0000000000000000 DR2=0000000000000000 DR3=0000000000000000 
DR6=00000000ffff0ff0 DR7=0000000000000400
CCS=0000000000000004 CCD=0000000000000148 CCO=EFLAGS
EFER=0000000000000d00
Servicing hardware INT=0x20
   119: v=20 e=0000 i=0 cpl=0 IP=0038:000000003e6d3862 pc=000000003e6d3862 SP=0030:000000003fe65030 env->regs[R_EAX]=00000000000004d9
RAX=00000000000004d9 RBX=0000000000000190 RCX=000000000000b008 RDX=000000000082d2c3
RSI=000000000082d79c RDI=000000003e5b3140 RBP=000000003fe65060 RSP=000000003fe65030
R8 =000000003fe65080 R9 =00000000000001f7 R10=0000000000000000 R11=0000000000000000
R12=000000000004baf1 R13=0000000000000000 R14=000000000000c0ca R15=00000000ffffff00
RIP=000000003e6d3862 RFL=00000202 [-------] CPL=0 II=0 A20=1 SMM=0 HLT=0
ES =0030 0000000000000000 ffffffff 00cf9300 DPL=0 DS   [-WA]
CS =0038 0000000000000000 ffffffff 00af9a00 DPL=0 CS64 [-R-]
SS =0030 0000000000000000 ffffffff 00cf9300 DPL=0 DS   [-WA]
DS =0030 0000000000000000 ffffffff 00cf9300 DPL=0 DS   [-WA]
FS =0030 0000000000000000 ffffffff 00cf9300 DPL=0 DS   [-WA]
GS =0030 0000000000000000 ffffffff 00cf9300 DPL=0 DS   [-WA]
LDT=0000 0000000000000000 0000ffff 00008200 DPL=0 LDT
TR =0000 0000000000000000 0000ffff 00008b00 DPL=0 TSS64-busy
GDT=     000000003f5dc000 00000047
IDT=     000000003efa3018 00000fff
CR0=80010033 CR2=0000000000000000 CR3=000000003f801000 CR4=00000668
DR0=0000000000000000 DR1=0000000000000000 DR2=0000000000000000 DR3=0000000000000000 
DR6=00000000ffff0ff0 DR7=0000000000000400
CCS=0000000000000000 CCD=00000000000004d9 CCO=EFLAGS
EFER=0000000000000d00
Servicing hardware INT=0x20
   120: v=20 e=0000 i=0 cpl=0 IP=0038:000000003e6d3862 pc=000000003e6d3862 SP=0030:000000003fe650a0 env->regs[R_EAX]=0000000000006fc6
RAX=0000000000006fc6 RBX=0000000000002710 RCX=000000000000b008 RDX=00000000008350f1
RSI=000000000083c0b7 RDI=000000003e5b40d4 RBP=000000003fe650d0 RSP=000000003fe650a0
R8 =000000003fe650f0 R9 =00000000000003f6 R10=0000000000000000 R11=0000000000000000
R12=000000000000c042 R13=0000000000000011 R14=000000000000c040 R15=0000000000000000
RIP=000000003e6d3862 RFL=00000206 [-----P-] CPL=0 II=0 A20=1 SMM=0 HLT=0
ES =0030 0000000000000000 ffffffff 00cf9300 DPL=0 DS   [-WA]
CS =0038 0000000000000000 ffffffff 00af9a00 DPL=0 CS64 [-R-]
SS =0030 0000000000000000 ffffffff 00cf9300 DPL=0 DS   [-WA]
DS =0030 0000000000000000 ffffffff 00cf9300 DPL=0 DS   [-WA]
FS =0030 0000000000000000 ffffffff 00cf9300 DPL=0 DS   [-WA]
GS =0030 0000000000000000 ffffffff 00cf9300 DPL=0 DS   [-WA]
LDT=0000 0000000000000000 0000ffff 00008200 DPL=0 LDT
TR =0000 0000000000000000 0000ffff 00008b00 DPL=0 TSS64-busy
GDT=     000000003f5dc000 00000047
IDT=     000000003efa3018 00000fff
CR0=80010033 CR2=0000000000000000 CR3=000000003f801000 CR4=00000668
DR0=0000000000000000 DR1=0000000000000000 DR2=0000000000000000 DR3=0000000000000000 
DR6=00000000ffff0ff0 DR7=0000000000000400
CCS=0000000000000004 CCD=0000000000006fc6 CCO=EFLAGS
EFER=0000000000000d00
Servicing hardware INT=0x20
   121: v=20 e=0000 i=0 cpl=0 IP=0038:000000003e6d3862 pc=000000003e6d3862 SP=0030:000000003fe650a0 env->regs[R_EAX]=0000000000000049
RAX=0000000000000049 RBX=0000000000000064 RCX=000000000000b008 RDX=000000000083db19
RSI=000000000083db62 RDI=000000003e5b40d4 RBP=000000003fe650d0 RSP=000000003fe650a0
R8 =000000003fe650bf R9 =000000000000c042 R10=0000000000000000 R11=0000000000000000
R12=000000000004bae9 R13=0000000000000011 R14=000000000000c040 R15=0000000000000000
RIP=000000003e6d3862 RFL=00000202 [-------] CPL=0 II=0 A20=1 SMM=0 HLT=0
ES =0030 0000000000000000 ffffffff 00cf9300 DPL=0 DS   [-WA]
CS =0038 0000000000000000 ffffffff 00af9a00 DPL=0 CS64 [-R-]
SS =0030 0000000000000000 ffffffff 00cf9300 DPL=0 DS   [-WA]
DS =0030 0000000000000000 ffffffff 00cf9300 DPL=0 DS   [-WA]
FS =0030 0000000000000000 ffffffff 00cf9300 DPL=0 DS   [-WA]
GS =0030 0000000000000000 ffffffff 00cf9300 DPL=0 DS   [-WA]
LDT=0000 0000000000000000 0000ffff 00008200 DPL=0 LDT
TR =0000 0000000000000000 0000ffff 00008b00 DPL=0 TSS64-busy
GDT=     000000003f5dc000 00000047
IDT=     000000003efa3018 00000fff
CR0=80010033 CR2=0000000000000000 CR3=000000003f801000 CR4=00000668
DR0=0000000000000000 DR1=0000000000000000 DR2=0000000000000000 DR3=0000000000000000 
DR6=00000000ffff0ff0 DR7=0000000000000400
CCS=0000000000000000 CCD=0000000000000049 CCO=EFLAGS
EFER=0000000000000d00
Servicing hardware INT=0x20
   122: v=20 e=0000 i=0 cpl=0 IP=0038:000000003e6d3862 pc=000000003e6d3862 SP=0030:000000003fe650a0 env->regs[R_EAX]=0000000000005209
RAX=0000000000005209 RBX=0000000000002710 RCX=000000000000b008 RDX=000000000084694c
RSI=000000000084bb55 RDI=000000003e5b40d4 RBP=000000003fe650d0 RSP=000000003fe650a0
R8 =000000003fe650f0 R9 =00000000000003f6 R10=0000000000000000 R11=0000000000000000
R12=000000000000c042 R13=0000000000000011 R14=000000000000c040 R15=0000000000000000
RIP=000000003e6d3862 RFL=00000206 [-----P-] CPL=0 II=0 A20=1 SMM=0 HLT=0
ES =0030 0000000000000000 ffffffff 00cf9300 DPL=0 DS   [-WA]
CS =0038 0000000000000000 ffffffff 00af9a00 DPL=0 CS64 [-R-]
SS =0030 0000000000000000 ffffffff 00cf9300 DPL=0 DS   [-WA]
DS =0030 0000000000000000 ffffffff 00cf9300 DPL=0 DS   [-WA]
FS =0030 0000000000000000 ffffffff 00cf9300 DPL=0 DS   [-WA]
GS =0030 0000000000000000 ffffffff 00cf9300 DPL=0 DS   [-WA]
LDT=0000 0000000000000000 0000ffff 00008200 DPL=0 LDT
TR =0000 0000000000000000 0000ffff 00008b00 DPL=0 TSS64-busy
GDT=     000000003f5dc000 00000047
IDT=     000000003efa3018 00000fff
CR0=80010033 CR2=0000000000000000 CR3=000000003f801000 CR4=00000668
DR0=0000000000000000 DR1=0000000000000000 DR2=0000000000000000 DR3=0000000000000000 
DR6=00000000ffff0ff0 DR7=0000000000000400
CCS=0000000000000004 CCD=0000000000005209 CCO=EFLAGS
EFER=0000000000000d00
Servicing hardware INT=0x20
   123: v=20 e=0000 i=0 cpl=0 IP=0038:000000003e6d3862 pc=000000003e6d3862 SP=0030:000000003fe650a0 env->regs[R_EAX]=00000000000000c7
RAX=00000000000000c7 RBX=0000000000000064 RCX=000000000000b008 RDX=000000000084f30a
RSI=000000000084f3d1 RDI=000000003e5b40d4 RBP=000000003fe650d0 RSP=000000003fe650a0
R8 =000000003fe650bf R9 =000000000000c042 R10=0000000000000000 R11=0000000000000000
R12=000000000004bad7 R13=0000000000000011 R14=000000000000c040 R15=0000000000000000
RIP=000000003e6d3862 RFL=00000202 [-------] CPL=0 II=0 A20=1 SMM=0 HLT=0
ES =0030 0000000000000000 ffffffff 00cf9300 DPL=0 DS   [-WA]
CS =0038 0000000000000000 ffffffff 00af9a00 DPL=0 CS64 [-R-]
SS =0030 0000000000000000 ffffffff 00cf9300 DPL=0 DS   [-WA]
DS =0030 0000000000000000 ffffffff 00cf9300 DPL=0 DS   [-WA]
FS =0030 0000000000000000 ffffffff 00cf9300 DPL=0 DS   [-WA]
GS =0030 0000000000000000 ffffffff 00cf9300 DPL=0 DS   [-WA]
LDT=0000 0000000000000000 0000ffff 00008200 DPL=0 LDT
TR =0000 0000000000000000 0000ffff 00008b00 DPL=0 TSS64-busy
GDT=     000000003f5dc000 00000047
IDT=     000000003efa3018 00000fff
CR0=80010033 CR2=0000000000000000 CR3=000000003f801000 CR4=00000668
DR0=0000000000000000 DR1=0000000000000000 DR2=0000000000000000 DR3=0000000000000000 
DR6=00000000ffff0ff0 DR7=0000000000000400
CCS=0000000000000000 CCD=00000000000000c7 CCO=EFLAGS
EFER=0000000000000d00
Servicing hardware INT=0x20
   124: v=20 e=0000 i=0 cpl=0 IP=0038:000000003e6d3862 pc=000000003e6d3862 SP=0030:000000003fe650a0 env->regs[R_EAX]=0000000000004179
RAX=0000000000004179 RBX=0000000000002710 RCX=000000000000b008 RDX=0000000000859080
RSI=000000000085d1f9 RDI=000000003e5b40d4 RBP=000000003fe650d0 RSP=000000003fe650a0
R8 =000000003fe650f0 R9 =00000000000003f6 R10=0000000000000000 R11=0000000000000000
R12=000000000000c042 R13=0000000000000011 R14=000000000000c040 R15=0000000000000000
RIP=000000003e6d3862 RFL=00000202 [-------] CPL=0 II=0 A20=1 SMM=0 HLT=0
ES =0030 0000000000000000 ffffffff 00cf9300 DPL=0 DS   [-WA]
CS =0038 0000000000000000 ffffffff 00af9a00 DPL=0 CS64 [-R-]
SS =0030 0000000000000000 ffffffff 00cf9300 DPL=0 DS   [-WA]
DS =0030 0000000000000000 ffffffff 00cf9300 DPL=0 DS   [-WA]
FS =0030 0000000000000000 ffffffff 00cf9300 DPL=0 DS   [-WA]
GS =0030 0000000000000000 ffffffff 00cf9300 DPL=0 DS   [-WA]
LDT=0000 0000000000000000 0000ffff 00008200 DPL=0 LDT
TR =0000 0000000000000000 0000ffff 00008b00 DPL=0 TSS64-busy
GDT=     000000003f5dc000 00000047
IDT=     000000003efa3018 00000fff
CR0=80010033 CR2=0000000000000000 CR3=000000003f801000 CR4=00000668
DR0=0000000000000000 DR1=0000000000000000 DR2=0000000000000000 DR3=0000000000000000 
DR6=00000000ffff0ff0 DR7=0000000000000400
CCS=0000000000000000 CCD=0000000000004179 CCO=EFLAGS
EFER=0000000000000d00
Servicing hardware INT=0x20
   125: v=20 e=0000 i=0 cpl=0 IP=0038:000000003e6d3862 pc=000000003e6d3862 SP=0030:000000003fe650a0 env->regs[R_EAX]=000000000000005f
RAX=000000000000005f RBX=0000000000000064 RCX=000000000000b008 RDX=0000000000860ac1
RSI=0000000000860b20 RDI=000000003e5b40d4 RBP=000000003fe650d0 RSP=000000003fe650a0
R8 =000000003fe650bf R9 =000000000000c042 R10=0000000000000000 R11=0000000000000000
R12=000000000004bad7 R13=0000000000000011 R14=000000000000c040 R15=0000000000000000
RIP=000000003e6d3862 RFL=00000206 [-----P-] CPL=0 II=0 A20=1 SMM=0 HLT=0
ES =0030 0000000000000000 ffffffff 00cf9300 DPL=0 DS   [-WA]
CS =0038 0000000000000000 ffffffff 00af9a00 DPL=0 CS64 [-R-]
SS =0030 0000000000000000 ffffffff 00cf9300 DPL=0 DS   [-WA]
DS =0030 0000000000000000 ffffffff 00cf9300 DPL=0 DS   [-WA]
FS =0030 0000000000000000 ffffffff 00cf9300 DPL=0 DS   [-WA]
GS =0030 0000000000000000 ffffffff 00cf9300 DPL=0 DS   [-WA]
LDT=0000 0000000000000000 0000ffff 00008200 DPL=0 LDT
TR =0000 0000000000000000 0000ffff 00008b00 DPL=0 TSS64-busy
GDT=     000000003f5dc000 00000047
IDT=     000000003efa3018 00000fff
CR0=80010033 CR2=0000000000000000 CR3=000000003f801000 CR4=00000668
DR0=0000000000000000 DR1=0000000000000000 DR2=0000000000000000 DR3=0000000000000000 
DR6=00000000ffff0ff0 DR7=0000000000000400
CCS=0000000000000004 CCD=000000000000005f CCO=EFLAGS
EFER=0000000000000d00
Servicing hardware INT=0x20
   126: v=20 e=0000 i=0 cpl=0 IP=0038:000000003e6d3862 pc=000000003e6d3862 SP=0030:000000003fe650a0 env->regs[R_EAX]=00000000000045ec
RAX=00000000000045ec RBX=0000000000002710 RCX=000000000000b008 RDX=000000000086a3cb
RSI=000000000086e9b7 RDI=000000003e5b40d4 RBP=000000003fe650d0 RSP=000000003fe650a0
R8 =000000003fe650f0 R9 =00000000000003f6 R10=0000000000000000 R11=0000000000000000
R12=000000000000c042 R13=0000000000000011 R14=000000000000c040 R15=0000000000000000
RIP=000000003e6d3862 RFL=00000202 [-------] CPL=0 II=0 A20=1 SMM=0 HLT=0
ES =0030 0000000000000000 ffffffff 00cf9300 DPL=0 DS   [-WA]
CS =0038 0000000000000000 ffffffff 00af9a00 DPL=0 CS64 [-R-]
SS =0030 0000000000000000 ffffffff 00cf9300 DPL=0 DS   [-WA]
DS =0030 0000000000000000 ffffffff 00cf9300 DPL=0 DS   [-WA]
FS =0030 0000000000000000 ffffffff 00cf9300 DPL=0 DS   [-WA]
GS =0030 0000000000000000 ffffffff 00cf9300 DPL=0 DS   [-WA]
LDT=0000 0000000000000000 0000ffff 00008200 DPL=0 LDT
TR =0000 0000000000000000 0000ffff 00008b00 DPL=0 TSS64-busy
GDT=     000000003f5dc000 00000047
IDT=     000000003efa3018 00000fff
CR0=80010033 CR2=0000000000000000 CR3=000000003f801000 CR4=00000668
DR0=0000000000000000 DR1=0000000000000000 DR2=0000000000000000 DR3=0000000000000000 
DR6=00000000ffff0ff0 DR7=0000000000000400
CCS=0000000000000000 CCD=00000000000045ec CCO=EFLAGS
EFER=0000000000000d00
Servicing hardware INT=0x20
   127: v=20 e=0000 i=0 cpl=0 IP=0038:000000003fe773b1 pc=000000003fe773b1 SP=0030:000000003fe65670 env->regs[R_EAX]=4d1ab44318a031ab
RAX=4d1ab44318a031ab RBX=000000003e7b7e38 RCX=000000003e7b7e38 RDX=000000003fe8a140
RSI=000000003e7b7e30 RDI=4f70e8d96a7a5cff RBP=000000003fe656a0 RSP=000000003fe65670
R8 =000000003fe65868 R9 =000000003f4ecf98 R10=0000000000000000 R11=0000000000000000
R12=4d1ab44318a031ab R13=000000003e6756b0 R14=000000003fe8a140 R15=000000003fe844d1
RIP=000000003fe773b1 RFL=00000202 [-------] CPL=0 II=0 A20=1 SMM=0 HLT=0
ES =0030 0000000000000000 ffffffff 00cf9300 DPL=0 DS   [-WA]
CS =0038 0000000000000000 ffffffff 00af9a00 DPL=0 CS64 [-R-]
SS =0030 0000000000000000 ffffffff 00cf9300 DPL=0 DS   [-WA]
DS =0030 0000000000000000 ffffffff 00cf9300 DPL=0 DS   [-WA]
FS =0030 0000000000000000 ffffffff 00cf9300 DPL=0 DS   [-WA]
GS =0030 0000000000000000 ffffffff 00cf9300 DPL=0 DS   [-WA]
LDT=0000 0000000000000000 0000ffff 00008200 DPL=0 LDT
TR =0000 0000000000000000 0000ffff 00008b00 DPL=0 TSS64-busy
GDT=     000000003f5dc000 00000047
IDT=     000000003efa3018 00000fff
CR0=80010033 CR2=0000000000000000 CR3=000000003f801000 CR4=00000668
DR0=0000000000000000 DR1=0000000000000000 DR2=0000000000000000 DR3=0000000000000000 
DR6=00000000ffff0ff0 DR7=0000000000000400
CCS=0000000000000000 CCD=000000003e7b7e38 CCO=EFLAGS
EFER=0000000000000d00
Servicing hardware INT=0x20
   128: v=20 e=0000 i=0 cpl=0 IP=0038:000000003fe6662e pc=000000003fe6662e SP=0030:000000003fe658c0 env->regs[R_EAX]=000000003efa2f18
RAX=000000003efa2f18 RBX=000000003efa2f20 RCX=0000000000000010 RDX=000000003e7a6080
RSI=000000003efbf698 RDI=000000003efbf698 RBP=000000003fe658e0 RSP=000000003fe658c0
R8 =000000003fe659a8 R9 =000000003e7b7d18 R10=0000000000000028 R11=000000003e73d980
R12=000000003efbf698 R13=000000003fe8a250 R14=000000003fe844d1 R15=000000003e7a6080
RIP=000000003fe6662e RFL=00000246 [---Z-P-] CPL=0 II=0 A20=1 SMM=0 HLT=0
ES =0030 0000000000000000 ffffffff 00cf9300 DPL=0 DS   [-WA]
CS =0038 0000000000000000 ffffffff 00af9a00 DPL=0 CS64 [-R-]
SS =0030 0000000000000000 ffffffff 00cf9300 DPL=0 DS   [-WA]
DS =0030 0000000000000000 ffffffff 00cf9300 DPL=0 DS   [-WA]
FS =0030 0000000000000000 ffffffff 00cf9300 DPL=0 DS   [-WA]
GS =0030 0000000000000000 ffffffff 00cf9300 DPL=0 DS   [-WA]
LDT=0000 0000000000000000 0000ffff 00008200 DPL=0 LDT
TR =0000 0000000000000000 0000ffff 00008b00 DPL=0 TSS64-busy
GDT=     000000003f5dc000 00000047
IDT=     000000003efa3018 00000fff
CR0=80010033 CR2=0000000000000000 CR3=000000003f801000 CR4=00000668
DR0=0000000000000000 DR1=0000000000000000 DR2=0000000000000000 DR3=0000000000000000 
DR6=00000000ffff0ff0 DR7=0000000000000400
CCS=0000000000000044 CCD=0000000000000000 CCO=EFLAGS
EFER=0000000000000d00
Servicing hardware INT=0x20
   129: v=20 e=0000 i=0 cpl=0 IP=0038:000000003fe66601 pc=000000003fe66601 SP=0030:000000003fe65900 env->regs[R_EAX]=000000003e749a18
RAX=000000003e749a18 RBX=000000003e74a8a0 RCX=0000000000000010 RDX=000000003e770bb0
RSI=0000000000000010 RDI=000000003eb76618 RBP=000000003fe65920 RSP=000000003fe65900
R8 =000000003fe659e8 R9 =000000003e7b6318 R10=0000000000000028 R11=000000003e73d980
R12=000000003eb76618 R13=000000003fe8a250 R14=000000003fe844d1 R15=000000003e770bb0
RIP=000000003fe66601 RFL=00000287 [--S--PC] CPL=0 II=0 A20=1 SMM=0 HLT=0
ES =0030 0000000000000000 ffffffff 00cf9300 DPL=0 DS   [-WA]
CS =0038 0000000000000000 ffffffff 00af9a00 DPL=0 CS64 [-R-]
SS =0030 0000000000000000 ffffffff 00cf9300 DPL=0 DS   [-WA]
DS =0030 0000000000000000 ffffffff 00cf9300 DPL=0 DS   [-WA]
FS =0030 0000000000000000 ffffffff 00cf9300 DPL=0 DS   [-WA]
GS =0030 0000000000000000 ffffffff 00cf9300 DPL=0 DS   [-WA]
LDT=0000 0000000000000000 0000ffff 00008200 DPL=0 LDT
TR =0000 0000000000000000 0000ffff 00008b00 DPL=0 TSS64-busy
GDT=     000000003f5dc000 00000047
IDT=     000000003efa3018 00000fff
CR0=80010033 CR2=0000000000000000 CR3=000000003f801000 CR4=00000668
DR0=0000000000000000 DR1=0000000000000000 DR2=0000000000000000 DR3=0000000000000000 
DR6=00000000ffff0ff0 DR7=0000000000000400
CCS=0000000000000085 CCD=fffffffffe8c0650 CCO=EFLAGS
EFER=0000000000000d00
Servicing hardware INT=0x20
   130: v=20 e=0000 i=0 cpl=0 IP=0038:000000003fe676da pc=000000003fe676da SP=0030:000000003fe65418 env->regs[R_EAX]=0000000000000000
RAX=0000000000000000 RBX=000000003fe654d8 RCX=0000000000000004 RDX=0000000000000049
RSI=000000003fe655f0 RDI=000000003fe8ab90 RBP=000000003fe65450 RSP=000000003fe65418
R8 =000000003fe654d8 R9 =0000000000000050 R10=000000003ea42f58 R11=000000003e73d980
R12=0000000000000049 R13=0000000000000004 R14=000000003fe8ab90 R15=000000003fe655f0
RIP=000000003fe676da RFL=00000207 [-----PC] CPL=0 II=0 A20=1 SMM=0 HLT=0
ES =0030 0000000000000000 ffffffff 00cf9300 DPL=0 DS   [-WA]
CS =0038 0000000000000000 ffffffff 00af9a00 DPL=0 CS64 [-R-]
SS =0030 0000000000000000 ffffffff 00cf9300 DPL=0 DS   [-WA]
DS =0030 0000000000000000 ffffffff 00cf9300 DPL=0 DS   [-WA]
FS =0030 0000000000000000 ffffffff 00cf9300 DPL=0 DS   [-WA]
GS =0030 0000000000000000 ffffffff 00cf9300 DPL=0 DS   [-WA]
LDT=0000 0000000000000000 0000ffff 00008200 DPL=0 LDT
TR =0000 0000000000000000 0000ffff 00008b00 DPL=0 TSS64-busy
GDT=     000000003f5dc000 00000047
IDT=     000000003efa3018 00000fff
CR0=80010033 CR2=0000000000000000 CR3=000000003f801000 CR4=00000668
DR0=0000000000000000 DR1=0000000000000000 DR2=0000000000000000 DR3=0000000000000000 
DR6=00000000ffff0ff0 DR7=0000000000000400
CCS=0000000000000005 CCD=0000000000000072 CCO=EFLAGS
EFER=0000000000000d00
Servicing hardware INT=0x20
   131: v=20 e=0000 i=0 cpl=0 IP=0038:000000003efa0609 pc=000000003efa0609 SP=0030:000000003fe64f90 env->regs[R_EAX]=0000000000000000
RAX=0000000000000000 RBX=0000000000000170 RCX=0000000000000001 RDX=0000000000000170
RSI=0000000000000001 RDI=0000000000000000 RBP=000000003fe65000 RSP=000000003fe64f90
R8 =000000003fe65112 R9 =0000000000000170 R10=0000000000000000 R11=0000000000000001
R12=0000000000000001 R13=000000003fe65112 R14=0000000000000002 R15=0000000000000002
RIP=000000003efa0609 RFL=00000246 [---Z-P-] CPL=0 II=0 A20=1 SMM=0 HLT=0
ES =0030 0000000000000000 ffffffff 00cf9300 DPL=0 DS   [-WA]
CS =0038 0000000000000000 ffffffff 00af9a00 DPL=0 CS64 [-R-]
SS =0030 0000000000000000 ffffffff 00cf9300 DPL=0 DS   [-WA]
DS =0030 0000000000000000 ffffffff 00cf9300 DPL=0 DS   [-WA]
FS =0030 0000000000000000 ffffffff 00cf9300 DPL=0 DS   [-WA]
GS =0030 0000000000000000 ffffffff 00cf9300 DPL=0 DS   [-WA]
LDT=0000 0000000000000000 0000ffff 00008200 DPL=0 LDT
TR =0000 0000000000000000 0000ffff 00008b00 DPL=0 TSS64-busy
GDT=     000000003f5dc000 00000047
IDT=     000000003efa3018 00000fff
CR0=80010033 CR2=0000000000000000 CR3=000000003f801000 CR4=00000668
DR0=0000000000000000 DR1=0000000000000000 DR2=0000000000000000 DR3=0000000000000000 
DR6=00000000ffff0ff0 DR7=0000000000000400
CCS=0000000000000044 CCD=0000000000000000 CCO=EFLAGS
EFER=0000000000000d00
Servicing hardware INT=0x20
   132: v=20 e=0000 i=0 cpl=0 IP=0038:000000003e6d3862 pc=000000003e6d3862 SP=0030:000000003fe65140 env->regs[R_EAX]=00000000000080d3
RAX=00000000000080d3 RBX=0000000000002710 RCX=000000000000b008 RDX=000000000089ded0
RSI=00000000008a5fa3 RDI=000000003e5b40d4 RBP=000000003fe65170 RSP=000000003fe65140
R8 =000000003fe65190 R9 =00000000000003f6 R10=0000000000000000 R11=0000000000000000
R12=000000000000c042 R13=0000000000000011 R14=000000000000c040 R15=0000000000000000
RIP=000000003e6d3862 RFL=00000202 [-------] CPL=0 II=0 A20=1 SMM=0 HLT=0
ES =0030 0000000000000000 ffffffff 00cf9300 DPL=0 DS   [-WA]
CS =0038 0000000000000000 ffffffff 00af9a00 DPL=0 CS64 [-R-]
SS =0030 0000000000000000 ffffffff 00cf9300 DPL=0 DS   [-WA]
DS =0030 0000000000000000 ffffffff 00cf9300 DPL=0 DS   [-WA]
FS =0030 0000000000000000 ffffffff 00cf9300 DPL=0 DS   [-WA]
GS =0030 0000000000000000 ffffffff 00cf9300 DPL=0 DS   [-WA]
LDT=0000 0000000000000000 0000ffff 00008200 DPL=0 LDT
TR =0000 0000000000000000 0000ffff 00008b00 DPL=0 TSS64-busy
GDT=     000000003f5dc000 00000047
IDT=     000000003efa3018 00000fff
CR0=80010033 CR2=0000000000000000 CR3=000000003f801000 CR4=00000668
DR0=0000000000000000 DR1=0000000000000000 DR2=0000000000000000 DR3=0000000000000000 
DR6=00000000ffff0ff0 DR7=0000000000000400
CCS=0000000000000000 CCD=00000000000080d3 CCO=EFLAGS
EFER=0000000000000d00
Servicing hardware INT=0x20
   133: v=20 e=0000 i=0 cpl=0 IP=0038:000000003e6d3862 pc=000000003e6d3862 SP=0030:000000003fe64f90 env->regs[R_EAX]=000000000000007d
RAX=000000000000007d RBX=0000000000000064 RCX=000000000000b008 RDX=00000000008a6d4d
RSI=00000000008a6dca RDI=000000003e5b40d4 RBP=000000003fe64fc0 RSP=000000003fe64f90
R8 =000000003fe64faf R9 =000000000000c042 R10=0000000000000000 R11=0000000000000000
R12=000000000004baf1 R13=0000000000000011 R14=000000000000c040 R15=0000000000000000
RIP=000000003e6d3862 RFL=00000206 [-----P-] CPL=0 II=0 A20=1 SMM=0 HLT=0
ES =0030 0000000000000000 ffffffff 00cf9300 DPL=0 DS   [-WA]
CS =0038 0000000000000000 ffffffff 00af9a00 DPL=0 CS64 [-R-]
SS =0030 0000000000000000 ffffffff 00cf9300 DPL=0 DS   [-WA]
DS =0030 0000000000000000 ffffffff 00cf9300 DPL=0 DS   [-WA]
FS =0030 0000000000000000 ffffffff 00cf9300 DPL=0 DS   [-WA]
GS =0030 0000000000000000 ffffffff 00cf9300 DPL=0 DS   [-WA]
LDT=0000 0000000000000000 0000ffff 00008200 DPL=0 LDT
TR =0000 0000000000000000 0000ffff 00008b00 DPL=0 TSS64-busy
GDT=     000000003f5dc000 00000047
IDT=     000000003efa3018 00000fff
CR0=80010033 CR2=0000000000000000 CR3=000000003f801000 CR4=00000668
DR0=0000000000000000 DR1=0000000000000000 DR2=0000000000000000 DR3=0000000000000000 
DR6=00000000ffff0ff0 DR7=0000000000000400
CCS=0000000000000004 CCD=000000000000007d CCO=EFLAGS
EFER=0000000000000d00
Servicing hardware INT=0x20
   134: v=20 e=0000 i=0 cpl=0 IP=0038:000000003e6d3862 pc=000000003e6d3862 SP=0030:000000003fe64f90 env->regs[R_EAX]=0000000000000520
RAX=0000000000000520 RBX=0000000000002710 RCX=000000000000b008 RDX=00000000008af87c
RSI=00000000008afd9c RDI=000000003e5b40d4 RBP=000000003fe64fc0 RSP=000000003fe64f90
R8 =000000003fe64fe0 R9 =00000000000003f6 R10=0000000000000000 R11=0000000000000000
R12=000000000000c042 R13=0000000000000011 R14=000000000000c040 R15=0000000000000000
RIP=000000003e6d3862 RFL=00000202 [-------] CPL=0 II=0 A20=1 SMM=0 HLT=0
ES =0030 0000000000000000 ffffffff 00cf9300 DPL=0 DS   [-WA]
CS =0038 0000000000000000 ffffffff 00af9a00 DPL=0 CS64 [-R-]
SS =0030 0000000000000000 ffffffff 00cf9300 DPL=0 DS   [-WA]
DS =0030 0000000000000000 ffffffff 00cf9300 DPL=0 DS   [-WA]
FS =0030 0000000000000000 ffffffff 00cf9300 DPL=0 DS   [-WA]
GS =0030 0000000000000000 ffffffff 00cf9300 DPL=0 DS   [-WA]
LDT=0000 0000000000000000 0000ffff 00008200 DPL=0 LDT
TR =0000 0000000000000000 0000ffff 00008b00 DPL=0 TSS64-busy
GDT=     000000003f5dc000 00000047
IDT=     000000003efa3018 00000fff
CR0=80010033 CR2=0000000000000000 CR3=000000003f801000 CR4=00000668
DR0=0000000000000000 DR1=0000000000000000 DR2=0000000000000000 DR3=0000000000000000 
DR6=00000000ffff0ff0 DR7=0000000000000400
CCS=0000000000000000 CCD=0000000000000520 CCO=EFLAGS
EFER=0000000000000d00
Servicing hardware INT=0x20
   135: v=20 e=0000 i=0 cpl=0 IP=0038:000000003e6d3862 pc=000000003e6d3862 SP=0030:000000003fe64f90 env->regs[R_EAX]=0000000000000b3c
RAX=0000000000000b3c RBX=0000000000002710 RCX=000000000000b008 RDX=00000000008b8b90
RSI=00000000008b96cc RDI=000000003e5b40d4 RBP=000000003fe64fc0 RSP=000000003fe64f90
R8 =000000003fe64fe0 R9 =00000000000003f6 R10=0000000000000000 R11=0000000000000000
R12=000000000000c042 R13=0000000000000011 R14=000000000000c040 R15=0000000000000000
RIP=000000003e6d3862 RFL=00000206 [-----P-] CPL=0 II=0 A20=1 SMM=0 HLT=0
ES =0030 0000000000000000 ffffffff 00cf9300 DPL=0 DS   [-WA]
CS =0038 0000000000000000 ffffffff 00af9a00 DPL=0 CS64 [-R-]
SS =0030 0000000000000000 ffffffff 00cf9300 DPL=0 DS   [-WA]
DS =0030 0000000000000000 ffffffff 00cf9300 DPL=0 DS   [-WA]
FS =0030 0000000000000000 ffffffff 00cf9300 DPL=0 DS   [-WA]
GS =0030 0000000000000000 ffffffff 00cf9300 DPL=0 DS   [-WA]
LDT=0000 0000000000000000 0000ffff 00008200 DPL=0 LDT
TR =0000 0000000000000000 0000ffff 00008b00 DPL=0 TSS64-busy
GDT=     000000003f5dc000 00000047
IDT=     000000003efa3018 00000fff
CR0=80010033 CR2=0000000000000000 CR3=000000003f801000 CR4=00000668
DR0=0000000000000000 DR1=0000000000000000 DR2=0000000000000000 DR3=0000000000000000 
DR6=00000000ffff0ff0 DR7=0000000000000400
CCS=0000000000000004 CCD=0000000000000b3c CCO=EFLAGS
EFER=0000000000000d00
Servicing hardware INT=0x20
   136: v=20 e=0000 i=0 cpl=0 IP=0038:000000003e6d3862 pc=000000003e6d3862 SP=0030:000000003fe65130 env->regs[R_EAX]=00000000000021c3
RAX=00000000000021c3 RBX=0000000000002710 RCX=000000000000b008 RDX=00000000008c1172
RSI=00000000008c3335 RDI=000000003e5b40d4 RBP=000000003fe65160 RSP=000000003fe65130
R8 =000000003fe65180 R9 =00000000000003f6 R10=0000000000000000 R11=0000000000000000
R12=000000000000c042 R13=0000000000000011 R14=000000000000c040 R15=0000000000000000
RIP=000000003e6d3862 RFL=00000206 [-----P-] CPL=0 II=0 A20=1 SMM=0 HLT=0
ES =0030 0000000000000000 ffffffff 00cf9300 DPL=0 DS   [-WA]
CS =0038 0000000000000000 ffffffff 00af9a00 DPL=0 CS64 [-R-]
SS =0030 0000000000000000 ffffffff 00cf9300 DPL=0 DS   [-WA]
DS =0030 0000000000000000 ffffffff 00cf9300 DPL=0 DS   [-WA]
FS =0030 0000000000000000 ffffffff 00cf9300 DPL=0 DS   [-WA]
GS =0030 0000000000000000 ffffffff 00cf9300 DPL=0 DS   [-WA]
LDT=0000 0000000000000000 0000ffff 00008200 DPL=0 LDT
TR =0000 0000000000000000 0000ffff 00008b00 DPL=0 TSS64-busy
GDT=     000000003f5dc000 00000047
IDT=     000000003efa3018 00000fff
CR0=80010033 CR2=0000000000000000 CR3=000000003f801000 CR4=00000668
DR0=0000000000000000 DR1=0000000000000000 DR2=0000000000000000 DR3=0000000000000000 
DR6=00000000ffff0ff0 DR7=0000000000000400
CCS=0000000000000004 CCD=00000000000021c3 CCO=EFLAGS
EFER=0000000000000d00
Servicing hardware INT=0x20
   137: v=20 e=0000 i=0 cpl=0 IP=0038:000000003eb55171 pc=000000003eb55171 SP=0030:000000003fe656f0 env->regs[R_EAX]=0000000000000421
RAX=0000000000000421 RBX=00000000008cb7a4 RCX=000000000000b008 RDX=00000000008cb383
RSI=000000000000000d RDI=0000000000000dfb RBP=000000003fe65700 RSP=000000003fe656f0
R8 =000000003fe6579c R9 =0000000000000030 R10=000000003e425c00 R11=000000003e4260d0
R12=0000000000000000 R13=000000003e427ef8 R14=0000000000000004 R15=000000003e427f18
RIP=000000003eb55171 RFL=00000206 [-----P-] CPL=0 II=0 A20=1 SMM=0 HLT=0
ES =0030 0000000000000000 ffffffff 00cf9300 DPL=0 DS   [-WA]
CS =0038 0000000000000000 ffffffff 00af9a00 DPL=0 CS64 [-R-]
SS =0030 0000000000000000 ffffffff 00cf9300 DPL=0 DS   [-WA]
DS =0030 0000000000000000 ffffffff 00cf9300 DPL=0 DS   [-WA]
FS =0030 0000000000000000 ffffffff 00cf9300 DPL=0 DS   [-WA]
GS =0030 0000000000000000 ffffffff 00cf9300 DPL=0 DS   [-WA]
LDT=0000 0000000000000000 0000ffff 00008200 DPL=0 LDT
TR =0000 0000000000000000 0000ffff 00008b00 DPL=0 TSS64-busy
GDT=     000000003f5dc000 00000047
IDT=     000000003efa3018 00000fff
CR0=80010033 CR2=0000000000000000 CR3=000000003f801000 CR4=00000668
DR0=0000000000000000 DR1=0000000000000000 DR2=0000000000000000 DR3=0000000000000000 
DR6=00000000ffff0ff0 DR7=0000000000000400
CCS=0000000000000004 CCD=0000000000000421 CCO=EFLAGS
EFER=0000000000000d00
Servicing hardware INT=0x20
   138: v=20 e=0000 i=0 cpl=0 IP=0038:000000003eb55171 pc=000000003eb55171 SP=0030:000000003fe656f0 env->regs[R_EAX]=0000000000000be3
RAX=0000000000000be3 RBX=00000000008d44d7 RCX=000000000000b008 RDX=00000000008d38f4
RSI=000000000000000d RDI=0000000000000dfb RBP=000000003fe65700 RSP=000000003fe656f0
R8 =000000003fe6579c R9 =0000000000000030 R10=000000003e425c00 R11=000000003e4260d0
R12=0000000000000000 R13=000000003e427ef8 R14=0000000000000004 R15=000000003e427f18
RIP=000000003eb55171 RFL=00000202 [-------] CPL=0 II=0 A20=1 SMM=0 HLT=0
ES =0030 0000000000000000 ffffffff 00cf9300 DPL=0 DS   [-WA]
CS =0038 0000000000000000 ffffffff 00af9a00 DPL=0 CS64 [-R-]
SS =0030 0000000000000000 ffffffff 00cf9300 DPL=0 DS   [-WA]
DS =0030 0000000000000000 ffffffff 00cf9300 DPL=0 DS   [-WA]
FS =0030 0000000000000000 ffffffff 00cf9300 DPL=0 DS   [-WA]
GS =0030 0000000000000000 ffffffff 00cf9300 DPL=0 DS   [-WA]
LDT=0000 0000000000000000 0000ffff 00008200 DPL=0 LDT
TR =0000 0000000000000000 0000ffff 00008b00 DPL=0 TSS64-busy
GDT=     000000003f5dc000 00000047
IDT=     000000003efa3018 00000fff
CR0=80010033 CR2=0000000000000000 CR3=000000003f801000 CR4=00000668
DR0=0000000000000000 DR1=0000000000000000 DR2=0000000000000000 DR3=0000000000000000 
DR6=00000000ffff0ff0 DR7=0000000000000400
CCS=0000000000000000 CCD=0000000000000be3 CCO=EFLAGS
EFER=0000000000000d00
Servicing hardware INT=0x20
   139: v=20 e=0000 i=0 cpl=0 IP=0038:000000003eb55171 pc=000000003eb55171 SP=0030:000000003fe656f0 env->regs[R_EAX]=0000000000000acb
RAX=0000000000000acb RBX=00000000008dc30e RCX=000000000000b008 RDX=00000000008db843
RSI=000000000000000d RDI=0000000000000dfb RBP=000000003fe65700 RSP=000000003fe656f0
R8 =000000003fe6579c R9 =0000000000000030 R10=000000003e425c00 R11=000000003e4260d0
R12=0000000000000000 R13=000000003e427ef8 R14=0000000000000004 R15=000000003e427f18
RIP=000000003eb55171 RFL=00000202 [-------] CPL=0 II=0 A20=1 SMM=0 HLT=0
ES =0030 0000000000000000 ffffffff 00cf9300 DPL=0 DS   [-WA]
CS =0038 0000000000000000 ffffffff 00af9a00 DPL=0 CS64 [-R-]
SS =0030 0000000000000000 ffffffff 00cf9300 DPL=0 DS   [-WA]
DS =0030 0000000000000000 ffffffff 00cf9300 DPL=0 DS   [-WA]
FS =0030 0000000000000000 ffffffff 00cf9300 DPL=0 DS   [-WA]
GS =0030 0000000000000000 ffffffff 00cf9300 DPL=0 DS   [-WA]
LDT=0000 0000000000000000 0000ffff 00008200 DPL=0 LDT
TR =0000 0000000000000000 0000ffff 00008b00 DPL=0 TSS64-busy
GDT=     000000003f5dc000 00000047
IDT=     000000003efa3018 00000fff
CR0=80010033 CR2=0000000000000000 CR3=000000003f801000 CR4=00000668
DR0=0000000000000000 DR1=0000000000000000 DR2=0000000000000000 DR3=0000000000000000 
DR6=00000000ffff0ff0 DR7=0000000000000400
CCS=0000000000000000 CCD=0000000000000acb CCO=EFLAGS
EFER=0000000000000d00
Servicing hardware INT=0x20
   140: v=20 e=0000 i=0 cpl=0 IP=0038:000000003eb55171 pc=000000003eb55171 SP=0030:000000003fe656f0 env->regs[R_EAX]=00000000000004d0
RAX=00000000000004d0 RBX=00000000008e509b RCX=000000000000b008 RDX=00000000008e4bcb
RSI=000000000000000d RDI=0000000000000dfb RBP=000000003fe65700 RSP=000000003fe656f0
R8 =000000003fe6579c R9 =0000000000000030 R10=000000003e425c00 R11=000000003e4260d0
R12=0000000000000000 R13=000000003e427ef8 R14=0000000000000004 R15=000000003e427f18
RIP=000000003eb55171 RFL=00000202 [-------] CPL=0 II=0 A20=1 SMM=0 HLT=0
ES =0030 0000000000000000 ffffffff 00cf9300 DPL=0 DS   [-WA]
CS =0038 0000000000000000 ffffffff 00af9a00 DPL=0 CS64 [-R-]
SS =0030 0000000000000000 ffffffff 00cf9300 DPL=0 DS   [-WA]
DS =0030 0000000000000000 ffffffff 00cf9300 DPL=0 DS   [-WA]
FS =0030 0000000000000000 ffffffff 00cf9300 DPL=0 DS   [-WA]
GS =0030 0000000000000000 ffffffff 00cf9300 DPL=0 DS   [-WA]
LDT=0000 0000000000000000 0000ffff 00008200 DPL=0 LDT
TR =0000 0000000000000000 0000ffff 00008b00 DPL=0 TSS64-busy
GDT=     000000003f5dc000 00000047
IDT=     000000003efa3018 00000fff
CR0=80010033 CR2=0000000000000000 CR3=000000003f801000 CR4=00000668
DR0=0000000000000000 DR1=0000000000000000 DR2=0000000000000000 DR3=0000000000000000 
DR6=00000000ffff0ff0 DR7=0000000000000400
CCS=0000000000000000 CCD=00000000000004d0 CCO=EFLAGS
EFER=0000000000000d00
Servicing hardware INT=0x20
   141: v=20 e=0000 i=0 cpl=0 IP=0038:000000003eb55171 pc=000000003eb55171 SP=0030:000000003fe656f0 env->regs[R_EAX]=000000000000022b
RAX=000000000000022b RBX=00000000008ee10e RCX=000000000000b008 RDX=00000000008edee3
RSI=000000000000000d RDI=0000000000000dfb RBP=000000003fe65700 RSP=000000003fe656f0
R8 =000000003fe6579c R9 =0000000000000030 R10=000000003e425c00 R11=000000003e4260d0
R12=0000000000000000 R13=000000003e427ef8 R14=0000000000000004 R15=000000003e427f18
RIP=000000003eb55171 RFL=00000206 [-----P-] CPL=0 II=0 A20=1 SMM=0 HLT=0
ES =0030 0000000000000000 ffffffff 00cf9300 DPL=0 DS   [-WA]
CS =0038 0000000000000000 ffffffff 00af9a00 DPL=0 CS64 [-R-]
SS =0030 0000000000000000 ffffffff 00cf9300 DPL=0 DS   [-WA]
DS =0030 0000000000000000 ffffffff 00cf9300 DPL=0 DS   [-WA]
FS =0030 0000000000000000 ffffffff 00cf9300 DPL=0 DS   [-WA]
GS =0030 0000000000000000 ffffffff 00cf9300 DPL=0 DS   [-WA]
LDT=0000 0000000000000000 0000ffff 00008200 DPL=0 LDT
TR =0000 0000000000000000 0000ffff 00008b00 DPL=0 TSS64-busy
GDT=     000000003f5dc000 00000047
IDT=     000000003efa3018 00000fff
CR0=80010033 CR2=0000000000000000 CR3=000000003f801000 CR4=00000668
DR0=0000000000000000 DR1=0000000000000000 DR2=0000000000000000 DR3=0000000000000000 
DR6=00000000ffff0ff0 DR7=0000000000000400
CCS=0000000000000004 CCD=000000000000022b CCO=EFLAGS
EFER=0000000000000d00
Servicing hardware INT=0x20
   142: v=20 e=0000 i=0 cpl=0 IP=0038:000000003e6d3862 pc=000000003e6d3862 SP=0030:000000003fe64eb0 env->regs[R_EAX]=0000000000000164
RAX=0000000000000164 RBX=0000000000000064 RCX=000000000000b008 RDX=00000000008f53e1
RSI=00000000008f5545 RDI=000000003e5b40d4 RBP=000000003fe64ee0 RSP=000000003fe64eb0
R8 =000000003fe64ecf R9 =000000000000c042 R10=0000000000000000 R11=0000000000000000
R12=000000000004baf0 R13=0000000000000011 R14=000000000000c040 R15=0000000000000000
RIP=000000003e6d3862 RFL=00000202 [-------] CPL=0 II=0 A20=1 SMM=0 HLT=0
ES =0030 0000000000000000 ffffffff 00cf9300 DPL=0 DS   [-WA]
CS =0038 0000000000000000 ffffffff 00af9a00 DPL=0 CS64 [-R-]
SS =0030 0000000000000000 ffffffff 00cf9300 DPL=0 DS   [-WA]
DS =0030 0000000000000000 ffffffff 00cf9300 DPL=0 DS   [-WA]
FS =0030 0000000000000000 ffffffff 00cf9300 DPL=0 DS   [-WA]
GS =0030 0000000000000000 ffffffff 00cf9300 DPL=0 DS   [-WA]
LDT=0000 0000000000000000 0000ffff 00008200 DPL=0 LDT
TR =0000 0000000000000000 0000ffff 00008b00 DPL=0 TSS64-busy
GDT=     000000003f5dc000 00000047
IDT=     000000003efa3018 00000fff
CR0=80010033 CR2=0000000000000000 CR3=000000003f801000 CR4=00000668
DR0=0000000000000000 DR1=0000000000000000 DR2=0000000000000000 DR3=0000000000000000 
DR6=00000000ffff0ff0 DR7=0000000000000400
CCS=0000000000000000 CCD=0000000000000164 CCO=EFLAGS
EFER=0000000000000d00
Servicing hardware INT=0x20
   143: v=20 e=0000 i=0 cpl=0 IP=0038:000000003e6d3862 pc=000000003e6d3862 SP=0030:000000003fe64eb0 env->regs[R_EAX]=00000000000058ba
RAX=00000000000058ba RBX=0000000000002710 RCX=000000000000b008 RDX=00000000008fe955
RSI=000000000090420f RDI=000000003e5b40d4 RBP=000000003fe64ee0 RSP=000000003fe64eb0
R8 =000000003fe64f00 R9 =00000000000003f6 R10=0000000000000000 R11=0000000000000000
R12=000000000000c042 R13=0000000000000011 R14=000000000000c040 R15=0000000000000000
RIP=000000003e6d3862 RFL=00000202 [-------] CPL=0 II=0 A20=1 SMM=0 HLT=0
ES =0030 0000000000000000 ffffffff 00cf9300 DPL=0 DS   [-WA]
CS =0038 0000000000000000 ffffffff 00af9a00 DPL=0 CS64 [-R-]
SS =0030 0000000000000000 ffffffff 00cf9300 DPL=0 DS   [-WA]
DS =0030 0000000000000000 ffffffff 00cf9300 DPL=0 DS   [-WA]
FS =0030 0000000000000000 ffffffff 00cf9300 DPL=0 DS   [-WA]
GS =0030 0000000000000000 ffffffff 00cf9300 DPL=0 DS   [-WA]
LDT=0000 0000000000000000 0000ffff 00008200 DPL=0 LDT
TR =0000 0000000000000000 0000ffff 00008b00 DPL=0 TSS64-busy
GDT=     000000003f5dc000 00000047
IDT=     000000003efa3018 00000fff
CR0=80010033 CR2=0000000000000000 CR3=000000003f801000 CR4=00000668
DR0=0000000000000000 DR1=0000000000000000 DR2=0000000000000000 DR3=0000000000000000 
DR6=00000000ffff0ff0 DR7=0000000000000400
CCS=0000000000000000 CCD=00000000000058ba CCO=EFLAGS
EFER=0000000000000d00
Servicing hardware INT=0x20
   144: v=20 e=0000 i=0 cpl=0 IP=0038:000000003e6d3862 pc=000000003e6d3862 SP=0030:000000003fe64eb0 env->regs[R_EAX]=000000000000014d
RAX=000000000000014d RBX=0000000000000064 RCX=000000000000b008 RDX=0000000000906b05
RSI=0000000000906c52 RDI=000000003e5b40d4 RBP=000000003fe64ee0 RSP=000000003fe64eb0
R8 =000000003fe64ecf R9 =000000000000c042 R10=0000000000000000 R11=0000000000000000
R12=000000000004bae8 R13=0000000000000011 R14=000000000000c040 R15=0000000000000000
RIP=000000003e6d3862 RFL=00000206 [-----P-] CPL=0 II=0 A20=1 SMM=0 HLT=0
ES =0030 0000000000000000 ffffffff 00cf9300 DPL=0 DS   [-WA]
CS =0038 0000000000000000 ffffffff 00af9a00 DPL=0 CS64 [-R-]
SS =0030 0000000000000000 ffffffff 00cf9300 DPL=0 DS   [-WA]
DS =0030 0000000000000000 ffffffff 00cf9300 DPL=0 DS   [-WA]
FS =0030 0000000000000000 ffffffff 00cf9300 DPL=0 DS   [-WA]
GS =0030 0000000000000000 ffffffff 00cf9300 DPL=0 DS   [-WA]
LDT=0000 0000000000000000 0000ffff 00008200 DPL=0 LDT
TR =0000 0000000000000000 0000ffff 00008b00 DPL=0 TSS64-busy
GDT=     000000003f5dc000 00000047
IDT=     000000003efa3018 00000fff
CR0=80010033 CR2=0000000000000000 CR3=000000003f801000 CR4=00000668
DR0=0000000000000000 DR1=0000000000000000 DR2=0000000000000000 DR3=0000000000000000 
DR6=00000000ffff0ff0 DR7=0000000000000400
CCS=0000000000000004 CCD=000000000000014d CCO=EFLAGS
EFER=0000000000000d00
Servicing hardware INT=0x20
   145: v=20 e=0000 i=0 cpl=0 IP=0038:000000003e6d3862 pc=000000003e6d3862 SP=0030:000000003fe64eb0 env->regs[R_EAX]=00000000000043a8
RAX=00000000000043a8 RBX=0000000000002710 RCX=000000000000b008 RDX=00000000009100c2
RSI=000000000091446a RDI=000000003e5b40d4 RBP=000000003fe64ee0 RSP=000000003fe64eb0
R8 =000000003fe64f00 R9 =00000000000003f6 R10=0000000000000000 R11=0000000000000000
R12=000000000000c042 R13=0000000000000011 R14=000000000000c040 R15=0000000000000000
RIP=000000003e6d3862 RFL=00000202 [-------] CPL=0 II=0 A20=1 SMM=0 HLT=0
ES =0030 0000000000000000 ffffffff 00cf9300 DPL=0 DS   [-WA]
CS =0038 0000000000000000 ffffffff 00af9a00 DPL=0 CS64 [-R-]
SS =0030 0000000000000000 ffffffff 00cf9300 DPL=0 DS   [-WA]
DS =0030 0000000000000000 ffffffff 00cf9300 DPL=0 DS   [-WA]
FS =0030 0000000000000000 ffffffff 00cf9300 DPL=0 DS   [-WA]
GS =0030 0000000000000000 ffffffff 00cf9300 DPL=0 DS   [-WA]
LDT=0000 0000000000000000 0000ffff 00008200 DPL=0 LDT
TR =0000 0000000000000000 0000ffff 00008b00 DPL=0 TSS64-busy
GDT=     000000003f5dc000 00000047
IDT=     000000003efa3018 00000fff
CR0=80010033 CR2=0000000000000000 CR3=000000003f801000 CR4=00000668
DR0=0000000000000000 DR1=0000000000000000 DR2=0000000000000000 DR3=0000000000000000 
DR6=00000000ffff0ff0 DR7=0000000000000400
CCS=0000000000000000 CCD=00000000000043a8 CCO=EFLAGS
EFER=0000000000000d00
Servicing hardware INT=0x20
   146: v=20 e=0000 i=0 cpl=0 IP=0038:000000003e6d3862 pc=000000003e6d3862 SP=0030:000000003fe64eb0 env->regs[R_EAX]=0000000000000057
RAX=0000000000000057 RBX=0000000000000064 RCX=000000000000b008 RDX=00000000009182d4
RSI=000000000091832b RDI=000000003e5b40d4 RBP=000000003fe64ee0 RSP=000000003fe64eb0
R8 =000000003fe64ecf R9 =000000000000c042 R10=0000000000000000 R11=0000000000000000
R12=000000000004bad5 R13=0000000000000011 R14=000000000000c040 R15=0000000000000000
RIP=000000003e6d3862 RFL=00000202 [-------] CPL=0 II=0 A20=1 SMM=0 HLT=0
ES =0030 0000000000000000 ffffffff 00cf9300 DPL=0 DS   [-WA]
CS =0038 0000000000000000 ffffffff 00af9a00 DPL=0 CS64 [-R-]
SS =0030 0000000000000000 ffffffff 00cf9300 DPL=0 DS   [-WA]
DS =0030 0000000000000000 ffffffff 00cf9300 DPL=0 DS   [-WA]
FS =0030 0000000000000000 ffffffff 00cf9300 DPL=0 DS   [-WA]
GS =0030 0000000000000000 ffffffff 00cf9300 DPL=0 DS   [-WA]
LDT=0000 0000000000000000 0000ffff 00008200 DPL=0 LDT
TR =0000 0000000000000000 0000ffff 00008b00 DPL=0 TSS64-busy
GDT=     000000003f5dc000 00000047
IDT=     000000003efa3018 00000fff
CR0=80010033 CR2=0000000000000000 CR3=000000003f801000 CR4=00000668
DR0=0000000000000000 DR1=0000000000000000 DR2=0000000000000000 DR3=0000000000000000 
DR6=00000000ffff0ff0 DR7=0000000000000400
CCS=0000000000000000 CCD=0000000000000057 CCO=EFLAGS
EFER=0000000000000d00
Servicing hardware INT=0x20
   147: v=20 e=0000 i=0 cpl=0 IP=0038:000000003e6d3862 pc=000000003e6d3862 SP=0030:000000003fe64eb0 env->regs[R_EAX]=0000000000005434
RAX=0000000000005434 RBX=0000000000002710 RCX=000000000000b008 RDX=0000000000921232
RSI=0000000000926666 RDI=000000003e5b40d4 RBP=000000003fe64ee0 RSP=000000003fe64eb0
R8 =000000003fe64f00 R9 =00000000000003f6 R10=0000000000000000 R11=0000000000000000
R12=000000000000c042 R13=0000000000000011 R14=000000000000c040 R15=0000000000000000
RIP=000000003e6d3862 RFL=00000202 [-------] CPL=0 II=0 A20=1 SMM=0 HLT=0
ES =0030 0000000000000000 ffffffff 00cf9300 DPL=0 DS   [-WA]
CS =0038 0000000000000000 ffffffff 00af9a00 DPL=0 CS64 [-R-]
SS =0030 0000000000000000 ffffffff 00cf9300 DPL=0 DS   [-WA]
DS =0030 0000000000000000 ffffffff 00cf9300 DPL=0 DS   [-WA]
FS =0030 0000000000000000 ffffffff 00cf9300 DPL=0 DS   [-WA]
GS =0030 0000000000000000 ffffffff 00cf9300 DPL=0 DS   [-WA]
LDT=0000 0000000000000000 0000ffff 00008200 DPL=0 LDT
TR =0000 0000000000000000 0000ffff 00008b00 DPL=0 TSS64-busy
GDT=     000000003f5dc000 00000047
IDT=     000000003efa3018 00000fff
CR0=80010033 CR2=0000000000000000 CR3=000000003f801000 CR4=00000668
DR0=0000000000000000 DR1=0000000000000000 DR2=0000000000000000 DR3=0000000000000000 
DR6=00000000ffff0ff0 DR7=0000000000000400
CCS=0000000000000000 CCD=0000000000005434 CCO=EFLAGS
EFER=0000000000000d00
Servicing hardware INT=0x20
   148: v=20 e=0000 i=0 cpl=0 IP=0038:000000003e6d3862 pc=000000003e6d3862 SP=0030:000000003fe64ef0 env->regs[R_EAX]=0000000000000158
RAX=0000000000000158 RBX=0000000000000064 RCX=000000000000b008 RDX=0000000000929a50
RSI=0000000000929ba8 RDI=000000003e5b40d4 RBP=000000003fe64f20 RSP=000000003fe64ef0
R8 =000000003fe64f0f R9 =000000000000c042 R10=0000000000000000 R11=0000000000000000
R12=000000000004bada R13=0000000000000011 R14=000000000000c040 R15=0000000000000000
RIP=000000003e6d3862 RFL=00000202 [-------] CPL=0 II=0 A20=1 SMM=0 HLT=0
ES =0030 0000000000000000 ffffffff 00cf9300 DPL=0 DS   [-WA]
CS =0038 0000000000000000 ffffffff 00af9a00 DPL=0 CS64 [-R-]
SS =0030 0000000000000000 ffffffff 00cf9300 DPL=0 DS   [-WA]
DS =0030 0000000000000000 ffffffff 00cf9300 DPL=0 DS   [-WA]
FS =0030 0000000000000000 ffffffff 00cf9300 DPL=0 DS   [-WA]
GS =0030 0000000000000000 ffffffff 00cf9300 DPL=0 DS   [-WA]
LDT=0000 0000000000000000 0000ffff 00008200 DPL=0 LDT
TR =0000 0000000000000000 0000ffff 00008b00 DPL=0 TSS64-busy
GDT=     000000003f5dc000 00000047
IDT=     000000003efa3018 00000fff
CR0=80010033 CR2=0000000000000000 CR3=000000003f801000 CR4=00000668
DR0=0000000000000000 DR1=0000000000000000 DR2=0000000000000000 DR3=0000000000000000 
DR6=00000000ffff0ff0 DR7=0000000000000400
CCS=0000000000000000 CCD=0000000000000158 CCO=EFLAGS
EFER=0000000000000d00
Servicing hardware INT=0x20
   149: v=20 e=0000 i=0 cpl=0 IP=0038:000000003e6d3862 pc=000000003e6d3862 SP=0030:000000003fe64ef0 env->regs[R_EAX]=0000000000002863
RAX=0000000000002863 RBX=0000000000002710 RCX=000000000000b008 RDX=0000000000933f28
RSI=000000000093678b RDI=000000003e5b40d4 RBP=000000003fe64f20 RSP=000000003fe64ef0
R8 =000000003fe64f40 R9 =00000000000003f6 R10=0000000000000000 R11=0000000000000000
R12=000000000000c042 R13=0000000000000011 R14=000000000000c040 R15=0000000000000000
RIP=000000003e6d3862 RFL=00000206 [-----P-] CPL=0 II=0 A20=1 SMM=0 HLT=0
ES =0030 0000000000000000 ffffffff 00cf9300 DPL=0 DS   [-WA]
CS =0038 0000000000000000 ffffffff 00af9a00 DPL=0 CS64 [-R-]
SS =0030 0000000000000000 ffffffff 00cf9300 DPL=0 DS   [-WA]
DS =0030 0000000000000000 ffffffff 00cf9300 DPL=0 DS   [-WA]
FS =0030 0000000000000000 ffffffff 00cf9300 DPL=0 DS   [-WA]
GS =0030 0000000000000000 ffffffff 00cf9300 DPL=0 DS   [-WA]
LDT=0000 0000000000000000 0000ffff 00008200 DPL=0 LDT
TR =0000 0000000000000000 0000ffff 00008b00 DPL=0 TSS64-busy
GDT=     000000003f5dc000 00000047
IDT=     000000003efa3018 00000fff
CR0=80010033 CR2=0000000000000000 CR3=000000003f801000 CR4=00000668
DR0=0000000000000000 DR1=0000000000000000 DR2=0000000000000000 DR3=0000000000000000 
DR6=00000000ffff0ff0 DR7=0000000000000400
CCS=0000000000000004 CCD=0000000000002863 CCO=EFLAGS
EFER=0000000000000d00
Servicing hardware INT=0x20
   150: v=20 e=0000 i=0 cpl=0 IP=0038:000000003e6d3862 pc=000000003e6d3862 SP=0030:000000003fe64ef0 env->regs[R_EAX]=00000000000000e6
RAX=00000000000000e6 RBX=0000000000000064 RCX=000000000000b008 RDX=000000000093b25c
RSI=000000000093b342 RDI=000000003e5b40d4 RBP=000000003fe64f20 RSP=000000003fe64ef0
R8 =000000003fe64f0f R9 =000000000000c042 R10=0000000000000000 R11=0000000000000000
R12=000000000004bacc R13=0000000000000011 R14=000000000000c040 R15=0000000000000000
RIP=000000003e6d3862 RFL=00000202 [-------] CPL=0 II=0 A20=1 SMM=0 HLT=0
ES =0030 0000000000000000 ffffffff 00cf9300 DPL=0 DS   [-WA]
CS =0038 0000000000000000 ffffffff 00af9a00 DPL=0 CS64 [-R-]
SS =0030 0000000000000000 ffffffff 00cf9300 DPL=0 DS   [-WA]
DS =0030 0000000000000000 ffffffff 00cf9300 DPL=0 DS   [-WA]
FS =0030 0000000000000000 ffffffff 00cf9300 DPL=0 DS   [-WA]
GS =0030 0000000000000000 ffffffff 00cf9300 DPL=0 DS   [-WA]
LDT=0000 0000000000000000 0000ffff 00008200 DPL=0 LDT
TR =0000 0000000000000000 0000ffff 00008b00 DPL=0 TSS64-busy
GDT=     000000003f5dc000 00000047
IDT=     000000003efa3018 00000fff
CR0=80010033 CR2=0000000000000000 CR3=000000003f801000 CR4=00000668
DR0=0000000000000000 DR1=0000000000000000 DR2=0000000000000000 DR3=0000000000000000 
DR6=00000000ffff0ff0 DR7=0000000000000400
CCS=0000000000000000 CCD=00000000000000e6 CCO=EFLAGS
EFER=0000000000000d00
Servicing hardware INT=0x20
   151: v=20 e=0000 i=0 cpl=0 IP=0038:000000003e6d3862 pc=000000003e6d3862 SP=0030:000000003fe64ef0 env->regs[R_EAX]=0000000000001bbd
RAX=0000000000001bbd RBX=0000000000002710 RCX=000000000000b008 RDX=0000000000944971
RSI=000000000094652e RDI=000000003e5b40d4 RBP=000000003fe64f20 RSP=000000003fe64ef0
R8 =000000003fe64f40 R9 =00000000000003f6 R10=0000000000000000 R11=0000000000000000
R12=000000000000c042 R13=0000000000000011 R14=000000000000c040 R15=0000000000000000
RIP=000000003e6d3862 RFL=00000206 [-----P-] CPL=0 II=0 A20=1 SMM=0 HLT=0
ES =0030 0000000000000000 ffffffff 00cf9300 DPL=0 DS   [-WA]
CS =0038 0000000000000000 ffffffff 00af9a00 DPL=0 CS64 [-R-]
SS =0030 0000000000000000 ffffffff 00cf9300 DPL=0 DS   [-WA]
DS =0030 0000000000000000 ffffffff 00cf9300 DPL=0 DS   [-WA]
FS =0030 0000000000000000 ffffffff 00cf9300 DPL=0 DS   [-WA]
GS =0030 0000000000000000 ffffffff 00cf9300 DPL=0 DS   [-WA]
LDT=0000 0000000000000000 0000ffff 00008200 DPL=0 LDT
TR =0000 0000000000000000 0000ffff 00008b00 DPL=0 TSS64-busy
GDT=     000000003f5dc000 00000047
IDT=     000000003efa3018 00000fff
CR0=80010033 CR2=0000000000000000 CR3=000000003f801000 CR4=00000668
DR0=0000000000000000 DR1=0000000000000000 DR2=0000000000000000 DR3=0000000000000000 
DR6=00000000ffff0ff0 DR7=0000000000000400
CCS=0000000000000004 CCD=0000000000001bbd CCO=EFLAGS
EFER=0000000000000d00
Servicing hardware INT=0x20
   152: v=20 e=0000 i=0 cpl=0 IP=0038:000000003e6d3862 pc=000000003e6d3862 SP=0030:000000003fe64ef0 env->regs[R_EAX]=000000000000007e
RAX=000000000000007e RBX=0000000000000064 RCX=000000000000b008 RDX=000000000094c7d1
RSI=000000000094c84f RDI=000000003e5b40d4 RBP=000000003fe64f20 RSP=000000003fe64ef0
R8 =000000003fe64f0f R9 =000000000000c042 R10=0000000000000000 R11=0000000000000000
R12=000000000004babd R13=0000000000000011 R14=000000000000c040 R15=0000000000000000
RIP=000000003e6d3862 RFL=00000206 [-----P-] CPL=0 II=0 A20=1 SMM=0 HLT=0
ES =0030 0000000000000000 ffffffff 00cf9300 DPL=0 DS   [-WA]
CS =0038 0000000000000000 ffffffff 00af9a00 DPL=0 CS64 [-R-]
SS =0030 0000000000000000 ffffffff 00cf9300 DPL=0 DS   [-WA]
DS =0030 0000000000000000 ffffffff 00cf9300 DPL=0 DS   [-WA]
FS =0030 0000000000000000 ffffffff 00cf9300 DPL=0 DS   [-WA]
GS =0030 0000000000000000 ffffffff 00cf9300 DPL=0 DS   [-WA]
LDT=0000 0000000000000000 0000ffff 00008200 DPL=0 LDT
TR =0000 0000000000000000 0000ffff 00008b00 DPL=0 TSS64-busy
GDT=     000000003f5dc000 00000047
IDT=     000000003efa3018 00000fff
CR0=80010033 CR2=0000000000000000 CR3=000000003f801000 CR4=00000668
DR0=0000000000000000 DR1=0000000000000000 DR2=0000000000000000 DR3=0000000000000000 
DR6=00000000ffff0ff0 DR7=0000000000000400
CCS=0000000000000004 CCD=000000000000007e CCO=EFLAGS
EFER=0000000000000d00
Servicing hardware INT=0x20
   153: v=20 e=0000 i=0 cpl=0 IP=0038:000000003e6d3862 pc=000000003e6d3862 SP=0030:000000003fe64ef0 env->regs[R_EAX]=0000000000002b68
RAX=0000000000002b68 RBX=0000000000002710 RCX=000000000000b008 RDX=0000000000955658
RSI=00000000009581c0 RDI=000000003e5b40d4 RBP=000000003fe64f20 RSP=000000003fe64ef0
R8 =000000003fe64f40 R9 =00000000000003f6 R10=0000000000000000 R11=0000000000000000
R12=000000000000c042 R13=0000000000000011 R14=000000000000c040 R15=0000000000000000
RIP=000000003e6d3862 RFL=00000202 [-------] CPL=0 II=0 A20=1 SMM=0 HLT=0
ES =0030 0000000000000000 ffffffff 00cf9300 DPL=0 DS   [-WA]
CS =0038 0000000000000000 ffffffff 00af9a00 DPL=0 CS64 [-R-]
SS =0030 0000000000000000 ffffffff 00cf9300 DPL=0 DS   [-WA]
DS =0030 0000000000000000 ffffffff 00cf9300 DPL=0 DS   [-WA]
FS =0030 0000000000000000 ffffffff 00cf9300 DPL=0 DS   [-WA]
GS =0030 0000000000000000 ffffffff 00cf9300 DPL=0 DS   [-WA]
LDT=0000 0000000000000000 0000ffff 00008200 DPL=0 LDT
TR =0000 0000000000000000 0000ffff 00008b00 DPL=0 TSS64-busy
GDT=     000000003f5dc000 00000047
IDT=     000000003efa3018 00000fff
CR0=80010033 CR2=0000000000000000 CR3=000000003f801000 CR4=00000668
DR0=0000000000000000 DR1=0000000000000000 DR2=0000000000000000 DR3=0000000000000000 
DR6=00000000ffff0ff0 DR7=0000000000000400
CCS=0000000000000000 CCD=0000000000002b68 CCO=EFLAGS
EFER=0000000000000d00
Servicing hardware INT=0x20
   154: v=20 e=0000 i=0 cpl=0 IP=0038:000000003e6d3862 pc=000000003e6d3862 SP=0030:000000003fe64ef0 env->regs[R_EAX]=000000000000015b
RAX=000000000000015b RBX=0000000000000064 RCX=000000000000b008 RDX=000000000095e175
RSI=000000000095e2d0 RDI=000000003e5b40d4 RBP=000000003fe64f20 RSP=000000003fe64ef0
R8 =000000003fe64f0f R9 =000000000000c042 R10=0000000000000000 R11=0000000000000000
R12=000000000004babf R13=0000000000000011 R14=000000000000c040 R15=0000000000000000
RIP=000000003e6d3862 RFL=00000202 [-------] CPL=0 II=0 A20=1 SMM=0 HLT=0
ES =0030 0000000000000000 ffffffff 00cf9300 DPL=0 DS   [-WA]
CS =0038 0000000000000000 ffffffff 00af9a00 DPL=0 CS64 [-R-]
SS =0030 0000000000000000 ffffffff 00cf9300 DPL=0 DS   [-WA]
DS =0030 0000000000000000 ffffffff 00cf9300 DPL=0 DS   [-WA]
FS =0030 0000000000000000 ffffffff 00cf9300 DPL=0 DS   [-WA]
GS =0030 0000000000000000 ffffffff 00cf9300 DPL=0 DS   [-WA]
LDT=0000 0000000000000000 0000ffff 00008200 DPL=0 LDT
TR =0000 0000000000000000 0000ffff 00008b00 DPL=0 TSS64-busy
GDT=     000000003f5dc000 00000047
IDT=     000000003efa3018 00000fff
CR0=80010033 CR2=0000000000000000 CR3=000000003f801000 CR4=00000668
DR0=0000000000000000 DR1=0000000000000000 DR2=0000000000000000 DR3=0000000000000000 
DR6=00000000ffff0ff0 DR7=0000000000000400
CCS=0000000000000000 CCD=000000000000015b CCO=EFLAGS
EFER=0000000000000d00
Servicing hardware INT=0x20
   155: v=20 e=0000 i=0 cpl=0 IP=0038:000000003e6d3862 pc=000000003e6d3862 SP=0030:000000003fe64ef0 env->regs[R_EAX]=0000000000002950
RAX=0000000000002950 RBX=0000000000002710 RCX=000000000000b008 RDX=0000000000966e2e
RSI=000000000096977e RDI=000000003e5b40d4 RBP=000000003fe64f20 RSP=000000003fe64ef0
R8 =000000003fe64f40 R9 =00000000000003f6 R10=0000000000000000 R11=0000000000000000
R12=000000000000c042 R13=0000000000000011 R14=000000000000c040 R15=0000000000000000
RIP=000000003e6d3862 RFL=00000206 [-----P-] CPL=0 II=0 A20=1 SMM=0 HLT=0
ES =0030 0000000000000000 ffffffff 00cf9300 DPL=0 DS   [-WA]
CS =0038 0000000000000000 ffffffff 00af9a00 DPL=0 CS64 [-R-]
SS =0030 0000000000000000 ffffffff 00cf9300 DPL=0 DS   [-WA]
DS =0030 0000000000000000 ffffffff 00cf9300 DPL=0 DS   [-WA]
FS =0030 0000000000000000 ffffffff 00cf9300 DPL=0 DS   [-WA]
GS =0030 0000000000000000 ffffffff 00cf9300 DPL=0 DS   [-WA]
LDT=0000 0000000000000000 0000ffff 00008200 DPL=0 LDT
TR =0000 0000000000000000 0000ffff 00008b00 DPL=0 TSS64-busy
GDT=     000000003f5dc000 00000047
IDT=     000000003efa3018 00000fff
CR0=80010033 CR2=0000000000000000 CR3=000000003f801000 CR4=00000668
DR0=0000000000000000 DR1=0000000000000000 DR2=0000000000000000 DR3=0000000000000000 
DR6=00000000ffff0ff0 DR7=0000000000000400
CCS=0000000000000004 CCD=0000000000002950 CCO=EFLAGS
EFER=0000000000000d00
Servicing hardware INT=0x20
   156: v=20 e=0000 i=0 cpl=0 IP=0038:000000003fe677c1 pc=000000003fe677c1 SP=0030:000000003fe65890 env->regs[R_EAX]=0000000000000004
RAX=0000000000000004 RBX=000000003fe8a0f0 RCX=0000000000000010 RDX=000000003fe8a140
RSI=000000003fe65ac8 RDI=000000003fe8a0f0 RBP=000000003fe658c0 RSP=000000003fe65890
R8 =000000003fe659d8 R9 =000000003f4ecf98 R10=000000003fe8afc0 R11=000000003e73d980
R12=0000000000000001 R13=0000000000000000 R14=000000003f4ecf98 R15=000000003fe8a140
RIP=000000003fe677c1 RFL=00000206 [-----P-] CPL=0 II=0 A20=1 SMM=0 HLT=0
ES =0030 0000000000000000 ffffffff 00cf9300 DPL=0 DS   [-WA]
CS =0038 0000000000000000 ffffffff 00af9a00 DPL=0 CS64 [-R-]
SS =0030 0000000000000000 ffffffff 00cf9300 DPL=0 DS   [-WA]
DS =0030 0000000000000000 ffffffff 00cf9300 DPL=0 DS   [-WA]
FS =0030 0000000000000000 ffffffff 00cf9300 DPL=0 DS   [-WA]
GS =0030 0000000000000000 ffffffff 00cf9300 DPL=0 DS   [-WA]
LDT=0000 0000000000000000 0000ffff 00008200 DPL=0 LDT
TR =0000 0000000000000000 0000ffff 00008b00 DPL=0 TSS64-busy
GDT=     000000003f5dc000 00000047
IDT=     000000003efa3018 00000fff
CR0=80010033 CR2=0000000000000000 CR3=000000003f801000 CR4=00000668
DR0=0000000000000000 DR1=0000000000000000 DR2=0000000000000000 DR3=0000000000000000 
DR6=00000000ffff0ff0 DR7=0000000000000400
CCS=0000000000000004 CCD=000000003fe65860 CCO=EFLAGS
EFER=0000000000000d00
Servicing hardware INT=0x20
   157: v=20 e=0000 i=0 cpl=0 IP=0038:000000003fe773ea pc=000000003fe773ea SP=0030:000000003fe65870 env->regs[R_EAX]=df50d7363b2d2099
RAX=df50d7363b2d2099 RBX=000000003e629ec0 RCX=000000003efc45b8 RDX=000000003e629ec0
RSI=000000003efc45b0 RDI=4fec3e33bc62157e RBP=000000003fe658b0 RSP=000000003fe65870
R8 =000000003fe659e0 R9 =000000003e671e18 R10=0000000000000028 R11=000000003e73d980
R12=45b698183e745226 R13=000000003e7b7330 R14=000000003e629ec0 R15=000000003fe844d1
RIP=000000003fe773ea RFL=00000202 [-------] CPL=0 II=0 A20=1 SMM=0 HLT=0
ES =0030 0000000000000000 ffffffff 00cf9300 DPL=0 DS   [-WA]
CS =0038 0000000000000000 ffffffff 00af9a00 DPL=0 CS64 [-R-]
SS =0030 0000000000000000 ffffffff 00cf9300 DPL=0 DS   [-WA]
DS =0030 0000000000000000 ffffffff 00cf9300 DPL=0 DS   [-WA]
FS =0030 0000000000000000 ffffffff 00cf9300 DPL=0 DS   [-WA]
GS =0030 0000000000000000 ffffffff 00cf9300 DPL=0 DS   [-WA]
LDT=0000 0000000000000000 0000ffff 00008200 DPL=0 LDT
TR =0000 0000000000000000 0000ffff 00008b00 DPL=0 TSS64-busy
GDT=     000000003f5dc000 00000047
IDT=     000000003efa3018 00000fff
CR0=80010033 CR2=0000000000000000 CR3=000000003f801000 CR4=00000668
DR0=0000000000000000 DR1=0000000000000000 DR2=0000000000000000 DR3=0000000000000000 
DR6=00000000ffff0ff0 DR7=0000000000000400
CCS=0000000000000000 CCD=000000003fe65858 CCO=EFLAGS
EFER=0000000000000d00
Servicing hardware INT=0x20
   158: v=20 e=0000 i=0 cpl=0 IP=0038:000000003fe666a5 pc=000000003fe666a5 SP=0030:000000003fe65890 env->regs[R_EAX]=0000000000000000
RAX=0000000000000000 RBX=000000003e776d20 RCX=0000000000000010 RDX=000000003fe8a140
RSI=000000003fe8a140 RDI=000000003e7a1118 RBP=000000003fe658c0 RSP=000000003fe65890
R8 =000000003fe659d8 R9 =000000003f4ecf98 R10=000000003fe8afc0 R11=000000003e73d980
R12=000000003e776d18 R13=000000003e7a1130 R14=000000003fe8a140 R15=000000003fe844d1
RIP=000000003fe666a5 RFL=00000246 [---Z-P-] CPL=0 II=0 A20=1 SMM=0 HLT=0
ES =0030 0000000000000000 ffffffff 00cf9300 DPL=0 DS   [-WA]
CS =0038 0000000000000000 ffffffff 00af9a00 DPL=0 CS64 [-R-]
SS =0030 0000000000000000 ffffffff 00cf9300 DPL=0 DS   [-WA]
DS =0030 0000000000000000 ffffffff 00cf9300 DPL=0 DS   [-WA]
FS =0030 0000000000000000 ffffffff 00cf9300 DPL=0 DS   [-WA]
GS =0030 0000000000000000 ffffffff 00cf9300 DPL=0 DS   [-WA]
LDT=0000 0000000000000000 0000ffff 00008200 DPL=0 LDT
TR =0000 0000000000000000 0000ffff 00008b00 DPL=0 TSS64-busy
GDT=     000000003f5dc000 00000047
IDT=     000000003efa3018 00000fff
CR0=80010033 CR2=0000000000000000 CR3=000000003f801000 CR4=00000668
DR0=0000000000000000 DR1=0000000000000000 DR2=0000000000000000 DR3=0000000000000000 
DR6=00000000ffff0ff0 DR7=0000000000000400
CCS=0000000000000044 CCD=0000000000000000 CCO=EFLAGS
EFER=0000000000000d00
Servicing hardware INT=0x20
   159: v=20 e=0000 i=0 cpl=0 IP=0038:000000003efae260 pc=000000003efae260 SP=0030:000000003fe655f0 env->regs[R_EAX]=0000000000000003
RAX=0000000000000003 RBX=000000003df58367 RCX=000000003df58367 RDX=000000003df58300
RSI=0000000000000014 RDI=0000000000000045 RBP=000000003fe65630 RSP=000000003fe655f0
R8 =00000000000000af R9 =0000000000000020 R10=000000003ea42674 R11=000000003e73d980
R12=000000003df58298 R13=000000003df58318 R14=000000003df58218 R15=000000003fe656f0
RIP=000000003efae260 RFL=00000206 [-----P-] CPL=0 II=0 A20=1 SMM=0 HLT=0
ES =0030 0000000000000000 ffffffff 00cf9300 DPL=0 DS   [-WA]
CS =0038 0000000000000000 ffffffff 00af9a00 DPL=0 CS64 [-R-]
SS =0030 0000000000000000 ffffffff 00cf9300 DPL=0 DS   [-WA]
DS =0030 0000000000000000 ffffffff 00cf9300 DPL=0 DS   [-WA]
FS =0030 0000000000000000 ffffffff 00cf9300 DPL=0 DS   [-WA]
GS =0030 0000000000000000 ffffffff 00cf9300 DPL=0 DS   [-WA]
LDT=0000 0000000000000000 0000ffff 00008200 DPL=0 LDT
TR =0000 0000000000000000 0000ffff 00008b00 DPL=0 TSS64-busy
GDT=     000000003f5dc000 00000047
IDT=     000000003efa3018 00000fff
CR0=80010033 CR2=0000000000000000 CR3=000000003f801000 CR4=00000668
DR0=0000000000000000 DR1=0000000000000000 DR2=0000000000000000 DR3=0000000000000000 
DR6=00000000ffff0ff0 DR7=0000000000000400
CCS=0000000000000004 CCD=000000003fe655d8 CCO=EFLAGS
EFER=0000000000000d00
Servicing hardware INT=0x20
   160: v=20 e=0000 i=0 cpl=0 IP=0038:000000003ea3068a pc=000000003ea3068a SP=0030:000000003fe64f00 env->regs[R_EAX]=0000000000000001
RAX=0000000000000001 RBX=0000000080000907 RCX=0000000000000001 RDX=0000000000000cf8
RSI=0000000000000001 RDI=0000000000000000 RBP=000000003fe64f60 RSP=000000003fe64f00
R8 =0000000000000000 R9 =0000000000000cf8 R10=0000000000000000 R11=0000000000000000
R12=0000000000000000 R13=0000000000000001 R14=0000000000009004 R15=0000000000000001
RIP=000000003ea3068a RFL=00000202 [-------] CPL=0 II=0 A20=1 SMM=0 HLT=0
ES =0030 0000000000000000 ffffffff 00cf9300 DPL=0 DS   [-WA]
CS =0038 0000000000000000 ffffffff 00af9a00 DPL=0 CS64 [-R-]
SS =0030 0000000000000000 ffffffff 00cf9300 DPL=0 DS   [-WA]
DS =0030 0000000000000000 ffffffff 00cf9300 DPL=0 DS   [-WA]
FS =0030 0000000000000000 ffffffff 00cf9300 DPL=0 DS   [-WA]
GS =0030 0000000000000000 ffffffff 00cf9300 DPL=0 DS   [-WA]
LDT=0000 0000000000000000 0000ffff 00008200 DPL=0 LDT
TR =0000 0000000000000000 0000ffff 00008b00 DPL=0 TSS64-busy
GDT=     000000003f5dc000 00000047
IDT=     000000003efa3018 00000fff
CR0=80010033 CR2=0000000000000000 CR3=000000003f801000 CR4=00000668
DR0=0000000000000000 DR1=0000000000000000 DR2=0000000000000000 DR3=0000000000000000 
DR6=00000000ffff0ff0 DR7=0000000000000400
CCS=0000000000000038 CCD=0000000000000001 CCO=LOGICB
EFER=0000000000000d00
Servicing hardware INT=0x20
   161: v=20 e=0000 i=0 cpl=0 IP=0038:000000003e6d3862 pc=000000003e6d3862 SP=0030:000000003fe65240 env->regs[R_EAX]=00000000000075ad
RAX=00000000000075ad RBX=0000000000002710 RCX=000000000000b008 RDX=000000000099b4e7
RSI=00000000009a2a94 RDI=000000003e5b40d4 RBP=000000003fe65270 RSP=000000003fe65240
R8 =000000003fe65290 R9 =00000000000003f6 R10=0000000000000000 R11=0000000000000000
R12=000000000000c042 R13=0000000000000011 R14=000000000000c040 R15=0000000000000000
RIP=000000003e6d3862 RFL=00000202 [-------] CPL=0 II=0 A20=1 SMM=0 HLT=0
ES =0030 0000000000000000 ffffffff 00cf9300 DPL=0 DS   [-WA]
CS =0038 0000000000000000 ffffffff 00af9a00 DPL=0 CS64 [-R-]
SS =0030 0000000000000000 ffffffff 00cf9300 DPL=0 DS   [-WA]
DS =0030 0000000000000000 ffffffff 00cf9300 DPL=0 DS   [-WA]
FS =0030 0000000000000000 ffffffff 00cf9300 DPL=0 DS   [-WA]
GS =0030 0000000000000000 ffffffff 00cf9300 DPL=0 DS   [-WA]
LDT=0000 0000000000000000 0000ffff 00008200 DPL=0 LDT
TR =0000 0000000000000000 0000ffff 00008b00 DPL=0 TSS64-busy
GDT=     000000003f5dc000 00000047
IDT=     000000003efa3018 00000fff
CR0=80010033 CR2=0000000000000000 CR3=000000003f801000 CR4=00000668
DR0=0000000000000000 DR1=0000000000000000 DR2=0000000000000000 DR3=0000000000000000 
DR6=00000000ffff0ff0 DR7=0000000000000400
CCS=0000000000000000 CCD=00000000000075ad CCO=EFLAGS
EFER=0000000000000d00
Servicing hardware INT=0x20
   162: v=20 e=0000 i=0 cpl=0 IP=0038:000000003e6d3862 pc=000000003e6d3862 SP=0030:000000003fe65090 env->regs[R_EAX]=0000000000008505
RAX=0000000000008505 RBX=0000000000002710 RCX=000000000000b008 RDX=00000000009a40fc
RSI=00000000009ac601 RDI=000000003e5b40d4 RBP=000000003fe650c0 RSP=000000003fe65090
R8 =000000003fe650e0 R9 =00000000000003f6 R10=0000000000000000 R11=0000000000000000
R12=000000000000c042 R13=0000000000000011 R14=000000000000c040 R15=0000000000000000
RIP=000000003e6d3862 RFL=00000206 [-----P-] CPL=0 II=0 A20=1 SMM=0 HLT=0
ES =0030 0000000000000000 ffffffff 00cf9300 DPL=0 DS   [-WA]
CS =0038 0000000000000000 ffffffff 00af9a00 DPL=0 CS64 [-R-]
SS =0030 0000000000000000 ffffffff 00cf9300 DPL=0 DS   [-WA]
DS =0030 0000000000000000 ffffffff 00cf9300 DPL=0 DS   [-WA]
FS =0030 0000000000000000 ffffffff 00cf9300 DPL=0 DS   [-WA]
GS =0030 0000000000000000 ffffffff 00cf9300 DPL=0 DS   [-WA]
LDT=0000 0000000000000000 0000ffff 00008200 DPL=0 LDT
TR =0000 0000000000000000 0000ffff 00008b00 DPL=0 TSS64-busy
GDT=     000000003f5dc000 00000047
IDT=     000000003efa3018 00000fff
CR0=80010033 CR2=0000000000000000 CR3=000000003f801000 CR4=00000668
DR0=0000000000000000 DR1=0000000000000000 DR2=0000000000000000 DR3=0000000000000000 
DR6=00000000ffff0ff0 DR7=0000000000000400
CCS=0000000000000004 CCD=0000000000008505 CCO=EFLAGS
EFER=0000000000000d00
Servicing hardware INT=0x20
   163: v=20 e=0000 i=0 cpl=0 IP=0038:000000003e6d3862 pc=000000003e6d3862 SP=0030:000000003fe65090 env->regs[R_EAX]=00000000000000f3
RAX=00000000000000f3 RBX=0000000000000064 RCX=000000000000b008 RDX=00000000009ad40e
RSI=00000000009ad501 RDI=000000003e5b40d4 RBP=000000003fe650c0 RSP=000000003fe65090
R8 =000000003fe650af R9 =000000000000c042 R10=0000000000000000 R11=0000000000000000
R12=000000000004baf1 R13=0000000000000011 R14=000000000000c040 R15=0000000000000000
RIP=000000003e6d3862 RFL=00000206 [-----P-] CPL=0 II=0 A20=1 SMM=0 HLT=0
ES =0030 0000000000000000 ffffffff 00cf9300 DPL=0 DS   [-WA]
CS =0038 0000000000000000 ffffffff 00af9a00 DPL=0 CS64 [-R-]
SS =0030 0000000000000000 ffffffff 00cf9300 DPL=0 DS   [-WA]
DS =0030 0000000000000000 ffffffff 00cf9300 DPL=0 DS   [-WA]
FS =0030 0000000000000000 ffffffff 00cf9300 DPL=0 DS   [-WA]
GS =0030 0000000000000000 ffffffff 00cf9300 DPL=0 DS   [-WA]
LDT=0000 0000000000000000 0000ffff 00008200 DPL=0 LDT
TR =0000 0000000000000000 0000ffff 00008b00 DPL=0 TSS64-busy
GDT=     000000003f5dc000 00000047
IDT=     000000003efa3018 00000fff
CR0=80010033 CR2=0000000000000000 CR3=000000003f801000 CR4=00000668
DR0=0000000000000000 DR1=0000000000000000 DR2=0000000000000000 DR3=0000000000000000 
DR6=00000000ffff0ff0 DR7=0000000000000400
CCS=0000000000000004 CCD=00000000000000f3 CCO=EFLAGS
EFER=0000000000000d00
Servicing hardware INT=0x20
   164: v=20 e=0000 i=0 cpl=0 IP=0038:000000003e6d3862 pc=000000003e6d3862 SP=0030:000000003fe65230 env->regs[R_EAX]=00000000000000e5
RAX=00000000000000e5 RBX=0000000000000064 RCX=000000000000b008 RDX=00000000009b718e
RSI=00000000009b7273 RDI=000000003e5b40d4 RBP=000000003fe65260 RSP=000000003fe65230
R8 =000000003fe6524f R9 =000000000000c042 R10=0000000000000000 R11=0000000000000000
R12=000000000004baf1 R13=0000000000000011 R14=000000000000c040 R15=0000000000000000
RIP=000000003e6d3862 RFL=00000202 [-------] CPL=0 II=0 A20=1 SMM=0 HLT=0
ES =0030 0000000000000000 ffffffff 00cf9300 DPL=0 DS   [-WA]
CS =0038 0000000000000000 ffffffff 00af9a00 DPL=0 CS64 [-R-]
SS =0030 0000000000000000 ffffffff 00cf9300 DPL=0 DS   [-WA]
DS =0030 0000000000000000 ffffffff 00cf9300 DPL=0 DS   [-WA]
FS =0030 0000000000000000 ffffffff 00cf9300 DPL=0 DS   [-WA]
GS =0030 0000000000000000 ffffffff 00cf9300 DPL=0 DS   [-WA]
LDT=0000 0000000000000000 0000ffff 00008200 DPL=0 LDT
TR =0000 0000000000000000 0000ffff 00008b00 DPL=0 TSS64-busy
GDT=     000000003f5dc000 00000047
IDT=     000000003efa3018 00000fff
CR0=80010033 CR2=0000000000000000 CR3=000000003f801000 CR4=00000668
DR0=0000000000000000 DR1=0000000000000000 DR2=0000000000000000 DR3=0000000000000000 
DR6=00000000ffff0ff0 DR7=0000000000000400
CCS=0000000000000000 CCD=00000000000000e5 CCO=EFLAGS
EFER=0000000000000d00
Servicing hardware INT=0x20
   165: v=20 e=0000 i=0 cpl=0 IP=0038:000000003f6cea4a pc=000000003f6cea4a SP=0030:000000003fe65580 env->regs[R_EAX]=00000000000000ff
RAX=00000000000000ff RBX=0000000000000000 RCX=0000000000010001 RDX=000000003eac2018
RSI=000000003f5cc398 RDI=000000003eaf2017 RBP=000000003fe65650 RSP=000000003fe65580
R8 =00000000000000ff R9 =0000000000000000 R10=000000003ea42674 R11=000000003e73d980
R12=000000003fe656b0 R13=000000003fe656b0 R14=0000000000000000 R15=000000003eac2018
RIP=000000003f6cea4a RFL=00010202 [-------] CPL=0 II=0 A20=1 SMM=0 HLT=0
ES =0030 0000000000000000 ffffffff 00cf9300 DPL=0 DS   [-WA]
CS =0038 0000000000000000 ffffffff 00af9a00 DPL=0 CS64 [-R-]
SS =0030 0000000000000000 ffffffff 00cf9300 DPL=0 DS   [-WA]
DS =0030 0000000000000000 ffffffff 00cf9300 DPL=0 DS   [-WA]
FS =0030 0000000000000000 ffffffff 00cf9300 DPL=0 DS   [-WA]
GS =0030 0000000000000000 ffffffff 00cf9300 DPL=0 DS   [-WA]
LDT=0000 0000000000000000 0000ffff 00008200 DPL=0 LDT
TR =0000 0000000000000000 0000ffff 00008b00 DPL=0 TSS64-busy
GDT=     000000003f5dc000 00000047
IDT=     000000003efa3018 00000fff
CR0=80010033 CR2=0000000000000000 CR3=000000003f801000 CR4=00000668
DR0=0000000000000000 DR1=0000000000000000 DR2=0000000000000000 DR3=0000000000000000 
DR6=00000000ffff0ff0 DR7=0000000000000400
CCS=0000000000000000 CCD=000000003fe65570 CCO=EFLAGS
EFER=0000000000000d00
Servicing hardware INT=0x20
   166: v=20 e=0000 i=0 cpl=0 IP=0038:000000003e6d3862 pc=000000003e6d3862 SP=0030:000000003fe65340 env->regs[R_EAX]=00000000000000e3
RAX=00000000000000e3 RBX=0000000000000064 RCX=000000000000b008 RDX=00000000009d3af6
RSI=00000000009d3bd9 RDI=000000003e5b40d4 RBP=000000003fe65370 RSP=000000003fe65340
R8 =000000003fe6535f R9 =000000000000c042 R10=0000000000000000 R11=0000000000000000
R12=000000000004baf1 R13=0000000000000011 R14=000000000000c040 R15=0000000000000000
RIP=000000003e6d3862 RFL=00000202 [-------] CPL=0 II=0 A20=1 SMM=0 HLT=0
ES =0030 0000000000000000 ffffffff 00cf9300 DPL=0 DS   [-WA]
CS =0038 0000000000000000 ffffffff 00af9a00 DPL=0 CS64 [-R-]
SS =0030 0000000000000000 ffffffff 00cf9300 DPL=0 DS   [-WA]
DS =0030 0000000000000000 ffffffff 00cf9300 DPL=0 DS   [-WA]
FS =0030 0000000000000000 ffffffff 00cf9300 DPL=0 DS   [-WA]
GS =0030 0000000000000000 ffffffff 00cf9300 DPL=0 DS   [-WA]
LDT=0000 0000000000000000 0000ffff 00008200 DPL=0 LDT
TR =0000 0000000000000000 0000ffff 00008b00 DPL=0 TSS64-busy
GDT=     000000003f5dc000 00000047
IDT=     000000003efa3018 00000fff
CR0=80010033 CR2=0000000000000000 CR3=000000003f801000 CR4=00000668
DR0=0000000000000000 DR1=0000000000000000 DR2=0000000000000000 DR3=0000000000000000 
DR6=00000000ffff0ff0 DR7=0000000000000400
CCS=0000000000000000 CCD=00000000000000e3 CCO=EFLAGS
EFER=0000000000000d00
Servicing hardware INT=0x20
   167: v=20 e=0000 i=0 cpl=0 IP=0038:000000003e6d3862 pc=000000003e6d3862 SP=0030:000000003fe65190 env->regs[R_EAX]=000000000000007f
RAX=000000000000007f RBX=0000000000000064 RCX=000000000000b008 RDX=00000000009dd674
RSI=00000000009dd6f3 RDI=000000003e5b40d4 RBP=000000003fe651c0 RSP=000000003fe65190
R8 =000000003fe651af R9 =000000000000c042 R10=0000000000000000 R11=0000000000000000
R12=000000000004baf1 R13=0000000000000011 R14=000000000000c040 R15=0000000000000000
RIP=000000003e6d3862 RFL=00000202 [-------] CPL=0 II=0 A20=1 SMM=0 HLT=0
ES =0030 0000000000000000 ffffffff 00cf9300 DPL=0 DS   [-WA]
CS =0038 0000000000000000 ffffffff 00af9a00 DPL=0 CS64 [-R-]
SS =0030 0000000000000000 ffffffff 00cf9300 DPL=0 DS   [-WA]
DS =0030 0000000000000000 ffffffff 00cf9300 DPL=0 DS   [-WA]
FS =0030 0000000000000000 ffffffff 00cf9300 DPL=0 DS   [-WA]
GS =0030 0000000000000000 ffffffff 00cf9300 DPL=0 DS   [-WA]
LDT=0000 0000000000000000 0000ffff 00008200 DPL=0 LDT
TR =0000 0000000000000000 0000ffff 00008b00 DPL=0 TSS64-busy
GDT=     000000003f5dc000 00000047
IDT=     000000003efa3018 00000fff
CR0=80010033 CR2=0000000000000000 CR3=000000003f801000 CR4=00000668
DR0=0000000000000000 DR1=0000000000000000 DR2=0000000000000000 DR3=0000000000000000 
DR6=00000000ffff0ff0 DR7=0000000000000400
CCS=0000000000000000 CCD=000000000000007f CCO=EFLAGS
EFER=0000000000000d00
Servicing hardware INT=0x20
   168: v=20 e=0000 i=0 cpl=0 IP=0038:000000003e6d3862 pc=000000003e6d3862 SP=0030:000000003fe65190 env->regs[R_EAX]=0000000000002758
RAX=0000000000002758 RBX=0000000000002710 RCX=000000000000b008 RDX=00000000009e3eb2
RSI=00000000009e660a RDI=000000003e5b40d4 RBP=000000003fe651c0 RSP=000000003fe65190
R8 =000000003fe651e0 R9 =00000000000003f6 R10=0000000000000000 R11=0000000000000000
R12=000000000000c042 R13=0000000000000011 R14=000000000000c040 R15=0000000000000000
RIP=000000003e6d3862 RFL=00000202 [-------] CPL=0 II=0 A20=1 SMM=0 HLT=0
ES =0030 0000000000000000 ffffffff 00cf9300 DPL=0 DS   [-WA]
CS =0038 0000000000000000 ffffffff 00af9a00 DPL=0 CS64 [-R-]
SS =0030 0000000000000000 ffffffff 00cf9300 DPL=0 DS   [-WA]
DS =0030 0000000000000000 ffffffff 00cf9300 DPL=0 DS   [-WA]
FS =0030 0000000000000000 ffffffff 00cf9300 DPL=0 DS   [-WA]
GS =0030 0000000000000000 ffffffff 00cf9300 DPL=0 DS   [-WA]
LDT=0000 0000000000000000 0000ffff 00008200 DPL=0 LDT
TR =0000 0000000000000000 0000ffff 00008b00 DPL=0 TSS64-busy
GDT=     000000003f5dc000 00000047
IDT=     000000003efa3018 00000fff
CR0=80010033 CR2=0000000000000000 CR3=000000003f801000 CR4=00000668
DR0=0000000000000000 DR1=0000000000000000 DR2=0000000000000000 DR3=0000000000000000 
DR6=00000000ffff0ff0 DR7=0000000000000400
CCS=0000000000000000 CCD=0000000000002758 CCO=EFLAGS
EFER=0000000000000d00
Servicing hardware INT=0x20
   169: v=20 e=0000 i=0 cpl=0 IP=0038:000000003e6d3862 pc=000000003e6d3862 SP=0030:000000003fe65330 env->regs[R_EAX]=00000000000000ec
RAX=00000000000000ec RBX=0000000000000064 RCX=000000000000b008 RDX=00000000009f0a9b
RSI=00000000009f0b87 RDI=000000003e5b40d4 RBP=000000003fe65360 RSP=000000003fe65330
R8 =000000003fe6534f R9 =000000000000c042 R10=0000000000000000 R11=0000000000000000
R12=000000000004baf1 R13=0000000000000011 R14=000000000000c040 R15=0000000000000000
RIP=000000003e6d3862 RFL=00000202 [-------] CPL=0 II=0 A20=1 SMM=0 HLT=0
ES =0030 0000000000000000 ffffffff 00cf9300 DPL=0 DS   [-WA]
CS =0038 0000000000000000 ffffffff 00af9a00 DPL=0 CS64 [-R-]
SS =0030 0000000000000000 ffffffff 00cf9300 DPL=0 DS   [-WA]
DS =0030 0000000000000000 ffffffff 00cf9300 DPL=0 DS   [-WA]
FS =0030 0000000000000000 ffffffff 00cf9300 DPL=0 DS   [-WA]
GS =0030 0000000000000000 ffffffff 00cf9300 DPL=0 DS   [-WA]
LDT=0000 0000000000000000 0000ffff 00008200 DPL=0 LDT
TR =0000 0000000000000000 0000ffff 00008b00 DPL=0 TSS64-busy
GDT=     000000003f5dc000 00000047
IDT=     000000003efa3018 00000fff
CR0=80010033 CR2=0000000000000000 CR3=000000003f801000 CR4=00000668
DR0=0000000000000000 DR1=0000000000000000 DR2=0000000000000000 DR3=0000000000000000 
DR6=00000000ffff0ff0 DR7=0000000000000400
CCS=0000000000000000 CCD=00000000000000ec CCO=EFLAGS
EFER=0000000000000d00
Servicing hardware INT=0x20
   170: v=20 e=0000 i=0 cpl=0 IP=0038:000000003e6d3862 pc=000000003e6d3862 SP=0030:000000003fe65310 env->regs[R_EAX]=0000000000000571
RAX=0000000000000571 RBX=0000000000000190 RCX=000000000000b008 RDX=00000000009ff85f
RSI=00000000009ffdd0 RDI=000000003fe65468 RBP=000000003fe65340 RSP=000000003fe65310
R8 =000000003fe65360 R9 =0000000000000177 R10=0000000000000000 R11=0000000000000000
R12=00000000000493e1 R13=0000000000000000 R14=000000003e5b40a0 R15=00000000ffffff00
RIP=000000003e6d3862 RFL=00000206 [-----P-] CPL=0 II=0 A20=1 SMM=0 HLT=0
ES =0030 0000000000000000 ffffffff 00cf9300 DPL=0 DS   [-WA]
CS =0038 0000000000000000 ffffffff 00af9a00 DPL=0 CS64 [-R-]
SS =0030 0000000000000000 ffffffff 00cf9300 DPL=0 DS   [-WA]
DS =0030 0000000000000000 ffffffff 00cf9300 DPL=0 DS   [-WA]
FS =0030 0000000000000000 ffffffff 00cf9300 DPL=0 DS   [-WA]
GS =0030 0000000000000000 ffffffff 00cf9300 DPL=0 DS   [-WA]
LDT=0000 0000000000000000 0000ffff 00008200 DPL=0 LDT
TR =0000 0000000000000000 0000ffff 00008b00 DPL=0 TSS64-busy
GDT=     000000003f5dc000 00000047
IDT=     000000003efa3018 00000fff
CR0=80010033 CR2=0000000000000000 CR3=000000003f801000 CR4=00000668
DR0=0000000000000000 DR1=0000000000000000 DR2=0000000000000000 DR3=0000000000000000 
DR6=00000000ffff0ff0 DR7=0000000000000400
CCS=0000000000000004 CCD=0000000000000571 CCO=EFLAGS
EFER=0000000000000d00
Servicing hardware INT=0x20
   171: v=20 e=0000 i=0 cpl=0 IP=0038:000000003ef9f419 pc=000000003ef9f419 SP=0030:000000003fe64e10 env->regs[R_EAX]=0000000000000058
RAX=0000000000000058 RBX=00000000000001f7 RCX=00000000000001f7 RDX=00000000000001f7
RSI=0000000000000000 RDI=0000000000000000 RBP=000000003fe64e30 RSP=000000003fe64e10
R8 =000000003fe64f5f R9 =00000000000001f7 R10=0000000000000000 R11=0000000000000000
R12=000000003fe64f5f R13=0000000000000001 R14=0000000000000001 R15=0000000000000001
RIP=000000003ef9f419 RFL=00000246 [---Z-P-] CPL=0 II=0 A20=1 SMM=0 HLT=0
ES =0030 0000000000000000 ffffffff 00cf9300 DPL=0 DS   [-WA]
CS =0038 0000000000000000 ffffffff 00af9a00 DPL=0 CS64 [-R-]
SS =0030 0000000000000000 ffffffff 00cf9300 DPL=0 DS   [-WA]
DS =0030 0000000000000000 ffffffff 00cf9300 DPL=0 DS   [-WA]
FS =0030 0000000000000000 ffffffff 00cf9300 DPL=0 DS   [-WA]
GS =0030 0000000000000000 ffffffff 00cf9300 DPL=0 DS   [-WA]
LDT=0000 0000000000000000 0000ffff 00008200 DPL=0 LDT
TR =0000 0000000000000000 0000ffff 00008b00 DPL=0 TSS64-busy
GDT=     000000003f5dc000 00000047
IDT=     000000003efa3018 00000fff
CR0=80010033 CR2=0000000000000000 CR3=000000003f801000 CR4=00000668
DR0=0000000000000000 DR1=0000000000000000 DR2=0000000000000000 DR3=0000000000000000 
DR6=00000000ffff0ff0 DR7=0000000000000400
CCS=0000000000000044 CCD=0000000000000000 CCO=EFLAGS
EFER=0000000000000d00
Servicing hardware INT=0x20
   172: v=20 e=0000 i=0 cpl=0 IP=0038:000000003e6d3862 pc=000000003e6d3862 SP=0030:000000003fe64f80 env->regs[R_EAX]=0000000000000031
RAX=0000000000000031 RBX=0000000000000064 RCX=000000000000b008 RDX=0000000000a0cdc8
RSI=0000000000a0cdf9 RDI=000000003e5b40d4 RBP=000000003fe64fb0 RSP=000000003fe64f80
R8 =000000003fe64f9f R9 =000000000000c042 R10=0000000000000000 R11=0000000000000000
R12=000000000004bae3 R13=0000000000000011 R14=000000000000c040 R15=0000000000000000
RIP=000000003e6d3862 RFL=00000202 [-------] CPL=0 II=0 A20=1 SMM=0 HLT=0
ES =0030 0000000000000000 ffffffff 00cf9300 DPL=0 DS   [-WA]
CS =0038 0000000000000000 ffffffff 00af9a00 DPL=0 CS64 [-R-]
SS =0030 0000000000000000 ffffffff 00cf9300 DPL=0 DS   [-WA]
DS =0030 0000000000000000 ffffffff 00cf9300 DPL=0 DS   [-WA]
FS =0030 0000000000000000 ffffffff 00cf9300 DPL=0 DS   [-WA]
GS =0030 0000000000000000 ffffffff 00cf9300 DPL=0 DS   [-WA]
LDT=0000 0000000000000000 0000ffff 00008200 DPL=0 LDT
TR =0000 0000000000000000 0000ffff 00008b00 DPL=0 TSS64-busy
GDT=     000000003f5dc000 00000047
IDT=     000000003efa3018 00000fff
CR0=80010033 CR2=0000000000000000 CR3=000000003f801000 CR4=00000668
DR0=0000000000000000 DR1=0000000000000000 DR2=0000000000000000 DR3=0000000000000000 
DR6=00000000ffff0ff0 DR7=0000000000000400
CCS=0000000000000000 CCD=0000000000000031 CCO=EFLAGS
EFER=0000000000000d00
Servicing hardware INT=0x20
   173: v=20 e=0000 i=0 cpl=0 IP=0038:000000003e6d3862 pc=000000003e6d3862 SP=0030:000000003fe64f80 env->regs[R_EAX]=00000000000006a4
RAX=00000000000006a4 RBX=0000000000002710 RCX=000000000000b008 RDX=0000000000a1ae7b
RSI=0000000000a1b51f RDI=000000003e5b40d4 RBP=000000003fe64fb0 RSP=000000003fe64f80
R8 =000000003fe64fd0 R9 =00000000000003f6 R10=0000000000000000 R11=0000000000000000
R12=000000000000c042 R13=0000000000000011 R14=000000000000c040 R15=0000000000000000
RIP=000000003e6d3862 RFL=00000202 [-------] CPL=0 II=0 A20=1 SMM=0 HLT=0
ES =0030 0000000000000000 ffffffff 00cf9300 DPL=0 DS   [-WA]
CS =0038 0000000000000000 ffffffff 00af9a00 DPL=0 CS64 [-R-]
SS =0030 0000000000000000 ffffffff 00cf9300 DPL=0 DS   [-WA]
DS =0030 0000000000000000 ffffffff 00cf9300 DPL=0 DS   [-WA]
FS =0030 0000000000000000 ffffffff 00cf9300 DPL=0 DS   [-WA]
GS =0030 0000000000000000 ffffffff 00cf9300 DPL=0 DS   [-WA]
LDT=0000 0000000000000000 0000ffff 00008200 DPL=0 LDT
TR =0000 0000000000000000 0000ffff 00008b00 DPL=0 TSS64-busy
GDT=     000000003f5dc000 00000047
IDT=     000000003efa3018 00000fff
CR0=80010033 CR2=0000000000000000 CR3=000000003f801000 CR4=00000668
DR0=0000000000000000 DR1=0000000000000000 DR2=0000000000000000 DR3=0000000000000000 
DR6=00000000ffff0ff0 DR7=0000000000000400
CCS=0000000000000000 CCD=00000000000006a4 CCO=EFLAGS
EFER=0000000000000d00
Servicing hardware INT=0x20
   174: v=20 e=0000 i=0 cpl=0 IP=0038:000000003e6d3862 pc=000000003e6d3862 SP=0030:000000003fe64f80 env->regs[R_EAX]=0000000000000151
RAX=0000000000000151 RBX=0000000000000064 RCX=000000000000b008 RDX=0000000000a1e59b
RSI=0000000000a1e6ec RDI=000000003e5b40d4 RBP=000000003fe64fb0 RSP=000000003fe64f80
R8 =000000003fe64f9f R9 =000000000000c042 R10=0000000000000000 R11=0000000000000000
R12=000000000004bade R13=0000000000000011 R14=000000000000c040 R15=0000000000000000
RIP=000000003e6d3862 RFL=00000202 [-------] CPL=0 II=0 A20=1 SMM=0 HLT=0
ES =0030 0000000000000000 ffffffff 00cf9300 DPL=0 DS   [-WA]
CS =0038 0000000000000000 ffffffff 00af9a00 DPL=0 CS64 [-R-]
SS =0030 0000000000000000 ffffffff 00cf9300 DPL=0 DS   [-WA]
DS =0030 0000000000000000 ffffffff 00cf9300 DPL=0 DS   [-WA]
FS =0030 0000000000000000 ffffffff 00cf9300 DPL=0 DS   [-WA]
GS =0030 0000000000000000 ffffffff 00cf9300 DPL=0 DS   [-WA]
LDT=0000 0000000000000000 0000ffff 00008200 DPL=0 LDT
TR =0000 0000000000000000 0000ffff 00008b00 DPL=0 TSS64-busy
GDT=     000000003f5dc000 00000047
IDT=     000000003efa3018 00000fff
CR0=80010033 CR2=0000000000000000 CR3=000000003f801000 CR4=00000668
DR0=0000000000000000 DR1=0000000000000000 DR2=0000000000000000 DR3=0000000000000000 
DR6=00000000ffff0ff0 DR7=0000000000000400
CCS=0000000000000000 CCD=0000000000000151 CCO=EFLAGS
EFER=0000000000000d00
Servicing hardware INT=0x20
   175: v=20 e=0000 i=0 cpl=0 IP=0038:000000003e6d3862 pc=000000003e6d3862 SP=0030:000000003fe64f80 env->regs[R_EAX]=000000000000372b
RAX=000000000000372b RBX=0000000000002710 RCX=000000000000b008 RDX=0000000000a28eee
RSI=0000000000a2c619 RDI=000000003e5b40d4 RBP=000000003fe64fb0 RSP=000000003fe64f80
R8 =000000003fe64fd0 R9 =00000000000003f6 R10=0000000000000000 R11=0000000000000000
R12=000000000000c042 R13=0000000000000011 R14=000000000000c040 R15=0000000000000000
RIP=000000003e6d3862 RFL=00000206 [-----P-] CPL=0 II=0 A20=1 SMM=0 HLT=0
ES =0030 0000000000000000 ffffffff 00cf9300 DPL=0 DS   [-WA]
CS =0038 0000000000000000 ffffffff 00af9a00 DPL=0 CS64 [-R-]
SS =0030 0000000000000000 ffffffff 00cf9300 DPL=0 DS   [-WA]
DS =0030 0000000000000000 ffffffff 00cf9300 DPL=0 DS   [-WA]
FS =0030 0000000000000000 ffffffff 00cf9300 DPL=0 DS   [-WA]
GS =0030 0000000000000000 ffffffff 00cf9300 DPL=0 DS   [-WA]
LDT=0000 0000000000000000 0000ffff 00008200 DPL=0 LDT
TR =0000 0000000000000000 0000ffff 00008b00 DPL=0 TSS64-busy
GDT=     000000003f5dc000 00000047
IDT=     000000003efa3018 00000fff
CR0=80010033 CR2=0000000000000000 CR3=000000003f801000 CR4=00000668
DR0=0000000000000000 DR1=0000000000000000 DR2=0000000000000000 DR3=0000000000000000 
DR6=00000000ffff0ff0 DR7=0000000000000400
CCS=0000000000000004 CCD=000000000000372b CCO=EFLAGS
EFER=0000000000000d00
Servicing hardware INT=0x20
   176: v=20 e=0000 i=0 cpl=0 IP=0038:000000003e6d3862 pc=000000003e6d3862 SP=0030:000000003fe64f80 env->regs[R_EAX]=000000000000015e
RAX=000000000000015e RBX=0000000000000064 RCX=000000000000b008 RDX=0000000000a2fd0f
RSI=0000000000a2fe6d RDI=000000003e5b40d4 RBP=000000003fe64fb0 RSP=000000003fe64f80
R8 =000000003fe64f9f R9 =000000000000c042 R10=0000000000000000 R11=0000000000000000
R12=000000000004badc R13=0000000000000011 R14=000000000000c040 R15=0000000000000000
RIP=000000003e6d3862 RFL=00000202 [-------] CPL=0 II=0 A20=1 SMM=0 HLT=0
ES =0030 0000000000000000 ffffffff 00cf9300 DPL=0 DS   [-WA]
CS =0038 0000000000000000 ffffffff 00af9a00 DPL=0 CS64 [-R-]
SS =0030 0000000000000000 ffffffff 00cf9300 DPL=0 DS   [-WA]
DS =0030 0000000000000000 ffffffff 00cf9300 DPL=0 DS   [-WA]
FS =0030 0000000000000000 ffffffff 00cf9300 DPL=0 DS   [-WA]
GS =0030 0000000000000000 ffffffff 00cf9300 DPL=0 DS   [-WA]
LDT=0000 0000000000000000 0000ffff 00008200 DPL=0 LDT
TR =0000 0000000000000000 0000ffff 00008b00 DPL=0 TSS64-busy
GDT=     000000003f5dc000 00000047
IDT=     000000003efa3018 00000fff
CR0=80010033 CR2=0000000000000000 CR3=000000003f801000 CR4=00000668
DR0=0000000000000000 DR1=0000000000000000 DR2=0000000000000000 DR3=0000000000000000 
DR6=00000000ffff0ff0 DR7=0000000000000400
CCS=0000000000000000 CCD=000000000000015e CCO=EFLAGS
EFER=0000000000000d00
Servicing hardware INT=0x20
   177: v=20 e=0000 i=0 cpl=0 IP=0038:000000003e6d3862 pc=000000003e6d3862 SP=0030:000000003fe64f80 env->regs[R_EAX]=000000000000015a
RAX=000000000000015a RBX=0000000000000064 RCX=000000000000b008 RDX=0000000000a37967
RSI=0000000000a37ac1 RDI=000000003e5b40d4 RBP=000000003fe64fb0 RSP=000000003fe64f80
R8 =000000003fe64f9f R9 =000000000000c042 R10=0000000000000000 R11=0000000000000000
R12=000000000004baa3 R13=0000000000000011 R14=000000000000c040 R15=0000000000000000
RIP=000000003e6d3862 RFL=00000206 [-----P-] CPL=0 II=0 A20=1 SMM=0 HLT=0
ES =0030 0000000000000000 ffffffff 00cf9300 DPL=0 DS   [-WA]
CS =0038 0000000000000000 ffffffff 00af9a00 DPL=0 CS64 [-R-]
SS =0030 0000000000000000 ffffffff 00cf9300 DPL=0 DS   [-WA]
DS =0030 0000000000000000 ffffffff 00cf9300 DPL=0 DS   [-WA]
FS =0030 0000000000000000 ffffffff 00cf9300 DPL=0 DS   [-WA]
GS =0030 0000000000000000 ffffffff 00cf9300 DPL=0 DS   [-WA]
LDT=0000 0000000000000000 0000ffff 00008200 DPL=0 LDT
TR =0000 0000000000000000 0000ffff 00008b00 DPL=0 TSS64-busy
GDT=     000000003f5dc000 00000047
IDT=     000000003efa3018 00000fff
CR0=80010033 CR2=0000000000000000 CR3=000000003f801000 CR4=00000668
DR0=0000000000000000 DR1=0000000000000000 DR2=0000000000000000 DR3=0000000000000000 
DR6=00000000ffff0ff0 DR7=0000000000000400
CCS=0000000000000004 CCD=000000000000015a CCO=EFLAGS
EFER=0000000000000d00
Servicing hardware INT=0x20
   178: v=20 e=0000 i=0 cpl=0 IP=0038:000000003e6d3862 pc=000000003e6d3862 SP=0030:000000003fe64fc0 env->regs[R_EAX]=00000000000000b3
RAX=00000000000000b3 RBX=0000000000000064 RCX=000000000000b008 RDX=0000000000a43a3e
RSI=0000000000a43af1 RDI=000000003e5b40d4 RBP=000000003fe64ff0 RSP=000000003fe64fc0
R8 =000000003fe64fdf R9 =000000000000c042 R10=0000000000000000 R11=0000000000000000
R12=000000000004baf1 R13=0000000000000011 R14=000000000000c040 R15=0000000000000000
RIP=000000003e6d3862 RFL=00000202 [-------] CPL=0 II=0 A20=1 SMM=0 HLT=0
ES =0030 0000000000000000 ffffffff 00cf9300 DPL=0 DS   [-WA]
CS =0038 0000000000000000 ffffffff 00af9a00 DPL=0 CS64 [-R-]
SS =0030 0000000000000000 ffffffff 00cf9300 DPL=0 DS   [-WA]
DS =0030 0000000000000000 ffffffff 00cf9300 DPL=0 DS   [-WA]
FS =0030 0000000000000000 ffffffff 00cf9300 DPL=0 DS   [-WA]
GS =0030 0000000000000000 ffffffff 00cf9300 DPL=0 DS   [-WA]
LDT=0000 0000000000000000 0000ffff 00008200 DPL=0 LDT
TR =0000 0000000000000000 0000ffff 00008b00 DPL=0 TSS64-busy
GDT=     000000003f5dc000 00000047
IDT=     000000003efa3018 00000fff
CR0=80010033 CR2=0000000000000000 CR3=000000003f801000 CR4=00000668
DR0=0000000000000000 DR1=0000000000000000 DR2=0000000000000000 DR3=0000000000000000 
DR6=00000000ffff0ff0 DR7=0000000000000400
CCS=0000000000000000 CCD=00000000000000b3 CCO=EFLAGS
EFER=0000000000000d00
Servicing hardware INT=0x20
   179: v=20 e=0000 i=0 cpl=0 IP=0038:000000003e6d3862 pc=000000003e6d3862 SP=0030:000000003fe64fc0 env->regs[R_EAX]=0000000000000156
RAX=0000000000000156 RBX=0000000000000064 RCX=000000000000b008 RDX=0000000000a4a0e7
RSI=0000000000a4a23d RDI=000000003e5b40d4 RBP=000000003fe64ff0 RSP=000000003fe64fc0
R8 =000000003fe64fdf R9 =000000000000c042 R10=0000000000000000 R11=0000000000000000
R12=000000000004bac1 R13=0000000000000011 R14=000000000000c040 R15=0000000000000000
RIP=000000003e6d3862 RFL=00000206 [-----P-] CPL=0 II=0 A20=1 SMM=0 HLT=0
ES =0030 0000000000000000 ffffffff 00cf9300 DPL=0 DS   [-WA]
CS =0038 0000000000000000 ffffffff 00af9a00 DPL=0 CS64 [-R-]
SS =0030 0000000000000000 ffffffff 00cf9300 DPL=0 DS   [-WA]
DS =0030 0000000000000000 ffffffff 00cf9300 DPL=0 DS   [-WA]
FS =0030 0000000000000000 ffffffff 00cf9300 DPL=0 DS   [-WA]
GS =0030 0000000000000000 ffffffff 00cf9300 DPL=0 DS   [-WA]
LDT=0000 0000000000000000 0000ffff 00008200 DPL=0 LDT
TR =0000 0000000000000000 0000ffff 00008b00 DPL=0 TSS64-busy
GDT=     000000003f5dc000 00000047
IDT=     000000003efa3018 00000fff
CR0=80010033 CR2=0000000000000000 CR3=000000003f801000 CR4=00000668
DR0=0000000000000000 DR1=0000000000000000 DR2=0000000000000000 DR3=0000000000000000 
DR6=00000000ffff0ff0 DR7=0000000000000400
CCS=0000000000000004 CCD=0000000000000156 CCO=EFLAGS
EFER=0000000000000d00
Servicing hardware INT=0x20
   180: v=20 e=0000 i=0 cpl=0 IP=0038:000000003e6d3862 pc=000000003e6d3862 SP=0030:000000003fe64fc0 env->regs[R_EAX]=00000000000000e2
RAX=00000000000000e2 RBX=0000000000000064 RCX=000000000000b008 RDX=0000000000a5538f
RSI=0000000000a55471 RDI=000000003e5b40d4 RBP=000000003fe64ff0 RSP=000000003fe64fc0
R8 =000000003fe64fdf R9 =000000000000c042 R10=0000000000000000 R11=0000000000000000
R12=000000000004baf1 R13=0000000000000011 R14=000000000000c040 R15=0000000000000000
RIP=000000003e6d3862 RFL=00000206 [-----P-] CPL=0 II=0 A20=1 SMM=0 HLT=0
ES =0030 0000000000000000 ffffffff 00cf9300 DPL=0 DS   [-WA]
CS =0038 0000000000000000 ffffffff 00af9a00 DPL=0 CS64 [-R-]
SS =0030 0000000000000000 ffffffff 00cf9300 DPL=0 DS   [-WA]
DS =0030 0000000000000000 ffffffff 00cf9300 DPL=0 DS   [-WA]
FS =0030 0000000000000000 ffffffff 00cf9300 DPL=0 DS   [-WA]
GS =0030 0000000000000000 ffffffff 00cf9300 DPL=0 DS   [-WA]
LDT=0000 0000000000000000 0000ffff 00008200 DPL=0 LDT
TR =0000 0000000000000000 0000ffff 00008b00 DPL=0 TSS64-busy
GDT=     000000003f5dc000 00000047
IDT=     000000003efa3018 00000fff
CR0=80010033 CR2=0000000000000000 CR3=000000003f801000 CR4=00000668
DR0=0000000000000000 DR1=0000000000000000 DR2=0000000000000000 DR3=0000000000000000 
DR6=00000000ffff0ff0 DR7=0000000000000400
CCS=0000000000000004 CCD=00000000000000e2 CCO=EFLAGS
EFER=0000000000000d00
Servicing hardware INT=0x20
   181: v=20 e=0000 i=0 cpl=0 IP=0038:000000003e6d3862 pc=000000003e6d3862 SP=0030:000000003fe64fc0 env->regs[R_EAX]=000000000000438f
RAX=000000000000438f RBX=0000000000002710 RCX=000000000000b008 RDX=0000000000a5fca8
RSI=0000000000a64037 RDI=000000003e5b40d4 RBP=000000003fe64ff0 RSP=000000003fe64fc0
R8 =000000003fe65010 R9 =00000000000003f6 R10=0000000000000000 R11=0000000000000000
R12=000000000000c042 R13=0000000000000011 R14=000000000000c040 R15=0000000000000000
RIP=000000003e6d3862 RFL=00000202 [-------] CPL=0 II=0 A20=1 SMM=0 HLT=0
ES =0030 0000000000000000 ffffffff 00cf9300 DPL=0 DS   [-WA]
CS =0038 0000000000000000 ffffffff 00af9a00 DPL=0 CS64 [-R-]
SS =0030 0000000000000000 ffffffff 00cf9300 DPL=0 DS   [-WA]
DS =0030 0000000000000000 ffffffff 00cf9300 DPL=0 DS   [-WA]
FS =0030 0000000000000000 ffffffff 00cf9300 DPL=0 DS   [-WA]
GS =0030 0000000000000000 ffffffff 00cf9300 DPL=0 DS   [-WA]
LDT=0000 0000000000000000 0000ffff 00008200 DPL=0 LDT
TR =0000 0000000000000000 0000ffff 00008b00 DPL=0 TSS64-busy
GDT=     000000003f5dc000 00000047
IDT=     000000003efa3018 00000fff
CR0=80010033 CR2=0000000000000000 CR3=000000003f801000 CR4=00000668
DR0=0000000000000000 DR1=0000000000000000 DR2=0000000000000000 DR3=0000000000000000 
DR6=00000000ffff0ff0 DR7=0000000000000400
CCS=0000000000000000 CCD=000000000000438f CCO=EFLAGS
EFER=0000000000000d00
Servicing hardware INT=0x20
   182: v=20 e=0000 i=0 cpl=0 IP=0038:000000003e6d3862 pc=000000003e6d3862 SP=0030:000000003fe64fc0 env->regs[R_EAX]=00000000000000e9
RAX=00000000000000e9 RBX=0000000000000064 RCX=000000000000b008 RDX=0000000000a64dce
RSI=0000000000a64eb7 RDI=000000003e5b40d4 RBP=000000003fe64ff0 RSP=000000003fe64fc0
R8 =000000003fe64fdf R9 =000000000000c042 R10=0000000000000000 R11=0000000000000000
R12=000000000004baf1 R13=0000000000000011 R14=000000000000c040 R15=0000000000000000
RIP=000000003e6d3862 RFL=00000202 [-------] CPL=0 II=0 A20=1 SMM=0 HLT=0
ES =0030 0000000000000000 ffffffff 00cf9300 DPL=0 DS   [-WA]
CS =0038 0000000000000000 ffffffff 00af9a00 DPL=0 CS64 [-R-]
SS =0030 0000000000000000 ffffffff 00cf9300 DPL=0 DS   [-WA]
DS =0030 0000000000000000 ffffffff 00cf9300 DPL=0 DS   [-WA]
FS =0030 0000000000000000 ffffffff 00cf9300 DPL=0 DS   [-WA]
GS =0030 0000000000000000 ffffffff 00cf9300 DPL=0 DS   [-WA]
LDT=0000 0000000000000000 0000ffff 00008200 DPL=0 LDT
TR =0000 0000000000000000 0000ffff 00008b00 DPL=0 TSS64-busy
GDT=     000000003f5dc000 00000047
IDT=     000000003efa3018 00000fff
CR0=80010033 CR2=0000000000000000 CR3=000000003f801000 CR4=00000668
DR0=0000000000000000 DR1=0000000000000000 DR2=0000000000000000 DR3=0000000000000000 
DR6=00000000ffff0ff0 DR7=0000000000000400
CCS=0000000000000000 CCD=00000000000000e9 CCO=EFLAGS
EFER=0000000000000d00
Servicing hardware INT=0x20
   183: v=20 e=0000 i=0 cpl=0 IP=0038:000000003e6d3862 pc=000000003e6d3862 SP=0030:000000003fe64fc0 env->regs[R_EAX]=0000000000000111
RAX=0000000000000111 RBX=0000000000000064 RCX=000000000000b008 RDX=0000000000a6d070
RSI=0000000000a6d181 RDI=000000003e5b40d4 RBP=000000003fe64ff0 RSP=000000003fe64fc0
R8 =000000003fe64fdf R9 =000000000000c042 R10=0000000000000000 R11=0000000000000000
R12=000000000004baaf R13=0000000000000011 R14=000000000000c040 R15=0000000000000000
RIP=000000003e6d3862 RFL=00000206 [-----P-] CPL=0 II=0 A20=1 SMM=0 HLT=0
ES =0030 0000000000000000 ffffffff 00cf9300 DPL=0 DS   [-WA]
CS =0038 0000000000000000 ffffffff 00af9a00 DPL=0 CS64 [-R-]
SS =0030 0000000000000000 ffffffff 00cf9300 DPL=0 DS   [-WA]
DS =0030 0000000000000000 ffffffff 00cf9300 DPL=0 DS   [-WA]
FS =0030 0000000000000000 ffffffff 00cf9300 DPL=0 DS   [-WA]
GS =0030 0000000000000000 ffffffff 00cf9300 DPL=0 DS   [-WA]
LDT=0000 0000000000000000 0000ffff 00008200 DPL=0 LDT
TR =0000 0000000000000000 0000ffff 00008b00 DPL=0 TSS64-busy
GDT=     000000003f5dc000 00000047
IDT=     000000003efa3018 00000fff
CR0=80010033 CR2=0000000000000000 CR3=000000003f801000 CR4=00000668
DR0=0000000000000000 DR1=0000000000000000 DR2=0000000000000000 DR3=0000000000000000 
DR6=00000000ffff0ff0 DR7=0000000000000400
CCS=0000000000000004 CCD=0000000000000111 CCO=EFLAGS
EFER=0000000000000d00
Servicing hardware INT=0x20
   184: v=20 e=0000 i=0 cpl=0 IP=0038:000000003e6d3862 pc=000000003e6d3862 SP=0030:000000003fe64fc0 env->regs[R_EAX]=00000000000000c4
RAX=00000000000000c4 RBX=0000000000000064 RCX=000000000000b008 RDX=0000000000a7855a
RSI=0000000000a7861e RDI=000000003e5b40d4 RBP=000000003fe64ff0 RSP=000000003fe64fc0
R8 =000000003fe64fdf R9 =000000000000c042 R10=0000000000000000 R11=0000000000000000
R12=000000000004baf1 R13=0000000000000011 R14=000000000000c040 R15=0000000000000000
RIP=000000003e6d3862 RFL=00000202 [-------] CPL=0 II=0 A20=1 SMM=0 HLT=0
ES =0030 0000000000000000 ffffffff 00cf9300 DPL=0 DS   [-WA]
CS =0038 0000000000000000 ffffffff 00af9a00 DPL=0 CS64 [-R-]
SS =0030 0000000000000000 ffffffff 00cf9300 DPL=0 DS   [-WA]
DS =0030 0000000000000000 ffffffff 00cf9300 DPL=0 DS   [-WA]
FS =0030 0000000000000000 ffffffff 00cf9300 DPL=0 DS   [-WA]
GS =0030 0000000000000000 ffffffff 00cf9300 DPL=0 DS   [-WA]
LDT=0000 0000000000000000 0000ffff 00008200 DPL=0 LDT
TR =0000 0000000000000000 0000ffff 00008b00 DPL=0 TSS64-busy
GDT=     000000003f5dc000 00000047
IDT=     000000003efa3018 00000fff
CR0=80010033 CR2=0000000000000000 CR3=000000003f801000 CR4=00000668
DR0=0000000000000000 DR1=0000000000000000 DR2=0000000000000000 DR3=0000000000000000 
DR6=00000000ffff0ff0 DR7=0000000000000400
CCS=0000000000000000 CCD=00000000000000c4 CCO=EFLAGS
EFER=0000000000000d00
Servicing hardware INT=0x20
   185: v=20 e=0000 i=0 cpl=0 IP=0038:000000003e6d3862 pc=000000003e6d3862 SP=0030:000000003fe64fc0 env->regs[R_EAX]=0000000000000164
RAX=0000000000000164 RBX=0000000000000064 RCX=000000000000b008 RDX=0000000000a7e76d
RSI=0000000000a7e8d1 RDI=000000003e5b40d4 RBP=000000003fe64ff0 RSP=000000003fe64fc0
R8 =000000003fe64fdf R9 =000000000000c042 R10=0000000000000000 R11=0000000000000000
R12=000000000004babc R13=0000000000000011 R14=000000000000c040 R15=0000000000000000
RIP=000000003e6d3862 RFL=00000202 [-------] CPL=0 II=0 A20=1 SMM=0 HLT=0
ES =0030 0000000000000000 ffffffff 00cf9300 DPL=0 DS   [-WA]
CS =0038 0000000000000000 ffffffff 00af9a00 DPL=0 CS64 [-R-]
SS =0030 0000000000000000 ffffffff 00cf9300 DPL=0 DS   [-WA]
DS =0030 0000000000000000 ffffffff 00cf9300 DPL=0 DS   [-WA]
FS =0030 0000000000000000 ffffffff 00cf9300 DPL=0 DS   [-WA]
GS =0030 0000000000000000 ffffffff 00cf9300 DPL=0 DS   [-WA]
LDT=0000 0000000000000000 0000ffff 00008200 DPL=0 LDT
TR =0000 0000000000000000 0000ffff 00008b00 DPL=0 TSS64-busy
GDT=     000000003f5dc000 00000047
IDT=     000000003efa3018 00000fff
CR0=80010033 CR2=0000000000000000 CR3=000000003f801000 CR4=00000668
DR0=0000000000000000 DR1=0000000000000000 DR2=0000000000000000 DR3=0000000000000000 
DR6=00000000ffff0ff0 DR7=0000000000000400
CCS=0000000000000000 CCD=0000000000000164 CCO=EFLAGS
EFER=0000000000000d00
Servicing hardware INT=0x20
   186: v=20 e=0000 i=0 cpl=0 IP=0038:000000003e6d3862 pc=000000003e6d3862 SP=0030:000000003fe64fc0 env->regs[R_EAX]=0000000000004143
RAX=0000000000004143 RBX=0000000000002710 RCX=000000000000b008 RDX=0000000000a88364
RSI=0000000000a8c4a7 RDI=000000003e5b40d4 RBP=000000003fe64ff0 RSP=000000003fe64fc0
R8 =000000003fe65010 R9 =00000000000003f6 R10=0000000000000000 R11=0000000000000000
R12=000000000000c042 R13=0000000000000011 R14=000000000000c040 R15=0000000000000000
RIP=000000003e6d3862 RFL=00000202 [-------] CPL=0 II=0 A20=1 SMM=0 HLT=0
ES =0030 0000000000000000 ffffffff 00cf9300 DPL=0 DS   [-WA]
CS =0038 0000000000000000 ffffffff 00af9a00 DPL=0 CS64 [-R-]
SS =0030 0000000000000000 ffffffff 00cf9300 DPL=0 DS   [-WA]
DS =0030 0000000000000000 ffffffff 00cf9300 DPL=0 DS   [-WA]
FS =0030 0000000000000000 ffffffff 00cf9300 DPL=0 DS   [-WA]
GS =0030 0000000000000000 ffffffff 00cf9300 DPL=0 DS   [-WA]
LDT=0000 0000000000000000 0000ffff 00008200 DPL=0 LDT
TR =0000 0000000000000000 0000ffff 00008b00 DPL=0 TSS64-busy
GDT=     000000003f5dc000 00000047
IDT=     000000003efa3018 00000fff
CR0=80010033 CR2=0000000000000000 CR3=000000003f801000 CR4=00000668
DR0=0000000000000000 DR1=0000000000000000 DR2=0000000000000000 DR3=0000000000000000 
DR6=00000000ffff0ff0 DR7=0000000000000400
CCS=0000000000000000 CCD=0000000000004143 CCO=EFLAGS
EFER=0000000000000d00
Servicing hardware INT=0x20
   187: v=20 e=0000 i=0 cpl=0 IP=0038:000000003e6d3862 pc=000000003e6d3862 SP=0030:000000003fe64eb0 env->regs[R_EAX]=0000000000000003
RAX=0000000000000003 RBX=0000000000000064 RCX=000000000000b008 RDX=0000000000a8ff4d
RSI=0000000000a8ff50 RDI=000000003e5b40d4 RBP=000000003fe64ee0 RSP=000000003fe64eb0
R8 =000000003fe64ecf R9 =000000000000c042 R10=0000000000000000 R11=0000000000000000
R12=000000000004bae7 R13=0000000000000011 R14=000000000000c040 R15=0000000000000000
RIP=000000003e6d3862 RFL=00000206 [-----P-] CPL=0 II=0 A20=1 SMM=0 HLT=0
ES =0030 0000000000000000 ffffffff 00cf9300 DPL=0 DS   [-WA]
CS =0038 0000000000000000 ffffffff 00af9a00 DPL=0 CS64 [-R-]
SS =0030 0000000000000000 ffffffff 00cf9300 DPL=0 DS   [-WA]
DS =0030 0000000000000000 ffffffff 00cf9300 DPL=0 DS   [-WA]
FS =0030 0000000000000000 ffffffff 00cf9300 DPL=0 DS   [-WA]
GS =0030 0000000000000000 ffffffff 00cf9300 DPL=0 DS   [-WA]
LDT=0000 0000000000000000 0000ffff 00008200 DPL=0 LDT
TR =0000 0000000000000000 0000ffff 00008b00 DPL=0 TSS64-busy
GDT=     000000003f5dc000 00000047
IDT=     000000003efa3018 00000fff
CR0=80010033 CR2=0000000000000000 CR3=000000003f801000 CR4=00000668
DR0=0000000000000000 DR1=0000000000000000 DR2=0000000000000000 DR3=0000000000000000 
DR6=00000000ffff0ff0 DR7=0000000000000400
CCS=0000000000000004 CCD=0000000000000003 CCO=EFLAGS
EFER=0000000000000d00
Servicing hardware INT=0x20
   188: v=20 e=0000 i=0 cpl=0 IP=0038:000000003e6d3862 pc=000000003e6d3862 SP=0030:000000003fe64eb0 env->regs[R_EAX]=0000000000000020
RAX=0000000000000020 RBX=0000000000000064 RCX=000000000000b008 RDX=0000000000a9e62b
RSI=0000000000a9e64b RDI=000000003e5b40d4 RBP=000000003fe64ee0 RSP=000000003fe64eb0
R8 =000000003fe64ecf R9 =000000000000c042 R10=0000000000000000 R11=0000000000000000
R12=000000000004baf1 R13=0000000000000011 R14=000000000000c040 R15=0000000000000000
RIP=000000003e6d3862 RFL=00000202 [-------] CPL=0 II=0 A20=1 SMM=0 HLT=0
ES =0030 0000000000000000 ffffffff 00cf9300 DPL=0 DS   [-WA]
CS =0038 0000000000000000 ffffffff 00af9a00 DPL=0 CS64 [-R-]
SS =0030 0000000000000000 ffffffff 00cf9300 DPL=0 DS   [-WA]
DS =0030 0000000000000000 ffffffff 00cf9300 DPL=0 DS   [-WA]
FS =0030 0000000000000000 ffffffff 00cf9300 DPL=0 DS   [-WA]
GS =0030 0000000000000000 ffffffff 00cf9300 DPL=0 DS   [-WA]
LDT=0000 0000000000000000 0000ffff 00008200 DPL=0 LDT
TR =0000 0000000000000000 0000ffff 00008b00 DPL=0 TSS64-busy
GDT=     000000003f5dc000 00000047
IDT=     000000003efa3018 00000fff
CR0=80010033 CR2=0000000000000000 CR3=000000003f801000 CR4=00000668
DR0=0000000000000000 DR1=0000000000000000 DR2=0000000000000000 DR3=0000000000000000 
DR6=00000000ffff0ff0 DR7=0000000000000400
CCS=0000000000000000 CCD=0000000000000020 CCO=EFLAGS
EFER=0000000000000d00
Servicing hardware INT=0x20
   189: v=20 e=0000 i=0 cpl=0 IP=0038:000000003e6d3862 pc=000000003e6d3862 SP=0030:000000003fe64eb0 env->regs[R_EAX]=0000000000000062
RAX=0000000000000062 RBX=0000000000000064 RCX=000000000000b008 RDX=0000000000aa16da
RSI=0000000000aa173c RDI=000000003e5b40d4 RBP=000000003fe64ee0 RSP=000000003fe64eb0
R8 =000000003fe64ecf R9 =000000000000c042 R10=0000000000000000 R11=0000000000000000
R12=000000000004bad8 R13=0000000000000011 R14=000000000000c040 R15=0000000000000000
RIP=000000003e6d3862 RFL=00000202 [-------] CPL=0 II=0 A20=1 SMM=0 HLT=0
ES =0030 0000000000000000 ffffffff 00cf9300 DPL=0 DS   [-WA]
CS =0038 0000000000000000 ffffffff 00af9a00 DPL=0 CS64 [-R-]
SS =0030 0000000000000000 ffffffff 00cf9300 DPL=0 DS   [-WA]
DS =0030 0000000000000000 ffffffff 00cf9300 DPL=0 DS   [-WA]
FS =0030 0000000000000000 ffffffff 00cf9300 DPL=0 DS   [-WA]
GS =0030 0000000000000000 ffffffff 00cf9300 DPL=0 DS   [-WA]
LDT=0000 0000000000000000 0000ffff 00008200 DPL=0 LDT
TR =0000 0000000000000000 0000ffff 00008b00 DPL=0 TSS64-busy
GDT=     000000003f5dc000 00000047
IDT=     000000003efa3018 00000fff
CR0=80010033 CR2=0000000000000000 CR3=000000003f801000 CR4=00000668
DR0=0000000000000000 DR1=0000000000000000 DR2=0000000000000000 DR3=0000000000000000 
DR6=00000000ffff0ff0 DR7=0000000000000400
CCS=0000000000000000 CCD=0000000000000062 CCO=EFLAGS
EFER=0000000000000d00
Servicing hardware INT=0x20
   190: v=20 e=0000 i=0 cpl=0 IP=0038:000000003e6d3862 pc=000000003e6d3862 SP=0030:000000003fe64eb0 env->regs[R_EAX]=00000000000000e4
RAX=00000000000000e4 RBX=0000000000000064 RCX=000000000000b008 RDX=0000000000aaf837
RSI=0000000000aaf91b RDI=000000003e5b40d4 RBP=000000003fe64ee0 RSP=000000003fe64eb0
R8 =000000003fe64ecf R9 =000000000000c042 R10=0000000000000000 R11=0000000000000000
R12=000000000004baf1 R13=0000000000000011 R14=000000000000c040 R15=0000000000000000
RIP=000000003e6d3862 RFL=00000206 [-----P-] CPL=0 II=0 A20=1 SMM=0 HLT=0
ES =0030 0000000000000000 ffffffff 00cf9300 DPL=0 DS   [-WA]
CS =0038 0000000000000000 ffffffff 00af9a00 DPL=0 CS64 [-R-]
SS =0030 0000000000000000 ffffffff 00cf9300 DPL=0 DS   [-WA]
DS =0030 0000000000000000 ffffffff 00cf9300 DPL=0 DS   [-WA]
FS =0030 0000000000000000 ffffffff 00cf9300 DPL=0 DS   [-WA]
GS =0030 0000000000000000 ffffffff 00cf9300 DPL=0 DS   [-WA]
LDT=0000 0000000000000000 0000ffff 00008200 DPL=0 LDT
TR =0000 0000000000000000 0000ffff 00008b00 DPL=0 TSS64-busy
GDT=     000000003f5dc000 00000047
IDT=     000000003efa3018 00000fff
CR0=80010033 CR2=0000000000000000 CR3=000000003f801000 CR4=00000668
DR0=0000000000000000 DR1=0000000000000000 DR2=0000000000000000 DR3=0000000000000000 
DR6=00000000ffff0ff0 DR7=0000000000000400
CCS=0000000000000004 CCD=00000000000000e4 CCO=EFLAGS
EFER=0000000000000d00
Servicing hardware INT=0x20
   191: v=20 e=0000 i=0 cpl=0 IP=0038:000000003e6d3862 pc=000000003e6d3862 SP=0030:000000003fe64eb0 env->regs[R_EAX]=0000000000000053
RAX=0000000000000053 RBX=0000000000000064 RCX=000000000000b008 RDX=0000000000ab2ec3
RSI=0000000000ab2f16 RDI=000000003e5b40d4 RBP=000000003fe64ee0 RSP=000000003fe64eb0
R8 =000000003fe64ecf R9 =000000000000c042 R10=0000000000000000 R11=0000000000000000
R12=000000000004bad5 R13=0000000000000011 R14=000000000000c040 R15=0000000000000000
RIP=000000003e6d3862 RFL=00000206 [-----P-] CPL=0 II=0 A20=1 SMM=0 HLT=0
ES =0030 0000000000000000 ffffffff 00cf9300 DPL=0 DS   [-WA]
CS =0038 0000000000000000 ffffffff 00af9a00 DPL=0 CS64 [-R-]
SS =0030 0000000000000000 ffffffff 00cf9300 DPL=0 DS   [-WA]
DS =0030 0000000000000000 ffffffff 00cf9300 DPL=0 DS   [-WA]
FS =0030 0000000000000000 ffffffff 00cf9300 DPL=0 DS   [-WA]
GS =0030 0000000000000000 ffffffff 00cf9300 DPL=0 DS   [-WA]
LDT=0000 0000000000000000 0000ffff 00008200 DPL=0 LDT
TR =0000 0000000000000000 0000ffff 00008b00 DPL=0 TSS64-busy
GDT=     000000003f5dc000 00000047
IDT=     000000003efa3018 00000fff
CR0=80010033 CR2=0000000000000000 CR3=000000003f801000 CR4=00000668
DR0=0000000000000000 DR1=0000000000000000 DR2=0000000000000000 DR3=0000000000000000 
DR6=00000000ffff0ff0 DR7=0000000000000400
CCS=0000000000000004 CCD=0000000000000053 CCO=EFLAGS
EFER=0000000000000d00
Servicing hardware INT=0x20
   192: v=20 e=0000 i=0 cpl=0 IP=0038:000000003e6d3862 pc=000000003e6d3862 SP=0030:000000003fe64eb0 env->regs[R_EAX]=0000000000002758
RAX=0000000000002758 RBX=0000000000002710 RCX=000000000000b008 RDX=0000000000abef9d
RSI=0000000000ac16f5 RDI=000000003e5b40d4 RBP=000000003fe64ee0 RSP=000000003fe64eb0
R8 =000000003fe64f00 R9 =00000000000003f6 R10=0000000000000000 R11=0000000000000000
R12=000000000000c042 R13=0000000000000011 R14=000000000000c040 R15=0000000000000000
RIP=000000003e6d3862 RFL=00000202 [-------] CPL=0 II=0 A20=1 SMM=0 HLT=0
ES =0030 0000000000000000 ffffffff 00cf9300 DPL=0 DS   [-WA]
CS =0038 0000000000000000 ffffffff 00af9a00 DPL=0 CS64 [-R-]
SS =0030 0000000000000000 ffffffff 00cf9300 DPL=0 DS   [-WA]
DS =0030 0000000000000000 ffffffff 00cf9300 DPL=0 DS   [-WA]
FS =0030 0000000000000000 ffffffff 00cf9300 DPL=0 DS   [-WA]
GS =0030 0000000000000000 ffffffff 00cf9300 DPL=0 DS   [-WA]
LDT=0000 0000000000000000 0000ffff 00008200 DPL=0 LDT
TR =0000 0000000000000000 0000ffff 00008b00 DPL=0 TSS64-busy
GDT=     000000003f5dc000 00000047
IDT=     000000003efa3018 00000fff
CR0=80010033 CR2=0000000000000000 CR3=000000003f801000 CR4=00000668
DR0=0000000000000000 DR1=0000000000000000 DR2=0000000000000000 DR3=0000000000000000 
DR6=00000000ffff0ff0 DR7=0000000000000400
CCS=0000000000000000 CCD=0000000000002758 CCO=EFLAGS
EFER=0000000000000d00
Servicing hardware INT=0x20
   193: v=20 e=0000 i=0 cpl=0 IP=0038:000000003e6d3862 pc=000000003e6d3862 SP=0030:000000003fe64ef0 env->regs[R_EAX]=0000000000000037
RAX=0000000000000037 RBX=0000000000000064 RCX=000000000000b008 RDX=0000000000ac4631
RSI=0000000000ac4668 RDI=000000003e5b40d4 RBP=000000003fe64f20 RSP=000000003fe64ef0
R8 =000000003fe64f0f R9 =000000000000c042 R10=0000000000000000 R11=0000000000000000
R12=000000000004bae1 R13=0000000000000011 R14=000000000000c040 R15=0000000000000000
RIP=000000003e6d3862 RFL=00000202 [-------] CPL=0 II=0 A20=1 SMM=0 HLT=0
ES =0030 0000000000000000 ffffffff 00cf9300 DPL=0 DS   [-WA]
CS =0038 0000000000000000 ffffffff 00af9a00 DPL=0 CS64 [-R-]
SS =0030 0000000000000000 ffffffff 00cf9300 DPL=0 DS   [-WA]
DS =0030 0000000000000000 ffffffff 00cf9300 DPL=0 DS   [-WA]
FS =0030 0000000000000000 ffffffff 00cf9300 DPL=0 DS   [-WA]
GS =0030 0000000000000000 ffffffff 00cf9300 DPL=0 DS   [-WA]
LDT=0000 0000000000000000 0000ffff 00008200 DPL=0 LDT
TR =0000 0000000000000000 0000ffff 00008b00 DPL=0 TSS64-busy
GDT=     000000003f5dc000 00000047
IDT=     000000003efa3018 00000fff
CR0=80010033 CR2=0000000000000000 CR3=000000003f801000 CR4=00000668
DR0=0000000000000000 DR1=0000000000000000 DR2=0000000000000000 DR3=0000000000000000 
DR6=00000000ffff0ff0 DR7=0000000000000400
CCS=0000000000000000 CCD=0000000000000037 CCO=EFLAGS
EFER=0000000000000d00
Servicing hardware INT=0x20
   194: v=20 e=0000 i=0 cpl=0 IP=0038:000000003e6d3862 pc=000000003e6d3862 SP=0030:000000003fe64ef0 env->regs[R_EAX]=00000000000000d0
RAX=00000000000000d0 RBX=0000000000000064 RCX=000000000000b008 RDX=0000000000ad2b6a
RSI=0000000000ad2c3a RDI=000000003e5b40d4 RBP=000000003fe64f20 RSP=000000003fe64ef0
R8 =000000003fe64f0f R9 =000000000000c042 R10=0000000000000000 R11=0000000000000000
R12=000000000004baf1 R13=0000000000000011 R14=000000000000c040 R15=0000000000000000
RIP=000000003e6d3862 RFL=00000202 [-------] CPL=0 II=0 A20=1 SMM=0 HLT=0
ES =0030 0000000000000000 ffffffff 00cf9300 DPL=0 DS   [-WA]
CS =0038 0000000000000000 ffffffff 00af9a00 DPL=0 CS64 [-R-]
SS =0030 0000000000000000 ffffffff 00cf9300 DPL=0 DS   [-WA]
DS =0030 0000000000000000 ffffffff 00cf9300 DPL=0 DS   [-WA]
FS =0030 0000000000000000 ffffffff 00cf9300 DPL=0 DS   [-WA]
GS =0030 0000000000000000 ffffffff 00cf9300 DPL=0 DS   [-WA]
LDT=0000 0000000000000000 0000ffff 00008200 DPL=0 LDT
TR =0000 0000000000000000 0000ffff 00008b00 DPL=0 TSS64-busy
GDT=     000000003f5dc000 00000047
IDT=     000000003efa3018 00000fff
CR0=80010033 CR2=0000000000000000 CR3=000000003f801000 CR4=00000668
DR0=0000000000000000 DR1=0000000000000000 DR2=0000000000000000 DR3=0000000000000000 
DR6=00000000ffff0ff0 DR7=0000000000000400
CCS=0000000000000000 CCD=00000000000000d0 CCO=EFLAGS
EFER=0000000000000d00
Servicing hardware INT=0x20
   195: v=20 e=0000 i=0 cpl=0 IP=0038:000000003e6d3862 pc=000000003e6d3862 SP=0030:000000003fe64ef0 env->regs[R_EAX]=0000000000000008
RAX=0000000000000008 RBX=0000000000000064 RCX=000000000000b008 RDX=0000000000ad5e2b
RSI=0000000000ad5e33 RDI=000000003e5b40d4 RBP=000000003fe64f20 RSP=000000003fe64ef0
R8 =000000003fe64f0f R9 =000000000000c042 R10=0000000000000000 R11=0000000000000000
R12=000000000004bad7 R13=0000000000000011 R14=000000000000c040 R15=0000000000000000
RIP=000000003e6d3862 RFL=00000202 [-------] CPL=0 II=0 A20=1 SMM=0 HLT=0
ES =0030 0000000000000000 ffffffff 00cf9300 DPL=0 DS   [-WA]
CS =0038 0000000000000000 ffffffff 00af9a00 DPL=0 CS64 [-R-]
SS =0030 0000000000000000 ffffffff 00cf9300 DPL=0 DS   [-WA]
DS =0030 0000000000000000 ffffffff 00cf9300 DPL=0 DS   [-WA]
FS =0030 0000000000000000 ffffffff 00cf9300 DPL=0 DS   [-WA]
GS =0030 0000000000000000 ffffffff 00cf9300 DPL=0 DS   [-WA]
LDT=0000 0000000000000000 0000ffff 00008200 DPL=0 LDT
TR =0000 0000000000000000 0000ffff 00008b00 DPL=0 TSS64-busy
GDT=     000000003f5dc000 00000047
IDT=     000000003efa3018 00000fff
CR0=80010033 CR2=0000000000000000 CR3=000000003f801000 CR4=00000668
DR0=0000000000000000 DR1=0000000000000000 DR2=0000000000000000 DR3=0000000000000000 
DR6=00000000ffff0ff0 DR7=0000000000000400
CCS=0000000000000000 CCD=0000000000000008 CCO=EFLAGS
EFER=0000000000000d00
Servicing hardware INT=0x20
   196: v=20 e=0000 i=0 cpl=0 IP=0038:000000003e6d3862 pc=000000003e6d3862 SP=0030:000000003fe64ef0 env->regs[R_EAX]=00000000000000d4
RAX=00000000000000d4 RBX=0000000000000064 RCX=000000000000b008 RDX=0000000000ae2eee
RSI=0000000000ae2fc2 RDI=000000003e5b40d4 RBP=000000003fe64f20 RSP=000000003fe64ef0
R8 =000000003fe64f0f R9 =000000000000c042 R10=0000000000000000 R11=0000000000000000
R12=000000000004baf1 R13=0000000000000011 R14=000000000000c040 R15=0000000000000000
RIP=000000003e6d3862 RFL=00000206 [-----P-] CPL=0 II=0 A20=1 SMM=0 HLT=0
ES =0030 0000000000000000 ffffffff 00cf9300 DPL=0 DS   [-WA]
CS =0038 0000000000000000 ffffffff 00af9a00 DPL=0 CS64 [-R-]
SS =0030 0000000000000000 ffffffff 00cf9300 DPL=0 DS   [-WA]
DS =0030 0000000000000000 ffffffff 00cf9300 DPL=0 DS   [-WA]
FS =0030 0000000000000000 ffffffff 00cf9300 DPL=0 DS   [-WA]
GS =0030 0000000000000000 ffffffff 00cf9300 DPL=0 DS   [-WA]
LDT=0000 0000000000000000 0000ffff 00008200 DPL=0 LDT
TR =0000 0000000000000000 0000ffff 00008b00 DPL=0 TSS64-busy
GDT=     000000003f5dc000 00000047
IDT=     000000003efa3018 00000fff
CR0=80010033 CR2=0000000000000000 CR3=000000003f801000 CR4=00000668
DR0=0000000000000000 DR1=0000000000000000 DR2=0000000000000000 DR3=0000000000000000 
DR6=00000000ffff0ff0 DR7=0000000000000400
CCS=0000000000000004 CCD=00000000000000d4 CCO=EFLAGS
EFER=0000000000000d00
Servicing hardware INT=0x20
   197: v=20 e=0000 i=0 cpl=0 IP=0038:000000003e6d3862 pc=000000003e6d3862 SP=0030:000000003fe64ef0 env->regs[R_EAX]=0000000000000152
RAX=0000000000000152 RBX=0000000000000064 RCX=000000000000b008 RDX=0000000000ae759c
RSI=0000000000ae76ee RDI=000000003e5b40d4 RBP=000000003fe64f20 RSP=000000003fe64ef0
R8 =000000003fe64f0f R9 =000000000000c042 R10=0000000000000000 R11=0000000000000000
R12=000000000004bac6 R13=0000000000000011 R14=000000000000c040 R15=0000000000000000
RIP=000000003e6d3862 RFL=00000202 [-------] CPL=0 II=0 A20=1 SMM=0 HLT=0
ES =0030 0000000000000000 ffffffff 00cf9300 DPL=0 DS   [-WA]
CS =0038 0000000000000000 ffffffff 00af9a00 DPL=0 CS64 [-R-]
SS =0030 0000000000000000 ffffffff 00cf9300 DPL=0 DS   [-WA]
DS =0030 0000000000000000 ffffffff 00cf9300 DPL=0 DS   [-WA]
FS =0030 0000000000000000 ffffffff 00cf9300 DPL=0 DS   [-WA]
GS =0030 0000000000000000 ffffffff 00cf9300 DPL=0 DS   [-WA]
LDT=0000 0000000000000000 0000ffff 00008200 DPL=0 LDT
TR =0000 0000000000000000 0000ffff 00008b00 DPL=0 TSS64-busy
GDT=     000000003f5dc000 00000047
IDT=     000000003efa3018 00000fff
CR0=80010033 CR2=0000000000000000 CR3=000000003f801000 CR4=00000668
DR0=0000000000000000 DR1=0000000000000000 DR2=0000000000000000 DR3=0000000000000000 
DR6=00000000ffff0ff0 DR7=0000000000000400
CCS=0000000000000000 CCD=0000000000000152 CCO=EFLAGS
EFER=0000000000000d00
Servicing hardware INT=0x20
   198: v=20 e=0000 i=0 cpl=0 IP=0038:000000003e6d3862 pc=000000003e6d3862 SP=0030:000000003fe64ef0 env->regs[R_EAX]=00000000000000c3
RAX=00000000000000c3 RBX=0000000000000064 RCX=000000000000b008 RDX=0000000000af4a84
RSI=0000000000af4b47 RDI=000000003e5b40d4 RBP=000000003fe64f20 RSP=000000003fe64ef0
R8 =000000003fe64f0f R9 =000000000000c042 R10=0000000000000000 R11=0000000000000000
R12=000000000004baf1 R13=0000000000000011 R14=000000000000c040 R15=0000000000000000
RIP=000000003e6d3862 RFL=00000206 [-----P-] CPL=0 II=0 A20=1 SMM=0 HLT=0
ES =0030 0000000000000000 ffffffff 00cf9300 DPL=0 DS   [-WA]
CS =0038 0000000000000000 ffffffff 00af9a00 DPL=0 CS64 [-R-]
SS =0030 0000000000000000 ffffffff 00cf9300 DPL=0 DS   [-WA]
DS =0030 0000000000000000 ffffffff 00cf9300 DPL=0 DS   [-WA]
FS =0030 0000000000000000 ffffffff 00cf9300 DPL=0 DS   [-WA]
GS =0030 0000000000000000 ffffffff 00cf9300 DPL=0 DS   [-WA]
LDT=0000 0000000000000000 0000ffff 00008200 DPL=0 LDT
TR =0000 0000000000000000 0000ffff 00008b00 DPL=0 TSS64-busy
GDT=     000000003f5dc000 00000047
IDT=     000000003efa3018 00000fff
CR0=80010033 CR2=0000000000000000 CR3=000000003f801000 CR4=00000668
DR0=0000000000000000 DR1=0000000000000000 DR2=0000000000000000 DR3=0000000000000000 
DR6=00000000ffff0ff0 DR7=0000000000000400
CCS=0000000000000004 CCD=00000000000000c3 CCO=EFLAGS
EFER=0000000000000d00
Servicing hardware INT=0x20
   199: v=20 e=0000 i=0 cpl=0 IP=0038:000000003e6d3862 pc=000000003e6d3862 SP=0030:000000003fe64ef0 env->regs[R_EAX]=0000000000000083
RAX=0000000000000083 RBX=0000000000000064 RCX=000000000000b008 RDX=0000000000af8d48
RSI=0000000000af8dcb RDI=000000003e5b40d4 RBP=000000003fe64f20 RSP=000000003fe64ef0
R8 =000000003fe64f0f R9 =000000000000c042 R10=0000000000000000 R11=0000000000000000
R12=000000000004baca R13=0000000000000011 R14=000000000000c040 R15=0000000000000000
RIP=000000003e6d3862 RFL=00000202 [-------] CPL=0 II=0 A20=1 SMM=0 HLT=0
ES =0030 0000000000000000 ffffffff 00cf9300 DPL=0 DS   [-WA]
CS =0038 0000000000000000 ffffffff 00af9a00 DPL=0 CS64 [-R-]
SS =0030 0000000000000000 ffffffff 00cf9300 DPL=0 DS   [-WA]
DS =0030 0000000000000000 ffffffff 00cf9300 DPL=0 DS   [-WA]
FS =0030 0000000000000000 ffffffff 00cf9300 DPL=0 DS   [-WA]
GS =0030 0000000000000000 ffffffff 00cf9300 DPL=0 DS   [-WA]
LDT=0000 0000000000000000 0000ffff 00008200 DPL=0 LDT
TR =0000 0000000000000000 0000ffff 00008b00 DPL=0 TSS64-busy
GDT=     000000003f5dc000 00000047
IDT=     000000003efa3018 00000fff
CR0=80010033 CR2=0000000000000000 CR3=000000003f801000 CR4=00000668
DR0=0000000000000000 DR1=0000000000000000 DR2=0000000000000000 DR3=0000000000000000 
DR6=00000000ffff0ff0 DR7=0000000000000400
CCS=0000000000000000 CCD=0000000000000083 CCO=EFLAGS
EFER=0000000000000d00
Servicing hardware INT=0x20
   200: v=20 e=0000 i=0 cpl=0 IP=0038:000000003e6d3862 pc=000000003e6d3862 SP=0030:000000003fe64ef0 env->regs[R_EAX]=00000000000027e5
RAX=00000000000027e5 RBX=0000000000002710 RCX=000000000000b008 RDX=0000000000b034a8
RSI=0000000000b05c8d RDI=000000003e5b40d4 RBP=000000003fe64f20 RSP=000000003fe64ef0
R8 =000000003fe64f40 R9 =00000000000003f6 R10=0000000000000000 R11=0000000000000000
R12=000000000000c042 R13=0000000000000011 R14=000000000000c040 R15=0000000000000000
RIP=000000003e6d3862 RFL=00000202 [-------] CPL=0 II=0 A20=1 SMM=0 HLT=0
ES =0030 0000000000000000 ffffffff 00cf9300 DPL=0 DS   [-WA]
CS =0038 0000000000000000 ffffffff 00af9a00 DPL=0 CS64 [-R-]
SS =0030 0000000000000000 ffffffff 00cf9300 DPL=0 DS   [-WA]
DS =0030 0000000000000000 ffffffff 00cf9300 DPL=0 DS   [-WA]
FS =0030 0000000000000000 ffffffff 00cf9300 DPL=0 DS   [-WA]
GS =0030 0000000000000000 ffffffff 00cf9300 DPL=0 DS   [-WA]
LDT=0000 0000000000000000 0000ffff 00008200 DPL=0 LDT
TR =0000 0000000000000000 0000ffff 00008b00 DPL=0 TSS64-busy
GDT=     000000003f5dc000 00000047
IDT=     000000003efa3018 00000fff
CR0=80010033 CR2=0000000000000000 CR3=000000003f801000 CR4=00000668
DR0=0000000000000000 DR1=0000000000000000 DR2=0000000000000000 DR3=0000000000000000 
DR6=00000000ffff0ff0 DR7=0000000000000400
CCS=0000000000000000 CCD=00000000000027e5 CCO=EFLAGS
EFER=0000000000000d00
Servicing hardware INT=0x20
   201: v=20 e=0000 i=0 cpl=0 IP=0038:000000003ef9f419 pc=000000003ef9f419 SP=0030:000000003fe64e40 env->regs[R_EAX]=0000000000000001
RAX=0000000000000001 RBX=000000000000c042 RCX=000000000000c042 RDX=000000000000c042
RSI=0000000000000000 RDI=0000000000000000 RBP=000000003fe64e60 RSP=000000003fe64e40
R8 =000000003fe64f8f R9 =000000000000c042 R10=0000000000000000 R11=0000000000000000
R12=000000003fe64f8f R13=0000000000000001 R14=0000000000000001 R15=0000000000000001
RIP=000000003ef9f419 RFL=00000246 [---Z-P-] CPL=0 II=0 A20=1 SMM=0 HLT=0
ES =0030 0000000000000000 ffffffff 00cf9300 DPL=0 DS   [-WA]
CS =0038 0000000000000000 ffffffff 00af9a00 DPL=0 CS64 [-R-]
SS =0030 0000000000000000 ffffffff 00cf9300 DPL=0 DS   [-WA]
DS =0030 0000000000000000 ffffffff 00cf9300 DPL=0 DS   [-WA]
FS =0030 0000000000000000 ffffffff 00cf9300 DPL=0 DS   [-WA]
GS =0030 0000000000000000 ffffffff 00cf9300 DPL=0 DS   [-WA]
LDT=0000 0000000000000000 0000ffff 00008200 DPL=0 LDT
TR =0000 0000000000000000 0000ffff 00008b00 DPL=0 TSS64-busy
GDT=     000000003f5dc000 00000047
IDT=     000000003efa3018 00000fff
CR0=80010033 CR2=0000000000000000 CR3=000000003f801000 CR4=00000668
DR0=0000000000000000 DR1=0000000000000000 DR2=0000000000000000 DR3=0000000000000000 
DR6=00000000ffff0ff0 DR7=0000000000000400
CCS=0000000000000044 CCD=0000000000000000 CCO=EFLAGS
EFER=0000000000000d00
Servicing hardware INT=0x20
   202: v=20 e=0000 i=0 cpl=0 IP=0038:000000003e6d3862 pc=000000003e6d3862 SP=0030:000000003fe64f70 env->regs[R_EAX]=000000000000010a
RAX=000000000000010a RBX=0000000000000064 RCX=000000000000b008 RDX=0000000000b181be
RSI=0000000000b182c8 RDI=000000003e5b40d4 RBP=000000003fe64fa0 RSP=000000003fe64f70
R8 =000000003fe64f8f R9 =000000000000c042 R10=0000000000000000 R11=0000000000000000
R12=000000000004baf1 R13=0000000000000011 R14=000000000000c040 R15=0000000000000000
RIP=000000003e6d3862 RFL=00000206 [-----P-] CPL=0 II=0 A20=1 SMM=0 HLT=0
ES =0030 0000000000000000 ffffffff 00cf9300 DPL=0 DS   [-WA]
CS =0038 0000000000000000 ffffffff 00af9a00 DPL=0 CS64 [-R-]
SS =0030 0000000000000000 ffffffff 00cf9300 DPL=0 DS   [-WA]
DS =0030 0000000000000000 ffffffff 00cf9300 DPL=0 DS   [-WA]
FS =0030 0000000000000000 ffffffff 00cf9300 DPL=0 DS   [-WA]
GS =0030 0000000000000000 ffffffff 00cf9300 DPL=0 DS   [-WA]
LDT=0000 0000000000000000 0000ffff 00008200 DPL=0 LDT
TR =0000 0000000000000000 0000ffff 00008b00 DPL=0 TSS64-busy
GDT=     000000003f5dc000 00000047
IDT=     000000003efa3018 00000fff
CR0=80010033 CR2=0000000000000000 CR3=000000003f801000 CR4=00000668
DR0=0000000000000000 DR1=0000000000000000 DR2=0000000000000000 DR3=0000000000000000 
DR6=00000000ffff0ff0 DR7=0000000000000400
CCS=0000000000000004 CCD=000000000000010a CCO=EFLAGS
EFER=0000000000000d00
Servicing hardware INT=0x20
   203: v=20 e=0000 i=0 cpl=0 IP=0038:000000003e6d3862 pc=000000003e6d3862 SP=0030:000000003fe64f70 env->regs[R_EAX]=000000000000014a
RAX=000000000000014a RBX=0000000000000064 RCX=000000000000b008 RDX=0000000000b1bcc3
RSI=0000000000b1be0d RDI=000000003e5b40d4 RBP=000000003fe64fa0 RSP=000000003fe64f70
R8 =000000003fe64f8f R9 =000000000000c042 R10=0000000000000000 R11=0000000000000000
R12=000000000004bacf R13=0000000000000011 R14=000000000000c040 R15=0000000000000000
RIP=000000003e6d3862 RFL=00000202 [-------] CPL=0 II=0 A20=1 SMM=0 HLT=0
ES =0030 0000000000000000 ffffffff 00cf9300 DPL=0 DS   [-WA]
CS =0038 0000000000000000 ffffffff 00af9a00 DPL=0 CS64 [-R-]
SS =0030 0000000000000000 ffffffff 00cf9300 DPL=0 DS   [-WA]
DS =0030 0000000000000000 ffffffff 00cf9300 DPL=0 DS   [-WA]
FS =0030 0000000000000000 ffffffff 00cf9300 DPL=0 DS   [-WA]
GS =0030 0000000000000000 ffffffff 00cf9300 DPL=0 DS   [-WA]
LDT=0000 0000000000000000 0000ffff 00008200 DPL=0 LDT
TR =0000 0000000000000000 0000ffff 00008b00 DPL=0 TSS64-busy
GDT=     000000003f5dc000 00000047
IDT=     000000003efa3018 00000fff
CR0=80010033 CR2=0000000000000000 CR3=000000003f801000 CR4=00000668
DR0=0000000000000000 DR1=0000000000000000 DR2=0000000000000000 DR3=0000000000000000 
DR6=00000000ffff0ff0 DR7=0000000000000400
CCS=0000000000000000 CCD=000000000000014a CCO=EFLAGS
EFER=0000000000000d00
Servicing hardware INT=0x20
   204: v=20 e=0000 i=0 cpl=0 IP=0038:000000003e6d3862 pc=000000003e6d3862 SP=0030:000000003fe64f70 env->regs[R_EAX]=00000000000000e7
RAX=00000000000000e7 RBX=0000000000000064 RCX=000000000000b008 RDX=0000000000b27bb8
RSI=0000000000b27c9f RDI=000000003e5b40d4 RBP=000000003fe64fa0 RSP=000000003fe64f70
R8 =000000003fe64f8f R9 =000000000000c042 R10=0000000000000000 R11=0000000000000000
R12=000000000004baf1 R13=0000000000000011 R14=000000000000c040 R15=0000000000000000
RIP=000000003e6d3862 RFL=00000206 [-----P-] CPL=0 II=0 A20=1 SMM=0 HLT=0
ES =0030 0000000000000000 ffffffff 00cf9300 DPL=0 DS   [-WA]
CS =0038 0000000000000000 ffffffff 00af9a00 DPL=0 CS64 [-R-]
SS =0030 0000000000000000 ffffffff 00cf9300 DPL=0 DS   [-WA]
DS =0030 0000000000000000 ffffffff 00cf9300 DPL=0 DS   [-WA]
FS =0030 0000000000000000 ffffffff 00cf9300 DPL=0 DS   [-WA]
GS =0030 0000000000000000 ffffffff 00cf9300 DPL=0 DS   [-WA]
LDT=0000 0000000000000000 0000ffff 00008200 DPL=0 LDT
TR =0000 0000000000000000 0000ffff 00008b00 DPL=0 TSS64-busy
GDT=     000000003f5dc000 00000047
IDT=     000000003efa3018 00000fff
CR0=80010033 CR2=0000000000000000 CR3=000000003f801000 CR4=00000668
DR0=0000000000000000 DR1=0000000000000000 DR2=0000000000000000 DR3=0000000000000000 
DR6=00000000ffff0ff0 DR7=0000000000000400
CCS=0000000000000004 CCD=00000000000000e7 CCO=EFLAGS
EFER=0000000000000d00
Servicing hardware INT=0x20
   205: v=20 e=0000 i=0 cpl=0 IP=0038:000000003e6d3862 pc=000000003e6d3862 SP=0030:000000003fe64f70 env->regs[R_EAX]=0000000000000158
RAX=0000000000000158 RBX=0000000000000064 RCX=000000000000b008 RDX=0000000000b2d435
RSI=0000000000b2d58d RDI=000000003e5b40d4 RBP=000000003fe64fa0 RSP=000000003fe64f70
R8 =000000003fe64f8f R9 =000000000000c042 R10=0000000000000000 R11=0000000000000000
R12=000000000004babc R13=0000000000000011 R14=000000000000c040 R15=0000000000000000
RIP=000000003e6d3862 RFL=00000202 [-------] CPL=0 II=0 A20=1 SMM=0 HLT=0
ES =0030 0000000000000000 ffffffff 00cf9300 DPL=0 DS   [-WA]
CS =0038 0000000000000000 ffffffff 00af9a00 DPL=0 CS64 [-R-]
SS =0030 0000000000000000 ffffffff 00cf9300 DPL=0 DS   [-WA]
DS =0030 0000000000000000 ffffffff 00cf9300 DPL=0 DS   [-WA]
FS =0030 0000000000000000 ffffffff 00cf9300 DPL=0 DS   [-WA]
GS =0030 0000000000000000 ffffffff 00cf9300 DPL=0 DS   [-WA]
LDT=0000 0000000000000000 0000ffff 00008200 DPL=0 LDT
TR =0000 0000000000000000 0000ffff 00008b00 DPL=0 TSS64-busy
GDT=     000000003f5dc000 00000047
IDT=     000000003efa3018 00000fff
CR0=80010033 CR2=0000000000000000 CR3=000000003f801000 CR4=00000668
DR0=0000000000000000 DR1=0000000000000000 DR2=0000000000000000 DR3=0000000000000000 
DR6=00000000ffff0ff0 DR7=0000000000000400
CCS=0000000000000000 CCD=0000000000000158 CCO=EFLAGS
EFER=0000000000000d00
Servicing hardware INT=0x20
   206: v=20 e=0000 i=0 cpl=0 IP=0038:000000003e6d3862 pc=000000003e6d3862 SP=0030:000000003fe64fb0 env->regs[R_EAX]=00000000000000c1
RAX=00000000000000c1 RBX=0000000000000064 RCX=000000000000b008 RDX=0000000000b397f2
RSI=0000000000b398b3 RDI=000000003e5b40d4 RBP=000000003fe64fe0 RSP=000000003fe64fb0
R8 =000000003fe64fcf R9 =000000000000c042 R10=0000000000000000 R11=0000000000000000
R12=000000000004baf1 R13=0000000000000011 R14=000000000000c040 R15=0000000000000000
RIP=000000003e6d3862 RFL=00000202 [-------] CPL=0 II=0 A20=1 SMM=0 HLT=0
ES =0030 0000000000000000 ffffffff 00cf9300 DPL=0 DS   [-WA]
CS =0038 0000000000000000 ffffffff 00af9a00 DPL=0 CS64 [-R-]
SS =0030 0000000000000000 ffffffff 00cf9300 DPL=0 DS   [-WA]
DS =0030 0000000000000000 ffffffff 00cf9300 DPL=0 DS   [-WA]
FS =0030 0000000000000000 ffffffff 00cf9300 DPL=0 DS   [-WA]
GS =0030 0000000000000000 ffffffff 00cf9300 DPL=0 DS   [-WA]
LDT=0000 0000000000000000 0000ffff 00008200 DPL=0 LDT
TR =0000 0000000000000000 0000ffff 00008b00 DPL=0 TSS64-busy
GDT=     000000003f5dc000 00000047
IDT=     000000003efa3018 00000fff
CR0=80010033 CR2=0000000000000000 CR3=000000003f801000 CR4=00000668
DR0=0000000000000000 DR1=0000000000000000 DR2=0000000000000000 DR3=0000000000000000 
DR6=00000000ffff0ff0 DR7=0000000000000400
CCS=0000000000000000 CCD=00000000000000c1 CCO=EFLAGS
EFER=0000000000000d00
Servicing hardware INT=0x20
   207: v=20 e=0000 i=0 cpl=0 IP=0038:000000003e6d3862 pc=000000003e6d3862 SP=0030:000000003fe64fb0 env->regs[R_EAX]=0000000000000008
RAX=0000000000000008 RBX=0000000000000064 RCX=000000000000b008 RDX=0000000000b3e914
RSI=0000000000b3e91c RDI=000000003e5b40d4 RBP=000000003fe64fe0 RSP=000000003fe64fb0
R8 =000000003fe64fcf R9 =000000000000c042 R10=0000000000000000 R11=0000000000000000
R12=000000000004bac8 R13=0000000000000011 R14=000000000000c040 R15=0000000000000000
RIP=000000003e6d3862 RFL=00000202 [-------] CPL=0 II=0 A20=1 SMM=0 HLT=0
ES =0030 0000000000000000 ffffffff 00cf9300 DPL=0 DS   [-WA]
CS =0038 0000000000000000 ffffffff 00af9a00 DPL=0 CS64 [-R-]
SS =0030 0000000000000000 ffffffff 00cf9300 DPL=0 DS   [-WA]
DS =0030 0000000000000000 ffffffff 00cf9300 DPL=0 DS   [-WA]
FS =0030 0000000000000000 ffffffff 00cf9300 DPL=0 DS   [-WA]
GS =0030 0000000000000000 ffffffff 00cf9300 DPL=0 DS   [-WA]
LDT=0000 0000000000000000 0000ffff 00008200 DPL=0 LDT
TR =0000 0000000000000000 0000ffff 00008b00 DPL=0 TSS64-busy
GDT=     000000003f5dc000 00000047
IDT=     000000003efa3018 00000fff
CR0=80010033 CR2=0000000000000000 CR3=000000003f801000 CR4=00000668
DR0=0000000000000000 DR1=0000000000000000 DR2=0000000000000000 DR3=0000000000000000 
DR6=00000000ffff0ff0 DR7=0000000000000400
CCS=0000000000000000 CCD=0000000000000008 CCO=EFLAGS
EFER=0000000000000d00
Servicing hardware INT=0x20
   208: v=20 e=0000 i=0 cpl=0 IP=0038:000000003e6d3862 pc=000000003e6d3862 SP=0030:000000003fe64fb0 env->regs[R_EAX]=000000000000003e
RAX=000000000000003e RBX=0000000000002710 RCX=000000000000b008 RDX=0000000000b48667
RSI=0000000000b486a5 RDI=000000003e5b40d4 RBP=000000003fe64fe0 RSP=000000003fe64fb0
R8 =000000003fe65000 R9 =00000000000003f6 R10=0000000000000000 R11=0000000000000000
R12=000000000000c042 R13=0000000000000011 R14=000000000000c040 R15=0000000000000000
RIP=000000003e6d3862 RFL=00000202 [-------] CPL=0 II=0 A20=1 SMM=0 HLT=0
ES =0030 0000000000000000 ffffffff 00cf9300 DPL=0 DS   [-WA]
CS =0038 0000000000000000 ffffffff 00af9a00 DPL=0 CS64 [-R-]
SS =0030 0000000000000000 ffffffff 00cf9300 DPL=0 DS   [-WA]
DS =0030 0000000000000000 ffffffff 00cf9300 DPL=0 DS   [-WA]
FS =0030 0000000000000000 ffffffff 00cf9300 DPL=0 DS   [-WA]
GS =0030 0000000000000000 ffffffff 00cf9300 DPL=0 DS   [-WA]
LDT=0000 0000000000000000 0000ffff 00008200 DPL=0 LDT
TR =0000 0000000000000000 0000ffff 00008b00 DPL=0 TSS64-busy
GDT=     000000003f5dc000 00000047
IDT=     000000003efa3018 00000fff
CR0=80010033 CR2=0000000000000000 CR3=000000003f801000 CR4=00000668
DR0=0000000000000000 DR1=0000000000000000 DR2=0000000000000000 DR3=0000000000000000 
DR6=00000000ffff0ff0 DR7=0000000000000400
CCS=0000000000000000 CCD=000000000000003e CCO=EFLAGS
EFER=0000000000000d00
Servicing hardware INT=0x20
   209: v=20 e=0000 i=0 cpl=0 IP=0038:000000003e6d3862 pc=000000003e6d3862 SP=0030:000000003fe64fb0 env->regs[R_EAX]=000000000000000c
RAX=000000000000000c RBX=0000000000000064 RCX=000000000000b008 RDX=0000000000b50372
RSI=0000000000b5037e RDI=000000003e5b40d4 RBP=000000003fe64fe0 RSP=000000003fe64fb0
R8 =000000003fe64fcf R9 =000000000000c042 R10=0000000000000000 R11=0000000000000000
R12=000000000004bac4 R13=0000000000000011 R14=000000000000c040 R15=0000000000000000
RIP=000000003e6d3862 RFL=00000206 [-----P-] CPL=0 II=0 A20=1 SMM=0 HLT=0
ES =0030 0000000000000000 ffffffff 00cf9300 DPL=0 DS   [-WA]
CS =0038 0000000000000000 ffffffff 00af9a00 DPL=0 CS64 [-R-]
SS =0030 0000000000000000 ffffffff 00cf9300 DPL=0 DS   [-WA]
DS =0030 0000000000000000 ffffffff 00cf9300 DPL=0 DS   [-WA]
FS =0030 0000000000000000 ffffffff 00cf9300 DPL=0 DS   [-WA]
GS =0030 0000000000000000 ffffffff 00cf9300 DPL=0 DS   [-WA]
LDT=0000 0000000000000000 0000ffff 00008200 DPL=0 LDT
TR =0000 0000000000000000 0000ffff 00008b00 DPL=0 TSS64-busy
GDT=     000000003f5dc000 00000047
IDT=     000000003efa3018 00000fff
CR0=80010033 CR2=0000000000000000 CR3=000000003f801000 CR4=00000668
DR0=0000000000000000 DR1=0000000000000000 DR2=0000000000000000 DR3=0000000000000000 
DR6=00000000ffff0ff0 DR7=0000000000000400
CCS=0000000000000004 CCD=000000000000000c CCO=EFLAGS
EFER=0000000000000d00
Servicing hardware INT=0x20
   210: v=20 e=0000 i=0 cpl=0 IP=0038:000000003e6d3862 pc=000000003e6d3862 SP=0030:000000003fe64fb0 env->regs[R_EAX]=00000000000000d7
RAX=00000000000000d7 RBX=0000000000000064 RCX=000000000000b008 RDX=0000000000b59ff5
RSI=0000000000b5a0cc RDI=000000003e5b40d4 RBP=000000003fe64fe0 RSP=000000003fe64fb0
R8 =000000003fe64fcf R9 =000000000000c042 R10=0000000000000000 R11=0000000000000000
R12=000000000004baf1 R13=0000000000000011 R14=000000000000c040 R15=0000000000000000
RIP=000000003e6d3862 RFL=00000206 [-----P-] CPL=0 II=0 A20=1 SMM=0 HLT=0
ES =0030 0000000000000000 ffffffff 00cf9300 DPL=0 DS   [-WA]
CS =0038 0000000000000000 ffffffff 00af9a00 DPL=0 CS64 [-R-]
SS =0030 0000000000000000 ffffffff 00cf9300 DPL=0 DS   [-WA]
DS =0030 0000000000000000 ffffffff 00cf9300 DPL=0 DS   [-WA]
FS =0030 0000000000000000 ffffffff 00cf9300 DPL=0 DS   [-WA]
GS =0030 0000000000000000 ffffffff 00cf9300 DPL=0 DS   [-WA]
LDT=0000 0000000000000000 0000ffff 00008200 DPL=0 LDT
TR =0000 0000000000000000 0000ffff 00008b00 DPL=0 TSS64-busy
GDT=     000000003f5dc000 00000047
IDT=     000000003efa3018 00000fff
CR0=80010033 CR2=0000000000000000 CR3=000000003f801000 CR4=00000668
DR0=0000000000000000 DR1=0000000000000000 DR2=0000000000000000 DR3=0000000000000000 
DR6=00000000ffff0ff0 DR7=0000000000000400
CCS=0000000000000004 CCD=00000000000000d7 CCO=EFLAGS
EFER=0000000000000d00
Servicing hardware INT=0x20
   211: v=20 e=0000 i=0 cpl=0 IP=0038:000000003e6d37a0 pc=000000003e6d37a0 SP=0030:000000003fe64f40 env->regs[R_EAX]=0000000000005b00
RAX=0000000000005b00 RBX=000000000000b008 RCX=000000000000b008 RDX=0000000000b6454a
RSI=0000000000b6a13a RDI=000000003e5b40d4 RBP=000000003fe64fa0 RSP=000000003fe64f40
R8 =000000003fe65000 R9 =00000000000003f6 R10=0000000000000000 R11=0000000000000000
R12=0000000000000000 R13=0000000000000011 R14=000000000000c040 R15=0000000000000000
RIP=000000003e6d37a0 RFL=00000202 [-------] CPL=0 II=0 A20=1 SMM=0 HLT=0
ES =0030 0000000000000000 ffffffff 00cf9300 DPL=0 DS   [-WA]
CS =0038 0000000000000000 ffffffff 00af9a00 DPL=0 CS64 [-R-]
SS =0030 0000000000000000 ffffffff 00cf9300 DPL=0 DS   [-WA]
DS =0030 0000000000000000 ffffffff 00cf9300 DPL=0 DS   [-WA]
FS =0030 0000000000000000 ffffffff 00cf9300 DPL=0 DS   [-WA]
GS =0030 0000000000000000 ffffffff 00cf9300 DPL=0 DS   [-WA]
LDT=0000 0000000000000000 0000ffff 00008200 DPL=0 LDT
TR =0000 0000000000000000 0000ffff 00008b00 DPL=0 TSS64-busy
GDT=     000000003f5dc000 00000047
IDT=     000000003efa3018 00000fff
CR0=80010033 CR2=0000000000000000 CR3=000000003f801000 CR4=00000668
DR0=0000000000000000 DR1=0000000000000000 DR2=0000000000000000 DR3=0000000000000000 
DR6=00000000ffff0ff0 DR7=0000000000000400
CCS=0000000000000000 CCD=0000000000000001 CCO=EFLAGS
EFER=0000000000000d00
Servicing hardware INT=0x20
   212: v=20 e=0000 i=0 cpl=0 IP=0038:000000003e6d3862 pc=000000003e6d3862 SP=0030:000000003fe64fb0 env->regs[R_EAX]=00000000000000e4
RAX=00000000000000e4 RBX=0000000000000064 RCX=000000000000b008 RDX=0000000000b6ae6b
RSI=0000000000b6af4f RDI=000000003e5b40d4 RBP=000000003fe64fe0 RSP=000000003fe64fb0
R8 =000000003fe64fcf R9 =000000000000c042 R10=0000000000000000 R11=0000000000000000
R12=000000000004baf1 R13=0000000000000011 R14=000000000000c040 R15=0000000000000000
RIP=000000003e6d3862 RFL=00000206 [-----P-] CPL=0 II=0 A20=1 SMM=0 HLT=0
ES =0030 0000000000000000 ffffffff 00cf9300 DPL=0 DS   [-WA]
CS =0038 0000000000000000 ffffffff 00af9a00 DPL=0 CS64 [-R-]
SS =0030 0000000000000000 ffffffff 00cf9300 DPL=0 DS   [-WA]
DS =0030 0000000000000000 ffffffff 00cf9300 DPL=0 DS   [-WA]
FS =0030 0000000000000000 ffffffff 00cf9300 DPL=0 DS   [-WA]
GS =0030 0000000000000000 ffffffff 00cf9300 DPL=0 DS   [-WA]
LDT=0000 0000000000000000 0000ffff 00008200 DPL=0 LDT
TR =0000 0000000000000000 0000ffff 00008b00 DPL=0 TSS64-busy
GDT=     000000003f5dc000 00000047
IDT=     000000003efa3018 00000fff
CR0=80010033 CR2=0000000000000000 CR3=000000003f801000 CR4=00000668
DR0=0000000000000000 DR1=0000000000000000 DR2=0000000000000000 DR3=0000000000000000 
DR6=00000000ffff0ff0 DR7=0000000000000400
CCS=0000000000000004 CCD=00000000000000e4 CCO=EFLAGS
EFER=0000000000000d00
Servicing hardware INT=0x20
   213: v=20 e=0000 i=0 cpl=0 IP=0038:000000003e6d3862 pc=000000003e6d3862 SP=0030:000000003fe64ea0 env->regs[R_EAX]=00000000000000ac
RAX=00000000000000ac RBX=0000000000000064 RCX=000000000000b008 RDX=0000000000b7d927
RSI=0000000000b7d9d3 RDI=000000003e5b40d4 RBP=000000003fe64ed0 RSP=000000003fe64ea0
R8 =000000003fe64ebf R9 =000000000000c042 R10=0000000000000000 R11=0000000000000000
R12=000000000004baf1 R13=0000000000000011 R14=000000000000c040 R15=0000000000000000
RIP=000000003e6d3862 RFL=00000206 [-----P-] CPL=0 II=0 A20=1 SMM=0 HLT=0
ES =0030 0000000000000000 ffffffff 00cf9300 DPL=0 DS   [-WA]
CS =0038 0000000000000000 ffffffff 00af9a00 DPL=0 CS64 [-R-]
SS =0030 0000000000000000 ffffffff 00cf9300 DPL=0 DS   [-WA]
DS =0030 0000000000000000 ffffffff 00cf9300 DPL=0 DS   [-WA]
FS =0030 0000000000000000 ffffffff 00cf9300 DPL=0 DS   [-WA]
GS =0030 0000000000000000 ffffffff 00cf9300 DPL=0 DS   [-WA]
LDT=0000 0000000000000000 0000ffff 00008200 DPL=0 LDT
TR =0000 0000000000000000 0000ffff 00008b00 DPL=0 TSS64-busy
GDT=     000000003f5dc000 00000047
IDT=     000000003efa3018 00000fff
CR0=80010033 CR2=0000000000000000 CR3=000000003f801000 CR4=00000668
DR0=0000000000000000 DR1=0000000000000000 DR2=0000000000000000 DR3=0000000000000000 
DR6=00000000ffff0ff0 DR7=0000000000000400
CCS=0000000000000004 CCD=00000000000000ac CCO=EFLAGS
EFER=0000000000000d00
Servicing hardware INT=0x20
   214: v=20 e=0000 i=0 cpl=0 IP=0038:000000003e6d3862 pc=000000003e6d3862 SP=0030:000000003fe64ea0 env->regs[R_EAX]=0000000000000107
RAX=0000000000000107 RBX=0000000000000064 RCX=000000000000b008 RDX=0000000000b8ce89
RSI=0000000000b8cf90 RDI=000000003e5b40d4 RBP=000000003fe64ed0 RSP=000000003fe64ea0
R8 =000000003fe64ebf R9 =000000000000c042 R10=0000000000000000 R11=0000000000000000
R12=000000000004baf1 R13=0000000000000011 R14=000000000000c040 R15=0000000000000000
RIP=000000003e6d3862 RFL=00000202 [-------] CPL=0 II=0 A20=1 SMM=0 HLT=0
ES =0030 0000000000000000 ffffffff 00cf9300 DPL=0 DS   [-WA]
CS =0038 0000000000000000 ffffffff 00af9a00 DPL=0 CS64 [-R-]
SS =0030 0000000000000000 ffffffff 00cf9300 DPL=0 DS   [-WA]
DS =0030 0000000000000000 ffffffff 00cf9300 DPL=0 DS   [-WA]
FS =0030 0000000000000000 ffffffff 00cf9300 DPL=0 DS   [-WA]
GS =0030 0000000000000000 ffffffff 00cf9300 DPL=0 DS   [-WA]
LDT=0000 0000000000000000 0000ffff 00008200 DPL=0 LDT
TR =0000 0000000000000000 0000ffff 00008b00 DPL=0 TSS64-busy
GDT=     000000003f5dc000 00000047
IDT=     000000003efa3018 00000fff
CR0=80010033 CR2=0000000000000000 CR3=000000003f801000 CR4=00000668
DR0=0000000000000000 DR1=0000000000000000 DR2=0000000000000000 DR3=0000000000000000 
DR6=00000000ffff0ff0 DR7=0000000000000400
CCS=0000000000000000 CCD=0000000000000107 CCO=EFLAGS
EFER=0000000000000d00
Servicing hardware INT=0x20
   215: v=20 e=0000 i=0 cpl=0 IP=0038:000000003e6d3862 pc=000000003e6d3862 SP=0030:000000003fe64ea0 env->regs[R_EAX]=0000000000000105
RAX=0000000000000105 RBX=0000000000000064 RCX=000000000000b008 RDX=0000000000b8d673
RSI=0000000000b8d778 RDI=000000003e5b40d4 RBP=000000003fe64ed0 RSP=000000003fe64ea0
R8 =000000003fe64ebf R9 =000000000000c042 R10=0000000000000000 R11=0000000000000000
R12=000000000004baef R13=0000000000000011 R14=000000000000c040 R15=0000000000000000
RIP=000000003e6d3862 RFL=00000206 [-----P-] CPL=0 II=0 A20=1 SMM=0 HLT=0
ES =0030 0000000000000000 ffffffff 00cf9300 DPL=0 DS   [-WA]
CS =0038 0000000000000000 ffffffff 00af9a00 DPL=0 CS64 [-R-]
SS =0030 0000000000000000 ffffffff 00cf9300 DPL=0 DS   [-WA]
DS =0030 0000000000000000 ffffffff 00cf9300 DPL=0 DS   [-WA]
FS =0030 0000000000000000 ffffffff 00cf9300 DPL=0 DS   [-WA]
GS =0030 0000000000000000 ffffffff 00cf9300 DPL=0 DS   [-WA]
LDT=0000 0000000000000000 0000ffff 00008200 DPL=0 LDT
TR =0000 0000000000000000 0000ffff 00008b00 DPL=0 TSS64-busy
GDT=     000000003f5dc000 00000047
IDT=     000000003efa3018 00000fff
CR0=80010033 CR2=0000000000000000 CR3=000000003f801000 CR4=00000668
DR0=0000000000000000 DR1=0000000000000000 DR2=0000000000000000 DR3=0000000000000000 
DR6=00000000ffff0ff0 DR7=0000000000000400
CCS=0000000000000004 CCD=0000000000000105 CCO=EFLAGS
EFER=0000000000000d00
Servicing hardware INT=0x20
   216: v=20 e=0000 i=0 cpl=0 IP=0038:000000003e6d3862 pc=000000003e6d3862 SP=0030:000000003fe64ea0 env->regs[R_EAX]=0000000000000d43
RAX=0000000000000d43 RBX=0000000000002710 RCX=000000000000b008 RDX=0000000000b9a95a
RSI=0000000000b9b69d RDI=000000003e5b40d4 RBP=000000003fe64ed0 RSP=000000003fe64ea0
R8 =000000003fe64ef0 R9 =00000000000003f6 R10=0000000000000000 R11=0000000000000000
R12=000000000000c042 R13=0000000000000011 R14=000000000000c040 R15=0000000000000000
RIP=000000003e6d3862 RFL=00000202 [-------] CPL=0 II=0 A20=1 SMM=0 HLT=0
ES =0030 0000000000000000 ffffffff 00cf9300 DPL=0 DS   [-WA]
CS =0038 0000000000000000 ffffffff 00af9a00 DPL=0 CS64 [-R-]
SS =0030 0000000000000000 ffffffff 00cf9300 DPL=0 DS   [-WA]
DS =0030 0000000000000000 ffffffff 00cf9300 DPL=0 DS   [-WA]
FS =0030 0000000000000000 ffffffff 00cf9300 DPL=0 DS   [-WA]
GS =0030 0000000000000000 ffffffff 00cf9300 DPL=0 DS   [-WA]
LDT=0000 0000000000000000 0000ffff 00008200 DPL=0 LDT
TR =0000 0000000000000000 0000ffff 00008b00 DPL=0 TSS64-busy
GDT=     000000003f5dc000 00000047
IDT=     000000003efa3018 00000fff
CR0=80010033 CR2=0000000000000000 CR3=000000003f801000 CR4=00000668
DR0=0000000000000000 DR1=0000000000000000 DR2=0000000000000000 DR3=0000000000000000 
DR6=00000000ffff0ff0 DR7=0000000000000400
CCS=0000000000000000 CCD=0000000000000d43 CCO=EFLAGS
EFER=0000000000000d00
Servicing hardware INT=0x20
   217: v=20 e=0000 i=0 cpl=0 IP=0038:000000003e6d3862 pc=000000003e6d3862 SP=0030:000000003fe64ea0 env->regs[R_EAX]=0000000000000078
RAX=0000000000000078 RBX=0000000000000064 RCX=000000000000b008 RDX=0000000000b9edda
RSI=0000000000b9ee52 RDI=000000003e5b40d4 RBP=000000003fe64ed0 RSP=000000003fe64ea0
R8 =000000003fe64ebf R9 =000000000000c042 R10=0000000000000000 R11=0000000000000000
R12=000000000004bada R13=0000000000000011 R14=000000000000c040 R15=0000000000000000
RIP=000000003e6d3862 RFL=00000206 [-----P-] CPL=0 II=0 A20=1 SMM=0 HLT=0
ES =0030 0000000000000000 ffffffff 00cf9300 DPL=0 DS   [-WA]
CS =0038 0000000000000000 ffffffff 00af9a00 DPL=0 CS64 [-R-]
SS =0030 0000000000000000 ffffffff 00cf9300 DPL=0 DS   [-WA]
DS =0030 0000000000000000 ffffffff 00cf9300 DPL=0 DS   [-WA]
FS =0030 0000000000000000 ffffffff 00cf9300 DPL=0 DS   [-WA]
GS =0030 0000000000000000 ffffffff 00cf9300 DPL=0 DS   [-WA]
LDT=0000 0000000000000000 0000ffff 00008200 DPL=0 LDT
TR =0000 0000000000000000 0000ffff 00008b00 DPL=0 TSS64-busy
GDT=     000000003f5dc000 00000047
IDT=     000000003efa3018 00000fff
CR0=80010033 CR2=0000000000000000 CR3=000000003f801000 CR4=00000668
DR0=0000000000000000 DR1=0000000000000000 DR2=0000000000000000 DR3=0000000000000000 
DR6=00000000ffff0ff0 DR7=0000000000000400
CCS=0000000000000004 CCD=0000000000000078 CCO=EFLAGS
EFER=0000000000000d00
Servicing hardware INT=0x20
   218: v=20 e=0000 i=0 cpl=0 IP=0038:000000003e6d3862 pc=000000003e6d3862 SP=0030:000000003fe64ee0 env->regs[R_EAX]=00000000000000e1
RAX=00000000000000e1 RBX=0000000000000064 RCX=000000000000b008 RDX=0000000000bad944
RSI=0000000000bada25 RDI=000000003e5b40d4 RBP=000000003fe64f10 RSP=000000003fe64ee0
R8 =000000003fe64eff R9 =000000000000c042 R10=0000000000000000 R11=0000000000000000
R12=000000000004baf1 R13=0000000000000011 R14=000000000000c040 R15=0000000000000000
RIP=000000003e6d3862 RFL=00000206 [-----P-] CPL=0 II=0 A20=1 SMM=0 HLT=0
ES =0030 0000000000000000 ffffffff 00cf9300 DPL=0 DS   [-WA]
CS =0038 0000000000000000 ffffffff 00af9a00 DPL=0 CS64 [-R-]
SS =0030 0000000000000000 ffffffff 00cf9300 DPL=0 DS   [-WA]
DS =0030 0000000000000000 ffffffff 00cf9300 DPL=0 DS   [-WA]
FS =0030 0000000000000000 ffffffff 00cf9300 DPL=0 DS   [-WA]
GS =0030 0000000000000000 ffffffff 00cf9300 DPL=0 DS   [-WA]
LDT=0000 0000000000000000 0000ffff 00008200 DPL=0 LDT
TR =0000 0000000000000000 0000ffff 00008b00 DPL=0 TSS64-busy
GDT=     000000003f5dc000 00000047
IDT=     000000003efa3018 00000fff
CR0=80010033 CR2=0000000000000000 CR3=000000003f801000 CR4=00000668
DR0=0000000000000000 DR1=0000000000000000 DR2=0000000000000000 DR3=0000000000000000 
DR6=00000000ffff0ff0 DR7=0000000000000400
CCS=0000000000000004 CCD=00000000000000e1 CCO=EFLAGS
EFER=0000000000000d00
Servicing hardware INT=0x20
   219: v=20 e=0000 i=0 cpl=0 IP=0038:000000003e6d3862 pc=000000003e6d3862 SP=0030:000000003fe64ee0 env->regs[R_EAX]=00000000000000e6
RAX=00000000000000e6 RBX=0000000000000064 RCX=000000000000b008 RDX=0000000000bb05b0
RSI=0000000000bb0696 RDI=000000003e5b40d4 RBP=000000003fe64f10 RSP=000000003fe64ee0
R8 =000000003fe64eff R9 =000000000000c042 R10=0000000000000000 R11=0000000000000000
R12=000000000004bad7 R13=0000000000000011 R14=000000000000c040 R15=0000000000000000
RIP=000000003e6d3862 RFL=00000202 [-------] CPL=0 II=0 A20=1 SMM=0 HLT=0
ES =0030 0000000000000000 ffffffff 00cf9300 DPL=0 DS   [-WA]
CS =0038 0000000000000000 ffffffff 00af9a00 DPL=0 CS64 [-R-]
SS =0030 0000000000000000 ffffffff 00cf9300 DPL=0 DS   [-WA]
DS =0030 0000000000000000 ffffffff 00cf9300 DPL=0 DS   [-WA]
FS =0030 0000000000000000 ffffffff 00cf9300 DPL=0 DS   [-WA]
GS =0030 0000000000000000 ffffffff 00cf9300 DPL=0 DS   [-WA]
LDT=0000 0000000000000000 0000ffff 00008200 DPL=0 LDT
TR =0000 0000000000000000 0000ffff 00008b00 DPL=0 TSS64-busy
GDT=     000000003f5dc000 00000047
IDT=     000000003efa3018 00000fff
CR0=80010033 CR2=0000000000000000 CR3=000000003f801000 CR4=00000668
DR0=0000000000000000 DR1=0000000000000000 DR2=0000000000000000 DR3=0000000000000000 
DR6=00000000ffff0ff0 DR7=0000000000000400
CCS=0000000000000000 CCD=00000000000000e6 CCO=EFLAGS
EFER=0000000000000d00
Servicing hardware INT=0x20
   220: v=20 e=0000 i=0 cpl=0 IP=0038:000000003e6d3862 pc=000000003e6d3862 SP=0030:000000003fe64ee0 env->regs[R_EAX]=00000000000000e5
RAX=00000000000000e5 RBX=0000000000000064 RCX=000000000000b008 RDX=0000000000bbcda6
RSI=0000000000bbce8b RDI=000000003e5b40d4 RBP=000000003fe64f10 RSP=000000003fe64ee0
R8 =000000003fe64eff R9 =000000000000c042 R10=0000000000000000 R11=0000000000000000
R12=000000000004baf1 R13=0000000000000011 R14=000000000000c040 R15=0000000000000000
RIP=000000003e6d3862 RFL=00000202 [-------] CPL=0 II=0 A20=1 SMM=0 HLT=0
ES =0030 0000000000000000 ffffffff 00cf9300 DPL=0 DS   [-WA]
CS =0038 0000000000000000 ffffffff 00af9a00 DPL=0 CS64 [-R-]
SS =0030 0000000000000000 ffffffff 00cf9300 DPL=0 DS   [-WA]
DS =0030 0000000000000000 ffffffff 00cf9300 DPL=0 DS   [-WA]
FS =0030 0000000000000000 ffffffff 00cf9300 DPL=0 DS   [-WA]
GS =0030 0000000000000000 ffffffff 00cf9300 DPL=0 DS   [-WA]
LDT=0000 0000000000000000 0000ffff 00008200 DPL=0 LDT
TR =0000 0000000000000000 0000ffff 00008b00 DPL=0 TSS64-busy
GDT=     000000003f5dc000 00000047
IDT=     000000003efa3018 00000fff
CR0=80010033 CR2=0000000000000000 CR3=000000003f801000 CR4=00000668
DR0=0000000000000000 DR1=0000000000000000 DR2=0000000000000000 DR3=0000000000000000 
DR6=00000000ffff0ff0 DR7=0000000000000400
CCS=0000000000000000 CCD=00000000000000e5 CCO=EFLAGS
EFER=0000000000000d00
Servicing hardware INT=0x20
   221: v=20 e=0000 i=0 cpl=0 IP=0038:000000003e6d3862 pc=000000003e6d3862 SP=0030:000000003fe64ee0 env->regs[R_EAX]=0000000000000150
RAX=0000000000000150 RBX=0000000000000064 RCX=000000000000b008 RDX=0000000000bc1916
RSI=0000000000bc1a66 RDI=000000003e5b40d4 RBP=000000003fe64f10 RSP=000000003fe64ee0
R8 =000000003fe64eff R9 =000000000000c042 R10=0000000000000000 R11=0000000000000000
R12=000000000004bac8 R13=0000000000000011 R14=000000000000c040 R15=0000000000000000
RIP=000000003e6d3862 RFL=00000206 [-----P-] CPL=0 II=0 A20=1 SMM=0 HLT=0
ES =0030 0000000000000000 ffffffff 00cf9300 DPL=0 DS   [-WA]
CS =0038 0000000000000000 ffffffff 00af9a00 DPL=0 CS64 [-R-]
SS =0030 0000000000000000 ffffffff 00cf9300 DPL=0 DS   [-WA]
DS =0030 0000000000000000 ffffffff 00cf9300 DPL=0 DS   [-WA]
FS =0030 0000000000000000 ffffffff 00cf9300 DPL=0 DS   [-WA]
GS =0030 0000000000000000 ffffffff 00cf9300 DPL=0 DS   [-WA]
LDT=0000 0000000000000000 0000ffff 00008200 DPL=0 LDT
TR =0000 0000000000000000 0000ffff 00008b00 DPL=0 TSS64-busy
GDT=     000000003f5dc000 00000047
IDT=     000000003efa3018 00000fff
CR0=80010033 CR2=0000000000000000 CR3=000000003f801000 CR4=00000668
DR0=0000000000000000 DR1=0000000000000000 DR2=0000000000000000 DR3=0000000000000000 
DR6=00000000ffff0ff0 DR7=0000000000000400
CCS=0000000000000004 CCD=0000000000000150 CCO=EFLAGS
EFER=0000000000000d00
Servicing hardware INT=0x20
   222: v=20 e=0000 i=0 cpl=0 IP=0038:000000003e6d3862 pc=000000003e6d3862 SP=0030:000000003fe64ee0 env->regs[R_EAX]=00000000000000dc
RAX=00000000000000dc RBX=0000000000000064 RCX=000000000000b008 RDX=0000000000bcc6ee
RSI=0000000000bcc7ca RDI=000000003e5b40d4 RBP=000000003fe64f10 RSP=000000003fe64ee0
R8 =000000003fe64eff R9 =000000000000c042 R10=0000000000000000 R11=0000000000000000
R12=000000000004baf1 R13=0000000000000011 R14=000000000000c040 R15=0000000000000000
RIP=000000003e6d3862 RFL=00000202 [-------] CPL=0 II=0 A20=1 SMM=0 HLT=0
ES =0030 0000000000000000 ffffffff 00cf9300 DPL=0 DS   [-WA]
CS =0038 0000000000000000 ffffffff 00af9a00 DPL=0 CS64 [-R-]
SS =0030 0000000000000000 ffffffff 00cf9300 DPL=0 DS   [-WA]
DS =0030 0000000000000000 ffffffff 00cf9300 DPL=0 DS   [-WA]
FS =0030 0000000000000000 ffffffff 00cf9300 DPL=0 DS   [-WA]
GS =0030 0000000000000000 ffffffff 00cf9300 DPL=0 DS   [-WA]
LDT=0000 0000000000000000 0000ffff 00008200 DPL=0 LDT
TR =0000 0000000000000000 0000ffff 00008b00 DPL=0 TSS64-busy
GDT=     000000003f5dc000 00000047
IDT=     000000003efa3018 00000fff
CR0=80010033 CR2=0000000000000000 CR3=000000003f801000 CR4=00000668
DR0=0000000000000000 DR1=0000000000000000 DR2=0000000000000000 DR3=0000000000000000 
DR6=00000000ffff0ff0 DR7=0000000000000400
CCS=0000000000000000 CCD=00000000000000dc CCO=EFLAGS
EFER=0000000000000d00
Servicing hardware INT=0x20
   223: v=20 e=0000 i=0 cpl=0 IP=0038:000000003e6d3862 pc=000000003e6d3862 SP=0030:000000003fe64ee0 env->regs[R_EAX]=00000000000000a5
RAX=00000000000000a5 RBX=0000000000000064 RCX=000000000000b008 RDX=0000000000bd2d50
RSI=0000000000bd2df5 RDI=000000003e5b40d4 RBP=000000003fe64f10 RSP=000000003fe64ee0
R8 =000000003fe64eff R9 =000000000000c042 R10=0000000000000000 R11=0000000000000000
R12=000000000004bab8 R13=0000000000000011 R14=000000000000c040 R15=0000000000000000
RIP=000000003e6d3862 RFL=00000206 [-----P-] CPL=0 II=0 A20=1 SMM=0 HLT=0
ES =0030 0000000000000000 ffffffff 00cf9300 DPL=0 DS   [-WA]
CS =0038 0000000000000000 ffffffff 00af9a00 DPL=0 CS64 [-R-]
SS =0030 0000000000000000 ffffffff 00cf9300 DPL=0 DS   [-WA]
DS =0030 0000000000000000 ffffffff 00cf9300 DPL=0 DS   [-WA]
FS =0030 0000000000000000 ffffffff 00cf9300 DPL=0 DS   [-WA]
GS =0030 0000000000000000 ffffffff 00cf9300 DPL=0 DS   [-WA]
LDT=0000 0000000000000000 0000ffff 00008200 DPL=0 LDT
TR =0000 0000000000000000 0000ffff 00008b00 DPL=0 TSS64-busy
GDT=     000000003f5dc000 00000047
IDT=     000000003efa3018 00000fff
CR0=80010033 CR2=0000000000000000 CR3=000000003f801000 CR4=00000668
DR0=0000000000000000 DR1=0000000000000000 DR2=0000000000000000 DR3=0000000000000000 
DR6=00000000ffff0ff0 DR7=0000000000000400
CCS=0000000000000004 CCD=00000000000000a5 CCO=EFLAGS
EFER=0000000000000d00
Servicing hardware INT=0x20
   224: v=20 e=0000 i=0 cpl=0 IP=0038:000000003fe82eba pc=000000003fe82eba SP=0030:000000003fe64d88 env->regs[R_EAX]=000000003ea12580
RAX=000000003ea12580 RBX=000000003ea12580 RCX=000000003ea12580 RDX=000000003fe8bb60
RSI=000000003fe8bb60 RDI=000000003ea12580 RBP=000000003fe64df0 RSP=000000003fe64d88
R8 =0000000000000040 R9 =000000003fe8bb9f R10=0000000000000000 R11=0000000000000000
R12=000000003fe8bb60 R13=000000003fe8ab50 R14=000000003fe85d20 R15=000000003fe8ab30
RIP=000000003fe82eba RFL=00000202 [-------] CPL=0 II=0 A20=1 SMM=0 HLT=0
ES =0030 0000000000000000 ffffffff 00cf9300 DPL=0 DS   [-WA]
CS =0038 0000000000000000 ffffffff 00af9a00 DPL=0 CS64 [-R-]
SS =0030 0000000000000000 ffffffff 00cf9300 DPL=0 DS   [-WA]
DS =0030 0000000000000000 ffffffff 00cf9300 DPL=0 DS   [-WA]
FS =0030 0000000000000000 ffffffff 00cf9300 DPL=0 DS   [-WA]
GS =0030 0000000000000000 ffffffff 00cf9300 DPL=0 DS   [-WA]
LDT=0000 0000000000000000 0000ffff 00008200 DPL=0 LDT
TR =0000 0000000000000000 0000ffff 00008b00 DPL=0 TSS64-busy
GDT=     000000003f5dc000 00000047
IDT=     000000003efa3018 00000fff
CR0=80010033 CR2=0000000000000000 CR3=000000003f801000 CR4=00000668
DR0=0000000000000000 DR1=0000000000000000 DR2=0000000000000000 DR3=0000000000000000 
DR6=00000000ffff0ff0 DR7=0000000000000400
CCS=0000000000000000 CCD=00000000014795e0 CCO=EFLAGS
EFER=0000000000000d00
Servicing hardware INT=0x20
   225: v=20 e=0000 i=0 cpl=0 IP=0038:000000003e6d3862 pc=000000003e6d3862 SP=0030:000000003fe64ee0 env->regs[R_EAX]=0000000000000089
RAX=0000000000000089 RBX=0000000000000064 RCX=000000000000b008 RDX=0000000000be4c94
RSI=0000000000be4d1d RDI=000000003e5b40d4 RBP=000000003fe64f10 RSP=000000003fe64ee0
R8 =000000003fe64eff R9 =000000000000c042 R10=0000000000000000 R11=0000000000000000
R12=000000000004bac0 R13=0000000000000011 R14=000000000000c040 R15=0000000000000000
RIP=000000003e6d3862 RFL=00000202 [-------] CPL=0 II=0 A20=1 SMM=0 HLT=0
ES =0030 0000000000000000 ffffffff 00cf9300 DPL=0 DS   [-WA]
CS =0038 0000000000000000 ffffffff 00af9a00 DPL=0 CS64 [-R-]
SS =0030 0000000000000000 ffffffff 00cf9300 DPL=0 DS   [-WA]
DS =0030 0000000000000000 ffffffff 00cf9300 DPL=0 DS   [-WA]
FS =0030 0000000000000000 ffffffff 00cf9300 DPL=0 DS   [-WA]
GS =0030 0000000000000000 ffffffff 00cf9300 DPL=0 DS   [-WA]
LDT=0000 0000000000000000 0000ffff 00008200 DPL=0 LDT
TR =0000 0000000000000000 0000ffff 00008b00 DPL=0 TSS64-busy
GDT=     000000003f5dc000 00000047
IDT=     000000003efa3018 00000fff
CR0=80010033 CR2=0000000000000000 CR3=000000003f801000 CR4=00000668
DR0=0000000000000000 DR1=0000000000000000 DR2=0000000000000000 DR3=0000000000000000 
DR6=00000000ffff0ff0 DR7=0000000000000400
CCS=0000000000000000 CCD=0000000000000089 CCO=EFLAGS
EFER=0000000000000d00
Servicing hardware INT=0x20
   226: v=20 e=0000 i=0 cpl=0 IP=0038:000000003e6d3862 pc=000000003e6d3862 SP=0030:000000003fe64f70 env->regs[R_EAX]=0000000000000076
RAX=0000000000000076 RBX=0000000000000064 RCX=000000000000b008 RDX=0000000000bf4579
RSI=0000000000bf45ef RDI=000000003e5b40d4 RBP=000000003fe64fa0 RSP=000000003fe64f70
R8 =000000003fe64f8f R9 =000000000000c042 R10=0000000000000000 R11=0000000000000000
R12=000000000004baf1 R13=0000000000000011 R14=000000000000c040 R15=0000000000000000
RIP=000000003e6d3862 RFL=00000202 [-------] CPL=0 II=0 A20=1 SMM=0 HLT=0
ES =0030 0000000000000000 ffffffff 00cf9300 DPL=0 DS   [-WA]
CS =0038 0000000000000000 ffffffff 00af9a00 DPL=0 CS64 [-R-]
SS =0030 0000000000000000 ffffffff 00cf9300 DPL=0 DS   [-WA]
DS =0030 0000000000000000 ffffffff 00cf9300 DPL=0 DS   [-WA]
FS =0030 0000000000000000 ffffffff 00cf9300 DPL=0 DS   [-WA]
GS =0030 0000000000000000 ffffffff 00cf9300 DPL=0 DS   [-WA]
LDT=0000 0000000000000000 0000ffff 00008200 DPL=0 LDT
TR =0000 0000000000000000 0000ffff 00008b00 DPL=0 TSS64-busy
GDT=     000000003f5dc000 00000047
IDT=     000000003efa3018 00000fff
CR0=80010033 CR2=0000000000000000 CR3=000000003f801000 CR4=00000668
DR0=0000000000000000 DR1=0000000000000000 DR2=0000000000000000 DR3=0000000000000000 
DR6=00000000ffff0ff0 DR7=0000000000000400
CCS=0000000000000000 CCD=0000000000000076 CCO=EFLAGS
EFER=0000000000000d00
Servicing hardware INT=0x20
   227: v=20 e=0000 i=0 cpl=0 IP=0038:000000003e6d3862 pc=000000003e6d3862 SP=0030:000000003fe64f70 env->regs[R_EAX]=0000000000000159
RAX=0000000000000159 RBX=0000000000000064 RCX=000000000000b008 RDX=0000000000bf6455
RSI=0000000000bf65ae RDI=000000003e5b40d4 RBP=000000003fe64fa0 RSP=000000003fe64f70
R8 =000000003fe64f8f R9 =000000000000c042 R10=0000000000000000 R11=0000000000000000
R12=000000000004bae1 R13=0000000000000011 R14=000000000000c040 R15=0000000000000000
RIP=000000003e6d3862 RFL=00000206 [-----P-] CPL=0 II=0 A20=1 SMM=0 HLT=0
ES =0030 0000000000000000 ffffffff 00cf9300 DPL=0 DS   [-WA]
CS =0038 0000000000000000 ffffffff 00af9a00 DPL=0 CS64 [-R-]
SS =0030 0000000000000000 ffffffff 00cf9300 DPL=0 DS   [-WA]
DS =0030 0000000000000000 ffffffff 00cf9300 DPL=0 DS   [-WA]
FS =0030 0000000000000000 ffffffff 00cf9300 DPL=0 DS   [-WA]
GS =0030 0000000000000000 ffffffff 00cf9300 DPL=0 DS   [-WA]
LDT=0000 0000000000000000 0000ffff 00008200 DPL=0 LDT
TR =0000 0000000000000000 0000ffff 00008b00 DPL=0 TSS64-busy
GDT=     000000003f5dc000 00000047
IDT=     000000003efa3018 00000fff
CR0=80010033 CR2=0000000000000000 CR3=000000003f801000 CR4=00000668
DR0=0000000000000000 DR1=0000000000000000 DR2=0000000000000000 DR3=0000000000000000 
DR6=00000000ffff0ff0 DR7=0000000000000400
CCS=0000000000000004 CCD=0000000000000159 CCO=EFLAGS
EFER=0000000000000d00
Servicing hardware INT=0x20
   228: v=20 e=0000 i=0 cpl=0 IP=0038:000000003e6d3862 pc=000000003e6d3862 SP=0030:000000003fe64f70 env->regs[R_EAX]=00000000000000ca
RAX=00000000000000ca RBX=0000000000000064 RCX=000000000000b008 RDX=0000000000c0561c
RSI=0000000000c056e6 RDI=000000003e5b40d4 RBP=000000003fe64fa0 RSP=000000003fe64f70
R8 =000000003fe64f8f R9 =000000000000c042 R10=0000000000000000 R11=0000000000000000
R12=000000000004baf1 R13=0000000000000011 R14=000000000000c040 R15=0000000000000000
RIP=000000003e6d3862 RFL=00000206 [-----P-] CPL=0 II=0 A20=1 SMM=0 HLT=0
ES =0030 0000000000000000 ffffffff 00cf9300 DPL=0 DS   [-WA]
CS =0038 0000000000000000 ffffffff 00af9a00 DPL=0 CS64 [-R-]
SS =0030 0000000000000000 ffffffff 00cf9300 DPL=0 DS   [-WA]
DS =0030 0000000000000000 ffffffff 00cf9300 DPL=0 DS   [-WA]
FS =0030 0000000000000000 ffffffff 00cf9300 DPL=0 DS   [-WA]
GS =0030 0000000000000000 ffffffff 00cf9300 DPL=0 DS   [-WA]
LDT=0000 0000000000000000 0000ffff 00008200 DPL=0 LDT
TR =0000 0000000000000000 0000ffff 00008b00 DPL=0 TSS64-busy
GDT=     000000003f5dc000 00000047
IDT=     000000003efa3018 00000fff
CR0=80010033 CR2=0000000000000000 CR3=000000003f801000 CR4=00000668
DR0=0000000000000000 DR1=0000000000000000 DR2=0000000000000000 DR3=0000000000000000 
DR6=00000000ffff0ff0 DR7=0000000000000400
CCS=0000000000000004 CCD=00000000000000ca CCO=EFLAGS
EFER=0000000000000d00
Servicing hardware INT=0x20
   229: v=20 e=0000 i=0 cpl=0 IP=0038:000000003e6d3862 pc=000000003e6d3862 SP=0030:000000003fe64f70 env->regs[R_EAX]=000000000000006f
RAX=000000000000006f RBX=0000000000000064 RCX=000000000000b008 RDX=0000000000c07bad
RSI=0000000000c07c1c RDI=000000003e5b40d4 RBP=000000003fe64fa0 RSP=000000003fe64f70
R8 =000000003fe64f8f R9 =000000000000c042 R10=0000000000000000 R11=0000000000000000
R12=000000000004badc R13=0000000000000011 R14=000000000000c040 R15=0000000000000000
RIP=000000003e6d3862 RFL=00000206 [-----P-] CPL=0 II=0 A20=1 SMM=0 HLT=0
ES =0030 0000000000000000 ffffffff 00cf9300 DPL=0 DS   [-WA]
CS =0038 0000000000000000 ffffffff 00af9a00 DPL=0 CS64 [-R-]
SS =0030 0000000000000000 ffffffff 00cf9300 DPL=0 DS   [-WA]
DS =0030 0000000000000000 ffffffff 00cf9300 DPL=0 DS   [-WA]
FS =0030 0000000000000000 ffffffff 00cf9300 DPL=0 DS   [-WA]
GS =0030 0000000000000000 ffffffff 00cf9300 DPL=0 DS   [-WA]
LDT=0000 0000000000000000 0000ffff 00008200 DPL=0 LDT
TR =0000 0000000000000000 0000ffff 00008b00 DPL=0 TSS64-busy
GDT=     000000003f5dc000 00000047
IDT=     000000003efa3018 00000fff
CR0=80010033 CR2=0000000000000000 CR3=000000003f801000 CR4=00000668
DR0=0000000000000000 DR1=0000000000000000 DR2=0000000000000000 DR3=0000000000000000 
DR6=00000000ffff0ff0 DR7=0000000000000400
CCS=0000000000000004 CCD=000000000000006f CCO=EFLAGS
EFER=0000000000000d00
Servicing hardware INT=0x20
   230: v=20 e=0000 i=0 cpl=0 IP=0038:000000003e6d3862 pc=000000003e6d3862 SP=0030:000000003fe64f70 env->regs[R_EAX]=00000000000000e5
RAX=00000000000000e5 RBX=0000000000000064 RCX=000000000000b008 RDX=0000000000c14eeb
RSI=0000000000c14fd0 RDI=000000003e5b40d4 RBP=000000003fe64fa0 RSP=000000003fe64f70
R8 =000000003fe64f8f R9 =000000000000c042 R10=0000000000000000 R11=0000000000000000
R12=000000000004baf1 R13=0000000000000011 R14=000000000000c040 R15=0000000000000000
RIP=000000003e6d3862 RFL=00000202 [-------] CPL=0 II=0 A20=1 SMM=0 HLT=0
ES =0030 0000000000000000 ffffffff 00cf9300 DPL=0 DS   [-WA]
CS =0038 0000000000000000 ffffffff 00af9a00 DPL=0 CS64 [-R-]
SS =0030 0000000000000000 ffffffff 00cf9300 DPL=0 DS   [-WA]
DS =0030 0000000000000000 ffffffff 00cf9300 DPL=0 DS   [-WA]
FS =0030 0000000000000000 ffffffff 00cf9300 DPL=0 DS   [-WA]
GS =0030 0000000000000000 ffffffff 00cf9300 DPL=0 DS   [-WA]
LDT=0000 0000000000000000 0000ffff 00008200 DPL=0 LDT
TR =0000 0000000000000000 0000ffff 00008b00 DPL=0 TSS64-busy
GDT=     000000003f5dc000 00000047
IDT=     000000003efa3018 00000fff
CR0=80010033 CR2=0000000000000000 CR3=000000003f801000 CR4=00000668
DR0=0000000000000000 DR1=0000000000000000 DR2=0000000000000000 DR3=0000000000000000 
DR6=00000000ffff0ff0 DR7=0000000000000400
CCS=0000000000000000 CCD=00000000000000e5 CCO=EFLAGS
EFER=0000000000000d00
Servicing hardware INT=0x20
   231: v=20 e=0000 i=0 cpl=0 IP=0038:000000003e6d3862 pc=000000003e6d3862 SP=0030:000000003fe64f70 env->regs[R_EAX]=0000000000000047
RAX=0000000000000047 RBX=0000000000000064 RCX=000000000000b008 RDX=0000000000c19373
RSI=0000000000c193ba RDI=000000003e5b40d4 RBP=000000003fe64fa0 RSP=000000003fe64f70
R8 =000000003fe64f8f R9 =000000000000c042 R10=0000000000000000 R11=0000000000000000
R12=000000000004bacf R13=0000000000000011 R14=000000000000c040 R15=0000000000000000
RIP=000000003e6d3862 RFL=00000206 [-----P-] CPL=0 II=0 A20=1 SMM=0 HLT=0
ES =0030 0000000000000000 ffffffff 00cf9300 DPL=0 DS   [-WA]
CS =0038 0000000000000000 ffffffff 00af9a00 DPL=0 CS64 [-R-]
SS =0030 0000000000000000 ffffffff 00cf9300 DPL=0 DS   [-WA]
DS =0030 0000000000000000 ffffffff 00cf9300 DPL=0 DS   [-WA]
FS =0030 0000000000000000 ffffffff 00cf9300 DPL=0 DS   [-WA]
GS =0030 0000000000000000 ffffffff 00cf9300 DPL=0 DS   [-WA]
LDT=0000 0000000000000000 0000ffff 00008200 DPL=0 LDT
TR =0000 0000000000000000 0000ffff 00008b00 DPL=0 TSS64-busy
GDT=     000000003f5dc000 00000047
IDT=     000000003efa3018 00000fff
CR0=80010033 CR2=0000000000000000 CR3=000000003f801000 CR4=00000668
DR0=0000000000000000 DR1=0000000000000000 DR2=0000000000000000 DR3=0000000000000000 
DR6=00000000ffff0ff0 DR7=0000000000000400
CCS=0000000000000004 CCD=0000000000000047 CCO=EFLAGS
EFER=0000000000000d00
Servicing hardware INT=0x20
   232: v=20 e=0000 i=0 cpl=0 IP=0038:000000003e6d3862 pc=000000003e6d3862 SP=0030:000000003fe64f70 env->regs[R_EAX]=0000000000003d8b
RAX=0000000000003d8b RBX=0000000000002710 RCX=000000000000b008 RDX=0000000000c22ff6
RSI=0000000000c26d81 RDI=000000003e5b40d4 RBP=000000003fe64fa0 RSP=000000003fe64f70
R8 =000000003fe64fc0 R9 =00000000000003f6 R10=0000000000000000 R11=0000000000000000
R12=000000000000c042 R13=0000000000000011 R14=000000000000c040 R15=0000000000000000
RIP=000000003e6d3862 RFL=00000206 [-----P-] CPL=0 II=0 A20=1 SMM=0 HLT=0
ES =0030 0000000000000000 ffffffff 00cf9300 DPL=0 DS   [-WA]
CS =0038 0000000000000000 ffffffff 00af9a00 DPL=0 CS64 [-R-]
SS =0030 0000000000000000 ffffffff 00cf9300 DPL=0 DS   [-WA]
DS =0030 0000000000000000 ffffffff 00cf9300 DPL=0 DS   [-WA]
FS =0030 0000000000000000 ffffffff 00cf9300 DPL=0 DS   [-WA]
GS =0030 0000000000000000 ffffffff 00cf9300 DPL=0 DS   [-WA]
LDT=0000 0000000000000000 0000ffff 00008200 DPL=0 LDT
TR =0000 0000000000000000 0000ffff 00008b00 DPL=0 TSS64-busy
GDT=     000000003f5dc000 00000047
IDT=     000000003efa3018 00000fff
CR0=80010033 CR2=0000000000000000 CR3=000000003f801000 CR4=00000668
DR0=0000000000000000 DR1=0000000000000000 DR2=0000000000000000 DR3=0000000000000000 
DR6=00000000ffff0ff0 DR7=0000000000000400
CCS=0000000000000004 CCD=0000000000003d8b CCO=EFLAGS
EFER=0000000000000d00
Servicing hardware INT=0x20
   233: v=20 e=0000 i=0 cpl=0 IP=0038:000000003e6d3862 pc=000000003e6d3862 SP=0030:000000003fe64fb0 env->regs[R_EAX]=00000000000000ee
RAX=00000000000000ee RBX=0000000000000064 RCX=000000000000b008 RDX=0000000000c2ab38
RSI=0000000000c2ac26 RDI=000000003e5b40d4 RBP=000000003fe64fe0 RSP=000000003fe64fb0
R8 =000000003fe64fcf R9 =000000000000c042 R10=0000000000000000 R11=0000000000000000
R12=000000000004bad5 R13=0000000000000011 R14=000000000000c040 R15=0000000000000000
RIP=000000003e6d3862 RFL=00000206 [-----P-] CPL=0 II=0 A20=1 SMM=0 HLT=0
ES =0030 0000000000000000 ffffffff 00cf9300 DPL=0 DS   [-WA]
CS =0038 0000000000000000 ffffffff 00af9a00 DPL=0 CS64 [-R-]
SS =0030 0000000000000000 ffffffff 00cf9300 DPL=0 DS   [-WA]
DS =0030 0000000000000000 ffffffff 00cf9300 DPL=0 DS   [-WA]
FS =0030 0000000000000000 ffffffff 00cf9300 DPL=0 DS   [-WA]
GS =0030 0000000000000000 ffffffff 00cf9300 DPL=0 DS   [-WA]
LDT=0000 0000000000000000 0000ffff 00008200 DPL=0 LDT
TR =0000 0000000000000000 0000ffff 00008b00 DPL=0 TSS64-busy
GDT=     000000003f5dc000 00000047
IDT=     000000003efa3018 00000fff
CR0=80010033 CR2=0000000000000000 CR3=000000003f801000 CR4=00000668
DR0=0000000000000000 DR1=0000000000000000 DR2=0000000000000000 DR3=0000000000000000 
DR6=00000000ffff0ff0 DR7=0000000000000400
CCS=0000000000000004 CCD=00000000000000ee CCO=EFLAGS
EFER=0000000000000d00
Servicing hardware INT=0x20
   234: v=20 e=0000 i=0 cpl=0 IP=0038:000000003e6d3862 pc=000000003e6d3862 SP=0030:000000003fe64fb0 env->regs[R_EAX]=00000000000000d0
RAX=00000000000000d0 RBX=0000000000000064 RCX=000000000000b008 RDX=0000000000c3765f
RSI=0000000000c3772f RDI=000000003e5b40d4 RBP=000000003fe64fe0 RSP=000000003fe64fb0
R8 =000000003fe64fcf R9 =000000000000c042 R10=0000000000000000 R11=0000000000000000
R12=000000000004baf1 R13=0000000000000011 R14=000000000000c040 R15=0000000000000000
RIP=000000003e6d3862 RFL=00000202 [-------] CPL=0 II=0 A20=1 SMM=0 HLT=0
ES =0030 0000000000000000 ffffffff 00cf9300 DPL=0 DS   [-WA]
CS =0038 0000000000000000 ffffffff 00af9a00 DPL=0 CS64 [-R-]
SS =0030 0000000000000000 ffffffff 00cf9300 DPL=0 DS   [-WA]
DS =0030 0000000000000000 ffffffff 00cf9300 DPL=0 DS   [-WA]
FS =0030 0000000000000000 ffffffff 00cf9300 DPL=0 DS   [-WA]
GS =0030 0000000000000000 ffffffff 00cf9300 DPL=0 DS   [-WA]
LDT=0000 0000000000000000 0000ffff 00008200 DPL=0 LDT
TR =0000 0000000000000000 0000ffff 00008b00 DPL=0 TSS64-busy
GDT=     000000003f5dc000 00000047
IDT=     000000003efa3018 00000fff
CR0=80010033 CR2=0000000000000000 CR3=000000003f801000 CR4=00000668
DR0=0000000000000000 DR1=0000000000000000 DR2=0000000000000000 DR3=0000000000000000 
DR6=00000000ffff0ff0 DR7=0000000000000400
CCS=0000000000000000 CCD=00000000000000d0 CCO=EFLAGS
EFER=0000000000000d00
Servicing hardware INT=0x20
   235: v=20 e=0000 i=0 cpl=0 IP=0038:000000003e6d3862 pc=000000003e6d3862 SP=0030:000000003fe64fb0 env->regs[R_EAX]=000000000000000e
RAX=000000000000000e RBX=0000000000000064 RCX=000000000000b008 RDX=0000000000c3c072
RSI=0000000000c3c080 RDI=000000003e5b40d4 RBP=000000003fe64fe0 RSP=000000003fe64fb0
R8 =000000003fe64fcf R9 =000000000000c042 R10=0000000000000000 R11=0000000000000000
R12=000000000004bac9 R13=0000000000000011 R14=000000000000c040 R15=0000000000000000
RIP=000000003e6d3862 RFL=00000202 [-------] CPL=0 II=0 A20=1 SMM=0 HLT=0
ES =0030 0000000000000000 ffffffff 00cf9300 DPL=0 DS   [-WA]
CS =0038 0000000000000000 ffffffff 00af9a00 DPL=0 CS64 [-R-]
SS =0030 0000000000000000 ffffffff 00cf9300 DPL=0 DS   [-WA]
DS =0030 0000000000000000 ffffffff 00cf9300 DPL=0 DS   [-WA]
FS =0030 0000000000000000 ffffffff 00cf9300 DPL=0 DS   [-WA]
GS =0030 0000000000000000 ffffffff 00cf9300 DPL=0 DS   [-WA]
LDT=0000 0000000000000000 0000ffff 00008200 DPL=0 LDT
TR =0000 0000000000000000 0000ffff 00008b00 DPL=0 TSS64-busy
GDT=     000000003f5dc000 00000047
IDT=     000000003efa3018 00000fff
CR0=80010033 CR2=0000000000000000 CR3=000000003f801000 CR4=00000668
DR0=0000000000000000 DR1=0000000000000000 DR2=0000000000000000 DR3=0000000000000000 
DR6=00000000ffff0ff0 DR7=0000000000000400
CCS=0000000000000000 CCD=000000000000000e CCO=EFLAGS
EFER=0000000000000d00
Servicing hardware INT=0x20
   236: v=20 e=0000 i=0 cpl=0 IP=0038:000000003e6d3862 pc=000000003e6d3862 SP=0030:000000003fe64fb0 env->regs[R_EAX]=00000000000000bf
RAX=00000000000000bf RBX=0000000000000064 RCX=000000000000b008 RDX=0000000000c46c3a
RSI=0000000000c46cf9 RDI=000000003e5b40d4 RBP=000000003fe64fe0 RSP=000000003fe64fb0
R8 =000000003fe64fcf R9 =000000000000c042 R10=0000000000000000 R11=0000000000000000
R12=000000000004baf1 R13=0000000000000011 R14=000000000000c040 R15=0000000000000000
RIP=000000003e6d3862 RFL=00000202 [-------] CPL=0 II=0 A20=1 SMM=0 HLT=0
ES =0030 0000000000000000 ffffffff 00cf9300 DPL=0 DS   [-WA]
CS =0038 0000000000000000 ffffffff 00af9a00 DPL=0 CS64 [-R-]
SS =0030 0000000000000000 ffffffff 00cf9300 DPL=0 DS   [-WA]
DS =0030 0000000000000000 ffffffff 00cf9300 DPL=0 DS   [-WA]
FS =0030 0000000000000000 ffffffff 00cf9300 DPL=0 DS   [-WA]
GS =0030 0000000000000000 ffffffff 00cf9300 DPL=0 DS   [-WA]
LDT=0000 0000000000000000 0000ffff 00008200 DPL=0 LDT
TR =0000 0000000000000000 0000ffff 00008b00 DPL=0 TSS64-busy
GDT=     000000003f5dc000 00000047
IDT=     000000003efa3018 00000fff
CR0=80010033 CR2=0000000000000000 CR3=000000003f801000 CR4=00000668
DR0=0000000000000000 DR1=0000000000000000 DR2=0000000000000000 DR3=0000000000000000 
DR6=00000000ffff0ff0 DR7=0000000000000400
CCS=0000000000000000 CCD=00000000000000bf CCO=EFLAGS
EFER=0000000000000d00
Servicing hardware INT=0x20
   237: v=20 e=0000 i=0 cpl=0 IP=0038:000000003e6d3862 pc=000000003e6d3862 SP=0030:000000003fe64fb0 env->regs[R_EAX]=0000000000000050
RAX=0000000000000050 RBX=0000000000000064 RCX=000000000000b008 RDX=0000000000c4d49a
RSI=0000000000c4d4ea RDI=000000003e5b40d4 RBP=000000003fe64fe0 RSP=000000003fe64fb0
R8 =000000003fe64fcf R9 =000000000000c042 R10=0000000000000000 R11=0000000000000000
R12=000000000004bab9 R13=0000000000000011 R14=000000000000c040 R15=0000000000000000
RIP=000000003e6d3862 RFL=00000206 [-----P-] CPL=0 II=0 A20=1 SMM=0 HLT=0
ES =0030 0000000000000000 ffffffff 00cf9300 DPL=0 DS   [-WA]
CS =0038 0000000000000000 ffffffff 00af9a00 DPL=0 CS64 [-R-]
SS =0030 0000000000000000 ffffffff 00cf9300 DPL=0 DS   [-WA]
DS =0030 0000000000000000 ffffffff 00cf9300 DPL=0 DS   [-WA]
FS =0030 0000000000000000 ffffffff 00cf9300 DPL=0 DS   [-WA]
GS =0030 0000000000000000 ffffffff 00cf9300 DPL=0 DS   [-WA]
LDT=0000 0000000000000000 0000ffff 00008200 DPL=0 LDT
TR =0000 0000000000000000 0000ffff 00008b00 DPL=0 TSS64-busy
GDT=     000000003f5dc000 00000047
IDT=     000000003efa3018 00000fff
CR0=80010033 CR2=0000000000000000 CR3=000000003f801000 CR4=00000668
DR0=0000000000000000 DR1=0000000000000000 DR2=0000000000000000 DR3=0000000000000000 
DR6=00000000ffff0ff0 DR7=0000000000000400
CCS=0000000000000004 CCD=0000000000000050 CCO=EFLAGS
EFER=0000000000000d00
Servicing hardware INT=0x20
   238: v=20 e=0000 i=0 cpl=0 IP=0038:000000003e6d3862 pc=000000003e6d3862 SP=0030:000000003fe64fb0 env->regs[R_EAX]=00000000000000fe
RAX=00000000000000fe RBX=0000000000000064 RCX=000000000000b008 RDX=0000000000c57f3d
RSI=0000000000c5803b RDI=000000003e5b40d4 RBP=000000003fe64fe0 RSP=000000003fe64fb0
R8 =000000003fe64fcf R9 =000000000000c042 R10=0000000000000000 R11=0000000000000000
R12=000000000004baf1 R13=0000000000000011 R14=000000000000c040 R15=0000000000000000
RIP=000000003e6d3862 RFL=00000202 [-------] CPL=0 II=0 A20=1 SMM=0 HLT=0
ES =0030 0000000000000000 ffffffff 00cf9300 DPL=0 DS   [-WA]
CS =0038 0000000000000000 ffffffff 00af9a00 DPL=0 CS64 [-R-]
SS =0030 0000000000000000 ffffffff 00cf9300 DPL=0 DS   [-WA]
DS =0030 0000000000000000 ffffffff 00cf9300 DPL=0 DS   [-WA]
FS =0030 0000000000000000 ffffffff 00cf9300 DPL=0 DS   [-WA]
GS =0030 0000000000000000 ffffffff 00cf9300 DPL=0 DS   [-WA]
LDT=0000 0000000000000000 0000ffff 00008200 DPL=0 LDT
TR =0000 0000000000000000 0000ffff 00008b00 DPL=0 TSS64-busy
GDT=     000000003f5dc000 00000047
IDT=     000000003efa3018 00000fff
CR0=80010033 CR2=0000000000000000 CR3=000000003f801000 CR4=00000668
DR0=0000000000000000 DR1=0000000000000000 DR2=0000000000000000 DR3=0000000000000000 
DR6=00000000ffff0ff0 DR7=0000000000000400
CCS=0000000000000000 CCD=00000000000000fe CCO=EFLAGS
EFER=0000000000000d00
Servicing hardware INT=0x20
   239: v=20 e=0000 i=0 cpl=0 IP=0038:000000003e6d3862 pc=000000003e6d3862 SP=0030:000000003fe64fb0 env->regs[R_EAX]=0000000000000088
RAX=0000000000000088 RBX=0000000000000064 RCX=000000000000b008 RDX=0000000000c5ec2e
RSI=0000000000c5ecb6 RDI=000000003e5b40d4 RBP=000000003fe64fe0 RSP=000000003fe64fb0
R8 =000000003fe64fcf R9 =000000000000c042 R10=0000000000000000 R11=0000000000000000
R12=000000000004bab4 R13=0000000000000011 R14=000000000000c040 R15=0000000000000000
RIP=000000003e6d3862 RFL=00000206 [-----P-] CPL=0 II=0 A20=1 SMM=0 HLT=0
ES =0030 0000000000000000 ffffffff 00cf9300 DPL=0 DS   [-WA]
CS =0038 0000000000000000 ffffffff 00af9a00 DPL=0 CS64 [-R-]
SS =0030 0000000000000000 ffffffff 00cf9300 DPL=0 DS   [-WA]
DS =0030 0000000000000000 ffffffff 00cf9300 DPL=0 DS   [-WA]
FS =0030 0000000000000000 ffffffff 00cf9300 DPL=0 DS   [-WA]
GS =0030 0000000000000000 ffffffff 00cf9300 DPL=0 DS   [-WA]
LDT=0000 0000000000000000 0000ffff 00008200 DPL=0 LDT
TR =0000 0000000000000000 0000ffff 00008b00 DPL=0 TSS64-busy
GDT=     000000003f5dc000 00000047
IDT=     000000003efa3018 00000fff
CR0=80010033 CR2=0000000000000000 CR3=000000003f801000 CR4=00000668
DR0=0000000000000000 DR1=0000000000000000 DR2=0000000000000000 DR3=0000000000000000 
DR6=00000000ffff0ff0 DR7=0000000000000400
CCS=0000000000000004 CCD=0000000000000088 CCO=EFLAGS
EFER=0000000000000d00
Servicing hardware INT=0x20
   240: v=20 e=0000 i=0 cpl=0 IP=0038:000000003e6d3862 pc=000000003e6d3862 SP=0030:000000003fe64fb0 env->regs[R_EAX]=000000000000039e
RAX=000000000000039e RBX=0000000000002710 RCX=000000000000b008 RDX=0000000000c685dd
RSI=0000000000c6897b RDI=000000003e5b40d4 RBP=000000003fe64fe0 RSP=000000003fe64fb0
R8 =000000003fe65000 R9 =00000000000003f6 R10=0000000000000000 R11=0000000000000000
R12=000000000000c042 R13=0000000000000011 R14=000000000000c040 R15=0000000000000000
RIP=000000003e6d3862 RFL=00000202 [-------] CPL=0 II=0 A20=1 SMM=0 HLT=0
ES =0030 0000000000000000 ffffffff 00cf9300 DPL=0 DS   [-WA]
CS =0038 0000000000000000 ffffffff 00af9a00 DPL=0 CS64 [-R-]
SS =0030 0000000000000000 ffffffff 00cf9300 DPL=0 DS   [-WA]
DS =0030 0000000000000000 ffffffff 00cf9300 DPL=0 DS   [-WA]
FS =0030 0000000000000000 ffffffff 00cf9300 DPL=0 DS   [-WA]
GS =0030 0000000000000000 ffffffff 00cf9300 DPL=0 DS   [-WA]
LDT=0000 0000000000000000 0000ffff 00008200 DPL=0 LDT
TR =0000 0000000000000000 0000ffff 00008b00 DPL=0 TSS64-busy
GDT=     000000003f5dc000 00000047
IDT=     000000003efa3018 00000fff
CR0=80010033 CR2=0000000000000000 CR3=000000003f801000 CR4=00000668
DR0=0000000000000000 DR1=0000000000000000 DR2=0000000000000000 DR3=0000000000000000 
DR6=00000000ffff0ff0 DR7=0000000000000400
CCS=0000000000000000 CCD=000000000000039e CCO=EFLAGS
EFER=0000000000000d00
Servicing hardware INT=0x20
   241: v=20 e=0000 i=0 cpl=0 IP=0038:000000003e6d3862 pc=000000003e6d3862 SP=0030:000000003fe64ea0 env->regs[R_EAX]=000000000000008a
RAX=000000000000008a RBX=0000000000000064 RCX=000000000000b008 RDX=0000000000c701a1
RSI=0000000000c7022b RDI=000000003e5b40d4 RBP=000000003fe64ed0 RSP=000000003fe64ea0
R8 =000000003fe64ebf R9 =000000000000c042 R10=0000000000000000 R11=0000000000000000
R12=000000000004bac8 R13=0000000000000011 R14=000000000000c040 R15=0000000000000000
RIP=000000003e6d3862 RFL=00000202 [-------] CPL=0 II=0 A20=1 SMM=0 HLT=0
ES =0030 0000000000000000 ffffffff 00cf9300 DPL=0 DS   [-WA]
CS =0038 0000000000000000 ffffffff 00af9a00 DPL=0 CS64 [-R-]
SS =0030 0000000000000000 ffffffff 00cf9300 DPL=0 DS   [-WA]
DS =0030 0000000000000000 ffffffff 00cf9300 DPL=0 DS   [-WA]
FS =0030 0000000000000000 ffffffff 00cf9300 DPL=0 DS   [-WA]
GS =0030 0000000000000000 ffffffff 00cf9300 DPL=0 DS   [-WA]
LDT=0000 0000000000000000 0000ffff 00008200 DPL=0 LDT
TR =0000 0000000000000000 0000ffff 00008b00 DPL=0 TSS64-busy
GDT=     000000003f5dc000 00000047
IDT=     000000003efa3018 00000fff
CR0=80010033 CR2=0000000000000000 CR3=000000003f801000 CR4=00000668
DR0=0000000000000000 DR1=0000000000000000 DR2=0000000000000000 DR3=0000000000000000 
DR6=00000000ffff0ff0 DR7=0000000000000400
CCS=0000000000000000 CCD=000000000000008a CCO=EFLAGS
EFER=0000000000000d00
Servicing hardware INT=0x20
   242: v=20 e=0000 i=0 cpl=0 IP=0038:000000003e6d3862 pc=000000003e6d3862 SP=0030:000000003fe64ea0 env->regs[R_EAX]=000000000000010b
RAX=000000000000010b RBX=0000000000000064 RCX=000000000000b008 RDX=0000000000c7a516
RSI=0000000000c7a621 RDI=000000003e5b40d4 RBP=000000003fe64ed0 RSP=000000003fe64ea0
R8 =000000003fe64ebf R9 =000000000000c042 R10=0000000000000000 R11=0000000000000000
R12=000000000004baf1 R13=0000000000000011 R14=000000000000c040 R15=0000000000000000
RIP=000000003e6d3862 RFL=00000202 [-------] CPL=0 II=0 A20=1 SMM=0 HLT=0
ES =0030 0000000000000000 ffffffff 00cf9300 DPL=0 DS   [-WA]
CS =0038 0000000000000000 ffffffff 00af9a00 DPL=0 CS64 [-R-]
SS =0030 0000000000000000 ffffffff 00cf9300 DPL=0 DS   [-WA]
DS =0030 0000000000000000 ffffffff 00cf9300 DPL=0 DS   [-WA]
FS =0030 0000000000000000 ffffffff 00cf9300 DPL=0 DS   [-WA]
GS =0030 0000000000000000 ffffffff 00cf9300 DPL=0 DS   [-WA]
LDT=0000 0000000000000000 0000ffff 00008200 DPL=0 LDT
TR =0000 0000000000000000 0000ffff 00008b00 DPL=0 TSS64-busy
GDT=     000000003f5dc000 00000047
IDT=     000000003efa3018 00000fff
CR0=80010033 CR2=0000000000000000 CR3=000000003f801000 CR4=00000668
DR0=0000000000000000 DR1=0000000000000000 DR2=0000000000000000 DR3=0000000000000000 
DR6=00000000ffff0ff0 DR7=0000000000000400
CCS=0000000000000000 CCD=000000000000010b CCO=EFLAGS
EFER=0000000000000d00
Servicing hardware INT=0x20
   243: v=20 e=0000 i=0 cpl=0 IP=0038:000000003e6d3862 pc=000000003e6d3862 SP=0030:000000003fe64ea0 env->regs[R_EAX]=0000000000004cad
RAX=0000000000004cad RBX=0000000000002710 RCX=000000000000b008 RDX=0000000000c836a4
RSI=0000000000c88351 RDI=000000003e5b40d4 RBP=000000003fe64ed0 RSP=000000003fe64ea0
R8 =000000003fe64ef0 R9 =00000000000003f6 R10=0000000000000000 R11=0000000000000000
R12=000000000000c042 R13=0000000000000011 R14=000000000000c040 R15=0000000000000000
RIP=000000003e6d3862 RFL=00000202 [-------] CPL=0 II=0 A20=1 SMM=0 HLT=0
ES =0030 0000000000000000 ffffffff 00cf9300 DPL=0 DS   [-WA]
CS =0038 0000000000000000 ffffffff 00af9a00 DPL=0 CS64 [-R-]
SS =0030 0000000000000000 ffffffff 00cf9300 DPL=0 DS   [-WA]
DS =0030 0000000000000000 ffffffff 00cf9300 DPL=0 DS   [-WA]
FS =0030 0000000000000000 ffffffff 00cf9300 DPL=0 DS   [-WA]
GS =0030 0000000000000000 ffffffff 00cf9300 DPL=0 DS   [-WA]
LDT=0000 0000000000000000 0000ffff 00008200 DPL=0 LDT
TR =0000 0000000000000000 0000ffff 00008b00 DPL=0 TSS64-busy
GDT=     000000003f5dc000 00000047
IDT=     000000003efa3018 00000fff
CR0=80010033 CR2=0000000000000000 CR3=000000003f801000 CR4=00000668
DR0=0000000000000000 DR1=0000000000000000 DR2=0000000000000000 DR3=0000000000000000 
DR6=00000000ffff0ff0 DR7=0000000000000400
CCS=0000000000000000 CCD=0000000000004cad CCO=EFLAGS
EFER=0000000000000d00
Servicing hardware INT=0x20
   244: v=20 e=0000 i=0 cpl=0 IP=0038:000000003e6d3862 pc=000000003e6d3862 SP=0030:000000003fe64ea0 env->regs[R_EAX]=00000000000000f5
RAX=00000000000000f5 RBX=0000000000000064 RCX=000000000000b008 RDX=0000000000c8ad5f
RSI=0000000000c8ae54 RDI=000000003e5b40d4 RBP=000000003fe64ed0 RSP=000000003fe64ea0
R8 =000000003fe64ebf R9 =000000000000c042 R10=0000000000000000 R11=0000000000000000
R12=000000000004bae0 R13=0000000000000011 R14=000000000000c040 R15=0000000000000000
RIP=000000003e6d3862 RFL=00000206 [-----P-] CPL=0 II=0 A20=1 SMM=0 HLT=0
ES =0030 0000000000000000 ffffffff 00cf9300 DPL=0 DS   [-WA]
CS =0038 0000000000000000 ffffffff 00af9a00 DPL=0 CS64 [-R-]
SS =0030 0000000000000000 ffffffff 00cf9300 DPL=0 DS   [-WA]
DS =0030 0000000000000000 ffffffff 00cf9300 DPL=0 DS   [-WA]
FS =0030 0000000000000000 ffffffff 00cf9300 DPL=0 DS   [-WA]
GS =0030 0000000000000000 ffffffff 00cf9300 DPL=0 DS   [-WA]
LDT=0000 0000000000000000 0000ffff 00008200 DPL=0 LDT
TR =0000 0000000000000000 0000ffff 00008b00 DPL=0 TSS64-busy
GDT=     000000003f5dc000 00000047
IDT=     000000003efa3018 00000fff
CR0=80010033 CR2=0000000000000000 CR3=000000003f801000 CR4=00000668
DR0=0000000000000000 DR1=0000000000000000 DR2=0000000000000000 DR3=0000000000000000 
DR6=00000000ffff0ff0 DR7=0000000000000400
CCS=0000000000000004 CCD=00000000000000f5 CCO=EFLAGS
EFER=0000000000000d00
Servicing hardware INT=0x20
   245: v=20 e=0000 i=0 cpl=0 IP=0038:000000003e6d3862 pc=000000003e6d3862 SP=0030:000000003fe64ee0 env->regs[R_EAX]=00000000000000f9
RAX=00000000000000f9 RBX=0000000000000064 RCX=000000000000b008 RDX=0000000000c9a7d9
RSI=0000000000c9a8d2 RDI=000000003e5b40d4 RBP=000000003fe64f10 RSP=000000003fe64ee0
R8 =000000003fe64eff R9 =000000000000c042 R10=0000000000000000 R11=0000000000000000
R12=000000000004baf1 R13=0000000000000011 R14=000000000000c040 R15=0000000000000000
RIP=000000003e6d3862 RFL=00000206 [-----P-] CPL=0 II=0 A20=1 SMM=0 HLT=0
ES =0030 0000000000000000 ffffffff 00cf9300 DPL=0 DS   [-WA]
CS =0038 0000000000000000 ffffffff 00af9a00 DPL=0 CS64 [-R-]
SS =0030 0000000000000000 ffffffff 00cf9300 DPL=0 DS   [-WA]
DS =0030 0000000000000000 ffffffff 00cf9300 DPL=0 DS   [-WA]
FS =0030 0000000000000000 ffffffff 00cf9300 DPL=0 DS   [-WA]
GS =0030 0000000000000000 ffffffff 00cf9300 DPL=0 DS   [-WA]
LDT=0000 0000000000000000 0000ffff 00008200 DPL=0 LDT
TR =0000 0000000000000000 0000ffff 00008b00 DPL=0 TSS64-busy
GDT=     000000003f5dc000 00000047
IDT=     000000003efa3018 00000fff
CR0=80010033 CR2=0000000000000000 CR3=000000003f801000 CR4=00000668
DR0=0000000000000000 DR1=0000000000000000 DR2=0000000000000000 DR3=0000000000000000 
DR6=00000000ffff0ff0 DR7=0000000000000400
CCS=0000000000000004 CCD=00000000000000f9 CCO=EFLAGS
EFER=0000000000000d00
Servicing hardware INT=0x20
   246: v=20 e=0000 i=0 cpl=0 IP=0038:000000003e6d3862 pc=000000003e6d3862 SP=0030:000000003fe64ee0 env->regs[R_EAX]=00000000000000f4
RAX=00000000000000f4 RBX=0000000000000064 RCX=000000000000b008 RDX=0000000000c9c4d8
RSI=0000000000c9c5cc RDI=000000003e5b40d4 RBP=000000003fe64f10 RSP=000000003fe64ee0
R8 =000000003fe64eff R9 =000000000000c042 R10=0000000000000000 R11=0000000000000000
R12=000000000004bae1 R13=0000000000000011 R14=000000000000c040 R15=0000000000000000
RIP=000000003e6d3862 RFL=00000202 [-------] CPL=0 II=0 A20=1 SMM=0 HLT=0
ES =0030 0000000000000000 ffffffff 00cf9300 DPL=0 DS   [-WA]
CS =0038 0000000000000000 ffffffff 00af9a00 DPL=0 CS64 [-R-]
SS =0030 0000000000000000 ffffffff 00cf9300 DPL=0 DS   [-WA]
DS =0030 0000000000000000 ffffffff 00cf9300 DPL=0 DS   [-WA]
FS =0030 0000000000000000 ffffffff 00cf9300 DPL=0 DS   [-WA]
GS =0030 0000000000000000 ffffffff 00cf9300 DPL=0 DS   [-WA]
LDT=0000 0000000000000000 0000ffff 00008200 DPL=0 LDT
TR =0000 0000000000000000 0000ffff 00008b00 DPL=0 TSS64-busy
GDT=     000000003f5dc000 00000047
IDT=     000000003efa3018 00000fff
CR0=80010033 CR2=0000000000000000 CR3=000000003f801000 CR4=00000668
DR0=0000000000000000 DR1=0000000000000000 DR2=0000000000000000 DR3=0000000000000000 
DR6=00000000ffff0ff0 DR7=0000000000000400
CCS=0000000000000000 CCD=00000000000000f4 CCO=EFLAGS
EFER=0000000000000d00
Servicing hardware INT=0x20
   247: v=20 e=0000 i=0 cpl=0 IP=0038:000000003e6d3862 pc=000000003e6d3862 SP=0030:000000003fe64ee0 env->regs[R_EAX]=00000000000000ef
RAX=00000000000000ef RBX=0000000000000064 RCX=000000000000b008 RDX=0000000000caa1dc
RSI=0000000000caa2cb RDI=000000003e5b40d4 RBP=000000003fe64f10 RSP=000000003fe64ee0
R8 =000000003fe64eff R9 =000000000000c042 R10=0000000000000000 R11=0000000000000000
R12=000000000004baf1 R13=0000000000000011 R14=000000000000c040 R15=0000000000000000
RIP=000000003e6d3862 RFL=00000202 [-------] CPL=0 II=0 A20=1 SMM=0 HLT=0
ES =0030 0000000000000000 ffffffff 00cf9300 DPL=0 DS   [-WA]
CS =0038 0000000000000000 ffffffff 00af9a00 DPL=0 CS64 [-R-]
SS =0030 0000000000000000 ffffffff 00cf9300 DPL=0 DS   [-WA]
DS =0030 0000000000000000 ffffffff 00cf9300 DPL=0 DS   [-WA]
FS =0030 0000000000000000 ffffffff 00cf9300 DPL=0 DS   [-WA]
GS =0030 0000000000000000 ffffffff 00cf9300 DPL=0 DS   [-WA]
LDT=0000 0000000000000000 0000ffff 00008200 DPL=0 LDT
TR =0000 0000000000000000 0000ffff 00008b00 DPL=0 TSS64-busy
GDT=     000000003f5dc000 00000047
IDT=     000000003efa3018 00000fff
CR0=80010033 CR2=0000000000000000 CR3=000000003f801000 CR4=00000668
DR0=0000000000000000 DR1=0000000000000000 DR2=0000000000000000 DR3=0000000000000000 
DR6=00000000ffff0ff0 DR7=0000000000000400
CCS=0000000000000000 CCD=00000000000000ef CCO=EFLAGS
EFER=0000000000000d00
Servicing hardware INT=0x20
   248: v=20 e=0000 i=0 cpl=0 IP=0038:000000003e6d3862 pc=000000003e6d3862 SP=0030:000000003fe64ee0 env->regs[R_EAX]=0000000000000154
RAX=0000000000000154 RBX=0000000000000064 RCX=000000000000b008 RDX=0000000000cadb3a
RSI=0000000000cadc8e RDI=000000003e5b40d4 RBP=000000003fe64f10 RSP=000000003fe64ee0
R8 =000000003fe64eff R9 =000000000000c042 R10=0000000000000000 R11=0000000000000000
R12=000000000004bad0 R13=0000000000000011 R14=000000000000c040 R15=0000000000000000
RIP=000000003e6d3862 RFL=00000202 [-------] CPL=0 II=0 A20=1 SMM=0 HLT=0
ES =0030 0000000000000000 ffffffff 00cf9300 DPL=0 DS   [-WA]
CS =0038 0000000000000000 ffffffff 00af9a00 DPL=0 CS64 [-R-]
SS =0030 0000000000000000 ffffffff 00cf9300 DPL=0 DS   [-WA]
DS =0030 0000000000000000 ffffffff 00cf9300 DPL=0 DS   [-WA]
FS =0030 0000000000000000 ffffffff 00cf9300 DPL=0 DS   [-WA]
GS =0030 0000000000000000 ffffffff 00cf9300 DPL=0 DS   [-WA]
LDT=0000 0000000000000000 0000ffff 00008200 DPL=0 LDT
TR =0000 0000000000000000 0000ffff 00008b00 DPL=0 TSS64-busy
GDT=     000000003f5dc000 00000047
IDT=     000000003efa3018 00000fff
CR0=80010033 CR2=0000000000000000 CR3=000000003f801000 CR4=00000668
DR0=0000000000000000 DR1=0000000000000000 DR2=0000000000000000 DR3=0000000000000000 
DR6=00000000ffff0ff0 DR7=0000000000000400
CCS=0000000000000000 CCD=0000000000000154 CCO=EFLAGS
EFER=0000000000000d00
Servicing hardware INT=0x20
   249: v=20 e=0000 i=0 cpl=0 IP=0038:000000003e6d3862 pc=000000003e6d3862 SP=0030:000000003fe64ee0 env->regs[R_EAX]=00000000000000ef
RAX=00000000000000ef RBX=0000000000000064 RCX=000000000000b008 RDX=0000000000cba4ca
RSI=0000000000cba5b9 RDI=000000003e5b40d4 RBP=000000003fe64f10 RSP=000000003fe64ee0
R8 =000000003fe64eff R9 =000000000000c042 R10=0000000000000000 R11=0000000000000000
R12=000000000004baf1 R13=0000000000000011 R14=000000000000c040 R15=0000000000000000
RIP=000000003e6d3862 RFL=00000202 [-------] CPL=0 II=0 A20=1 SMM=0 HLT=0
ES =0030 0000000000000000 ffffffff 00cf9300 DPL=0 DS   [-WA]
CS =0038 0000000000000000 ffffffff 00af9a00 DPL=0 CS64 [-R-]
SS =0030 0000000000000000 ffffffff 00cf9300 DPL=0 DS   [-WA]
DS =0030 0000000000000000 ffffffff 00cf9300 DPL=0 DS   [-WA]
FS =0030 0000000000000000 ffffffff 00cf9300 DPL=0 DS   [-WA]
GS =0030 0000000000000000 ffffffff 00cf9300 DPL=0 DS   [-WA]
LDT=0000 0000000000000000 0000ffff 00008200 DPL=0 LDT
TR =0000 0000000000000000 0000ffff 00008b00 DPL=0 TSS64-busy
GDT=     000000003f5dc000 00000047
IDT=     000000003efa3018 00000fff
CR0=80010033 CR2=0000000000000000 CR3=000000003f801000 CR4=00000668
DR0=0000000000000000 DR1=0000000000000000 DR2=0000000000000000 DR3=0000000000000000 
DR6=00000000ffff0ff0 DR7=0000000000000400
CCS=0000000000000000 CCD=00000000000000ef CCO=EFLAGS
EFER=0000000000000d00
Servicing hardware INT=0x20
   250: v=20 e=0000 i=0 cpl=0 IP=0038:000000003e6d3862 pc=000000003e6d3862 SP=0030:000000003fe64ee0 env->regs[R_EAX]=000000000000015e
RAX=000000000000015e RBX=0000000000000064 RCX=000000000000b008 RDX=0000000000cbf468
RSI=0000000000cbf5c6 RDI=000000003e5b40d4 RBP=000000003fe64f10 RSP=000000003fe64ee0
R8 =000000003fe64eff R9 =000000000000c042 R10=0000000000000000 R11=0000000000000000
R12=000000000004bac1 R13=0000000000000011 R14=000000000000c040 R15=0000000000000000
RIP=000000003e6d3862 RFL=00000202 [-------] CPL=0 II=0 A20=1 SMM=0 HLT=0
ES =0030 0000000000000000 ffffffff 00cf9300 DPL=0 DS   [-WA]
CS =0038 0000000000000000 ffffffff 00af9a00 DPL=0 CS64 [-R-]
SS =0030 0000000000000000 ffffffff 00cf9300 DPL=0 DS   [-WA]
DS =0030 0000000000000000 ffffffff 00cf9300 DPL=0 DS   [-WA]
FS =0030 0000000000000000 ffffffff 00cf9300 DPL=0 DS   [-WA]
GS =0030 0000000000000000 ffffffff 00cf9300 DPL=0 DS   [-WA]
LDT=0000 0000000000000000 0000ffff 00008200 DPL=0 LDT
TR =0000 0000000000000000 0000ffff 00008b00 DPL=0 TSS64-busy
GDT=     000000003f5dc000 00000047
IDT=     000000003efa3018 00000fff
CR0=80010033 CR2=0000000000000000 CR3=000000003f801000 CR4=00000668
DR0=0000000000000000 DR1=0000000000000000 DR2=0000000000000000 DR3=0000000000000000 
DR6=00000000ffff0ff0 DR7=0000000000000400
CCS=0000000000000000 CCD=000000000000015e CCO=EFLAGS
EFER=0000000000000d00
Servicing hardware INT=0x20
   251: v=20 e=0000 i=0 cpl=0 IP=0038:000000003e6d3862 pc=000000003e6d3862 SP=0030:000000003fe64ee0 env->regs[R_EAX]=0000000000002b25
RAX=0000000000002b25 RBX=0000000000002710 RCX=000000000000b008 RDX=0000000000cc8763
RSI=0000000000ccb288 RDI=000000003e5b40d4 RBP=000000003fe64f10 RSP=000000003fe64ee0
R8 =000000003fe64f30 R9 =00000000000003f6 R10=0000000000000000 R11=0000000000000000
R12=000000000000c042 R13=0000000000000011 R14=000000000000c040 R15=0000000000000000
RIP=000000003e6d3862 RFL=00000202 [-------] CPL=0 II=0 A20=1 SMM=0 HLT=0
ES =0030 0000000000000000 ffffffff 00cf9300 DPL=0 DS   [-WA]
CS =0038 0000000000000000 ffffffff 00af9a00 DPL=0 CS64 [-R-]
SS =0030 0000000000000000 ffffffff 00cf9300 DPL=0 DS   [-WA]
DS =0030 0000000000000000 ffffffff 00cf9300 DPL=0 DS   [-WA]
FS =0030 0000000000000000 ffffffff 00cf9300 DPL=0 DS   [-WA]
GS =0030 0000000000000000 ffffffff 00cf9300 DPL=0 DS   [-WA]
LDT=0000 0000000000000000 0000ffff 00008200 DPL=0 LDT
TR =0000 0000000000000000 0000ffff 00008b00 DPL=0 TSS64-busy
GDT=     000000003f5dc000 00000047
IDT=     000000003efa3018 00000fff
CR0=80010033 CR2=0000000000000000 CR3=000000003f801000 CR4=00000668
DR0=0000000000000000 DR1=0000000000000000 DR2=0000000000000000 DR3=0000000000000000 
DR6=00000000ffff0ff0 DR7=0000000000000400
CCS=0000000000000000 CCD=0000000000002b25 CCO=EFLAGS
EFER=0000000000000d00
Servicing hardware INT=0x20
   252: v=20 e=0000 i=0 cpl=0 IP=0038:000000003e6d3862 pc=000000003e6d3862 SP=0030:000000003fe64ee0 env->regs[R_EAX]=000000000000007d
RAX=000000000000007d RBX=0000000000000064 RCX=000000000000b008 RDX=0000000000cd0bf9
RSI=0000000000cd0c76 RDI=000000003e5b40d4 RBP=000000003fe64f10 RSP=000000003fe64ee0
R8 =000000003fe64eff R9 =000000000000c042 R10=0000000000000000 R11=0000000000000000
R12=000000000004bac2 R13=0000000000000011 R14=000000000000c040 R15=0000000000000000
RIP=000000003e6d3862 RFL=00000206 [-----P-] CPL=0 II=0 A20=1 SMM=0 HLT=0
ES =0030 0000000000000000 ffffffff 00cf9300 DPL=0 DS   [-WA]
CS =0038 0000000000000000 ffffffff 00af9a00 DPL=0 CS64 [-R-]
SS =0030 0000000000000000 ffffffff 00cf9300 DPL=0 DS   [-WA]
DS =0030 0000000000000000 ffffffff 00cf9300 DPL=0 DS   [-WA]
FS =0030 0000000000000000 ffffffff 00cf9300 DPL=0 DS   [-WA]
GS =0030 0000000000000000 ffffffff 00cf9300 DPL=0 DS   [-WA]
LDT=0000 0000000000000000 0000ffff 00008200 DPL=0 LDT
TR =0000 0000000000000000 0000ffff 00008b00 DPL=0 TSS64-busy
GDT=     000000003f5dc000 00000047
IDT=     000000003efa3018 00000fff
CR0=80010033 CR2=0000000000000000 CR3=000000003f801000 CR4=00000668
DR0=0000000000000000 DR1=0000000000000000 DR2=0000000000000000 DR3=0000000000000000 
DR6=00000000ffff0ff0 DR7=0000000000000400
CCS=0000000000000004 CCD=000000000000007d CCO=EFLAGS
EFER=0000000000000d00
Servicing hardware INT=0x20
   253: v=20 e=0000 i=0 cpl=0 IP=0038:000000003e6d3862 pc=000000003e6d3862 SP=0030:000000003fe65050 env->regs[R_EAX]=00000000000000e5
RAX=00000000000000e5 RBX=0000000000000064 RCX=000000000000b008 RDX=0000000000ce1a84
RSI=0000000000ce1b69 RDI=000000003e5b40d4 RBP=000000003fe65080 RSP=000000003fe65050
R8 =000000003fe6506f R9 =000000000000c042 R10=0000000000000000 R11=0000000000000000
R12=000000000004baf1 R13=0000000000000011 R14=000000000000c040 R15=0000000000000000
RIP=000000003e6d3862 RFL=00000202 [-------] CPL=0 II=0 A20=1 SMM=0 HLT=0
ES =0030 0000000000000000 ffffffff 00cf9300 DPL=0 DS   [-WA]
CS =0038 0000000000000000 ffffffff 00af9a00 DPL=0 CS64 [-R-]
SS =0030 0000000000000000 ffffffff 00cf9300 DPL=0 DS   [-WA]
DS =0030 0000000000000000 ffffffff 00cf9300 DPL=0 DS   [-WA]
FS =0030 0000000000000000 ffffffff 00cf9300 DPL=0 DS   [-WA]
GS =0030 0000000000000000 ffffffff 00cf9300 DPL=0 DS   [-WA]
LDT=0000 0000000000000000 0000ffff 00008200 DPL=0 LDT
TR =0000 0000000000000000 0000ffff 00008b00 DPL=0 TSS64-busy
GDT=     000000003f5dc000 00000047
IDT=     000000003efa3018 00000fff
CR0=80010033 CR2=0000000000000000 CR3=000000003f801000 CR4=00000668
DR0=0000000000000000 DR1=0000000000000000 DR2=0000000000000000 DR3=0000000000000000 
DR6=00000000ffff0ff0 DR7=0000000000000400
CCS=0000000000000000 CCD=00000000000000e5 CCO=EFLAGS
EFER=0000000000000d00
Servicing hardware INT=0x20
   254: v=20 e=0000 i=0 cpl=0 IP=0038:000000003e6d3862 pc=000000003e6d3862 SP=0030:000000003fe65050 env->regs[R_EAX]=00000000000000f0
RAX=00000000000000f0 RBX=0000000000000064 RCX=000000000000b008 RDX=0000000000ce2355
RSI=0000000000ce2445 RDI=000000003e5b40d4 RBP=000000003fe65080 RSP=000000003fe65050
R8 =000000003fe6506f R9 =000000000000c042 R10=0000000000000000 R11=0000000000000000
R12=000000000004baed R13=0000000000000011 R14=000000000000c040 R15=0000000000000000
RIP=000000003e6d3862 RFL=00000206 [-----P-] CPL=0 II=0 A20=1 SMM=0 HLT=0
ES =0030 0000000000000000 ffffffff 00cf9300 DPL=0 DS   [-WA]
CS =0038 0000000000000000 ffffffff 00af9a00 DPL=0 CS64 [-R-]
SS =0030 0000000000000000 ffffffff 00cf9300 DPL=0 DS   [-WA]
DS =0030 0000000000000000 ffffffff 00cf9300 DPL=0 DS   [-WA]
FS =0030 0000000000000000 ffffffff 00cf9300 DPL=0 DS   [-WA]
GS =0030 0000000000000000 ffffffff 00cf9300 DPL=0 DS   [-WA]
LDT=0000 0000000000000000 0000ffff 00008200 DPL=0 LDT
TR =0000 0000000000000000 0000ffff 00008b00 DPL=0 TSS64-busy
GDT=     000000003f5dc000 00000047
IDT=     000000003efa3018 00000fff
CR0=80010033 CR2=0000000000000000 CR3=000000003f801000 CR4=00000668
DR0=0000000000000000 DR1=0000000000000000 DR2=0000000000000000 DR3=0000000000000000 
DR6=00000000ffff0ff0 DR7=0000000000000400
CCS=0000000000000004 CCD=00000000000000f0 CCO=EFLAGS
EFER=0000000000000d00
Servicing hardware INT=0x20
   255: v=20 e=0000 i=0 cpl=0 IP=0038:000000003e6d3862 pc=000000003e6d3862 SP=0030:000000003fe65050 env->regs[R_EAX]=000000000000005f
RAX=000000000000005f RBX=0000000000000064 RCX=000000000000b008 RDX=0000000000cf1116
RSI=0000000000cf1175 RDI=000000003e5b40d4 RBP=000000003fe65080 RSP=000000003fe65050
R8 =000000003fe6506f R9 =000000000000c042 R10=0000000000000000 R11=0000000000000000
R12=000000000004baf1 R13=0000000000000011 R14=000000000000c040 R15=0000000000000000
RIP=000000003e6d3862 RFL=00000206 [-----P-] CPL=0 II=0 A20=1 SMM=0 HLT=0
ES =0030 0000000000000000 ffffffff 00cf9300 DPL=0 DS   [-WA]
CS =0038 0000000000000000 ffffffff 00af9a00 DPL=0 CS64 [-R-]
SS =0030 0000000000000000 ffffffff 00cf9300 DPL=0 DS   [-WA]
DS =0030 0000000000000000 ffffffff 00cf9300 DPL=0 DS   [-WA]
FS =0030 0000000000000000 ffffffff 00cf9300 DPL=0 DS   [-WA]
GS =0030 0000000000000000 ffffffff 00cf9300 DPL=0 DS   [-WA]
LDT=0000 0000000000000000 0000ffff 00008200 DPL=0 LDT
TR =0000 0000000000000000 0000ffff 00008b00 DPL=0 TSS64-busy
GDT=     000000003f5dc000 00000047
IDT=     000000003efa3018 00000fff
CR0=80010033 CR2=0000000000000000 CR3=000000003f801000 CR4=00000668
DR0=0000000000000000 DR1=0000000000000000 DR2=0000000000000000 DR3=0000000000000000 
DR6=00000000ffff0ff0 DR7=0000000000000400
CCS=0000000000000004 CCD=000000000000005f CCO=EFLAGS
EFER=0000000000000d00
Servicing hardware INT=0x20
   256: v=20 e=0000 i=0 cpl=0 IP=0038:000000003e6d3862 pc=000000003e6d3862 SP=0030:000000003fe65050 env->regs[R_EAX]=000000000000006b
RAX=000000000000006b RBX=0000000000000064 RCX=000000000000b008 RDX=0000000000cf3b63
RSI=0000000000cf3bce RDI=000000003e5b40d4 RBP=000000003fe65080 RSP=000000003fe65050
R8 =000000003fe6506f R9 =000000000000c042 R10=0000000000000000 R11=0000000000000000
R12=000000000004bada R13=0000000000000011 R14=000000000000c040 R15=0000000000000000
RIP=000000003e6d3862 RFL=00000202 [-------] CPL=0 II=0 A20=1 SMM=0 HLT=0
ES =0030 0000000000000000 ffffffff 00cf9300 DPL=0 DS   [-WA]
CS =0038 0000000000000000 ffffffff 00af9a00 DPL=0 CS64 [-R-]
SS =0030 0000000000000000 ffffffff 00cf9300 DPL=0 DS   [-WA]
DS =0030 0000000000000000 ffffffff 00cf9300 DPL=0 DS   [-WA]
FS =0030 0000000000000000 ffffffff 00cf9300 DPL=0 DS   [-WA]
GS =0030 0000000000000000 ffffffff 00cf9300 DPL=0 DS   [-WA]
LDT=0000 0000000000000000 0000ffff 00008200 DPL=0 LDT
TR =0000 0000000000000000 0000ffff 00008b00 DPL=0 TSS64-busy
GDT=     000000003f5dc000 00000047
IDT=     000000003efa3018 00000fff
CR0=80010033 CR2=0000000000000000 CR3=000000003f801000 CR4=00000668
DR0=0000000000000000 DR1=0000000000000000 DR2=0000000000000000 DR3=0000000000000000 
DR6=00000000ffff0ff0 DR7=0000000000000400
CCS=0000000000000000 CCD=000000000000006b CCO=EFLAGS
EFER=0000000000000d00
Servicing hardware INT=0x20
   257: v=20 e=0000 i=0 cpl=0 IP=0038:000000003eb57266 pc=000000003eb57266 SP=0030:000000003fe64d08 env->regs[R_EAX]=000000003eb6ca80
RAX=000000003eb6ca80 RBX=0000000000000010 RCX=000000003eb6ca80 RDX=abd7f02e4201db00
RSI=000000003de4c000 RDI=0000000000000001 RBP=000000003fe64d40 RSP=000000003fe64d08
R8 =000000003de4c000 R9 =000000003de5cfff R10=000000003dfe2018 R11=0000000000000000
R12=000000000000001f R13=0000000000000004 R14=000000000002600f R15=000000003de5cfff
RIP=000000003eb57266 RFL=00000202 [-------] CPL=0 II=0 A20=1 SMM=0 HLT=0
ES =0030 0000000000000000 ffffffff 00cf9300 DPL=0 DS   [-WA]
CS =0038 0000000000000000 ffffffff 00af9a00 DPL=0 CS64 [-R-]
SS =0030 0000000000000000 ffffffff 00cf9300 DPL=0 DS   [-WA]
DS =0030 0000000000000000 ffffffff 00cf9300 DPL=0 DS   [-WA]
FS =0030 0000000000000000 ffffffff 00cf9300 DPL=0 DS   [-WA]
GS =0030 0000000000000000 ffffffff 00cf9300 DPL=0 DS   [-WA]
LDT=0000 0000000000000000 0000ffff 00008200 DPL=0 LDT
TR =0000 0000000000000000 0000ffff 00008b00 DPL=0 TSS64-busy
GDT=     000000003f5dc000 00000047
IDT=     000000003efa3018 00000fff
CR0=80010033 CR2=0000000000000000 CR3=000000003f801000 CR4=00000668
DR0=0000000000000000 DR1=0000000000000000 DR2=0000000000000000 DR3=0000000000000000 
DR6=00000000ffff0ff0 DR7=0000000000000400
CCS=0000000000000020 CCD=000000003fe64d10 CCO=SUBQ
EFER=0000000000000d00
Servicing hardware INT=0x20
   258: v=20 e=0000 i=0 cpl=0 IP=0038:000000003e6d3862 pc=000000003e6d3862 SP=0030:000000003fe65050 env->regs[R_EAX]=0000000000000038
RAX=0000000000000038 RBX=0000000000000064 RCX=000000000000b008 RDX=0000000000d052f8
RSI=0000000000d05330 RDI=000000003e5b40d4 RBP=000000003fe65080 RSP=000000003fe65050
R8 =000000003fe6506f R9 =000000000000c042 R10=0000000000000000 R11=0000000000000000
R12=000000000004bac5 R13=0000000000000011 R14=000000000000c040 R15=0000000000000000
RIP=000000003e6d3862 RFL=00000202 [-------] CPL=0 II=0 A20=1 SMM=0 HLT=0
ES =0030 0000000000000000 ffffffff 00cf9300 DPL=0 DS   [-WA]
CS =0038 0000000000000000 ffffffff 00af9a00 DPL=0 CS64 [-R-]
SS =0030 0000000000000000 ffffffff 00cf9300 DPL=0 DS   [-WA]
DS =0030 0000000000000000 ffffffff 00cf9300 DPL=0 DS   [-WA]
FS =0030 0000000000000000 ffffffff 00cf9300 DPL=0 DS   [-WA]
GS =0030 0000000000000000 ffffffff 00cf9300 DPL=0 DS   [-WA]
LDT=0000 0000000000000000 0000ffff 00008200 DPL=0 LDT
TR =0000 0000000000000000 0000ffff 00008b00 DPL=0 TSS64-busy
GDT=     000000003f5dc000 00000047
IDT=     000000003efa3018 00000fff
CR0=80010033 CR2=0000000000000000 CR3=000000003f801000 CR4=00000668
DR0=0000000000000000 DR1=0000000000000000 DR2=0000000000000000 DR3=0000000000000000 
DR6=00000000ffff0ff0 DR7=0000000000000400
CCS=0000000000000000 CCD=0000000000000038 CCO=EFLAGS
EFER=0000000000000d00
Servicing hardware INT=0x20
   259: v=20 e=0000 i=0 cpl=0 IP=0038:000000003e6d3862 pc=000000003e6d3862 SP=0030:000000003fe65090 env->regs[R_EAX]=0000000000000069
RAX=0000000000000069 RBX=0000000000000064 RCX=000000000000b008 RDX=0000000000d11f4b
RSI=0000000000d11fb4 RDI=000000003e5b40d4 RBP=000000003fe650c0 RSP=000000003fe65090
R8 =000000003fe650af R9 =000000000000c042 R10=0000000000000000 R11=0000000000000000
R12=000000000004baf1 R13=0000000000000011 R14=000000000000c040 R15=0000000000000000
RIP=000000003e6d3862 RFL=00000206 [-----P-] CPL=0 II=0 A20=1 SMM=0 HLT=0
ES =0030 0000000000000000 ffffffff 00cf9300 DPL=0 DS   [-WA]
CS =0038 0000000000000000 ffffffff 00af9a00 DPL=0 CS64 [-R-]
SS =0030 0000000000000000 ffffffff 00cf9300 DPL=0 DS   [-WA]
DS =0030 0000000000000000 ffffffff 00cf9300 DPL=0 DS   [-WA]
FS =0030 0000000000000000 ffffffff 00cf9300 DPL=0 DS   [-WA]
GS =0030 0000000000000000 ffffffff 00cf9300 DPL=0 DS   [-WA]
LDT=0000 0000000000000000 0000ffff 00008200 DPL=0 LDT
TR =0000 0000000000000000 0000ffff 00008b00 DPL=0 TSS64-busy
GDT=     000000003f5dc000 00000047
IDT=     000000003efa3018 00000fff
CR0=80010033 CR2=0000000000000000 CR3=000000003f801000 CR4=00000668
DR0=0000000000000000 DR1=0000000000000000 DR2=0000000000000000 DR3=0000000000000000 
DR6=00000000ffff0ff0 DR7=0000000000000400
CCS=0000000000000004 CCD=0000000000000069 CCO=EFLAGS
EFER=0000000000000d00
Servicing hardware INT=0x20
   260: v=20 e=0000 i=0 cpl=0 IP=0038:000000003e6d3862 pc=000000003e6d3862 SP=0030:000000003fe65090 env->regs[R_EAX]=00000000000000e5
RAX=00000000000000e5 RBX=0000000000000064 RCX=000000000000b008 RDX=0000000000d16a89
RSI=0000000000d16b6e RDI=000000003e5b40d4 RBP=000000003fe650c0 RSP=000000003fe65090
R8 =000000003fe650af R9 =000000000000c042 R10=0000000000000000 R11=0000000000000000
R12=000000000004baca R13=0000000000000011 R14=000000000000c040 R15=0000000000000000
RIP=000000003e6d3862 RFL=00000202 [-------] CPL=0 II=0 A20=1 SMM=0 HLT=0
ES =0030 0000000000000000 ffffffff 00cf9300 DPL=0 DS   [-WA]
CS =0038 0000000000000000 ffffffff 00af9a00 DPL=0 CS64 [-R-]
SS =0030 0000000000000000 ffffffff 00cf9300 DPL=0 DS   [-WA]
DS =0030 0000000000000000 ffffffff 00cf9300 DPL=0 DS   [-WA]
FS =0030 0000000000000000 ffffffff 00cf9300 DPL=0 DS   [-WA]
GS =0030 0000000000000000 ffffffff 00cf9300 DPL=0 DS   [-WA]
LDT=0000 0000000000000000 0000ffff 00008200 DPL=0 LDT
TR =0000 0000000000000000 0000ffff 00008b00 DPL=0 TSS64-busy
GDT=     000000003f5dc000 00000047
IDT=     000000003efa3018 00000fff
CR0=80010033 CR2=0000000000000000 CR3=000000003f801000 CR4=00000668
DR0=0000000000000000 DR1=0000000000000000 DR2=0000000000000000 DR3=0000000000000000 
DR6=00000000ffff0ff0 DR7=0000000000000400
CCS=0000000000000000 CCD=00000000000000e5 CCO=EFLAGS
EFER=0000000000000d00
Servicing hardware INT=0x20
   261: v=20 e=0000 i=0 cpl=0 IP=0038:000000003e6d3862 pc=000000003e6d3862 SP=0030:000000003fe65090 env->regs[R_EAX]=00000000000000e5
RAX=00000000000000e5 RBX=0000000000000064 RCX=000000000000b008 RDX=0000000000d21732
RSI=0000000000d21817 RDI=000000003e5b40d4 RBP=000000003fe650c0 RSP=000000003fe65090
R8 =000000003fe650af R9 =000000000000c042 R10=0000000000000000 R11=0000000000000000
R12=000000000004baf1 R13=0000000000000011 R14=000000000000c040 R15=0000000000000000
RIP=000000003e6d3862 RFL=00000202 [-------] CPL=0 II=0 A20=1 SMM=0 HLT=0
ES =0030 0000000000000000 ffffffff 00cf9300 DPL=0 DS   [-WA]
CS =0038 0000000000000000 ffffffff 00af9a00 DPL=0 CS64 [-R-]
SS =0030 0000000000000000 ffffffff 00cf9300 DPL=0 DS   [-WA]
DS =0030 0000000000000000 ffffffff 00cf9300 DPL=0 DS   [-WA]
FS =0030 0000000000000000 ffffffff 00cf9300 DPL=0 DS   [-WA]
GS =0030 0000000000000000 ffffffff 00cf9300 DPL=0 DS   [-WA]
LDT=0000 0000000000000000 0000ffff 00008200 DPL=0 LDT
TR =0000 0000000000000000 0000ffff 00008b00 DPL=0 TSS64-busy
GDT=     000000003f5dc000 00000047
IDT=     000000003efa3018 00000fff
CR0=80010033 CR2=0000000000000000 CR3=000000003f801000 CR4=00000668
DR0=0000000000000000 DR1=0000000000000000 DR2=0000000000000000 DR3=0000000000000000 
DR6=00000000ffff0ff0 DR7=0000000000000400
CCS=0000000000000000 CCD=00000000000000e5 CCO=EFLAGS
EFER=0000000000000d00
Servicing hardware INT=0x20
   262: v=20 e=0000 i=0 cpl=0 IP=0038:000000003e6d3862 pc=000000003e6d3862 SP=0030:000000003fe65090 env->regs[R_EAX]=0000000000000105
RAX=0000000000000105 RBX=0000000000000064 RCX=000000000000b008 RDX=0000000000d316d1
RSI=0000000000d317d6 RDI=000000003e5b40d4 RBP=000000003fe650c0 RSP=000000003fe65090
R8 =000000003fe650af R9 =000000000000c042 R10=0000000000000000 R11=0000000000000000
R12=000000000004baf1 R13=0000000000000011 R14=000000000000c040 R15=0000000000000000
RIP=000000003e6d3862 RFL=00000206 [-----P-] CPL=0 II=0 A20=1 SMM=0 HLT=0
ES =0030 0000000000000000 ffffffff 00cf9300 DPL=0 DS   [-WA]
CS =0038 0000000000000000 ffffffff 00af9a00 DPL=0 CS64 [-R-]
SS =0030 0000000000000000 ffffffff 00cf9300 DPL=0 DS   [-WA]
DS =0030 0000000000000000 ffffffff 00cf9300 DPL=0 DS   [-WA]
FS =0030 0000000000000000 ffffffff 00cf9300 DPL=0 DS   [-WA]
GS =0030 0000000000000000 ffffffff 00cf9300 DPL=0 DS   [-WA]
LDT=0000 0000000000000000 0000ffff 00008200 DPL=0 LDT
TR =0000 0000000000000000 0000ffff 00008b00 DPL=0 TSS64-busy
GDT=     000000003f5dc000 00000047
IDT=     000000003efa3018 00000fff
CR0=80010033 CR2=0000000000000000 CR3=000000003f801000 CR4=00000668
DR0=0000000000000000 DR1=0000000000000000 DR2=0000000000000000 DR3=0000000000000000 
DR6=00000000ffff0ff0 DR7=0000000000000400
CCS=0000000000000004 CCD=0000000000000105 CCO=EFLAGS
EFER=0000000000000d00
Servicing hardware INT=0x20
   263: v=20 e=0000 i=0 cpl=0 IP=0038:000000003e6d3862 pc=000000003e6d3862 SP=0030:000000003fe65090 env->regs[R_EAX]=00000000000000f6
RAX=00000000000000f6 RBX=0000000000000064 RCX=000000000000b008 RDX=0000000000d4299d
RSI=0000000000d42a93 RDI=000000003e5b40d4 RBP=000000003fe650c0 RSP=000000003fe65090
R8 =000000003fe650af R9 =000000000000c042 R10=0000000000000000 R11=0000000000000000
R12=000000000004baf1 R13=0000000000000011 R14=000000000000c040 R15=0000000000000000
RIP=000000003e6d3862 RFL=00000206 [-----P-] CPL=0 II=0 A20=1 SMM=0 HLT=0
ES =0030 0000000000000000 ffffffff 00cf9300 DPL=0 DS   [-WA]
CS =0038 0000000000000000 ffffffff 00af9a00 DPL=0 CS64 [-R-]
SS =0030 0000000000000000 ffffffff 00cf9300 DPL=0 DS   [-WA]
DS =0030 0000000000000000 ffffffff 00cf9300 DPL=0 DS   [-WA]
FS =0030 0000000000000000 ffffffff 00cf9300 DPL=0 DS   [-WA]
GS =0030 0000000000000000 ffffffff 00cf9300 DPL=0 DS   [-WA]
LDT=0000 0000000000000000 0000ffff 00008200 DPL=0 LDT
TR =0000 0000000000000000 0000ffff 00008b00 DPL=0 TSS64-busy
GDT=     000000003f5dc000 00000047
IDT=     000000003efa3018 00000fff
CR0=80010033 CR2=0000000000000000 CR3=000000003f801000 CR4=00000668
DR0=0000000000000000 DR1=0000000000000000 DR2=0000000000000000 DR3=0000000000000000 
DR6=00000000ffff0ff0 DR7=0000000000000400
CCS=0000000000000004 CCD=00000000000000f6 CCO=EFLAGS
EFER=0000000000000d00
Servicing hardware INT=0x20
   264: v=20 e=0000 i=0 cpl=0 IP=0038:000000003e6d3862 pc=000000003e6d3862 SP=0030:000000003fe65090 env->regs[R_EAX]=000000000000244c
RAX=000000000000244c RBX=0000000000002710 RCX=000000000000b008 RDX=0000000000d51582
RSI=0000000000d539ce RDI=000000003e5b40d4 RBP=000000003fe650c0 RSP=000000003fe65090
R8 =000000003fe650e0 R9 =00000000000003f6 R10=0000000000000000 R11=0000000000000000
R12=000000000000c042 R13=0000000000000011 R14=000000000000c040 R15=0000000000000000
RIP=000000003e6d3862 RFL=00000202 [-------] CPL=0 II=0 A20=1 SMM=0 HLT=0
ES =0030 0000000000000000 ffffffff 00cf9300 DPL=0 DS   [-WA]
CS =0038 0000000000000000 ffffffff 00af9a00 DPL=0 CS64 [-R-]
SS =0030 0000000000000000 ffffffff 00cf9300 DPL=0 DS   [-WA]
DS =0030 0000000000000000 ffffffff 00cf9300 DPL=0 DS   [-WA]
FS =0030 0000000000000000 ffffffff 00cf9300 DPL=0 DS   [-WA]
GS =0030 0000000000000000 ffffffff 00cf9300 DPL=0 DS   [-WA]
LDT=0000 0000000000000000 0000ffff 00008200 DPL=0 LDT
TR =0000 0000000000000000 0000ffff 00008b00 DPL=0 TSS64-busy
GDT=     000000003f5dc000 00000047
IDT=     000000003efa3018 00000fff
CR0=80010033 CR2=0000000000000000 CR3=000000003f801000 CR4=00000668
DR0=0000000000000000 DR1=0000000000000000 DR2=0000000000000000 DR3=0000000000000000 
DR6=00000000ffff0ff0 DR7=0000000000000400
CCS=0000000000000000 CCD=000000000000244c CCO=EFLAGS
EFER=0000000000000d00
Servicing hardware INT=0x20
   265: v=20 e=0000 i=0 cpl=0 IP=0038:000000003e6d3862 pc=000000003e6d3862 SP=0030:000000003fe65050 env->regs[R_EAX]=00000000000000e4
RAX=00000000000000e4 RBX=0000000000000064 RCX=000000000000b008 RDX=0000000000d55fb7
RSI=0000000000d5609b RDI=000000003e5b40d4 RBP=000000003fe65080 RSP=000000003fe65050
R8 =000000003fe6506f R9 =000000000000c042 R10=0000000000000000 R11=0000000000000000
R12=000000000004baf1 R13=0000000000000011 R14=000000000000c040 R15=0000000000000000
RIP=000000003e6d3862 RFL=00000206 [-----P-] CPL=0 II=0 A20=1 SMM=0 HLT=0
ES =0030 0000000000000000 ffffffff 00cf9300 DPL=0 DS   [-WA]
CS =0038 0000000000000000 ffffffff 00af9a00 DPL=0 CS64 [-R-]
SS =0030 0000000000000000 ffffffff 00cf9300 DPL=0 DS   [-WA]
DS =0030 0000000000000000 ffffffff 00cf9300 DPL=0 DS   [-WA]
FS =0030 0000000000000000 ffffffff 00cf9300 DPL=0 DS   [-WA]
GS =0030 0000000000000000 ffffffff 00cf9300 DPL=0 DS   [-WA]
LDT=0000 0000000000000000 0000ffff 00008200 DPL=0 LDT
TR =0000 0000000000000000 0000ffff 00008b00 DPL=0 TSS64-busy
GDT=     000000003f5dc000 00000047
IDT=     000000003efa3018 00000fff
CR0=80010033 CR2=0000000000000000 CR3=000000003f801000 CR4=00000668
DR0=0000000000000000 DR1=0000000000000000 DR2=0000000000000000 DR3=0000000000000000 
DR6=00000000ffff0ff0 DR7=0000000000000400
CCS=0000000000000004 CCD=00000000000000e4 CCO=EFLAGS
EFER=0000000000000d00
Servicing hardware INT=0x20
   266: v=20 e=0000 i=0 cpl=0 IP=0038:000000003e6d3862 pc=000000003e6d3862 SP=0030:000000003fe65050 env->regs[R_EAX]=0000000000004f60
RAX=0000000000004f60 RBX=0000000000002710 RCX=000000000000b008 RDX=0000000000d5f569
RSI=0000000000d644c9 RDI=000000003e5b40d4 RBP=000000003fe65080 RSP=000000003fe65050
R8 =000000003fe650a0 R9 =00000000000003f6 R10=0000000000000000 R11=0000000000000000
R12=000000000000c042 R13=0000000000000011 R14=000000000000c040 R15=0000000000000000
RIP=000000003e6d3862 RFL=00000206 [-----P-] CPL=0 II=0 A20=1 SMM=0 HLT=0
ES =0030 0000000000000000 ffffffff 00cf9300 DPL=0 DS   [-WA]
CS =0038 0000000000000000 ffffffff 00af9a00 DPL=0 CS64 [-R-]
SS =0030 0000000000000000 ffffffff 00cf9300 DPL=0 DS   [-WA]
DS =0030 0000000000000000 ffffffff 00cf9300 DPL=0 DS   [-WA]
FS =0030 0000000000000000 ffffffff 00cf9300 DPL=0 DS   [-WA]
GS =0030 0000000000000000 ffffffff 00cf9300 DPL=0 DS   [-WA]
LDT=0000 0000000000000000 0000ffff 00008200 DPL=0 LDT
TR =0000 0000000000000000 0000ffff 00008b00 DPL=0 TSS64-busy
GDT=     000000003f5dc000 00000047
IDT=     000000003efa3018 00000fff
CR0=80010033 CR2=0000000000000000 CR3=000000003f801000 CR4=00000668
DR0=0000000000000000 DR1=0000000000000000 DR2=0000000000000000 DR3=0000000000000000 
DR6=00000000ffff0ff0 DR7=0000000000000400
CCS=0000000000000004 CCD=0000000000004f60 CCO=EFLAGS
EFER=0000000000000d00
Servicing hardware INT=0x20
   267: v=20 e=0000 i=0 cpl=0 IP=0038:000000003e6d3862 pc=000000003e6d3862 SP=0030:000000003fe65050 env->regs[R_EAX]=00000000000000da
RAX=00000000000000da RBX=0000000000000064 RCX=000000000000b008 RDX=0000000000d65508
RSI=0000000000d655e2 RDI=000000003e5b40d4 RBP=000000003fe65080 RSP=000000003fe65050
R8 =000000003fe6506f R9 =000000000000c042 R10=0000000000000000 R11=0000000000000000
R12=000000000004baef R13=0000000000000011 R14=000000000000c040 R15=0000000000000000
RIP=000000003e6d3862 RFL=00000202 [-------] CPL=0 II=0 A20=1 SMM=0 HLT=0
ES =0030 0000000000000000 ffffffff 00cf9300 DPL=0 DS   [-WA]
CS =0038 0000000000000000 ffffffff 00af9a00 DPL=0 CS64 [-R-]
SS =0030 0000000000000000 ffffffff 00cf9300 DPL=0 DS   [-WA]
DS =0030 0000000000000000 ffffffff 00cf9300 DPL=0 DS   [-WA]
FS =0030 0000000000000000 ffffffff 00cf9300 DPL=0 DS   [-WA]
GS =0030 0000000000000000 ffffffff 00cf9300 DPL=0 DS   [-WA]
LDT=0000 0000000000000000 0000ffff 00008200 DPL=0 LDT
TR =0000 0000000000000000 0000ffff 00008b00 DPL=0 TSS64-busy
GDT=     000000003f5dc000 00000047
IDT=     000000003efa3018 00000fff
CR0=80010033 CR2=0000000000000000 CR3=000000003f801000 CR4=00000668
DR0=0000000000000000 DR1=0000000000000000 DR2=0000000000000000 DR3=0000000000000000 
DR6=00000000ffff0ff0 DR7=0000000000000400
CCS=0000000000000000 CCD=00000000000000da CCO=EFLAGS
EFER=0000000000000d00
Servicing hardware INT=0x20
   268: v=20 e=0000 i=0 cpl=0 IP=0038:000000003e6d3862 pc=000000003e6d3862 SP=0030:000000003fe65050 env->regs[R_EAX]=00000000000000d6
RAX=00000000000000d6 RBX=0000000000000064 RCX=000000000000b008 RDX=0000000000d74399
RSI=0000000000d7446f RDI=000000003e5b40d4 RBP=000000003fe65080 RSP=000000003fe65050
R8 =000000003fe6506f R9 =000000000000c042 R10=0000000000000000 R11=0000000000000000
R12=000000000004baf1 R13=0000000000000011 R14=000000000000c040 R15=0000000000000000
RIP=000000003e6d3862 RFL=00000202 [-------] CPL=0 II=0 A20=1 SMM=0 HLT=0
ES =0030 0000000000000000 ffffffff 00cf9300 DPL=0 DS   [-WA]
CS =0038 0000000000000000 ffffffff 00af9a00 DPL=0 CS64 [-R-]
SS =0030 0000000000000000 ffffffff 00cf9300 DPL=0 DS   [-WA]
DS =0030 0000000000000000 ffffffff 00cf9300 DPL=0 DS   [-WA]
FS =0030 0000000000000000 ffffffff 00cf9300 DPL=0 DS   [-WA]
GS =0030 0000000000000000 ffffffff 00cf9300 DPL=0 DS   [-WA]
LDT=0000 0000000000000000 0000ffff 00008200 DPL=0 LDT
TR =0000 0000000000000000 0000ffff 00008b00 DPL=0 TSS64-busy
GDT=     000000003f5dc000 00000047
IDT=     000000003efa3018 00000fff
CR0=80010033 CR2=0000000000000000 CR3=000000003f801000 CR4=00000668
DR0=0000000000000000 DR1=0000000000000000 DR2=0000000000000000 DR3=0000000000000000 
DR6=00000000ffff0ff0 DR7=0000000000000400
CCS=0000000000000000 CCD=00000000000000d6 CCO=EFLAGS
EFER=0000000000000d00
Servicing hardware INT=0x20
   269: v=20 e=0000 i=0 cpl=0 IP=0038:000000003e6d3862 pc=000000003e6d3862 SP=0030:000000003fe65050 env->regs[R_EAX]=00000000000000c9
RAX=00000000000000c9 RBX=0000000000000064 RCX=000000000000b008 RDX=0000000000d76cd3
RSI=0000000000d76d9c RDI=000000003e5b40d4 RBP=000000003fe65080 RSP=000000003fe65050
R8 =000000003fe6506f R9 =000000000000c042 R10=0000000000000000 R11=0000000000000000
R12=000000000004bad9 R13=0000000000000011 R14=000000000000c040 R15=0000000000000000
RIP=000000003e6d3862 RFL=00000206 [-----P-] CPL=0 II=0 A20=1 SMM=0 HLT=0
ES =0030 0000000000000000 ffffffff 00cf9300 DPL=0 DS   [-WA]
CS =0038 0000000000000000 ffffffff 00af9a00 DPL=0 CS64 [-R-]
SS =0030 0000000000000000 ffffffff 00cf9300 DPL=0 DS   [-WA]
DS =0030 0000000000000000 ffffffff 00cf9300 DPL=0 DS   [-WA]
FS =0030 0000000000000000 ffffffff 00cf9300 DPL=0 DS   [-WA]
GS =0030 0000000000000000 ffffffff 00cf9300 DPL=0 DS   [-WA]
LDT=0000 0000000000000000 0000ffff 00008200 DPL=0 LDT
TR =0000 0000000000000000 0000ffff 00008b00 DPL=0 TSS64-busy
GDT=     000000003f5dc000 00000047
IDT=     000000003efa3018 00000fff
CR0=80010033 CR2=0000000000000000 CR3=000000003f801000 CR4=00000668
DR0=0000000000000000 DR1=0000000000000000 DR2=0000000000000000 DR3=0000000000000000 
DR6=00000000ffff0ff0 DR7=0000000000000400
CCS=0000000000000004 CCD=00000000000000c9 CCO=EFLAGS
EFER=0000000000000d00
Servicing hardware INT=0x20
   270: v=20 e=0000 i=0 cpl=0 IP=0038:000000003e6d3862 pc=000000003e6d3862 SP=0030:000000003fe65090 env->regs[R_EAX]=00000000000000e2
RAX=00000000000000e2 RBX=0000000000000064 RCX=000000000000b008 RDX=0000000000d85ceb
RSI=0000000000d85dcd RDI=000000003e5b40d4 RBP=000000003fe650c0 RSP=000000003fe65090
R8 =000000003fe650af R9 =000000000000c042 R10=0000000000000000 R11=0000000000000000
R12=000000000004baf1 R13=0000000000000011 R14=000000000000c040 R15=0000000000000000
RIP=000000003e6d3862 RFL=00000206 [-----P-] CPL=0 II=0 A20=1 SMM=0 HLT=0
ES =0030 0000000000000000 ffffffff 00cf9300 DPL=0 DS   [-WA]
CS =0038 0000000000000000 ffffffff 00af9a00 DPL=0 CS64 [-R-]
SS =0030 0000000000000000 ffffffff 00cf9300 DPL=0 DS   [-WA]
DS =0030 0000000000000000 ffffffff 00cf9300 DPL=0 DS   [-WA]
FS =0030 0000000000000000 ffffffff 00cf9300 DPL=0 DS   [-WA]
GS =0030 0000000000000000 ffffffff 00cf9300 DPL=0 DS   [-WA]
LDT=0000 0000000000000000 0000ffff 00008200 DPL=0 LDT
TR =0000 0000000000000000 0000ffff 00008b00 DPL=0 TSS64-busy
GDT=     000000003f5dc000 00000047
IDT=     000000003efa3018 00000fff
CR0=80010033 CR2=0000000000000000 CR3=000000003f801000 CR4=00000668
DR0=0000000000000000 DR1=0000000000000000 DR2=0000000000000000 DR3=0000000000000000 
DR6=00000000ffff0ff0 DR7=0000000000000400
CCS=0000000000000004 CCD=00000000000000e2 CCO=EFLAGS
EFER=0000000000000d00
Servicing hardware INT=0x20
   271: v=20 e=0000 i=0 cpl=0 IP=0038:000000003e6d3862 pc=000000003e6d3862 SP=0030:000000003fe65090 env->regs[R_EAX]=000000000000005f
RAX=000000000000005f RBX=0000000000000064 RCX=000000000000b008 RDX=0000000000d88475
RSI=0000000000d884d4 RDI=000000003e5b40d4 RBP=000000003fe650c0 RSP=000000003fe65090
R8 =000000003fe650af R9 =000000000000c042 R10=0000000000000000 R11=0000000000000000
R12=000000000004badb R13=0000000000000011 R14=000000000000c040 R15=0000000000000000
RIP=000000003e6d3862 RFL=00000206 [-----P-] CPL=0 II=0 A20=1 SMM=0 HLT=0
ES =0030 0000000000000000 ffffffff 00cf9300 DPL=0 DS   [-WA]
CS =0038 0000000000000000 ffffffff 00af9a00 DPL=0 CS64 [-R-]
SS =0030 0000000000000000 ffffffff 00cf9300 DPL=0 DS   [-WA]
DS =0030 0000000000000000 ffffffff 00cf9300 DPL=0 DS   [-WA]
FS =0030 0000000000000000 ffffffff 00cf9300 DPL=0 DS   [-WA]
GS =0030 0000000000000000 ffffffff 00cf9300 DPL=0 DS   [-WA]
LDT=0000 0000000000000000 0000ffff 00008200 DPL=0 LDT
TR =0000 0000000000000000 0000ffff 00008b00 DPL=0 TSS64-busy
GDT=     000000003f5dc000 00000047
IDT=     000000003efa3018 00000fff
CR0=80010033 CR2=0000000000000000 CR3=000000003f801000 CR4=00000668
DR0=0000000000000000 DR1=0000000000000000 DR2=0000000000000000 DR3=0000000000000000 
DR6=00000000ffff0ff0 DR7=0000000000000400
CCS=0000000000000004 CCD=000000000000005f CCO=EFLAGS
EFER=0000000000000d00
Servicing hardware INT=0x20
   272: v=20 e=0000 i=0 cpl=0 IP=0038:000000003e6d3862 pc=000000003e6d3862 SP=0030:000000003fe65020 env->regs[R_EAX]=00000000000004fa
RAX=00000000000004fa RBX=0000000000000190 RCX=000000000000b008 RDX=0000000000d951c6
RSI=0000000000d956c0 RDI=000000003e5b3140 RBP=000000003fe65050 RSP=000000003fe65020
R8 =000000003fe65070 R9 =00000000000001f7 R10=0000000000000000 R11=0000000000000000
R12=000000000004baf1 R13=0000000000000000 R14=000000000000c0ca R15=00000000ffffff00
RIP=000000003e6d3862 RFL=00000206 [-----P-] CPL=0 II=0 A20=1 SMM=0 HLT=0
ES =0030 0000000000000000 ffffffff 00cf9300 DPL=0 DS   [-WA]
CS =0038 0000000000000000 ffffffff 00af9a00 DPL=0 CS64 [-R-]
SS =0030 0000000000000000 ffffffff 00cf9300 DPL=0 DS   [-WA]
DS =0030 0000000000000000 ffffffff 00cf9300 DPL=0 DS   [-WA]
FS =0030 0000000000000000 ffffffff 00cf9300 DPL=0 DS   [-WA]
GS =0030 0000000000000000 ffffffff 00cf9300 DPL=0 DS   [-WA]
LDT=0000 0000000000000000 0000ffff 00008200 DPL=0 LDT
TR =0000 0000000000000000 0000ffff 00008b00 DPL=0 TSS64-busy
GDT=     000000003f5dc000 00000047
IDT=     000000003efa3018 00000fff
CR0=80010033 CR2=0000000000000000 CR3=000000003f801000 CR4=00000668
DR0=0000000000000000 DR1=0000000000000000 DR2=0000000000000000 DR3=0000000000000000 
DR6=00000000ffff0ff0 DR7=0000000000000400
CCS=0000000000000004 CCD=00000000000004fa CCO=EFLAGS
EFER=0000000000000d00
Servicing hardware INT=0x20
   273: v=20 e=0000 i=0 cpl=0 IP=0038:000000003e6d3862 pc=000000003e6d3862 SP=0030:000000003fe65090 env->regs[R_EAX]=000000000000015b
RAX=000000000000015b RBX=0000000000000064 RCX=000000000000b008 RDX=0000000000d99c07
RSI=0000000000d99d62 RDI=000000003e5b40d4 RBP=000000003fe650c0 RSP=000000003fe65090
R8 =000000003fe650af R9 =000000000000c042 R10=0000000000000000 R11=0000000000000000
R12=000000000004bacc R13=0000000000000011 R14=000000000000c040 R15=0000000000000000
RIP=000000003e6d3862 RFL=00000202 [-------] CPL=0 II=0 A20=1 SMM=0 HLT=0
ES =0030 0000000000000000 ffffffff 00cf9300 DPL=0 DS   [-WA]
CS =0038 0000000000000000 ffffffff 00af9a00 DPL=0 CS64 [-R-]
SS =0030 0000000000000000 ffffffff 00cf9300 DPL=0 DS   [-WA]
DS =0030 0000000000000000 ffffffff 00cf9300 DPL=0 DS   [-WA]
FS =0030 0000000000000000 ffffffff 00cf9300 DPL=0 DS   [-WA]
GS =0030 0000000000000000 ffffffff 00cf9300 DPL=0 DS   [-WA]
LDT=0000 0000000000000000 0000ffff 00008200 DPL=0 LDT
TR =0000 0000000000000000 0000ffff 00008b00 DPL=0 TSS64-busy
GDT=     000000003f5dc000 00000047
IDT=     000000003efa3018 00000fff
CR0=80010033 CR2=0000000000000000 CR3=000000003f801000 CR4=00000668
DR0=0000000000000000 DR1=0000000000000000 DR2=0000000000000000 DR3=0000000000000000 
DR6=00000000ffff0ff0 DR7=0000000000000400
CCS=0000000000000000 CCD=000000000000015b CCO=EFLAGS
EFER=0000000000000d00
Servicing hardware INT=0x20
   274: v=20 e=0000 i=0 cpl=0 IP=0038:000000003e6d3862 pc=000000003e6d3862 SP=0030:000000003fe65090 env->regs[R_EAX]=00000000000000f6
RAX=00000000000000f6 RBX=0000000000000064 RCX=000000000000b008 RDX=0000000000da5153
RSI=0000000000da5249 RDI=000000003e5b40d4 RBP=000000003fe650c0 RSP=000000003fe65090
R8 =000000003fe650af R9 =000000000000c042 R10=0000000000000000 R11=0000000000000000
R12=000000000004baf1 R13=0000000000000011 R14=000000000000c040 R15=0000000000000000
RIP=000000003e6d3862 RFL=00000206 [-----P-] CPL=0 II=0 A20=1 SMM=0 HLT=0
ES =0030 0000000000000000 ffffffff 00cf9300 DPL=0 DS   [-WA]
CS =0038 0000000000000000 ffffffff 00af9a00 DPL=0 CS64 [-R-]
SS =0030 0000000000000000 ffffffff 00cf9300 DPL=0 DS   [-WA]
DS =0030 0000000000000000 ffffffff 00cf9300 DPL=0 DS   [-WA]
FS =0030 0000000000000000 ffffffff 00cf9300 DPL=0 DS   [-WA]
GS =0030 0000000000000000 ffffffff 00cf9300 DPL=0 DS   [-WA]
LDT=0000 0000000000000000 0000ffff 00008200 DPL=0 LDT
TR =0000 0000000000000000 0000ffff 00008b00 DPL=0 TSS64-busy
GDT=     000000003f5dc000 00000047
IDT=     000000003efa3018 00000fff
CR0=80010033 CR2=0000000000000000 CR3=000000003f801000 CR4=00000668
DR0=0000000000000000 DR1=0000000000000000 DR2=0000000000000000 DR3=0000000000000000 
DR6=00000000ffff0ff0 DR7=0000000000000400
CCS=0000000000000004 CCD=00000000000000f6 CCO=EFLAGS
EFER=0000000000000d00
Servicing hardware INT=0x20
   275: v=20 e=0000 i=0 cpl=0 IP=0038:000000003e6d3862 pc=000000003e6d3862 SP=0030:000000003fe65090 env->regs[R_EAX]=0000000000000016
RAX=0000000000000016 RBX=0000000000000064 RCX=000000000000b008 RDX=0000000000dab379
RSI=0000000000dab38f RDI=000000003e5b40d4 RBP=000000003fe650c0 RSP=000000003fe65090
R8 =000000003fe650af R9 =000000000000c042 R10=0000000000000000 R11=0000000000000000
R12=000000000004babd R13=0000000000000011 R14=000000000000c040 R15=0000000000000000
RIP=000000003e6d3862 RFL=00000202 [-------] CPL=0 II=0 A20=1 SMM=0 HLT=0
ES =0030 0000000000000000 ffffffff 00cf9300 DPL=0 DS   [-WA]
CS =0038 0000000000000000 ffffffff 00af9a00 DPL=0 CS64 [-R-]
SS =0030 0000000000000000 ffffffff 00cf9300 DPL=0 DS   [-WA]
DS =0030 0000000000000000 ffffffff 00cf9300 DPL=0 DS   [-WA]
FS =0030 0000000000000000 ffffffff 00cf9300 DPL=0 DS   [-WA]
GS =0030 0000000000000000 ffffffff 00cf9300 DPL=0 DS   [-WA]
LDT=0000 0000000000000000 0000ffff 00008200 DPL=0 LDT
TR =0000 0000000000000000 0000ffff 00008b00 DPL=0 TSS64-busy
GDT=     000000003f5dc000 00000047
IDT=     000000003efa3018 00000fff
CR0=80010033 CR2=0000000000000000 CR3=000000003f801000 CR4=00000668
DR0=0000000000000000 DR1=0000000000000000 DR2=0000000000000000 DR3=0000000000000000 
DR6=00000000ffff0ff0 DR7=0000000000000400
CCS=0000000000000000 CCD=0000000000000016 CCO=EFLAGS
EFER=0000000000000d00
Servicing hardware INT=0x20
   276: v=20 e=0000 i=0 cpl=0 IP=0038:000000003e6d3862 pc=000000003e6d3862 SP=0030:000000003fe65090 env->regs[R_EAX]=00000000000000f7
RAX=00000000000000f7 RBX=0000000000000064 RCX=000000000000b008 RDX=0000000000db677f
RSI=0000000000db6876 RDI=000000003e5b40d4 RBP=000000003fe650c0 RSP=000000003fe65090
R8 =000000003fe650af R9 =000000000000c042 R10=0000000000000000 R11=0000000000000000
R12=000000000004baf1 R13=0000000000000011 R14=000000000000c040 R15=0000000000000000
RIP=000000003e6d3862 RFL=00000202 [-------] CPL=0 II=0 A20=1 SMM=0 HLT=0
ES =0030 0000000000000000 ffffffff 00cf9300 DPL=0 DS   [-WA]
CS =0038 0000000000000000 ffffffff 00af9a00 DPL=0 CS64 [-R-]
SS =0030 0000000000000000 ffffffff 00cf9300 DPL=0 DS   [-WA]
DS =0030 0000000000000000 ffffffff 00cf9300 DPL=0 DS   [-WA]
FS =0030 0000000000000000 ffffffff 00cf9300 DPL=0 DS   [-WA]
GS =0030 0000000000000000 ffffffff 00cf9300 DPL=0 DS   [-WA]
LDT=0000 0000000000000000 0000ffff 00008200 DPL=0 LDT
TR =0000 0000000000000000 0000ffff 00008b00 DPL=0 TSS64-busy
GDT=     000000003f5dc000 00000047
IDT=     000000003efa3018 00000fff
CR0=80010033 CR2=0000000000000000 CR3=000000003f801000 CR4=00000668
DR0=0000000000000000 DR1=0000000000000000 DR2=0000000000000000 DR3=0000000000000000 
DR6=00000000ffff0ff0 DR7=0000000000000400
CCS=0000000000000000 CCD=00000000000000f7 CCO=EFLAGS
EFER=0000000000000d00
Servicing hardware INT=0x20
   277: v=20 e=0000 i=0 cpl=0 IP=0038:000000003e6d3862 pc=000000003e6d3862 SP=0030:000000003fe65090 env->regs[R_EAX]=00000000000000f0
RAX=00000000000000f0 RBX=0000000000000064 RCX=000000000000b008 RDX=0000000000dbcafc
RSI=0000000000dbcbec RDI=000000003e5b40d4 RBP=000000003fe650c0 RSP=000000003fe65090
R8 =000000003fe650af R9 =000000000000c042 R10=0000000000000000 R11=0000000000000000
R12=000000000004babb R13=0000000000000011 R14=000000000000c040 R15=0000000000000000
RIP=000000003e6d3862 RFL=00000206 [-----P-] CPL=0 II=0 A20=1 SMM=0 HLT=0
ES =0030 0000000000000000 ffffffff 00cf9300 DPL=0 DS   [-WA]
CS =0038 0000000000000000 ffffffff 00af9a00 DPL=0 CS64 [-R-]
SS =0030 0000000000000000 ffffffff 00cf9300 DPL=0 DS   [-WA]
DS =0030 0000000000000000 ffffffff 00cf9300 DPL=0 DS   [-WA]
FS =0030 0000000000000000 ffffffff 00cf9300 DPL=0 DS   [-WA]
GS =0030 0000000000000000 ffffffff 00cf9300 DPL=0 DS   [-WA]
LDT=0000 0000000000000000 0000ffff 00008200 DPL=0 LDT
TR =0000 0000000000000000 0000ffff 00008b00 DPL=0 TSS64-busy
GDT=     000000003f5dc000 00000047
IDT=     000000003efa3018 00000fff
CR0=80010033 CR2=0000000000000000 CR3=000000003f801000 CR4=00000668
DR0=0000000000000000 DR1=0000000000000000 DR2=0000000000000000 DR3=0000000000000000 
DR6=00000000ffff0ff0 DR7=0000000000000400
CCS=0000000000000004 CCD=00000000000000f0 CCO=EFLAGS
EFER=0000000000000d00
Servicing hardware INT=0x20
   278: v=20 e=0000 i=0 cpl=0 IP=0038:000000003f6c6d41 pc=000000003f6c6d41 SP=0030:000000003fe65730 env->regs[R_EAX]=8c2b0398e0000daa
RAX=8c2b0398e0000daa RBX=000000003f58b1f0 RCX=000000003e79f2d8 RDX=000000003f58b1f0
RSI=000000003e79f2d0 RDI=11d293ca8be4df61 RBP=000000003fe65770 RSP=000000003fe65730
R8 =0000000000000001 R9 =000000003fe65948 R10=000000003f58b1c4 R11=000000003fe65ab8
R12=11d293ca8be4df61 R13=000000003fe65888 R14=0000000000000000 R15=0000000000000001
RIP=000000003f6c6d41 RFL=00000206 [-----P-] CPL=0 II=0 A20=1 SMM=0 HLT=0
ES =0030 0000000000000000 ffffffff 00cf9300 DPL=0 DS   [-WA]
CS =0038 0000000000000000 ffffffff 00af9a00 DPL=0 CS64 [-R-]
SS =0030 0000000000000000 ffffffff 00cf9300 DPL=0 DS   [-WA]
DS =0030 0000000000000000 ffffffff 00cf9300 DPL=0 DS   [-WA]
FS =0030 0000000000000000 ffffffff 00cf9300 DPL=0 DS   [-WA]
GS =0030 0000000000000000 ffffffff 00cf9300 DPL=0 DS   [-WA]
LDT=0000 0000000000000000 0000ffff 00008200 DPL=0 LDT
TR =0000 0000000000000000 0000ffff 00008b00 DPL=0 TSS64-busy
GDT=     000000003f5dc000 00000047
IDT=     000000003efa3018 00000fff
CR0=80010033 CR2=0000000000000000 CR3=000000003f801000 CR4=00000668
DR0=0000000000000000 DR1=0000000000000000 DR2=0000000000000000 DR3=0000000000000000 
DR6=00000000ffff0ff0 DR7=0000000000000400
CCS=0000000000000004 CCD=000000003fe65718 CCO=EFLAGS
EFER=0000000000000d00
Servicing hardware INT=0x20
   279: v=20 e=0000 i=0 cpl=0 IP=0038:000000003e6d3862 pc=000000003e6d3862 SP=0030:000000003fe64f40 env->regs[R_EAX]=0000000000000068
RAX=0000000000000068 RBX=0000000000000064 RCX=000000000000b008 RDX=0000000000dd1a56
RSI=0000000000dd1abe RDI=000000003e5b40d4 RBP=000000003fe64f70 RSP=000000003fe64f40
R8 =000000003fe64f5f R9 =000000000000c042 R10=0000000000000000 R11=0000000000000000
R12=000000000004baf1 R13=0000000000000011 R14=000000000000c040 R15=0000000000000000
RIP=000000003e6d3862 RFL=00000202 [-------] CPL=0 II=0 A20=1 SMM=0 HLT=0
ES =0030 0000000000000000 ffffffff 00cf9300 DPL=0 DS   [-WA]
CS =0038 0000000000000000 ffffffff 00af9a00 DPL=0 CS64 [-R-]
SS =0030 0000000000000000 ffffffff 00cf9300 DPL=0 DS   [-WA]
DS =0030 0000000000000000 ffffffff 00cf9300 DPL=0 DS   [-WA]
FS =0030 0000000000000000 ffffffff 00cf9300 DPL=0 DS   [-WA]
GS =0030 0000000000000000 ffffffff 00cf9300 DPL=0 DS   [-WA]
LDT=0000 0000000000000000 0000ffff 00008200 DPL=0 LDT
TR =0000 0000000000000000 0000ffff 00008b00 DPL=0 TSS64-busy
GDT=     000000003f5dc000 00000047
IDT=     000000003efa3018 00000fff
CR0=80010033 CR2=0000000000000000 CR3=000000003f801000 CR4=00000668
DR0=0000000000000000 DR1=0000000000000000 DR2=0000000000000000 DR3=0000000000000000 
DR6=00000000ffff0ff0 DR7=0000000000000400
CCS=0000000000000000 CCD=0000000000000068 CCO=EFLAGS
EFER=0000000000000d00
Servicing hardware INT=0x20
   280: v=20 e=0000 i=0 cpl=0 IP=0038:000000003e6d3862 pc=000000003e6d3862 SP=0030:000000003fe64f40 env->regs[R_EAX]=000000000000007e
RAX=000000000000007e RBX=0000000000000064 RCX=000000000000b008 RDX=0000000000dd6a51
RSI=0000000000dd6acf RDI=000000003e5b40d4 RBP=000000003fe64f70 RSP=000000003fe64f40
R8 =000000003fe64f5f R9 =000000000000c042 R10=0000000000000000 R11=0000000000000000
R12=000000000004bac8 R13=0000000000000011 R14=000000000000c040 R15=0000000000000000
RIP=000000003e6d3862 RFL=00000206 [-----P-] CPL=0 II=0 A20=1 SMM=0 HLT=0
ES =0030 0000000000000000 ffffffff 00cf9300 DPL=0 DS   [-WA]
CS =0038 0000000000000000 ffffffff 00af9a00 DPL=0 CS64 [-R-]
SS =0030 0000000000000000 ffffffff 00cf9300 DPL=0 DS   [-WA]
DS =0030 0000000000000000 ffffffff 00cf9300 DPL=0 DS   [-WA]
FS =0030 0000000000000000 ffffffff 00cf9300 DPL=0 DS   [-WA]
GS =0030 0000000000000000 ffffffff 00cf9300 DPL=0 DS   [-WA]
LDT=0000 0000000000000000 0000ffff 00008200 DPL=0 LDT
TR =0000 0000000000000000 0000ffff 00008b00 DPL=0 TSS64-busy
GDT=     000000003f5dc000 00000047
IDT=     000000003efa3018 00000fff
CR0=80010033 CR2=0000000000000000 CR3=000000003f801000 CR4=00000668
DR0=0000000000000000 DR1=0000000000000000 DR2=0000000000000000 DR3=0000000000000000 
DR6=00000000ffff0ff0 DR7=0000000000000400
CCS=0000000000000004 CCD=000000000000007e CCO=EFLAGS
EFER=0000000000000d00
Servicing hardware INT=0x20
   281: v=20 e=0000 i=0 cpl=0 IP=0038:000000003e6d3862 pc=000000003e6d3862 SP=0030:000000003fe64f40 env->regs[R_EAX]=0000000000000109
RAX=0000000000000109 RBX=0000000000000064 RCX=000000000000b008 RDX=0000000000de0e5d
RSI=0000000000de0f66 RDI=000000003e5b40d4 RBP=000000003fe64f70 RSP=000000003fe64f40
R8 =000000003fe64f5f R9 =000000000000c042 R10=0000000000000000 R11=0000000000000000
R12=000000000004baf1 R13=0000000000000011 R14=000000000000c040 R15=0000000000000000
RIP=000000003e6d3862 RFL=00000206 [-----P-] CPL=0 II=0 A20=1 SMM=0 HLT=0
ES =0030 0000000000000000 ffffffff 00cf9300 DPL=0 DS   [-WA]
CS =0038 0000000000000000 ffffffff 00af9a00 DPL=0 CS64 [-R-]
SS =0030 0000000000000000 ffffffff 00cf9300 DPL=0 DS   [-WA]
DS =0030 0000000000000000 ffffffff 00cf9300 DPL=0 DS   [-WA]
FS =0030 0000000000000000 ffffffff 00cf9300 DPL=0 DS   [-WA]
GS =0030 0000000000000000 ffffffff 00cf9300 DPL=0 DS   [-WA]
LDT=0000 0000000000000000 0000ffff 00008200 DPL=0 LDT
TR =0000 0000000000000000 0000ffff 00008b00 DPL=0 TSS64-busy
GDT=     000000003f5dc000 00000047
IDT=     000000003efa3018 00000fff
CR0=80010033 CR2=0000000000000000 CR3=000000003f801000 CR4=00000668
DR0=0000000000000000 DR1=0000000000000000 DR2=0000000000000000 DR3=0000000000000000 
DR6=00000000ffff0ff0 DR7=0000000000000400
CCS=0000000000000004 CCD=0000000000000109 CCO=EFLAGS
EFER=0000000000000d00
Servicing hardware INT=0x20
   282: v=20 e=0000 i=0 cpl=0 IP=0038:000000003e6d3862 pc=000000003e6d3862 SP=0030:000000003fe64f40 env->regs[R_EAX]=000000000000008c
RAX=000000000000008c RBX=0000000000000064 RCX=000000000000b008 RDX=0000000000deff1c
RSI=0000000000deffa8 RDI=000000003e5b40d4 RBP=000000003fe64f70 RSP=000000003fe64f40
R8 =000000003fe64f5f R9 =000000000000c042 R10=0000000000000000 R11=0000000000000000
R12=000000000004baf1 R13=0000000000000011 R14=000000000000c040 R15=0000000000000000
RIP=000000003e6d3862 RFL=00000202 [-------] CPL=0 II=0 A20=1 SMM=0 HLT=0
ES =0030 0000000000000000 ffffffff 00cf9300 DPL=0 DS   [-WA]
CS =0038 0000000000000000 ffffffff 00af9a00 DPL=0 CS64 [-R-]
SS =0030 0000000000000000 ffffffff 00cf9300 DPL=0 DS   [-WA]
DS =0030 0000000000000000 ffffffff 00cf9300 DPL=0 DS   [-WA]
FS =0030 0000000000000000 ffffffff 00cf9300 DPL=0 DS   [-WA]
GS =0030 0000000000000000 ffffffff 00cf9300 DPL=0 DS   [-WA]
LDT=0000 0000000000000000 0000ffff 00008200 DPL=0 LDT
TR =0000 0000000000000000 0000ffff 00008b00 DPL=0 TSS64-busy
GDT=     000000003f5dc000 00000047
IDT=     000000003efa3018 00000fff
CR0=80010033 CR2=0000000000000000 CR3=000000003f801000 CR4=00000668
DR0=0000000000000000 DR1=0000000000000000 DR2=0000000000000000 DR3=0000000000000000 
DR6=00000000ffff0ff0 DR7=0000000000000400
CCS=0000000000000000 CCD=000000000000008c CCO=EFLAGS
EFER=0000000000000d00
Servicing hardware INT=0x20
   283: v=20 e=0000 i=0 cpl=0 IP=0038:000000003e6d3862 pc=000000003e6d3862 SP=0030:000000003fe64f40 env->regs[R_EAX]=00000000000000eb
RAX=00000000000000eb RBX=0000000000000064 RCX=000000000000b008 RDX=0000000000df1209
RSI=0000000000df12f4 RDI=000000003e5b40d4 RBP=000000003fe64f70 RSP=000000003fe64f40
R8 =000000003fe64f5f R9 =000000000000c042 R10=0000000000000000 R11=0000000000000000
R12=000000000004bae7 R13=0000000000000011 R14=000000000000c040 R15=0000000000000000
RIP=000000003e6d3862 RFL=00000206 [-----P-] CPL=0 II=0 A20=1 SMM=0 HLT=0
ES =0030 0000000000000000 ffffffff 00cf9300 DPL=0 DS   [-WA]
CS =0038 0000000000000000 ffffffff 00af9a00 DPL=0 CS64 [-R-]
SS =0030 0000000000000000 ffffffff 00cf9300 DPL=0 DS   [-WA]
DS =0030 0000000000000000 ffffffff 00cf9300 DPL=0 DS   [-WA]
FS =0030 0000000000000000 ffffffff 00cf9300 DPL=0 DS   [-WA]
GS =0030 0000000000000000 ffffffff 00cf9300 DPL=0 DS   [-WA]
LDT=0000 0000000000000000 0000ffff 00008200 DPL=0 LDT
TR =0000 0000000000000000 0000ffff 00008b00 DPL=0 TSS64-busy
GDT=     000000003f5dc000 00000047
IDT=     000000003efa3018 00000fff
CR0=80010033 CR2=0000000000000000 CR3=000000003f801000 CR4=00000668
DR0=0000000000000000 DR1=0000000000000000 DR2=0000000000000000 DR3=0000000000000000 
DR6=00000000ffff0ff0 DR7=0000000000000400
CCS=0000000000000004 CCD=00000000000000eb CCO=EFLAGS
EFER=0000000000000d00
Servicing hardware INT=0x20
   284: v=20 e=0000 i=0 cpl=0 IP=0038:000000003e6d3862 pc=000000003e6d3862 SP=0030:000000003fe64f10 env->regs[R_EAX]=000000000000054a
RAX=000000000000054a RBX=0000000000000190 RCX=000000000000b008 RDX=0000000000e00e07
RSI=0000000000e01351 RDI=000000003e5b3140 RBP=000000003fe64f40 RSP=000000003fe64f10
R8 =000000003fe64f60 R9 =00000000000001f7 R10=0000000000000000 R11=0000000000000000
R12=000000000004baf1 R13=0000000000000000 R14=000000000000c0ca R15=00000000ffffff00
RIP=000000003e6d3862 RFL=00000202 [-------] CPL=0 II=0 A20=1 SMM=0 HLT=0
ES =0030 0000000000000000 ffffffff 00cf9300 DPL=0 DS   [-WA]
CS =0038 0000000000000000 ffffffff 00af9a00 DPL=0 CS64 [-R-]
SS =0030 0000000000000000 ffffffff 00cf9300 DPL=0 DS   [-WA]
DS =0030 0000000000000000 ffffffff 00cf9300 DPL=0 DS   [-WA]
FS =0030 0000000000000000 ffffffff 00cf9300 DPL=0 DS   [-WA]
GS =0030 0000000000000000 ffffffff 00cf9300 DPL=0 DS   [-WA]
LDT=0000 0000000000000000 0000ffff 00008200 DPL=0 LDT
TR =0000 0000000000000000 0000ffff 00008b00 DPL=0 TSS64-busy
GDT=     000000003f5dc000 00000047
IDT=     000000003efa3018 00000fff
CR0=80010033 CR2=0000000000000000 CR3=000000003f801000 CR4=00000668
DR0=0000000000000000 DR1=0000000000000000 DR2=0000000000000000 DR3=0000000000000000 
DR6=00000000ffff0ff0 DR7=0000000000000400
CCS=0000000000000000 CCD=000000000000054a CCO=EFLAGS
EFER=0000000000000d00
Servicing hardware INT=0x20
   285: v=20 e=0000 i=0 cpl=0 IP=0038:000000003e6d3862 pc=000000003e6d3862 SP=0030:000000003fe64f80 env->regs[R_EAX]=0000000000000063
RAX=0000000000000063 RBX=0000000000000064 RCX=000000000000b008 RDX=0000000000e029fd
RSI=0000000000e02a60 RDI=000000003e5b40d4 RBP=000000003fe64fb0 RSP=000000003fe64f80
R8 =000000003fe64f9f R9 =000000000000c042 R10=0000000000000000 R11=0000000000000000
R12=000000000004bae4 R13=0000000000000011 R14=000000000000c040 R15=0000000000000000
RIP=000000003e6d3862 RFL=00000206 [-----P-] CPL=0 II=0 A20=1 SMM=0 HLT=0
ES =0030 0000000000000000 ffffffff 00cf9300 DPL=0 DS   [-WA]
CS =0038 0000000000000000 ffffffff 00af9a00 DPL=0 CS64 [-R-]
SS =0030 0000000000000000 ffffffff 00cf9300 DPL=0 DS   [-WA]
DS =0030 0000000000000000 ffffffff 00cf9300 DPL=0 DS   [-WA]
FS =0030 0000000000000000 ffffffff 00cf9300 DPL=0 DS   [-WA]
GS =0030 0000000000000000 ffffffff 00cf9300 DPL=0 DS   [-WA]
LDT=0000 0000000000000000 0000ffff 00008200 DPL=0 LDT
TR =0000 0000000000000000 0000ffff 00008b00 DPL=0 TSS64-busy
GDT=     000000003f5dc000 00000047
IDT=     000000003efa3018 00000fff
CR0=80010033 CR2=0000000000000000 CR3=000000003f801000 CR4=00000668
DR0=0000000000000000 DR1=0000000000000000 DR2=0000000000000000 DR3=0000000000000000 
DR6=00000000ffff0ff0 DR7=0000000000000400
CCS=0000000000000004 CCD=0000000000000063 CCO=EFLAGS
EFER=0000000000000d00
Servicing hardware INT=0x20
   286: v=20 e=0000 i=0 cpl=0 IP=0038:000000003e6d3862 pc=000000003e6d3862 SP=0030:000000003fe64f80 env->regs[R_EAX]=0000000000001041
RAX=0000000000001041 RBX=0000000000002710 RCX=000000000000b008 RDX=0000000000e0ee16
RSI=0000000000e0fe57 RDI=000000003e5b40d4 RBP=000000003fe64fb0 RSP=000000003fe64f80
R8 =000000003fe64fd0 R9 =00000000000003f6 R10=0000000000000000 R11=0000000000000000
R12=000000000000c042 R13=0000000000000011 R14=000000000000c040 R15=0000000000000000
RIP=000000003e6d3862 RFL=00000206 [-----P-] CPL=0 II=0 A20=1 SMM=0 HLT=0
ES =0030 0000000000000000 ffffffff 00cf9300 DPL=0 DS   [-WA]
CS =0038 0000000000000000 ffffffff 00af9a00 DPL=0 CS64 [-R-]
SS =0030 0000000000000000 ffffffff 00cf9300 DPL=0 DS   [-WA]
DS =0030 0000000000000000 ffffffff 00cf9300 DPL=0 DS   [-WA]
FS =0030 0000000000000000 ffffffff 00cf9300 DPL=0 DS   [-WA]
GS =0030 0000000000000000 ffffffff 00cf9300 DPL=0 DS   [-WA]
LDT=0000 0000000000000000 0000ffff 00008200 DPL=0 LDT
TR =0000 0000000000000000 0000ffff 00008b00 DPL=0 TSS64-busy
GDT=     000000003f5dc000 00000047
IDT=     000000003efa3018 00000fff
CR0=80010033 CR2=0000000000000000 CR3=000000003f801000 CR4=00000668
DR0=0000000000000000 DR1=0000000000000000 DR2=0000000000000000 DR3=0000000000000000 
DR6=00000000ffff0ff0 DR7=0000000000000400
CCS=0000000000000004 CCD=0000000000001041 CCO=EFLAGS
EFER=0000000000000d00
Servicing hardware INT=0x20
   287: v=20 e=0000 i=0 cpl=0 IP=0038:000000003e6d3862 pc=000000003e6d3862 SP=0030:000000003fe64f80 env->regs[R_EAX]=00000000000000fc
RAX=00000000000000fc RBX=0000000000000064 RCX=000000000000b008 RDX=0000000000e13f20
RSI=0000000000e1401c RDI=000000003e5b40d4 RBP=000000003fe64fb0 RSP=000000003fe64f80
R8 =000000003fe64f9f R9 =000000000000c042 R10=0000000000000000 R11=0000000000000000
R12=000000000004bad1 R13=0000000000000011 R14=000000000000c040 R15=0000000000000000
RIP=000000003e6d3862 RFL=00000206 [-----P-] CPL=0 II=0 A20=1 SMM=0 HLT=0
ES =0030 0000000000000000 ffffffff 00cf9300 DPL=0 DS   [-WA]
CS =0038 0000000000000000 ffffffff 00af9a00 DPL=0 CS64 [-R-]
SS =0030 0000000000000000 ffffffff 00cf9300 DPL=0 DS   [-WA]
DS =0030 0000000000000000 ffffffff 00cf9300 DPL=0 DS   [-WA]
FS =0030 0000000000000000 ffffffff 00cf9300 DPL=0 DS   [-WA]
GS =0030 0000000000000000 ffffffff 00cf9300 DPL=0 DS   [-WA]
LDT=0000 0000000000000000 0000ffff 00008200 DPL=0 LDT
TR =0000 0000000000000000 0000ffff 00008b00 DPL=0 TSS64-busy
GDT=     000000003f5dc000 00000047
IDT=     000000003efa3018 00000fff
CR0=80010033 CR2=0000000000000000 CR3=000000003f801000 CR4=00000668
DR0=0000000000000000 DR1=0000000000000000 DR2=0000000000000000 DR3=0000000000000000 
DR6=00000000ffff0ff0 DR7=0000000000000400
CCS=0000000000000004 CCD=00000000000000fc CCO=EFLAGS
EFER=0000000000000d00
Servicing hardware INT=0x20
   288: v=20 e=0000 i=0 cpl=0 IP=0038:000000003e6d3862 pc=000000003e6d3862 SP=0030:000000003fe64f80 env->regs[R_EAX]=0000000000000094
RAX=0000000000000094 RBX=0000000000000064 RCX=000000000000b008 RDX=0000000000e1fb4c
RSI=0000000000e1fbe0 RDI=000000003e5b40d4 RBP=000000003fe64fb0 RSP=000000003fe64f80
R8 =000000003fe64f9f R9 =000000000000c042 R10=0000000000000000 R11=0000000000000000
R12=000000000004baf1 R13=0000000000000011 R14=000000000000c040 R15=0000000000000000
RIP=000000003e6d3862 RFL=00000202 [-------] CPL=0 II=0 A20=1 SMM=0 HLT=0
ES =0030 0000000000000000 ffffffff 00cf9300 DPL=0 DS   [-WA]
CS =0038 0000000000000000 ffffffff 00af9a00 DPL=0 CS64 [-R-]
SS =0030 0000000000000000 ffffffff 00cf9300 DPL=0 DS   [-WA]
DS =0030 0000000000000000 ffffffff 00cf9300 DPL=0 DS   [-WA]
FS =0030 0000000000000000 ffffffff 00cf9300 DPL=0 DS   [-WA]
GS =0030 0000000000000000 ffffffff 00cf9300 DPL=0 DS   [-WA]
LDT=0000 0000000000000000 0000ffff 00008200 DPL=0 LDT
TR =0000 0000000000000000 0000ffff 00008b00 DPL=0 TSS64-busy
GDT=     000000003f5dc000 00000047
IDT=     000000003efa3018 00000fff
CR0=80010033 CR2=0000000000000000 CR3=000000003f801000 CR4=00000668
DR0=0000000000000000 DR1=0000000000000000 DR2=0000000000000000 DR3=0000000000000000 
DR6=00000000ffff0ff0 DR7=0000000000000400
CCS=0000000000000000 CCD=0000000000000094 CCO=EFLAGS
EFER=0000000000000d00
Servicing hardware INT=0x20
   289: v=20 e=0000 i=0 cpl=0 IP=0038:000000003e6d3862 pc=000000003e6d3862 SP=0030:000000003fe64f80 env->regs[R_EAX]=000000000000002d
RAX=000000000000002d RBX=0000000000000064 RCX=000000000000b008 RDX=0000000000e2593e
RSI=0000000000e2596b RDI=000000003e5b40d4 RBP=000000003fe64fb0 RSP=000000003fe64f80
R8 =000000003fe64f9f R9 =000000000000c042 R10=0000000000000000 R11=0000000000000000
R12=000000000004babb R13=0000000000000011 R14=000000000000c040 R15=0000000000000000
RIP=000000003e6d3862 RFL=00000206 [-----P-] CPL=0 II=0 A20=1 SMM=0 HLT=0
ES =0030 0000000000000000 ffffffff 00cf9300 DPL=0 DS   [-WA]
CS =0038 0000000000000000 ffffffff 00af9a00 DPL=0 CS64 [-R-]
SS =0030 0000000000000000 ffffffff 00cf9300 DPL=0 DS   [-WA]
DS =0030 0000000000000000 ffffffff 00cf9300 DPL=0 DS   [-WA]
FS =0030 0000000000000000 ffffffff 00cf9300 DPL=0 DS   [-WA]
GS =0030 0000000000000000 ffffffff 00cf9300 DPL=0 DS   [-WA]
LDT=0000 0000000000000000 0000ffff 00008200 DPL=0 LDT
TR =0000 0000000000000000 0000ffff 00008b00 DPL=0 TSS64-busy
GDT=     000000003f5dc000 00000047
IDT=     000000003efa3018 00000fff
CR0=80010033 CR2=0000000000000000 CR3=000000003f801000 CR4=00000668
DR0=0000000000000000 DR1=0000000000000000 DR2=0000000000000000 DR3=0000000000000000 
DR6=00000000ffff0ff0 DR7=0000000000000400
CCS=0000000000000004 CCD=000000000000002d CCO=EFLAGS
EFER=0000000000000d00
Servicing hardware INT=0x20
   290: v=20 e=0000 i=0 cpl=0 IP=0038:000000003e6d3862 pc=000000003e6d3862 SP=0030:000000003fe64f80 env->regs[R_EAX]=000000000000008f
RAX=000000000000008f RBX=0000000000000064 RCX=000000000000b008 RDX=0000000000e319b8
RSI=0000000000e31a47 RDI=000000003e5b40d4 RBP=000000003fe64fb0 RSP=000000003fe64f80
R8 =000000003fe64f9f R9 =000000000000c042 R10=0000000000000000 R11=0000000000000000
R12=000000000004baf1 R13=0000000000000011 R14=000000000000c040 R15=0000000000000000
RIP=000000003e6d3862 RFL=00000202 [-------] CPL=0 II=0 A20=1 SMM=0 HLT=0
ES =0030 0000000000000000 ffffffff 00cf9300 DPL=0 DS   [-WA]
CS =0038 0000000000000000 ffffffff 00af9a00 DPL=0 CS64 [-R-]
SS =0030 0000000000000000 ffffffff 00cf9300 DPL=0 DS   [-WA]
DS =0030 0000000000000000 ffffffff 00cf9300 DPL=0 DS   [-WA]
FS =0030 0000000000000000 ffffffff 00cf9300 DPL=0 DS   [-WA]
GS =0030 0000000000000000 ffffffff 00cf9300 DPL=0 DS   [-WA]
LDT=0000 0000000000000000 0000ffff 00008200 DPL=0 LDT
TR =0000 0000000000000000 0000ffff 00008b00 DPL=0 TSS64-busy
GDT=     000000003f5dc000 00000047
IDT=     000000003efa3018 00000fff
CR0=80010033 CR2=0000000000000000 CR3=000000003f801000 CR4=00000668
DR0=0000000000000000 DR1=0000000000000000 DR2=0000000000000000 DR3=0000000000000000 
DR6=00000000ffff0ff0 DR7=0000000000000400
CCS=0000000000000000 CCD=000000000000008f CCO=EFLAGS
EFER=0000000000000d00
Servicing hardware INT=0x20
   291: v=20 e=0000 i=0 cpl=0 IP=0038:000000003e6d3862 pc=000000003e6d3862 SP=0030:000000003fe64f80 env->regs[R_EAX]=00000000000000f5
RAX=00000000000000f5 RBX=0000000000000064 RCX=000000000000b008 RDX=0000000000e370db
RSI=0000000000e371d0 RDI=000000003e5b40d4 RBP=000000003fe64fb0 RSP=000000003fe64f80
R8 =000000003fe64f9f R9 =000000000000c042 R10=0000000000000000 R11=0000000000000000
R12=000000000004bac0 R13=0000000000000011 R14=000000000000c040 R15=0000000000000000
RIP=000000003e6d3862 RFL=00000206 [-----P-] CPL=0 II=0 A20=1 SMM=0 HLT=0
ES =0030 0000000000000000 ffffffff 00cf9300 DPL=0 DS   [-WA]
CS =0038 0000000000000000 ffffffff 00af9a00 DPL=0 CS64 [-R-]
SS =0030 0000000000000000 ffffffff 00cf9300 DPL=0 DS   [-WA]
DS =0030 0000000000000000 ffffffff 00cf9300 DPL=0 DS   [-WA]
FS =0030 0000000000000000 ffffffff 00cf9300 DPL=0 DS   [-WA]
GS =0030 0000000000000000 ffffffff 00cf9300 DPL=0 DS   [-WA]
LDT=0000 0000000000000000 0000ffff 00008200 DPL=0 LDT
TR =0000 0000000000000000 0000ffff 00008b00 DPL=0 TSS64-busy
GDT=     000000003f5dc000 00000047
IDT=     000000003efa3018 00000fff
CR0=80010033 CR2=0000000000000000 CR3=000000003f801000 CR4=00000668
DR0=0000000000000000 DR1=0000000000000000 DR2=0000000000000000 DR3=0000000000000000 
DR6=00000000ffff0ff0 DR7=0000000000000400
CCS=0000000000000004 CCD=00000000000000f5 CCO=EFLAGS
EFER=0000000000000d00
Servicing hardware INT=0x20
   292: v=20 e=0000 i=0 cpl=0 IP=0038:000000003fe665f0 pc=000000003fe665f0 SP=0030:000000003fe65630 env->regs[R_EAX]=000000003e5c0d18
RAX=000000003e5c0d18 RBX=000000003e639a20 RCX=0000000000000010 RDX=000000003e651618
RSI=000000003fe65778 RDI=000000003e671898 RBP=000000003fe65650 RSP=000000003fe65630
R8 =000000003e651418 R9 =0000000000000000 R10=0000000000000000 R11=000000003e73d980
R12=000000003e671898 R13=000000003fe8a250 R14=000000003fe844d1 R15=000000003e651618
RIP=000000003fe665f0 RFL=00000283 [--S---C] CPL=0 II=0 A20=1 SMM=0 HLT=0
ES =0030 0000000000000000 ffffffff 00cf9300 DPL=0 DS   [-WA]
CS =0038 0000000000000000 ffffffff 00af9a00 DPL=0 CS64 [-R-]
SS =0030 0000000000000000 ffffffff 00cf9300 DPL=0 DS   [-WA]
DS =0030 0000000000000000 ffffffff 00cf9300 DPL=0 DS   [-WA]
FS =0030 0000000000000000 ffffffff 00cf9300 DPL=0 DS   [-WA]
GS =0030 0000000000000000 ffffffff 00cf9300 DPL=0 DS   [-WA]
LDT=0000 0000000000000000 0000ffff 00008200 DPL=0 LDT
TR =0000 0000000000000000 0000ffff 00008b00 DPL=0 TSS64-busy
GDT=     000000003f5dc000 00000047
IDT=     000000003efa3018 00000fff
CR0=80010033 CR2=0000000000000000 CR3=000000003f801000 CR4=00000668
DR0=0000000000000000 DR1=0000000000000000 DR2=0000000000000000 DR3=0000000000000000 
DR6=00000000ffff0ff0 DR7=0000000000000400
CCS=0000000000000081 CCD=fffffffffff4f480 CCO=EFLAGS
EFER=0000000000000d00
Servicing hardware INT=0x20
   293: v=20 e=0000 i=0 cpl=0 IP=0038:000000003e6d3862 pc=000000003e6d3862 SP=0030:000000003fe64e40 env->regs[R_EAX]=0000000000000081
RAX=0000000000000081 RBX=0000000000000064 RCX=000000000000b008 RDX=0000000000e4f3f5
RSI=0000000000e4f476 RDI=000000003e5b40d4 RBP=000000003fe64e70 RSP=000000003fe64e40
R8 =000000003fe64e5f R9 =000000000000c042 R10=0000000000000000 R11=0000000000000000
R12=000000000004baf1 R13=0000000000000011 R14=000000000000c040 R15=0000000000000000
RIP=000000003e6d3862 RFL=00000206 [-----P-] CPL=0 II=0 A20=1 SMM=0 HLT=0
ES =0030 0000000000000000 ffffffff 00cf9300 DPL=0 DS   [-WA]
CS =0038 0000000000000000 ffffffff 00af9a00 DPL=0 CS64 [-R-]
SS =0030 0000000000000000 ffffffff 00cf9300 DPL=0 DS   [-WA]
DS =0030 0000000000000000 ffffffff 00cf9300 DPL=0 DS   [-WA]
FS =0030 0000000000000000 ffffffff 00cf9300 DPL=0 DS   [-WA]
GS =0030 0000000000000000 ffffffff 00cf9300 DPL=0 DS   [-WA]
LDT=0000 0000000000000000 0000ffff 00008200 DPL=0 LDT
TR =0000 0000000000000000 0000ffff 00008b00 DPL=0 TSS64-busy
GDT=     000000003f5dc000 00000047
IDT=     000000003efa3018 00000fff
CR0=80010033 CR2=0000000000000000 CR3=000000003f801000 CR4=00000668
DR0=0000000000000000 DR1=0000000000000000 DR2=0000000000000000 DR3=0000000000000000 
DR6=00000000ffff0ff0 DR7=0000000000000400
CCS=0000000000000004 CCD=0000000000000081 CCO=EFLAGS
EFER=0000000000000d00
Servicing hardware INT=0x20
   294: v=20 e=0000 i=0 cpl=0 IP=0038:000000003e6d3862 pc=000000003e6d3862 SP=0030:000000003fe64e40 env->regs[R_EAX]=0000000000005801
RAX=0000000000005801 RBX=0000000000002710 RCX=000000000000b008 RDX=0000000000e52bfd
RSI=0000000000e583fe RDI=000000003e5b40d4 RBP=000000003fe64e70 RSP=000000003fe64e40
R8 =000000003fe64e90 R9 =00000000000003f6 R10=0000000000000000 R11=0000000000000000
R12=000000000000c042 R13=0000000000000011 R14=000000000000c040 R15=0000000000000000
RIP=000000003e6d3862 RFL=00000202 [-------] CPL=0 II=0 A20=1 SMM=0 HLT=0
ES =0030 0000000000000000 ffffffff 00cf9300 DPL=0 DS   [-WA]
CS =0038 0000000000000000 ffffffff 00af9a00 DPL=0 CS64 [-R-]
SS =0030 0000000000000000 ffffffff 00cf9300 DPL=0 DS   [-WA]
DS =0030 0000000000000000 ffffffff 00cf9300 DPL=0 DS   [-WA]
FS =0030 0000000000000000 ffffffff 00cf9300 DPL=0 DS   [-WA]
GS =0030 0000000000000000 ffffffff 00cf9300 DPL=0 DS   [-WA]
LDT=0000 0000000000000000 0000ffff 00008200 DPL=0 LDT
TR =0000 0000000000000000 0000ffff 00008b00 DPL=0 TSS64-busy
GDT=     000000003f5dc000 00000047
IDT=     000000003efa3018 00000fff
CR0=80010033 CR2=0000000000000000 CR3=000000003f801000 CR4=00000668
DR0=0000000000000000 DR1=0000000000000000 DR2=0000000000000000 DR3=0000000000000000 
DR6=00000000ffff0ff0 DR7=0000000000000400
CCS=0000000000000000 CCD=0000000000005801 CCO=EFLAGS
EFER=0000000000000d00
Servicing hardware INT=0x20
   295: v=20 e=0000 i=0 cpl=0 IP=0038:000000003e6d3862 pc=000000003e6d3862 SP=0030:000000003fe64e40 env->regs[R_EAX]=0000000000001136
RAX=0000000000001136 RBX=0000000000002710 RCX=000000000000b008 RDX=0000000000e60cd9
RSI=0000000000e61e0f RDI=000000003e5b40d4 RBP=000000003fe64e70 RSP=000000003fe64e40
R8 =000000003fe64e90 R9 =00000000000003f6 R10=0000000000000000 R11=0000000000000000
R12=000000000000c042 R13=0000000000000011 R14=000000000000c040 R15=0000000000000000
RIP=000000003e6d3862 RFL=00000206 [-----P-] CPL=0 II=0 A20=1 SMM=0 HLT=0
ES =0030 0000000000000000 ffffffff 00cf9300 DPL=0 DS   [-WA]
CS =0038 0000000000000000 ffffffff 00af9a00 DPL=0 CS64 [-R-]
SS =0030 0000000000000000 ffffffff 00cf9300 DPL=0 DS   [-WA]
DS =0030 0000000000000000 ffffffff 00cf9300 DPL=0 DS   [-WA]
FS =0030 0000000000000000 ffffffff 00cf9300 DPL=0 DS   [-WA]
GS =0030 0000000000000000 ffffffff 00cf9300 DPL=0 DS   [-WA]
LDT=0000 0000000000000000 0000ffff 00008200 DPL=0 LDT
TR =0000 0000000000000000 0000ffff 00008b00 DPL=0 TSS64-busy
GDT=     000000003f5dc000 00000047
IDT=     000000003efa3018 00000fff
CR0=80010033 CR2=0000000000000000 CR3=000000003f801000 CR4=00000668
DR0=0000000000000000 DR1=0000000000000000 DR2=0000000000000000 DR3=0000000000000000 
DR6=00000000ffff0ff0 DR7=0000000000000400
CCS=0000000000000004 CCD=0000000000001136 CCO=EFLAGS
EFER=0000000000000d00
Servicing hardware INT=0x20
   296: v=20 e=0000 i=0 cpl=0 IP=0038:000000003e6d3862 pc=000000003e6d3862 SP=0030:000000003fe64fe0 env->regs[R_EAX]=0000000000000159
RAX=0000000000000159 RBX=0000000000000064 RCX=000000000000b008 RDX=0000000000e62e61
RSI=0000000000e62fba RDI=000000003e5b40d4 RBP=000000003fe65010 RSP=000000003fe64fe0
R8 =000000003fe64fff R9 =000000000000c042 R10=0000000000000000 R11=0000000000000000
R12=000000000004baf1 R13=0000000000000011 R14=000000000000c040 R15=0000000000000000
RIP=000000003e6d3862 RFL=00000206 [-----P-] CPL=0 II=0 A20=1 SMM=0 HLT=0
ES =0030 0000000000000000 ffffffff 00cf9300 DPL=0 DS   [-WA]
CS =0038 0000000000000000 ffffffff 00af9a00 DPL=0 CS64 [-R-]
SS =0030 0000000000000000 ffffffff 00cf9300 DPL=0 DS   [-WA]
DS =0030 0000000000000000 ffffffff 00cf9300 DPL=0 DS   [-WA]
FS =0030 0000000000000000 ffffffff 00cf9300 DPL=0 DS   [-WA]
GS =0030 0000000000000000 ffffffff 00cf9300 DPL=0 DS   [-WA]
LDT=0000 0000000000000000 0000ffff 00008200 DPL=0 LDT
TR =0000 0000000000000000 0000ffff 00008b00 DPL=0 TSS64-busy
GDT=     000000003f5dc000 00000047
IDT=     000000003efa3018 00000fff
CR0=80010033 CR2=0000000000000000 CR3=000000003f801000 CR4=00000668
DR0=0000000000000000 DR1=0000000000000000 DR2=0000000000000000 DR3=0000000000000000 
DR6=00000000ffff0ff0 DR7=0000000000000400
CCS=0000000000000004 CCD=0000000000000159 CCO=EFLAGS
EFER=0000000000000d00
Servicing hardware INT=0x20
   297: v=20 e=0000 i=0 cpl=0 IP=0038:000000003e6d3862 pc=000000003e6d3862 SP=0030:000000003fe65450 env->regs[R_EAX]=0000000000000149
RAX=0000000000000149 RBX=0000000000000064 RCX=000000000000b008 RDX=0000000000e6dbbf
RSI=0000000000e6dd08 RDI=000000003e5b40d4 RBP=000000003fe65480 RSP=000000003fe65450
R8 =000000003fe6546f R9 =000000000000c042 R10=0000000000000000 R11=0000000000000000
R12=000000000004baf1 R13=0000000000000011 R14=000000000000c040 R15=0000000000000000
RIP=000000003e6d3862 RFL=00000202 [-------] CPL=0 II=0 A20=1 SMM=0 HLT=0
ES =0030 0000000000000000 ffffffff 00cf9300 DPL=0 DS   [-WA]
CS =0038 0000000000000000 ffffffff 00af9a00 DPL=0 CS64 [-R-]
SS =0030 0000000000000000 ffffffff 00cf9300 DPL=0 DS   [-WA]
DS =0030 0000000000000000 ffffffff 00cf9300 DPL=0 DS   [-WA]
FS =0030 0000000000000000 ffffffff 00cf9300 DPL=0 DS   [-WA]
GS =0030 0000000000000000 ffffffff 00cf9300 DPL=0 DS   [-WA]
LDT=0000 0000000000000000 0000ffff 00008200 DPL=0 LDT
TR =0000 0000000000000000 0000ffff 00008b00 DPL=0 TSS64-busy
GDT=     000000003f5dc000 00000047
IDT=     000000003efa3018 00000fff
CR0=80010033 CR2=0000000000000000 CR3=000000003f801000 CR4=00000668
DR0=0000000000000000 DR1=0000000000000000 DR2=0000000000000000 DR3=0000000000000000 
DR6=00000000ffff0ff0 DR7=0000000000000400
CCS=0000000000000000 CCD=0000000000000149 CCO=EFLAGS
EFER=0000000000000d00
Servicing hardware INT=0x20
   298: v=20 e=0000 i=0 cpl=0 IP=0038:000000003ef9f419 pc=000000003ef9f419 SP=0030:000000003fe64990 env->regs[R_EAX]=0000000000000004
RAX=0000000000000004 RBX=000000000000c042 RCX=000000000000c042 RDX=000000000000c042
RSI=0000000000000000 RDI=0000000000000000 RBP=000000003fe649b0 RSP=000000003fe64990
R8 =000000003fe64adf R9 =000000000000c042 R10=0000000000000000 R11=0000000000000000
R12=000000003fe64adf R13=0000000000000001 R14=0000000000000001 R15=0000000000000001
RIP=000000003ef9f419 RFL=00000246 [---Z-P-] CPL=0 II=0 A20=1 SMM=0 HLT=0
ES =0030 0000000000000000 ffffffff 00cf9300 DPL=0 DS   [-WA]
CS =0038 0000000000000000 ffffffff 00af9a00 DPL=0 CS64 [-R-]
SS =0030 0000000000000000 ffffffff 00cf9300 DPL=0 DS   [-WA]
DS =0030 0000000000000000 ffffffff 00cf9300 DPL=0 DS   [-WA]
FS =0030 0000000000000000 ffffffff 00cf9300 DPL=0 DS   [-WA]
GS =0030 0000000000000000 ffffffff 00cf9300 DPL=0 DS   [-WA]
LDT=0000 0000000000000000 0000ffff 00008200 DPL=0 LDT
TR =0000 0000000000000000 0000ffff 00008b00 DPL=0 TSS64-busy
GDT=     000000003f5dc000 00000047
IDT=     000000003efa3018 00000fff
CR0=80010033 CR2=0000000000000000 CR3=000000003f801000 CR4=00000668
DR0=0000000000000000 DR1=0000000000000000 DR2=0000000000000000 DR3=0000000000000000 
DR6=00000000ffff0ff0 DR7=0000000000000400
CCS=0000000000000044 CCD=0000000000000000 CCO=EFLAGS
EFER=0000000000000d00
Servicing hardware INT=0x20
   299: v=20 e=0000 i=0 cpl=0 IP=0038:000000003e71a20a pc=000000003e71a20a SP=0030:000000003fe654f8 env->regs[R_EAX]=0000000000000000
RAX=0000000000000000 RBX=000000003e5be630 RCX=000000003eb6ca80 RDX=0000000000000000
RSI=000000003e5b8718 RDI=000000003e5be630 RBP=000000003fe65620 RSP=000000003fe654f8
R8 =00000000000000af R9 =0000000000000018 R10=000000003de42118 R11=0000000000000000
R12=000000003df56798 R13=0000000000000000 R14=000000003e5be618 R15=0000000000000064
RIP=000000003e71a20a RFL=00000206 [-----P-] CPL=0 II=0 A20=1 SMM=0 HLT=0
ES =0030 0000000000000000 ffffffff 00cf9300 DPL=0 DS   [-WA]
CS =0038 0000000000000000 ffffffff 00af9a00 DPL=0 CS64 [-R-]
SS =0030 0000000000000000 ffffffff 00cf9300 DPL=0 DS   [-WA]
DS =0030 0000000000000000 ffffffff 00cf9300 DPL=0 DS   [-WA]
FS =0030 0000000000000000 ffffffff 00cf9300 DPL=0 DS   [-WA]
GS =0030 0000000000000000 ffffffff 00cf9300 DPL=0 DS   [-WA]
LDT=0000 0000000000000000 0000ffff 00008200 DPL=0 LDT
TR =0000 0000000000000000 0000ffff 00008b00 DPL=0 TSS64-busy
GDT=     000000003f5dc000 00000047
IDT=     000000003efa3018 00000fff
CR0=80010033 CR2=0000000000000000 CR3=000000003f801000 CR4=00000668
DR0=0000000000000000 DR1=0000000000000000 DR2=0000000000000000 DR3=0000000000000000 
DR6=00000000ffff0ff0 DR7=0000000000000400
CCS=0000000000000004 CCD=000000003fe654b8 CCO=EFLAGS
EFER=0000000000000d00
Servicing hardware INT=0x20
   300: v=20 e=0000 i=0 cpl=0 IP=0038:000000003de3c519 pc=000000003de3c519 SP=0030:000000003fe65550 env->regs[R_EAX]=0000000000000000
RAX=0000000000000000 RBX=0000000000000000 RCX=0000000006350001 RDX=0000000000000000
RSI=000000003de51000 RDI=000000003581b76f RBP=000000003fe65619 RSP=000000003fe65550
R8 =0000000006590770 R9 =00000000355db000 R10=000000003fe7285c R11=0000000000000000
R12=0000000000100000 R13=000000003e660320 R14=0000000000000000 R15=0000000000006591
RIP=000000003de3c519 RFL=00010202 [-------] CPL=0 II=0 A20=1 SMM=0 HLT=0
ES =0030 0000000000000000 ffffffff 00cf9300 DPL=0 DS   [-WA]
CS =0038 0000000000000000 ffffffff 00af9a00 DPL=0 CS64 [-R-]
SS =0030 0000000000000000 ffffffff 00cf9300 DPL=0 DS   [-WA]
DS =0030 0000000000000000 ffffffff 00cf9300 DPL=0 DS   [-WA]
FS =0030 0000000000000000 ffffffff 00cf9300 DPL=0 DS   [-WA]
GS =0030 0000000000000000 ffffffff 00cf9300 DPL=0 DS   [-WA]
LDT=0000 0000000000000000 0000ffff 00008200 DPL=0 LDT
TR =0000 0000000000000000 0000ffff 00008b00 DPL=0 TSS64-busy
GDT=     000000003f5dc000 00000047
IDT=     000000003efa3018 00000fff
CR0=80010033 CR2=0000000000000000 CR3=000000003f801000 CR4=00000668
DR0=0000000000000000 DR1=0000000000000000 DR2=0000000000000000 DR3=0000000000000000 
DR6=00000000ffff0ff0 DR7=0000000000000400
CCS=0000000000000000 CCD=0000000006590770 CCO=EFLAGS
EFER=0000000000000d00
Servicing hardware INT=0x20
   301: v=20 e=0000 i=0 cpl=0 IP=0038:000000003de3c519 pc=000000003de3c519 SP=0030:000000003fe65550 env->regs[R_EAX]=0000000000000000
RAX=0000000000000000 RBX=0000000000000000 RCX=0000000005c50001 RDX=0000000000000000
RSI=000000003de51000 RDI=0000000035f1b76f RBP=000000003fe65619 RSP=000000003fe65550
R8 =0000000006590770 R9 =00000000355db000 R10=000000003fe7285c R11=0000000000000000
R12=0000000000100000 R13=000000003e660320 R14=0000000000000000 R15=0000000000006591
RIP=000000003de3c519 RFL=00010202 [-------] CPL=0 II=0 A20=1 SMM=0 HLT=0
ES =0030 0000000000000000 ffffffff 00cf9300 DPL=0 DS   [-WA]
CS =0038 0000000000000000 ffffffff 00af9a00 DPL=0 CS64 [-R-]
SS =0030 0000000000000000 ffffffff 00cf9300 DPL=0 DS   [-WA]
DS =0030 0000000000000000 ffffffff 00cf9300 DPL=0 DS   [-WA]
FS =0030 0000000000000000 ffffffff 00cf9300 DPL=0 DS   [-WA]
GS =0030 0000000000000000 ffffffff 00cf9300 DPL=0 DS   [-WA]
LDT=0000 0000000000000000 0000ffff 00008200 DPL=0 LDT
TR =0000 0000000000000000 0000ffff 00008b00 DPL=0 TSS64-busy
GDT=     000000003f5dc000 00000047
IDT=     000000003efa3018 00000fff
CR0=80010033 CR2=0000000000000000 CR3=000000003f801000 CR4=00000668
DR0=0000000000000000 DR1=0000000000000000 DR2=0000000000000000 DR3=0000000000000000 
DR6=00000000ffff0ff0 DR7=0000000000000400
CCS=0000000000000000 CCD=0000000000000000 CCO=EFLAGS
EFER=0000000000000d00
Servicing hardware INT=0x20
   302: v=20 e=0000 i=0 cpl=0 IP=0038:000000003de3c519 pc=000000003de3c519 SP=0030:000000003fe65550 env->regs[R_EAX]=0000000000000000
RAX=0000000000000000 RBX=0000000000000000 RCX=0000000005300001 RDX=0000000000000000
RSI=000000003de51000 RDI=000000003686b76f RBP=000000003fe65619 RSP=000000003fe65550
R8 =0000000006590770 R9 =00000000355db000 R10=000000003fe7285c R11=0000000000000000
R12=0000000000100000 R13=000000003e660320 R14=0000000000000000 R15=0000000000006591
RIP=000000003de3c519 RFL=00010202 [-------] CPL=0 II=0 A20=1 SMM=0 HLT=0
ES =0030 0000000000000000 ffffffff 00cf9300 DPL=0 DS   [-WA]
CS =0038 0000000000000000 ffffffff 00af9a00 DPL=0 CS64 [-R-]
SS =0030 0000000000000000 ffffffff 00cf9300 DPL=0 DS   [-WA]
DS =0030 0000000000000000 ffffffff 00cf9300 DPL=0 DS   [-WA]
FS =0030 0000000000000000 ffffffff 00cf9300 DPL=0 DS   [-WA]
GS =0030 0000000000000000 ffffffff 00cf9300 DPL=0 DS   [-WA]
LDT=0000 0000000000000000 0000ffff 00008200 DPL=0 LDT
TR =0000 0000000000000000 0000ffff 00008b00 DPL=0 TSS64-busy
GDT=     000000003f5dc000 00000047
IDT=     000000003efa3018 00000fff
CR0=80010033 CR2=0000000000000000 CR3=000000003f801000 CR4=00000668
DR0=0000000000000000 DR1=0000000000000000 DR2=0000000000000000 DR3=0000000000000000 
DR6=00000000ffff0ff0 DR7=0000000000000400
CCS=0000000000000000 CCD=0000000000000000 CCO=EFLAGS
EFER=0000000000000d00
Servicing hardware INT=0x20
   303: v=20 e=0000 i=0 cpl=0 IP=0038:000000003de3c519 pc=000000003de3c519 SP=0030:000000003fe65550 env->regs[R_EAX]=0000000000000000
RAX=0000000000000000 RBX=0000000000000000 RCX=0000000004ab0001 RDX=0000000000000000
RSI=000000003de51000 RDI=00000000370bb76f RBP=000000003fe65619 RSP=000000003fe65550
R8 =0000000006590770 R9 =00000000355db000 R10=000000003fe7285c R11=0000000000000000
R12=0000000000100000 R13=000000003e660320 R14=0000000000000000 R15=0000000000006591
RIP=000000003de3c519 RFL=00010202 [-------] CPL=0 II=0 A20=1 SMM=0 HLT=0
ES =0030 0000000000000000 ffffffff 00cf9300 DPL=0 DS   [-WA]
CS =0038 0000000000000000 ffffffff 00af9a00 DPL=0 CS64 [-R-]
SS =0030 0000000000000000 ffffffff 00cf9300 DPL=0 DS   [-WA]
DS =0030 0000000000000000 ffffffff 00cf9300 DPL=0 DS   [-WA]
FS =0030 0000000000000000 ffffffff 00cf9300 DPL=0 DS   [-WA]
GS =0030 0000000000000000 ffffffff 00cf9300 DPL=0 DS   [-WA]
LDT=0000 0000000000000000 0000ffff 00008200 DPL=0 LDT
TR =0000 0000000000000000 0000ffff 00008b00 DPL=0 TSS64-busy
GDT=     000000003f5dc000 00000047
IDT=     000000003efa3018 00000fff
CR0=80010033 CR2=0000000000000000 CR3=000000003f801000 CR4=00000668
DR0=0000000000000000 DR1=0000000000000000 DR2=0000000000000000 DR3=0000000000000000 
DR6=00000000ffff0ff0 DR7=0000000000000400
CCS=0000000000000000 CCD=0000000000000000 CCO=EFLAGS
EFER=0000000000000d00
Servicing hardware INT=0x20
   304: v=20 e=0000 i=0 cpl=0 IP=0038:000000003de3c519 pc=000000003de3c519 SP=0030:000000003fe65550 env->regs[R_EAX]=0000000000000000
RAX=0000000000000000 RBX=0000000000000000 RCX=00000000041f0001 RDX=0000000000000000
RSI=000000003de51000 RDI=000000003797b76f RBP=000000003fe65619 RSP=000000003fe65550
R8 =0000000006590770 R9 =00000000355db000 R10=000000003fe7285c R11=0000000000000000
R12=0000000000100000 R13=000000003e660320 R14=0000000000000000 R15=0000000000006591
RIP=000000003de3c519 RFL=00010202 [-------] CPL=0 II=0 A20=1 SMM=0 HLT=0
ES =0030 0000000000000000 ffffffff 00cf9300 DPL=0 DS   [-WA]
CS =0038 0000000000000000 ffffffff 00af9a00 DPL=0 CS64 [-R-]
SS =0030 0000000000000000 ffffffff 00cf9300 DPL=0 DS   [-WA]
DS =0030 0000000000000000 ffffffff 00cf9300 DPL=0 DS   [-WA]
FS =0030 0000000000000000 ffffffff 00cf9300 DPL=0 DS   [-WA]
GS =0030 0000000000000000 ffffffff 00cf9300 DPL=0 DS   [-WA]
LDT=0000 0000000000000000 0000ffff 00008200 DPL=0 LDT
TR =0000 0000000000000000 0000ffff 00008b00 DPL=0 TSS64-busy
GDT=     000000003f5dc000 00000047
IDT=     000000003efa3018 00000fff
CR0=80010033 CR2=0000000000000000 CR3=000000003f801000 CR4=00000668
DR0=0000000000000000 DR1=0000000000000000 DR2=0000000000000000 DR3=0000000000000000 
DR6=00000000ffff0ff0 DR7=0000000000000400
CCS=0000000000000000 CCD=0000000000000000 CCO=EFLAGS
EFER=0000000000000d00
Servicing hardware INT=0x20
   305: v=20 e=0000 i=0 cpl=0 IP=0038:000000003de3c519 pc=000000003de3c519 SP=0030:000000003fe65550 env->regs[R_EAX]=0000000000000000
RAX=0000000000000000 RBX=0000000000000000 RCX=0000000003980001 RDX=0000000000000000
RSI=000000003de51000 RDI=00000000381eb76f RBP=000000003fe65619 RSP=000000003fe65550
R8 =0000000006590770 R9 =00000000355db000 R10=000000003fe7285c R11=0000000000000000
R12=0000000000100000 R13=000000003e660320 R14=0000000000000000 R15=0000000000006591
RIP=000000003de3c519 RFL=00010202 [-------] CPL=0 II=0 A20=1 SMM=0 HLT=0
ES =0030 0000000000000000 ffffffff 00cf9300 DPL=0 DS   [-WA]
CS =0038 0000000000000000 ffffffff 00af9a00 DPL=0 CS64 [-R-]
SS =0030 0000000000000000 ffffffff 00cf9300 DPL=0 DS   [-WA]
DS =0030 0000000000000000 ffffffff 00cf9300 DPL=0 DS   [-WA]
FS =0030 0000000000000000 ffffffff 00cf9300 DPL=0 DS   [-WA]
GS =0030 0000000000000000 ffffffff 00cf9300 DPL=0 DS   [-WA]
LDT=0000 0000000000000000 0000ffff 00008200 DPL=0 LDT
TR =0000 0000000000000000 0000ffff 00008b00 DPL=0 TSS64-busy
GDT=     000000003f5dc000 00000047
IDT=     000000003efa3018 00000fff
CR0=80010033 CR2=0000000000000000 CR3=000000003f801000 CR4=00000668
DR0=0000000000000000 DR1=0000000000000000 DR2=0000000000000000 DR3=0000000000000000 
DR6=00000000ffff0ff0 DR7=0000000000000400
CCS=0000000000000000 CCD=0000000000000000 CCO=EFLAGS
EFER=0000000000000d00
Servicing hardware INT=0x20
   306: v=20 e=0000 i=0 cpl=0 IP=0038:000000003de3c519 pc=000000003de3c519 SP=0030:000000003fe65550 env->regs[R_EAX]=0000000000000000
RAX=0000000000000000 RBX=0000000000000000 RCX=00000000037f0001 RDX=0000000000000000
RSI=000000003de51000 RDI=000000003837b76f RBP=000000003fe65619 RSP=000000003fe65550
R8 =0000000006590770 R9 =00000000355db000 R10=000000003fe7285c R11=0000000000000000
R12=0000000000100000 R13=000000003e660320 R14=0000000000000000 R15=0000000000006591
RIP=000000003de3c519 RFL=00010202 [-------] CPL=0 II=0 A20=1 SMM=0 HLT=0
ES =0030 0000000000000000 ffffffff 00cf9300 DPL=0 DS   [-WA]
CS =0038 0000000000000000 ffffffff 00af9a00 DPL=0 CS64 [-R-]
SS =0030 0000000000000000 ffffffff 00cf9300 DPL=0 DS   [-WA]
DS =0030 0000000000000000 ffffffff 00cf9300 DPL=0 DS   [-WA]
FS =0030 0000000000000000 ffffffff 00cf9300 DPL=0 DS   [-WA]
GS =0030 0000000000000000 ffffffff 00cf9300 DPL=0 DS   [-WA]
LDT=0000 0000000000000000 0000ffff 00008200 DPL=0 LDT
TR =0000 0000000000000000 0000ffff 00008b00 DPL=0 TSS64-busy
GDT=     000000003f5dc000 00000047
IDT=     000000003efa3018 00000fff
CR0=80010033 CR2=0000000000000000 CR3=000000003f801000 CR4=00000668
DR0=0000000000000000 DR1=0000000000000000 DR2=0000000000000000 DR3=0000000000000000 
DR6=00000000ffff0ff0 DR7=0000000000000400
CCS=0000000000000000 CCD=0000000000000000 CCO=EFLAGS
EFER=0000000000000d00
Servicing hardware INT=0x20
   307: v=20 e=0000 i=0 cpl=0 IP=0038:000000003de3c519 pc=000000003de3c519 SP=0030:000000003fe65550 env->regs[R_EAX]=0000000000000000
RAX=0000000000000000 RBX=0000000000000000 RCX=0000000003330001 RDX=0000000000000000
RSI=000000003de51000 RDI=000000003883b76f RBP=000000003fe65619 RSP=000000003fe65550
R8 =0000000006590770 R9 =00000000355db000 R10=000000003fe7285c R11=0000000000000000
R12=0000000000100000 R13=000000003e660320 R14=0000000000000000 R15=0000000000006591
RIP=000000003de3c519 RFL=00010202 [-------] CPL=0 II=0 A20=1 SMM=0 HLT=0
ES =0030 0000000000000000 ffffffff 00cf9300 DPL=0 DS   [-WA]
CS =0038 0000000000000000 ffffffff 00af9a00 DPL=0 CS64 [-R-]
SS =0030 0000000000000000 ffffffff 00cf9300 DPL=0 DS   [-WA]
DS =0030 0000000000000000 ffffffff 00cf9300 DPL=0 DS   [-WA]
FS =0030 0000000000000000 ffffffff 00cf9300 DPL=0 DS   [-WA]
GS =0030 0000000000000000 ffffffff 00cf9300 DPL=0 DS   [-WA]
LDT=0000 0000000000000000 0000ffff 00008200 DPL=0 LDT
TR =0000 0000000000000000 0000ffff 00008b00 DPL=0 TSS64-busy
GDT=     000000003f5dc000 00000047
IDT=     000000003efa3018 00000fff
CR0=80010033 CR2=0000000000000000 CR3=000000003f801000 CR4=00000668
DR0=0000000000000000 DR1=0000000000000000 DR2=0000000000000000 DR3=0000000000000000 
DR6=00000000ffff0ff0 DR7=0000000000000400
CCS=0000000000000000 CCD=0000000000000000 CCO=EFLAGS
EFER=0000000000000d00
Servicing hardware INT=0x20
   308: v=20 e=0000 i=0 cpl=0 IP=0038:000000003de3c519 pc=000000003de3c519 SP=0030:000000003fe65550 env->regs[R_EAX]=0000000000000000
RAX=0000000000000000 RBX=0000000000000000 RCX=0000000002e10001 RDX=0000000000000000
RSI=000000003de51000 RDI=0000000038d5b76f RBP=000000003fe65619 RSP=000000003fe65550
R8 =0000000006590770 R9 =00000000355db000 R10=000000003fe7285c R11=0000000000000000
R12=0000000000100000 R13=000000003e660320 R14=0000000000000000 R15=0000000000006591
RIP=000000003de3c519 RFL=00010202 [-------] CPL=0 II=0 A20=1 SMM=0 HLT=0
ES =0030 0000000000000000 ffffffff 00cf9300 DPL=0 DS   [-WA]
CS =0038 0000000000000000 ffffffff 00af9a00 DPL=0 CS64 [-R-]
SS =0030 0000000000000000 ffffffff 00cf9300 DPL=0 DS   [-WA]
DS =0030 0000000000000000 ffffffff 00cf9300 DPL=0 DS   [-WA]
FS =0030 0000000000000000 ffffffff 00cf9300 DPL=0 DS   [-WA]
GS =0030 0000000000000000 ffffffff 00cf9300 DPL=0 DS   [-WA]
LDT=0000 0000000000000000 0000ffff 00008200 DPL=0 LDT
TR =0000 0000000000000000 0000ffff 00008b00 DPL=0 TSS64-busy
GDT=     000000003f5dc000 00000047
IDT=     000000003efa3018 00000fff
CR0=80010033 CR2=0000000000000000 CR3=000000003f801000 CR4=00000668
DR0=0000000000000000 DR1=0000000000000000 DR2=0000000000000000 DR3=0000000000000000 
DR6=00000000ffff0ff0 DR7=0000000000000400
CCS=0000000000000000 CCD=0000000000000000 CCO=EFLAGS
EFER=0000000000000d00
Servicing hardware INT=0x20
   309: v=20 e=0000 i=0 cpl=0 IP=0038:000000003de3c519 pc=000000003de3c519 SP=0030:000000003fe65550 env->regs[R_EAX]=0000000000000000
RAX=0000000000000000 RBX=0000000000000000 RCX=0000000002a20001 RDX=0000000000000000
RSI=000000003de51000 RDI=000000003914b76f RBP=000000003fe65619 RSP=000000003fe65550
R8 =0000000006590770 R9 =00000000355db000 R10=000000003fe7285c R11=0000000000000000
R12=0000000000100000 R13=000000003e660320 R14=0000000000000000 R15=0000000000006591
RIP=000000003de3c519 RFL=00010202 [-------] CPL=0 II=0 A20=1 SMM=0 HLT=0
ES =0030 0000000000000000 ffffffff 00cf9300 DPL=0 DS   [-WA]
CS =0038 0000000000000000 ffffffff 00af9a00 DPL=0 CS64 [-R-]
SS =0030 0000000000000000 ffffffff 00cf9300 DPL=0 DS   [-WA]
DS =0030 0000000000000000 ffffffff 00cf9300 DPL=0 DS   [-WA]
FS =0030 0000000000000000 ffffffff 00cf9300 DPL=0 DS   [-WA]
GS =0030 0000000000000000 ffffffff 00cf9300 DPL=0 DS   [-WA]
LDT=0000 0000000000000000 0000ffff 00008200 DPL=0 LDT
TR =0000 0000000000000000 0000ffff 00008b00 DPL=0 TSS64-busy
GDT=     000000003f5dc000 00000047
IDT=     000000003efa3018 00000fff
CR0=80010033 CR2=0000000000000000 CR3=000000003f801000 CR4=00000668
DR0=0000000000000000 DR1=0000000000000000 DR2=0000000000000000 DR3=0000000000000000 
DR6=00000000ffff0ff0 DR7=0000000000000400
CCS=0000000000000000 CCD=0000000000000000 CCO=EFLAGS
EFER=0000000000000d00
Servicing hardware INT=0x20
   310: v=20 e=0000 i=0 cpl=0 IP=0038:000000003de3c519 pc=000000003de3c519 SP=0030:000000003fe65550 env->regs[R_EAX]=0000000000000000
RAX=0000000000000000 RBX=0000000000000000 RCX=0000000002740001 RDX=0000000000000000
RSI=000000003de51000 RDI=000000003942b76f RBP=000000003fe65619 RSP=000000003fe65550
R8 =0000000006590770 R9 =00000000355db000 R10=000000003fe7285c R11=0000000000000000
R12=0000000000100000 R13=000000003e660320 R14=0000000000000000 R15=0000000000006591
RIP=000000003de3c519 RFL=00010202 [-------] CPL=0 II=0 A20=1 SMM=0 HLT=0
ES =0030 0000000000000000 ffffffff 00cf9300 DPL=0 DS   [-WA]
CS =0038 0000000000000000 ffffffff 00af9a00 DPL=0 CS64 [-R-]
SS =0030 0000000000000000 ffffffff 00cf9300 DPL=0 DS   [-WA]
DS =0030 0000000000000000 ffffffff 00cf9300 DPL=0 DS   [-WA]
FS =0030 0000000000000000 ffffffff 00cf9300 DPL=0 DS   [-WA]
GS =0030 0000000000000000 ffffffff 00cf9300 DPL=0 DS   [-WA]
LDT=0000 0000000000000000 0000ffff 00008200 DPL=0 LDT
TR =0000 0000000000000000 0000ffff 00008b00 DPL=0 TSS64-busy
GDT=     000000003f5dc000 00000047
IDT=     000000003efa3018 00000fff
CR0=80010033 CR2=0000000000000000 CR3=000000003f801000 CR4=00000668
DR0=0000000000000000 DR1=0000000000000000 DR2=0000000000000000 DR3=0000000000000000 
DR6=00000000ffff0ff0 DR7=0000000000000400
CCS=0000000000000000 CCD=0000000000000000 CCO=EFLAGS
EFER=0000000000000d00
Servicing hardware INT=0x20
   311: v=20 e=0000 i=0 cpl=0 IP=0038:000000003de3c519 pc=000000003de3c519 SP=0030:000000003fe65550 env->regs[R_EAX]=0000000000000000
RAX=0000000000000000 RBX=0000000000000000 RCX=00000000022e0001 RDX=0000000000000000
RSI=000000003de51000 RDI=000000003988b76f RBP=000000003fe65619 RSP=000000003fe65550
R8 =0000000006590770 R9 =00000000355db000 R10=000000003fe7285c R11=0000000000000000
R12=0000000000100000 R13=000000003e660320 R14=0000000000000000 R15=0000000000006591
RIP=000000003de3c519 RFL=00010202 [-------] CPL=0 II=0 A20=1 SMM=0 HLT=0
ES =0030 0000000000000000 ffffffff 00cf9300 DPL=0 DS   [-WA]
CS =0038 0000000000000000 ffffffff 00af9a00 DPL=0 CS64 [-R-]
SS =0030 0000000000000000 ffffffff 00cf9300 DPL=0 DS   [-WA]
DS =0030 0000000000000000 ffffffff 00cf9300 DPL=0 DS   [-WA]
FS =0030 0000000000000000 ffffffff 00cf9300 DPL=0 DS   [-WA]
GS =0030 0000000000000000 ffffffff 00cf9300 DPL=0 DS   [-WA]
LDT=0000 0000000000000000 0000ffff 00008200 DPL=0 LDT
TR =0000 0000000000000000 0000ffff 00008b00 DPL=0 TSS64-busy
GDT=     000000003f5dc000 00000047
IDT=     000000003efa3018 00000fff
CR0=80010033 CR2=0000000000000000 CR3=000000003f801000 CR4=00000668
DR0=0000000000000000 DR1=0000000000000000 DR2=0000000000000000 DR3=0000000000000000 
DR6=00000000ffff0ff0 DR7=0000000000000400
CCS=0000000000000000 CCD=0000000000000000 CCO=EFLAGS
EFER=0000000000000d00
Servicing hardware INT=0x20
   312: v=20 e=0000 i=0 cpl=0 IP=0038:000000003de3c519 pc=000000003de3c519 SP=0030:000000003fe65550 env->regs[R_EAX]=0000000000000000
RAX=0000000000000000 RBX=0000000000000000 RCX=0000000001de0001 RDX=0000000000000000
RSI=000000003de51000 RDI=0000000039d8b76f RBP=000000003fe65619 RSP=000000003fe65550
R8 =0000000006590770 R9 =00000000355db000 R10=000000003fe7285c R11=0000000000000000
R12=0000000000100000 R13=000000003e660320 R14=0000000000000000 R15=0000000000006591
RIP=000000003de3c519 RFL=00010202 [-------] CPL=0 II=0 A20=1 SMM=0 HLT=0
ES =0030 0000000000000000 ffffffff 00cf9300 DPL=0 DS   [-WA]
CS =0038 0000000000000000 ffffffff 00af9a00 DPL=0 CS64 [-R-]
SS =0030 0000000000000000 ffffffff 00cf9300 DPL=0 DS   [-WA]
DS =0030 0000000000000000 ffffffff 00cf9300 DPL=0 DS   [-WA]
FS =0030 0000000000000000 ffffffff 00cf9300 DPL=0 DS   [-WA]
GS =0030 0000000000000000 ffffffff 00cf9300 DPL=0 DS   [-WA]
LDT=0000 0000000000000000 0000ffff 00008200 DPL=0 LDT
TR =0000 0000000000000000 0000ffff 00008b00 DPL=0 TSS64-busy
GDT=     000000003f5dc000 00000047
IDT=     000000003efa3018 00000fff
CR0=80010033 CR2=0000000000000000 CR3=000000003f801000 CR4=00000668
DR0=0000000000000000 DR1=0000000000000000 DR2=0000000000000000 DR3=0000000000000000 
DR6=00000000ffff0ff0 DR7=0000000000000400
CCS=0000000000000000 CCD=0000000000000000 CCO=EFLAGS
EFER=0000000000000d00
Servicing hardware INT=0x20
   313: v=20 e=0000 i=0 cpl=0 IP=0038:000000003de3c519 pc=000000003de3c519 SP=0030:000000003fe65550 env->regs[R_EAX]=0000000000000000
RAX=0000000000000000 RBX=0000000000000000 RCX=00000000018e0001 RDX=0000000000000000
RSI=000000003de51000 RDI=000000003a28b76f RBP=000000003fe65619 RSP=000000003fe65550
R8 =0000000006590770 R9 =00000000355db000 R10=000000003fe7285c R11=0000000000000000
R12=0000000000100000 R13=000000003e660320 R14=0000000000000000 R15=0000000000006591
RIP=000000003de3c519 RFL=00010202 [-------] CPL=0 II=0 A20=1 SMM=0 HLT=0
ES =0030 0000000000000000 ffffffff 00cf9300 DPL=0 DS   [-WA]
CS =0038 0000000000000000 ffffffff 00af9a00 DPL=0 CS64 [-R-]
SS =0030 0000000000000000 ffffffff 00cf9300 DPL=0 DS   [-WA]
DS =0030 0000000000000000 ffffffff 00cf9300 DPL=0 DS   [-WA]
FS =0030 0000000000000000 ffffffff 00cf9300 DPL=0 DS   [-WA]
GS =0030 0000000000000000 ffffffff 00cf9300 DPL=0 DS   [-WA]
LDT=0000 0000000000000000 0000ffff 00008200 DPL=0 LDT
TR =0000 0000000000000000 0000ffff 00008b00 DPL=0 TSS64-busy
GDT=     000000003f5dc000 00000047
IDT=     000000003efa3018 00000fff
CR0=80010033 CR2=0000000000000000 CR3=000000003f801000 CR4=00000668
DR0=0000000000000000 DR1=0000000000000000 DR2=0000000000000000 DR3=0000000000000000 
DR6=00000000ffff0ff0 DR7=0000000000000400
CCS=0000000000000000 CCD=0000000000000000 CCO=EFLAGS
EFER=0000000000000d00
Servicing hardware INT=0x20
   314: v=20 e=0000 i=0 cpl=0 IP=0038:000000003de3c519 pc=000000003de3c519 SP=0030:000000003fe65550 env->regs[R_EAX]=0000000000000000
RAX=0000000000000000 RBX=0000000000000000 RCX=0000000001350001 RDX=0000000000000000
RSI=000000003de51000 RDI=000000003a81b76f RBP=000000003fe65619 RSP=000000003fe65550
R8 =0000000006590770 R9 =00000000355db000 R10=000000003fe7285c R11=0000000000000000
R12=0000000000100000 R13=000000003e660320 R14=0000000000000000 R15=0000000000006591
RIP=000000003de3c519 RFL=00010202 [-------] CPL=0 II=0 A20=1 SMM=0 HLT=0
ES =0030 0000000000000000 ffffffff 00cf9300 DPL=0 DS   [-WA]
CS =0038 0000000000000000 ffffffff 00af9a00 DPL=0 CS64 [-R-]
SS =0030 0000000000000000 ffffffff 00cf9300 DPL=0 DS   [-WA]
DS =0030 0000000000000000 ffffffff 00cf9300 DPL=0 DS   [-WA]
FS =0030 0000000000000000 ffffffff 00cf9300 DPL=0 DS   [-WA]
GS =0030 0000000000000000 ffffffff 00cf9300 DPL=0 DS   [-WA]
LDT=0000 0000000000000000 0000ffff 00008200 DPL=0 LDT
TR =0000 0000000000000000 0000ffff 00008b00 DPL=0 TSS64-busy
GDT=     000000003f5dc000 00000047
IDT=     000000003efa3018 00000fff
CR0=80010033 CR2=0000000000000000 CR3=000000003f801000 CR4=00000668
DR0=0000000000000000 DR1=0000000000000000 DR2=0000000000000000 DR3=0000000000000000 
DR6=00000000ffff0ff0 DR7=0000000000000400
CCS=0000000000000000 CCD=0000000000000000 CCO=EFLAGS
EFER=0000000000000d00
Servicing hardware INT=0x20
   315: v=20 e=0000 i=0 cpl=0 IP=0038:000000003de3c519 pc=000000003de3c519 SP=0030:000000003fe65550 env->regs[R_EAX]=0000000000000000
RAX=0000000000000000 RBX=0000000000000000 RCX=0000000000da0001 RDX=0000000000000000
RSI=000000003de51000 RDI=000000003adcb76f RBP=000000003fe65619 RSP=000000003fe65550
R8 =0000000006590770 R9 =00000000355db000 R10=000000003fe7285c R11=0000000000000000
R12=0000000000100000 R13=000000003e660320 R14=0000000000000000 R15=0000000000006591
RIP=000000003de3c519 RFL=00010202 [-------] CPL=0 II=0 A20=1 SMM=0 HLT=0
ES =0030 0000000000000000 ffffffff 00cf9300 DPL=0 DS   [-WA]
CS =0038 0000000000000000 ffffffff 00af9a00 DPL=0 CS64 [-R-]
SS =0030 0000000000000000 ffffffff 00cf9300 DPL=0 DS   [-WA]
DS =0030 0000000000000000 ffffffff 00cf9300 DPL=0 DS   [-WA]
FS =0030 0000000000000000 ffffffff 00cf9300 DPL=0 DS   [-WA]
GS =0030 0000000000000000 ffffffff 00cf9300 DPL=0 DS   [-WA]
LDT=0000 0000000000000000 0000ffff 00008200 DPL=0 LDT
TR =0000 0000000000000000 0000ffff 00008b00 DPL=0 TSS64-busy
GDT=     000000003f5dc000 00000047
IDT=     000000003efa3018 00000fff
CR0=80010033 CR2=0000000000000000 CR3=000000003f801000 CR4=00000668
DR0=0000000000000000 DR1=0000000000000000 DR2=0000000000000000 DR3=0000000000000000 
DR6=00000000ffff0ff0 DR7=0000000000000400
CCS=0000000000000000 CCD=0000000000000000 CCO=EFLAGS
EFER=0000000000000d00
Servicing hardware INT=0x20
   316: v=20 e=0000 i=0 cpl=0 IP=0038:000000003de3c519 pc=000000003de3c519 SP=0030:000000003fe65550 env->regs[R_EAX]=0000000000000000
RAX=0000000000000000 RBX=0000000000000000 RCX=0000000000840001 RDX=0000000000000000
RSI=000000003de51000 RDI=000000003b32b76f RBP=000000003fe65619 RSP=000000003fe65550
R8 =0000000006590770 R9 =00000000355db000 R10=000000003fe7285c R11=0000000000000000
R12=0000000000100000 R13=000000003e660320 R14=0000000000000000 R15=0000000000006591
RIP=000000003de3c519 RFL=00010202 [-------] CPL=0 II=0 A20=1 SMM=0 HLT=0
ES =0030 0000000000000000 ffffffff 00cf9300 DPL=0 DS   [-WA]
CS =0038 0000000000000000 ffffffff 00af9a00 DPL=0 CS64 [-R-]
SS =0030 0000000000000000 ffffffff 00cf9300 DPL=0 DS   [-WA]
DS =0030 0000000000000000 ffffffff 00cf9300 DPL=0 DS   [-WA]
FS =0030 0000000000000000 ffffffff 00cf9300 DPL=0 DS   [-WA]
GS =0030 0000000000000000 ffffffff 00cf9300 DPL=0 DS   [-WA]
LDT=0000 0000000000000000 0000ffff 00008200 DPL=0 LDT
TR =0000 0000000000000000 0000ffff 00008b00 DPL=0 TSS64-busy
GDT=     000000003f5dc000 00000047
IDT=     000000003efa3018 00000fff
CR0=80010033 CR2=0000000000000000 CR3=000000003f801000 CR4=00000668
DR0=0000000000000000 DR1=0000000000000000 DR2=0000000000000000 DR3=0000000000000000 
DR6=00000000ffff0ff0 DR7=0000000000000400
CCS=0000000000000000 CCD=0000000000000000 CCO=EFLAGS
EFER=0000000000000d00
Servicing hardware INT=0x20
   317: v=20 e=0000 i=0 cpl=0 IP=0038:000000003de3c519 pc=000000003de3c519 SP=0030:000000003fe65550 env->regs[R_EAX]=0000000000000000
RAX=0000000000000000 RBX=0000000000000000 RCX=0000000000300001 RDX=0000000000000000
RSI=000000003de51000 RDI=000000003b86b76f RBP=000000003fe65619 RSP=000000003fe65550
R8 =0000000006590770 R9 =00000000355db000 R10=000000003fe7285c R11=0000000000000000
R12=0000000000100000 R13=000000003e660320 R14=0000000000000000 R15=0000000000006591
RIP=000000003de3c519 RFL=00010202 [-------] CPL=0 II=0 A20=1 SMM=0 HLT=0
ES =0030 0000000000000000 ffffffff 00cf9300 DPL=0 DS   [-WA]
CS =0038 0000000000000000 ffffffff 00af9a00 DPL=0 CS64 [-R-]
SS =0030 0000000000000000 ffffffff 00cf9300 DPL=0 DS   [-WA]
DS =0030 0000000000000000 ffffffff 00cf9300 DPL=0 DS   [-WA]
FS =0030 0000000000000000 ffffffff 00cf9300 DPL=0 DS   [-WA]
GS =0030 0000000000000000 ffffffff 00cf9300 DPL=0 DS   [-WA]
LDT=0000 0000000000000000 0000ffff 00008200 DPL=0 LDT
TR =0000 0000000000000000 0000ffff 00008b00 DPL=0 TSS64-busy
GDT=     000000003f5dc000 00000047
IDT=     000000003efa3018 00000fff
CR0=80010033 CR2=0000000000000000 CR3=000000003f801000 CR4=00000668
DR0=0000000000000000 DR1=0000000000000000 DR2=0000000000000000 DR3=0000000000000000 
DR6=00000000ffff0ff0 DR7=0000000000000400
CCS=0000000000000000 CCD=0000000000000000 CCO=EFLAGS
EFER=0000000000000d00
Servicing hardware INT=0x20
   318: v=20 e=0000 i=0 cpl=0 IP=0038:000000003e6d8fb1 pc=000000003e6d8fb1 SP=0030:000000003fe64db0 env->regs[R_EAX]=0000000000010000
RAX=0000000000010000 RBX=000000003e666028 RCX=0000000000000000 RDX=00000000355e4000
RSI=0000000000000000 RDI=000000003e5b40d4 RBP=000000003fe64e80 RSP=000000003fe64db0
R8 =00000000355e4000 R9 =000000003fe64e30 R10=00000000355e4000 R11=00000000355e4000
R12=00000000355e4000 R13=0000000000000011 R14=000000000000c040 R15=000000003de30008
RIP=000000003e6d8fb1 RFL=00000206 [-----P-] CPL=0 II=0 A20=1 SMM=0 HLT=0
ES =0030 0000000000000000 ffffffff 00cf9300 DPL=0 DS   [-WA]
CS =0038 0000000000000000 ffffffff 00af9a00 DPL=0 CS64 [-R-]
SS =0030 0000000000000000 ffffffff 00cf9300 DPL=0 DS   [-WA]
DS =0030 0000000000000000 ffffffff 00cf9300 DPL=0 DS   [-WA]
FS =0030 0000000000000000 ffffffff 00cf9300 DPL=0 DS   [-WA]
GS =0030 0000000000000000 ffffffff 00cf9300 DPL=0 DS   [-WA]
LDT=0000 0000000000000000 0000ffff 00008200 DPL=0 LDT
TR =0000 0000000000000000 0000ffff 00008b00 DPL=0 TSS64-busy
GDT=     000000003f5dc000 00000047
IDT=     000000003efa3018 00000fff
CR0=80010033 CR2=0000000000000000 CR3=000000003f801000 CR4=00000668
DR0=0000000000000000 DR1=0000000000000000 DR2=0000000000000000 DR3=0000000000000000 
DR6=00000000ffff0ff0 DR7=0000000000000400
CCS=0000000000000004 CCD=0000000000010000 CCO=EFLAGS
EFER=0000000000000d00
Servicing hardware INT=0x20
   319: v=20 e=0000 i=0 cpl=0 IP=0038:000000003e6d3862 pc=000000003e6d3862 SP=0030:000000003fe64d70 env->regs[R_EAX]=0000000000001c1b
RAX=0000000000001c1b RBX=0000000000002710 RCX=000000000000b008 RDX=0000000000f4f0f8
RSI=0000000000f50d13 RDI=000000003e5b40d4 RBP=000000003fe64da0 RSP=000000003fe64d70
R8 =000000003fe64dc0 R9 =00000000000003f6 R10=0000000000000000 R11=0000000000000000
R12=000000000000c042 R13=0000000000000011 R14=000000000000c040 R15=0000000000000000
RIP=000000003e6d3862 RFL=00000206 [-----P-] CPL=0 II=0 A20=1 SMM=0 HLT=0
ES =0030 0000000000000000 ffffffff 00cf9300 DPL=0 DS   [-WA]
CS =0038 0000000000000000 ffffffff 00af9a00 DPL=0 CS64 [-R-]
SS =0030 0000000000000000 ffffffff 00cf9300 DPL=0 DS   [-WA]
DS =0030 0000000000000000 ffffffff 00cf9300 DPL=0 DS   [-WA]
FS =0030 0000000000000000 ffffffff 00cf9300 DPL=0 DS   [-WA]
GS =0030 0000000000000000 ffffffff 00cf9300 DPL=0 DS   [-WA]
LDT=0000 0000000000000000 0000ffff 00008200 DPL=0 LDT
TR =0000 0000000000000000 0000ffff 00008b00 DPL=0 TSS64-busy
GDT=     000000003f5dc000 00000047
IDT=     000000003efa3018 00000fff
CR0=80010033 CR2=0000000000000000 CR3=000000003f801000 CR4=00000668
DR0=0000000000000000 DR1=0000000000000000 DR2=0000000000000000 DR3=0000000000000000 
DR6=00000000ffff0ff0 DR7=0000000000000400
CCS=0000000000000004 CCD=0000000000001c1b CCO=EFLAGS
EFER=0000000000000d00
Servicing hardware INT=0x20
   320: v=20 e=0000 i=0 cpl=0 IP=0038:000000003e6d3862 pc=000000003e6d3862 SP=0030:000000003fe64d70 env->regs[R_EAX]=0000000000002cbd
RAX=0000000000002cbd RBX=0000000000002710 RCX=000000000000b008 RDX=0000000000f57ced
RSI=0000000000f5a9aa RDI=000000003e5b40d4 RBP=000000003fe64da0 RSP=000000003fe64d70
R8 =000000003fe64dc0 R9 =00000000000003f6 R10=0000000000000000 R11=0000000000000000
R12=000000000000c042 R13=0000000000000011 R14=000000000000c040 R15=0000000000000000
RIP=000000003e6d3862 RFL=00000206 [-----P-] CPL=0 II=0 A20=1 SMM=0 HLT=0
ES =0030 0000000000000000 ffffffff 00cf9300 DPL=0 DS   [-WA]
CS =0038 0000000000000000 ffffffff 00af9a00 DPL=0 CS64 [-R-]
SS =0030 0000000000000000 ffffffff 00cf9300 DPL=0 DS   [-WA]
DS =0030 0000000000000000 ffffffff 00cf9300 DPL=0 DS   [-WA]
FS =0030 0000000000000000 ffffffff 00cf9300 DPL=0 DS   [-WA]
GS =0030 0000000000000000 ffffffff 00cf9300 DPL=0 DS   [-WA]
LDT=0000 0000000000000000 0000ffff 00008200 DPL=0 LDT
TR =0000 0000000000000000 0000ffff 00008b00 DPL=0 TSS64-busy
GDT=     000000003f5dc000 00000047
IDT=     000000003efa3018 00000fff
CR0=80010033 CR2=0000000000000000 CR3=000000003f801000 CR4=00000668
DR0=0000000000000000 DR1=0000000000000000 DR2=0000000000000000 DR3=0000000000000000 
DR6=00000000ffff0ff0 DR7=0000000000000400
CCS=0000000000000004 CCD=0000000000002cbd CCO=EFLAGS
EFER=0000000000000d00
Servicing hardware INT=0x20
   321: v=20 e=0000 i=0 cpl=0 IP=0038:000000003e6d3862 pc=000000003e6d3862 SP=0030:000000003fe64d70 env->regs[R_EAX]=000000000000435a
RAX=000000000000435a RBX=0000000000002710 RCX=000000000000b008 RDX=0000000000f6021a
RSI=0000000000f64574 RDI=000000003e5b40d4 RBP=000000003fe64da0 RSP=000000003fe64d70
R8 =000000003fe64dc0 R9 =00000000000003f6 R10=0000000000000000 R11=0000000000000000
R12=000000000000c042 R13=0000000000000011 R14=000000000000c040 R15=0000000000000000
RIP=000000003e6d3862 RFL=00000206 [-----P-] CPL=0 II=0 A20=1 SMM=0 HLT=0
ES =0030 0000000000000000 ffffffff 00cf9300 DPL=0 DS   [-WA]
CS =0038 0000000000000000 ffffffff 00af9a00 DPL=0 CS64 [-R-]
SS =0030 0000000000000000 ffffffff 00cf9300 DPL=0 DS   [-WA]
DS =0030 0000000000000000 ffffffff 00cf9300 DPL=0 DS   [-WA]
FS =0030 0000000000000000 ffffffff 00cf9300 DPL=0 DS   [-WA]
GS =0030 0000000000000000 ffffffff 00cf9300 DPL=0 DS   [-WA]
LDT=0000 0000000000000000 0000ffff 00008200 DPL=0 LDT
TR =0000 0000000000000000 0000ffff 00008b00 DPL=0 TSS64-busy
GDT=     000000003f5dc000 00000047
IDT=     000000003efa3018 00000fff
CR0=80010033 CR2=0000000000000000 CR3=000000003f801000 CR4=00000668
DR0=0000000000000000 DR1=0000000000000000 DR2=0000000000000000 DR3=0000000000000000 
DR6=00000000ffff0ff0 DR7=0000000000000400
CCS=0000000000000004 CCD=000000000000435a CCO=EFLAGS
EFER=0000000000000d00
Servicing hardware INT=0x20
   322: v=20 e=0000 i=0 cpl=0 IP=0038:000000003e6d3862 pc=000000003e6d3862 SP=0030:000000003fe64d70 env->regs[R_EAX]=00000000000052ac
RAX=00000000000052ac RBX=0000000000002710 RCX=000000000000b008 RDX=0000000000f68e33
RSI=0000000000f6e0df RDI=000000003e5b40d4 RBP=000000003fe64da0 RSP=000000003fe64d70
R8 =000000003fe64dc0 R9 =00000000000003f6 R10=0000000000000000 R11=0000000000000000
R12=000000000000c042 R13=0000000000000011 R14=000000000000c040 R15=0000000000000000
RIP=000000003e6d3862 RFL=00000206 [-----P-] CPL=0 II=0 A20=1 SMM=0 HLT=0
ES =0030 0000000000000000 ffffffff 00cf9300 DPL=0 DS   [-WA]
CS =0038 0000000000000000 ffffffff 00af9a00 DPL=0 CS64 [-R-]
SS =0030 0000000000000000 ffffffff 00cf9300 DPL=0 DS   [-WA]
DS =0030 0000000000000000 ffffffff 00cf9300 DPL=0 DS   [-WA]
FS =0030 0000000000000000 ffffffff 00cf9300 DPL=0 DS   [-WA]
GS =0030 0000000000000000 ffffffff 00cf9300 DPL=0 DS   [-WA]
LDT=0000 0000000000000000 0000ffff 00008200 DPL=0 LDT
TR =0000 0000000000000000 0000ffff 00008b00 DPL=0 TSS64-busy
GDT=     000000003f5dc000 00000047
IDT=     000000003efa3018 00000fff
CR0=80010033 CR2=0000000000000000 CR3=000000003f801000 CR4=00000668
DR0=0000000000000000 DR1=0000000000000000 DR2=0000000000000000 DR3=0000000000000000 
DR6=00000000ffff0ff0 DR7=0000000000000400
CCS=0000000000000004 CCD=00000000000052ac CCO=EFLAGS
EFER=0000000000000d00
Servicing hardware INT=0x20
   323: v=20 e=0000 i=0 cpl=0 IP=0038:000000003e6d3862 pc=000000003e6d3862 SP=0030:000000003fe64d70 env->regs[R_EAX]=0000000000005b75
RAX=0000000000005b75 RBX=0000000000002710 RCX=000000000000b008 RDX=0000000000f7213d
RSI=0000000000f77cb2 RDI=000000003e5b40d4 RBP=000000003fe64da0 RSP=000000003fe64d70
R8 =000000003fe64dc0 R9 =00000000000003f6 R10=0000000000000000 R11=0000000000000000
R12=000000000000c042 R13=0000000000000011 R14=000000000000c040 R15=0000000000000000
RIP=000000003e6d3862 RFL=00000202 [-------] CPL=0 II=0 A20=1 SMM=0 HLT=0
ES =0030 0000000000000000 ffffffff 00cf9300 DPL=0 DS   [-WA]
CS =0038 0000000000000000 ffffffff 00af9a00 DPL=0 CS64 [-R-]
SS =0030 0000000000000000 ffffffff 00cf9300 DPL=0 DS   [-WA]
DS =0030 0000000000000000 ffffffff 00cf9300 DPL=0 DS   [-WA]
FS =0030 0000000000000000 ffffffff 00cf9300 DPL=0 DS   [-WA]
GS =0030 0000000000000000 ffffffff 00cf9300 DPL=0 DS   [-WA]
LDT=0000 0000000000000000 0000ffff 00008200 DPL=0 LDT
TR =0000 0000000000000000 0000ffff 00008b00 DPL=0 TSS64-busy
GDT=     000000003f5dc000 00000047
IDT=     000000003efa3018 00000fff
CR0=80010033 CR2=0000000000000000 CR3=000000003f801000 CR4=00000668
DR0=0000000000000000 DR1=0000000000000000 DR2=0000000000000000 DR3=0000000000000000 
DR6=00000000ffff0ff0 DR7=0000000000000400
CCS=0000000000000000 CCD=0000000000005b75 CCO=EFLAGS
EFER=0000000000000d00
Servicing hardware INT=0x20
   324: v=20 e=0000 i=0 cpl=0 IP=0038:000000003e6d3862 pc=000000003e6d3862 SP=0030:000000003fe64d70 env->regs[R_EAX]=0000000000006dd7
RAX=0000000000006dd7 RBX=0000000000002710 RCX=000000000000b008 RDX=0000000000f7ab6f
RSI=0000000000f81946 RDI=000000003e5b40d4 RBP=000000003fe64da0 RSP=000000003fe64d70
R8 =000000003fe64dc0 R9 =00000000000003f6 R10=0000000000000000 R11=0000000000000000
R12=000000000000c042 R13=0000000000000011 R14=000000000000c040 R15=0000000000000000
RIP=000000003e6d3862 RFL=00000206 [-----P-] CPL=0 II=0 A20=1 SMM=0 HLT=0
ES =0030 0000000000000000 ffffffff 00cf9300 DPL=0 DS   [-WA]
CS =0038 0000000000000000 ffffffff 00af9a00 DPL=0 CS64 [-R-]
SS =0030 0000000000000000 ffffffff 00cf9300 DPL=0 DS   [-WA]
DS =0030 0000000000000000 ffffffff 00cf9300 DPL=0 DS   [-WA]
FS =0030 0000000000000000 ffffffff 00cf9300 DPL=0 DS   [-WA]
GS =0030 0000000000000000 ffffffff 00cf9300 DPL=0 DS   [-WA]
LDT=0000 0000000000000000 0000ffff 00008200 DPL=0 LDT
TR =0000 0000000000000000 0000ffff 00008b00 DPL=0 TSS64-busy
GDT=     000000003f5dc000 00000047
IDT=     000000003efa3018 00000fff
CR0=80010033 CR2=0000000000000000 CR3=000000003f801000 CR4=00000668
DR0=0000000000000000 DR1=0000000000000000 DR2=0000000000000000 DR3=0000000000000000 
DR6=00000000ffff0ff0 DR7=0000000000000400
CCS=0000000000000004 CCD=0000000000006dd7 CCO=EFLAGS
EFER=0000000000000d00
Servicing hardware INT=0x20
   325: v=20 e=0000 i=0 cpl=0 IP=0038:000000003e6d3862 pc=000000003e6d3862 SP=0030:000000003fe64d70 env->regs[R_EAX]=000000000000723d
RAX=000000000000723d RBX=0000000000002710 RCX=000000000000b008 RDX=0000000000f84267
RSI=0000000000f8b4a4 RDI=000000003e5b40d4 RBP=000000003fe64da0 RSP=000000003fe64d70
R8 =000000003fe64dc0 R9 =00000000000003f6 R10=0000000000000000 R11=0000000000000000
R12=000000000000c042 R13=0000000000000011 R14=000000000000c040 R15=0000000000000000
RIP=000000003e6d3862 RFL=00000202 [-------] CPL=0 II=0 A20=1 SMM=0 HLT=0
ES =0030 0000000000000000 ffffffff 00cf9300 DPL=0 DS   [-WA]
CS =0038 0000000000000000 ffffffff 00af9a00 DPL=0 CS64 [-R-]
SS =0030 0000000000000000 ffffffff 00cf9300 DPL=0 DS   [-WA]
DS =0030 0000000000000000 ffffffff 00cf9300 DPL=0 DS   [-WA]
FS =0030 0000000000000000 ffffffff 00cf9300 DPL=0 DS   [-WA]
GS =0030 0000000000000000 ffffffff 00cf9300 DPL=0 DS   [-WA]
LDT=0000 0000000000000000 0000ffff 00008200 DPL=0 LDT
TR =0000 0000000000000000 0000ffff 00008b00 DPL=0 TSS64-busy
GDT=     000000003f5dc000 00000047
IDT=     000000003efa3018 00000fff
CR0=80010033 CR2=0000000000000000 CR3=000000003f801000 CR4=00000668
DR0=0000000000000000 DR1=0000000000000000 DR2=0000000000000000 DR3=0000000000000000 
DR6=00000000ffff0ff0 DR7=0000000000000400
CCS=0000000000000000 CCD=000000000000723d CCO=EFLAGS
EFER=0000000000000d00
Servicing hardware INT=0x20
   326: v=20 e=0000 i=0 cpl=0 IP=0038:000000003e6d3862 pc=000000003e6d3862 SP=0030:000000003fe64d70 env->regs[R_EAX]=000000000000014b
RAX=000000000000014b RBX=0000000000000064 RCX=000000000000b008 RDX=0000000000f8c350
RSI=0000000000f8c49b RDI=000000003e5b40d4 RBP=000000003fe64da0 RSP=000000003fe64d70
R8 =000000003fe64d8f R9 =000000000000c042 R10=0000000000000000 R11=0000000000000000
R12=000000000004baf1 R13=0000000000000011 R14=000000000000c040 R15=0000000000000000
RIP=000000003e6d3862 RFL=00000206 [-----P-] CPL=0 II=0 A20=1 SMM=0 HLT=0
ES =0030 0000000000000000 ffffffff 00cf9300 DPL=0 DS   [-WA]
CS =0038 0000000000000000 ffffffff 00af9a00 DPL=0 CS64 [-R-]
SS =0030 0000000000000000 ffffffff 00cf9300 DPL=0 DS   [-WA]
DS =0030 0000000000000000 ffffffff 00cf9300 DPL=0 DS   [-WA]
FS =0030 0000000000000000 ffffffff 00cf9300 DPL=0 DS   [-WA]
GS =0030 0000000000000000 ffffffff 00cf9300 DPL=0 DS   [-WA]
LDT=0000 0000000000000000 0000ffff 00008200 DPL=0 LDT
TR =0000 0000000000000000 0000ffff 00008b00 DPL=0 TSS64-busy
GDT=     000000003f5dc000 00000047
IDT=     000000003efa3018 00000fff
CR0=80010033 CR2=0000000000000000 CR3=000000003f801000 CR4=00000668
DR0=0000000000000000 DR1=0000000000000000 DR2=0000000000000000 DR3=0000000000000000 
DR6=00000000ffff0ff0 DR7=0000000000000400
CCS=0000000000000004 CCD=000000000000014b CCO=EFLAGS
EFER=0000000000000d00
Servicing hardware INT=0x20
   327: v=20 e=0000 i=0 cpl=0 IP=0038:000000003e6d3862 pc=000000003e6d3862 SP=0030:000000003fe64d00 env->regs[R_EAX]=0000000000000292
RAX=0000000000000292 RBX=0000000000000190 RCX=000000000000b008 RDX=0000000000f95a8a
RSI=0000000000f95d1c RDI=000000003e5b3140 RBP=000000003fe64d30 RSP=000000003fe64d00
R8 =000000003fe64d50 R9 =00000000000001f7 R10=0000000000000000 R11=0000000000000000
R12=000000000004baf1 R13=0000000000000000 R14=000000000000c0c8 R15=00000000ffffff00
RIP=000000003e6d3862 RFL=00000202 [-------] CPL=0 II=0 A20=1 SMM=0 HLT=0
ES =0030 0000000000000000 ffffffff 00cf9300 DPL=0 DS   [-WA]
CS =0038 0000000000000000 ffffffff 00af9a00 DPL=0 CS64 [-R-]
SS =0030 0000000000000000 ffffffff 00cf9300 DPL=0 DS   [-WA]
DS =0030 0000000000000000 ffffffff 00cf9300 DPL=0 DS   [-WA]
FS =0030 0000000000000000 ffffffff 00cf9300 DPL=0 DS   [-WA]
GS =0030 0000000000000000 ffffffff 00cf9300 DPL=0 DS   [-WA]
LDT=0000 0000000000000000 0000ffff 00008200 DPL=0 LDT
TR =0000 0000000000000000 0000ffff 00008b00 DPL=0 TSS64-busy
GDT=     000000003f5dc000 00000047
IDT=     000000003efa3018 00000fff
CR0=80010033 CR2=0000000000000000 CR3=000000003f801000 CR4=00000668
DR0=0000000000000000 DR1=0000000000000000 DR2=0000000000000000 DR3=0000000000000000 
DR6=00000000ffff0ff0 DR7=0000000000000400
CCS=0000000000000000 CCD=0000000000000292 CCO=EFLAGS
EFER=0000000000000d00
Servicing hardware INT=0x20
   328: v=20 e=0000 i=0 cpl=0 IP=0038:000000003e6d3862 pc=000000003e6d3862 SP=0030:000000003fe64d70 env->regs[R_EAX]=0000000000001544
RAX=0000000000001544 RBX=0000000000002710 RCX=000000000000b008 RDX=0000000000f9d94f
RSI=0000000000f9ee93 RDI=000000003e5b40d4 RBP=000000003fe64da0 RSP=000000003fe64d70
R8 =000000003fe64dc0 R9 =00000000000003f6 R10=0000000000000000 R11=0000000000000000
R12=000000000000c042 R13=0000000000000011 R14=000000000000c040 R15=0000000000000000
RIP=000000003e6d3862 RFL=00000206 [-----P-] CPL=0 II=0 A20=1 SMM=0 HLT=0
ES =0030 0000000000000000 ffffffff 00cf9300 DPL=0 DS   [-WA]
CS =0038 0000000000000000 ffffffff 00af9a00 DPL=0 CS64 [-R-]
SS =0030 0000000000000000 ffffffff 00cf9300 DPL=0 DS   [-WA]
DS =0030 0000000000000000 ffffffff 00cf9300 DPL=0 DS   [-WA]
FS =0030 0000000000000000 ffffffff 00cf9300 DPL=0 DS   [-WA]
GS =0030 0000000000000000 ffffffff 00cf9300 DPL=0 DS   [-WA]
LDT=0000 0000000000000000 0000ffff 00008200 DPL=0 LDT
TR =0000 0000000000000000 0000ffff 00008b00 DPL=0 TSS64-busy
GDT=     000000003f5dc000 00000047
IDT=     000000003efa3018 00000fff
CR0=80010033 CR2=0000000000000000 CR3=000000003f801000 CR4=00000668
DR0=0000000000000000 DR1=0000000000000000 DR2=0000000000000000 DR3=0000000000000000 
DR6=00000000ffff0ff0 DR7=0000000000000400
CCS=0000000000000004 CCD=0000000000001544 CCO=EFLAGS
EFER=0000000000000d00
Servicing hardware INT=0x20
   329: v=20 e=0000 i=0 cpl=0 IP=0038:000000003e6d3862 pc=000000003e6d3862 SP=0030:000000003fe64d70 env->regs[R_EAX]=0000000000001feb
RAX=0000000000001feb RBX=0000000000002710 RCX=000000000000b008 RDX=0000000000fa6c56
RSI=0000000000fa8c41 RDI=000000003e5b40d4 RBP=000000003fe64da0 RSP=000000003fe64d70
R8 =000000003fe64dc0 R9 =00000000000003f6 R10=0000000000000000 R11=0000000000000000
R12=000000000000c042 R13=0000000000000011 R14=000000000000c040 R15=0000000000000000
RIP=000000003e6d3862 RFL=00000206 [-----P-] CPL=0 II=0 A20=1 SMM=0 HLT=0
ES =0030 0000000000000000 ffffffff 00cf9300 DPL=0 DS   [-WA]
CS =0038 0000000000000000 ffffffff 00af9a00 DPL=0 CS64 [-R-]
SS =0030 0000000000000000 ffffffff 00cf9300 DPL=0 DS   [-WA]
DS =0030 0000000000000000 ffffffff 00cf9300 DPL=0 DS   [-WA]
FS =0030 0000000000000000 ffffffff 00cf9300 DPL=0 DS   [-WA]
GS =0030 0000000000000000 ffffffff 00cf9300 DPL=0 DS   [-WA]
LDT=0000 0000000000000000 0000ffff 00008200 DPL=0 LDT
TR =0000 0000000000000000 0000ffff 00008b00 DPL=0 TSS64-busy
GDT=     000000003f5dc000 00000047
IDT=     000000003efa3018 00000fff
CR0=80010033 CR2=0000000000000000 CR3=000000003f801000 CR4=00000668
DR0=0000000000000000 DR1=0000000000000000 DR2=0000000000000000 DR3=0000000000000000 
DR6=00000000ffff0ff0 DR7=0000000000000400
CCS=0000000000000004 CCD=0000000000001feb CCO=EFLAGS
EFER=0000000000000d00
Servicing hardware INT=0x20
   330: v=20 e=0000 i=0 cpl=0 IP=0038:000000003e6d3862 pc=000000003e6d3862 SP=0030:000000003fe64d70 env->regs[R_EAX]=0000000000002ec4
RAX=0000000000002ec4 RBX=0000000000002710 RCX=000000000000b008 RDX=0000000000faf86a
RSI=0000000000fb272e RDI=000000003e5b40d4 RBP=000000003fe64da0 RSP=000000003fe64d70
R8 =000000003fe64dc0 R9 =00000000000003f6 R10=0000000000000000 R11=0000000000000000
R12=000000000000c042 R13=0000000000000011 R14=000000000000c040 R15=0000000000000000
RIP=000000003e6d3862 RFL=00000202 [-------] CPL=0 II=0 A20=1 SMM=0 HLT=0
ES =0030 0000000000000000 ffffffff 00cf9300 DPL=0 DS   [-WA]
CS =0038 0000000000000000 ffffffff 00af9a00 DPL=0 CS64 [-R-]
SS =0030 0000000000000000 ffffffff 00cf9300 DPL=0 DS   [-WA]
DS =0030 0000000000000000 ffffffff 00cf9300 DPL=0 DS   [-WA]
FS =0030 0000000000000000 ffffffff 00cf9300 DPL=0 DS   [-WA]
GS =0030 0000000000000000 ffffffff 00cf9300 DPL=0 DS   [-WA]
LDT=0000 0000000000000000 0000ffff 00008200 DPL=0 LDT
TR =0000 0000000000000000 0000ffff 00008b00 DPL=0 TSS64-busy
GDT=     000000003f5dc000 00000047
IDT=     000000003efa3018 00000fff
CR0=80010033 CR2=0000000000000000 CR3=000000003f801000 CR4=00000668
DR0=0000000000000000 DR1=0000000000000000 DR2=0000000000000000 DR3=0000000000000000 
DR6=00000000ffff0ff0 DR7=0000000000000400
CCS=0000000000000000 CCD=0000000000002ec4 CCO=EFLAGS
EFER=0000000000000d00
Servicing hardware INT=0x20
   331: v=20 e=0000 i=0 cpl=0 IP=0038:000000003e6d3862 pc=000000003e6d3862 SP=0030:000000003fe64d70 env->regs[R_EAX]=0000000000003f0e
RAX=0000000000003f0e RBX=0000000000002710 RCX=000000000000b008 RDX=0000000000fb84e6
RSI=0000000000fbc3f4 RDI=000000003e5b40d4 RBP=000000003fe64da0 RSP=000000003fe64d70
R8 =000000003fe64dc0 R9 =00000000000003f6 R10=0000000000000000 R11=0000000000000000
R12=000000000000c042 R13=0000000000000011 R14=000000000000c040 R15=0000000000000000
RIP=000000003e6d3862 RFL=00000202 [-------] CPL=0 II=0 A20=1 SMM=0 HLT=0
ES =0030 0000000000000000 ffffffff 00cf9300 DPL=0 DS   [-WA]
CS =0038 0000000000000000 ffffffff 00af9a00 DPL=0 CS64 [-R-]
SS =0030 0000000000000000 ffffffff 00cf9300 DPL=0 DS   [-WA]
DS =0030 0000000000000000 ffffffff 00cf9300 DPL=0 DS   [-WA]
FS =0030 0000000000000000 ffffffff 00cf9300 DPL=0 DS   [-WA]
GS =0030 0000000000000000 ffffffff 00cf9300 DPL=0 DS   [-WA]
LDT=0000 0000000000000000 0000ffff 00008200 DPL=0 LDT
TR =0000 0000000000000000 0000ffff 00008b00 DPL=0 TSS64-busy
GDT=     000000003f5dc000 00000047
IDT=     000000003efa3018 00000fff
CR0=80010033 CR2=0000000000000000 CR3=000000003f801000 CR4=00000668
DR0=0000000000000000 DR1=0000000000000000 DR2=0000000000000000 DR3=0000000000000000 
DR6=00000000ffff0ff0 DR7=0000000000000400
CCS=0000000000000000 CCD=0000000000003f0e CCO=EFLAGS
EFER=0000000000000d00
Servicing hardware INT=0x20
   332: v=20 e=0000 i=0 cpl=0 IP=0038:000000003e6d3862 pc=000000003e6d3862 SP=0030:000000003fe64d70 env->regs[R_EAX]=000000000000460f
RAX=000000000000460f RBX=0000000000002710 RCX=000000000000b008 RDX=0000000000fc17f2
RSI=0000000000fc5e01 RDI=000000003e5b40d4 RBP=000000003fe64da0 RSP=000000003fe64d70
R8 =000000003fe64dc0 R9 =00000000000003f6 R10=0000000000000000 R11=0000000000000000
R12=000000000000c042 R13=0000000000000011 R14=000000000000c040 R15=0000000000000000
RIP=000000003e6d3862 RFL=00000206 [-----P-] CPL=0 II=0 A20=1 SMM=0 HLT=0
ES =0030 0000000000000000 ffffffff 00cf9300 DPL=0 DS   [-WA]
CS =0038 0000000000000000 ffffffff 00af9a00 DPL=0 CS64 [-R-]
SS =0030 0000000000000000 ffffffff 00cf9300 DPL=0 DS   [-WA]
DS =0030 0000000000000000 ffffffff 00cf9300 DPL=0 DS   [-WA]
FS =0030 0000000000000000 ffffffff 00cf9300 DPL=0 DS   [-WA]
GS =0030 0000000000000000 ffffffff 00cf9300 DPL=0 DS   [-WA]
LDT=0000 0000000000000000 0000ffff 00008200 DPL=0 LDT
TR =0000 0000000000000000 0000ffff 00008b00 DPL=0 TSS64-busy
GDT=     000000003f5dc000 00000047
IDT=     000000003efa3018 00000fff
CR0=80010033 CR2=0000000000000000 CR3=000000003f801000 CR4=00000668
DR0=0000000000000000 DR1=0000000000000000 DR2=0000000000000000 DR3=0000000000000000 
DR6=00000000ffff0ff0 DR7=0000000000000400
CCS=0000000000000004 CCD=000000000000460f CCO=EFLAGS
EFER=0000000000000d00
Servicing hardware INT=0x20
   333: v=20 e=0000 i=0 cpl=0 IP=0038:000000003e6d3862 pc=000000003e6d3862 SP=0030:000000003fe64ca0 env->regs[R_EAX]=0000000000005d94
RAX=0000000000005d94 RBX=0000000000002710 RCX=000000000000b008 RDX=0000000000fc9ce9
RSI=0000000000fcfa7d RDI=000000003e5b40d4 RBP=000000003fe64cd0 RSP=000000003fe64ca0
R8 =000000003fe64cf0 R9 =00000000000003f6 R10=0000000000000000 R11=0000000000000000
R12=000000000000c042 R13=0000000000000011 R14=000000000000c040 R15=0000000000000000
RIP=000000003e6d3862 RFL=00000202 [-------] CPL=0 II=0 A20=1 SMM=0 HLT=0
ES =0030 0000000000000000 ffffffff 00cf9300 DPL=0 DS   [-WA]
CS =0038 0000000000000000 ffffffff 00af9a00 DPL=0 CS64 [-R-]
SS =0030 0000000000000000 ffffffff 00cf9300 DPL=0 DS   [-WA]
DS =0030 0000000000000000 ffffffff 00cf9300 DPL=0 DS   [-WA]
FS =0030 0000000000000000 ffffffff 00cf9300 DPL=0 DS   [-WA]
GS =0030 0000000000000000 ffffffff 00cf9300 DPL=0 DS   [-WA]
LDT=0000 0000000000000000 0000ffff 00008200 DPL=0 LDT
TR =0000 0000000000000000 0000ffff 00008b00 DPL=0 TSS64-busy
GDT=     000000003f5dc000 00000047
IDT=     000000003efa3018 00000fff
CR0=80010033 CR2=0000000000000000 CR3=000000003f801000 CR4=00000668
DR0=0000000000000000 DR1=0000000000000000 DR2=0000000000000000 DR3=0000000000000000 
DR6=00000000ffff0ff0 DR7=0000000000000400
CCS=0000000000000000 CCD=0000000000005d94 CCO=EFLAGS
EFER=0000000000000d00
Servicing hardware INT=0x20
   334: v=20 e=0000 i=0 cpl=0 IP=0038:000000003e6d3862 pc=000000003e6d3862 SP=0030:000000003fe64d70 env->regs[R_EAX]=000000000000014b
RAX=000000000000014b RBX=0000000000000064 RCX=000000000000b008 RDX=0000000000fd2b27
RSI=0000000000fd2c72 RDI=000000003e5b40d4 RBP=000000003fe64da0 RSP=000000003fe64d70
R8 =000000003fe64d8f R9 =000000000000c042 R10=0000000000000000 R11=0000000000000000
R12=000000000004baf1 R13=0000000000000011 R14=000000000000c040 R15=0000000000000000
RIP=000000003e6d3862 RFL=00000206 [-----P-] CPL=0 II=0 A20=1 SMM=0 HLT=0
ES =0030 0000000000000000 ffffffff 00cf9300 DPL=0 DS   [-WA]
CS =0038 0000000000000000 ffffffff 00af9a00 DPL=0 CS64 [-R-]
SS =0030 0000000000000000 ffffffff 00cf9300 DPL=0 DS   [-WA]
DS =0030 0000000000000000 ffffffff 00cf9300 DPL=0 DS   [-WA]
FS =0030 0000000000000000 ffffffff 00cf9300 DPL=0 DS   [-WA]
GS =0030 0000000000000000 ffffffff 00cf9300 DPL=0 DS   [-WA]
LDT=0000 0000000000000000 0000ffff 00008200 DPL=0 LDT
TR =0000 0000000000000000 0000ffff 00008b00 DPL=0 TSS64-busy
GDT=     000000003f5dc000 00000047
IDT=     000000003efa3018 00000fff
CR0=80010033 CR2=0000000000000000 CR3=000000003f801000 CR4=00000668
DR0=0000000000000000 DR1=0000000000000000 DR2=0000000000000000 DR3=0000000000000000 
DR6=00000000ffff0ff0 DR7=0000000000000400
CCS=0000000000000004 CCD=000000000000014b CCO=EFLAGS
EFER=0000000000000d00
Servicing hardware INT=0x20
   335: v=20 e=0000 i=0 cpl=0 IP=0038:000000003e6d3862 pc=000000003e6d3862 SP=0030:000000003fe64d70 env->regs[R_EAX]=0000000000000617
RAX=0000000000000617 RBX=0000000000002710 RCX=000000000000b008 RDX=0000000000fdb52c
RSI=0000000000fdbb43 RDI=000000003e5b40d4 RBP=000000003fe64da0 RSP=000000003fe64d70
R8 =000000003fe64dc0 R9 =00000000000003f6 R10=0000000000000000 R11=0000000000000000
R12=000000000000c042 R13=0000000000000011 R14=000000000000c040 R15=0000000000000000
RIP=000000003e6d3862 RFL=00000206 [-----P-] CPL=0 II=0 A20=1 SMM=0 HLT=0
ES =0030 0000000000000000 ffffffff 00cf9300 DPL=0 DS   [-WA]
CS =0038 0000000000000000 ffffffff 00af9a00 DPL=0 CS64 [-R-]
SS =0030 0000000000000000 ffffffff 00cf9300 DPL=0 DS   [-WA]
DS =0030 0000000000000000 ffffffff 00cf9300 DPL=0 DS   [-WA]
FS =0030 0000000000000000 ffffffff 00cf9300 DPL=0 DS   [-WA]
GS =0030 0000000000000000 ffffffff 00cf9300 DPL=0 DS   [-WA]
LDT=0000 0000000000000000 0000ffff 00008200 DPL=0 LDT
TR =0000 0000000000000000 0000ffff 00008b00 DPL=0 TSS64-busy
GDT=     000000003f5dc000 00000047
IDT=     000000003efa3018 00000fff
CR0=80010033 CR2=0000000000000000 CR3=000000003f801000 CR4=00000668
DR0=0000000000000000 DR1=0000000000000000 DR2=0000000000000000 DR3=0000000000000000 
DR6=00000000ffff0ff0 DR7=0000000000000400
CCS=0000000000000004 CCD=0000000000000617 CCO=EFLAGS
EFER=0000000000000d00
Servicing hardware INT=0x20
   336: v=20 e=0000 i=0 cpl=0 IP=0038:000000003e6d3862 pc=000000003e6d3862 SP=0030:000000003fe64d70 env->regs[R_EAX]=0000000000001c11
RAX=0000000000001c11 RBX=0000000000002710 RCX=000000000000b008 RDX=0000000000fe3ae9
RSI=0000000000fe56fa RDI=000000003e5b40d4 RBP=000000003fe64da0 RSP=000000003fe64d70
R8 =000000003fe64dc0 R9 =00000000000003f6 R10=0000000000000000 R11=0000000000000000
R12=000000000000c042 R13=0000000000000011 R14=000000000000c040 R15=0000000000000000
RIP=000000003e6d3862 RFL=00000206 [-----P-] CPL=0 II=0 A20=1 SMM=0 HLT=0
ES =0030 0000000000000000 ffffffff 00cf9300 DPL=0 DS   [-WA]
CS =0038 0000000000000000 ffffffff 00af9a00 DPL=0 CS64 [-R-]
SS =0030 0000000000000000 ffffffff 00cf9300 DPL=0 DS   [-WA]
DS =0030 0000000000000000 ffffffff 00cf9300 DPL=0 DS   [-WA]
FS =0030 0000000000000000 ffffffff 00cf9300 DPL=0 DS   [-WA]
GS =0030 0000000000000000 ffffffff 00cf9300 DPL=0 DS   [-WA]
LDT=0000 0000000000000000 0000ffff 00008200 DPL=0 LDT
TR =0000 0000000000000000 0000ffff 00008b00 DPL=0 TSS64-busy
GDT=     000000003f5dc000 00000047
IDT=     000000003efa3018 00000fff
CR0=80010033 CR2=0000000000000000 CR3=000000003f801000 CR4=00000668
DR0=0000000000000000 DR1=0000000000000000 DR2=0000000000000000 DR3=0000000000000000 
DR6=00000000ffff0ff0 DR7=0000000000000400
CCS=0000000000000004 CCD=0000000000001c11 CCO=EFLAGS
EFER=0000000000000d00
Servicing hardware INT=0x20
   337: v=20 e=0000 i=0 cpl=0 IP=0038:000000003e6d3862 pc=000000003e6d3862 SP=0030:000000003fe64d70 env->regs[R_EAX]=0000000000003189
RAX=0000000000003189 RBX=0000000000002710 RCX=000000000000b008 RDX=0000000000fec09d
RSI=0000000000fef226 RDI=000000003e5b40d4 RBP=000000003fe64da0 RSP=000000003fe64d70
R8 =000000003fe64dc0 R9 =00000000000003f6 R10=0000000000000000 R11=0000000000000000
R12=000000000000c042 R13=0000000000000011 R14=000000000000c040 R15=0000000000000000
RIP=000000003e6d3862 RFL=00000202 [-------] CPL=0 II=0 A20=1 SMM=0 HLT=0
ES =0030 0000000000000000 ffffffff 00cf9300 DPL=0 DS   [-WA]
CS =0038 0000000000000000 ffffffff 00af9a00 DPL=0 CS64 [-R-]
SS =0030 0000000000000000 ffffffff 00cf9300 DPL=0 DS   [-WA]
DS =0030 0000000000000000 ffffffff 00cf9300 DPL=0 DS   [-WA]
FS =0030 0000000000000000 ffffffff 00cf9300 DPL=0 DS   [-WA]
GS =0030 0000000000000000 ffffffff 00cf9300 DPL=0 DS   [-WA]
LDT=0000 0000000000000000 0000ffff 00008200 DPL=0 LDT
TR =0000 0000000000000000 0000ffff 00008b00 DPL=0 TSS64-busy
GDT=     000000003f5dc000 00000047
IDT=     000000003efa3018 00000fff
CR0=80010033 CR2=0000000000000000 CR3=000000003f801000 CR4=00000668
DR0=0000000000000000 DR1=0000000000000000 DR2=0000000000000000 DR3=0000000000000000 
DR6=00000000ffff0ff0 DR7=0000000000000400
CCS=0000000000000000 CCD=0000000000003189 CCO=EFLAGS
EFER=0000000000000d00
Servicing hardware INT=0x20
   338: v=20 e=0000 i=0 cpl=0 IP=0038:000000003e6d3862 pc=000000003e6d3862 SP=0030:000000003fe64d70 env->regs[R_EAX]=0000000000002aa5
RAX=0000000000002aa5 RBX=0000000000002710 RCX=000000000000b008 RDX=0000000000ff6247
RSI=0000000000ff8cec RDI=000000003e5b40d4 RBP=000000003fe64da0 RSP=000000003fe64d70
R8 =000000003fe64dc0 R9 =00000000000003f6 R10=0000000000000000 R11=0000000000000000
R12=000000000000c042 R13=0000000000000011 R14=000000000000c040 R15=0000000000000000
RIP=000000003e6d3862 RFL=00000206 [-----P-] CPL=0 II=0 A20=1 SMM=0 HLT=0
ES =0030 0000000000000000 ffffffff 00cf9300 DPL=0 DS   [-WA]
CS =0038 0000000000000000 ffffffff 00af9a00 DPL=0 CS64 [-R-]
SS =0030 0000000000000000 ffffffff 00cf9300 DPL=0 DS   [-WA]
DS =0030 0000000000000000 ffffffff 00cf9300 DPL=0 DS   [-WA]
FS =0030 0000000000000000 ffffffff 00cf9300 DPL=0 DS   [-WA]
GS =0030 0000000000000000 ffffffff 00cf9300 DPL=0 DS   [-WA]
LDT=0000 0000000000000000 0000ffff 00008200 DPL=0 LDT
TR =0000 0000000000000000 0000ffff 00008b00 DPL=0 TSS64-busy
GDT=     000000003f5dc000 00000047
IDT=     000000003efa3018 00000fff
CR0=80010033 CR2=0000000000000000 CR3=000000003f801000 CR4=00000668
DR0=0000000000000000 DR1=0000000000000000 DR2=0000000000000000 DR3=0000000000000000 
DR6=00000000ffff0ff0 DR7=0000000000000400
CCS=0000000000000004 CCD=0000000000002aa5 CCO=EFLAGS
EFER=0000000000000d00
Servicing hardware INT=0x20
   339: v=20 e=0000 i=0 cpl=0 IP=0038:000000003e6d3862 pc=000000003e6d3862 SP=0030:000000003fe64d70 env->regs[R_EAX]=000000000000520c
RAX=000000000000520c RBX=0000000000002710 RCX=000000000000b008 RDX=0000000000ffd968
RSI=0000000001002b74 RDI=000000003e5b40d4 RBP=000000003fe64da0 RSP=000000003fe64d70
R8 =000000003fe64dc0 R9 =00000000000003f6 R10=0000000000000000 R11=0000000000000000
R12=000000000000c042 R13=0000000000000011 R14=000000000000c040 R15=0000000000000000
RIP=000000003e6d3862 RFL=00000206 [-----P-] CPL=0 II=0 A20=1 SMM=0 HLT=0
ES =0030 0000000000000000 ffffffff 00cf9300 DPL=0 DS   [-WA]
CS =0038 0000000000000000 ffffffff 00af9a00 DPL=0 CS64 [-R-]
SS =0030 0000000000000000 ffffffff 00cf9300 DPL=0 DS   [-WA]
DS =0030 0000000000000000 ffffffff 00cf9300 DPL=0 DS   [-WA]
FS =0030 0000000000000000 ffffffff 00cf9300 DPL=0 DS   [-WA]
GS =0030 0000000000000000 ffffffff 00cf9300 DPL=0 DS   [-WA]
LDT=0000 0000000000000000 0000ffff 00008200 DPL=0 LDT
TR =0000 0000000000000000 0000ffff 00008b00 DPL=0 TSS64-busy
GDT=     000000003f5dc000 00000047
IDT=     000000003efa3018 00000fff
CR0=80010033 CR2=0000000000000000 CR3=000000003f801000 CR4=00000668
DR0=0000000000000000 DR1=0000000000000000 DR2=0000000000000000 DR3=0000000000000000 
DR6=00000000ffff0ff0 DR7=0000000000000400
CCS=0000000000000004 CCD=000000000000520c CCO=EFLAGS
EFER=0000000000000d00
Servicing hardware INT=0x20
   340: v=20 e=0000 i=0 cpl=0 IP=0038:000000003e6d3862 pc=000000003e6d3862 SP=0030:000000003fe64d70 env->regs[R_EAX]=00000000000060e5
RAX=00000000000060e5 RBX=0000000000002710 RCX=000000000000b008 RDX=0000000000006560
RSI=000000000000c645 RDI=000000003e5b40d4 RBP=000000003fe64da0 RSP=000000003fe64d70
R8 =000000003fe64dc0 R9 =00000000000003f6 R10=0000000000000000 R11=0000000000000000
R12=000000000000c042 R13=0000000000000011 R14=000000000000c040 R15=0000000000000000
RIP=000000003e6d3862 RFL=00000202 [-------] CPL=0 II=0 A20=1 SMM=0 HLT=0
ES =0030 0000000000000000 ffffffff 00cf9300 DPL=0 DS   [-WA]
CS =0038 0000000000000000 ffffffff 00af9a00 DPL=0 CS64 [-R-]
SS =0030 0000000000000000 ffffffff 00cf9300 DPL=0 DS   [-WA]
DS =0030 0000000000000000 ffffffff 00cf9300 DPL=0 DS   [-WA]
FS =0030 0000000000000000 ffffffff 00cf9300 DPL=0 DS   [-WA]
GS =0030 0000000000000000 ffffffff 00cf9300 DPL=0 DS   [-WA]
LDT=0000 0000000000000000 0000ffff 00008200 DPL=0 LDT
TR =0000 0000000000000000 0000ffff 00008b00 DPL=0 TSS64-busy
GDT=     000000003f5dc000 00000047
IDT=     000000003efa3018 00000fff
CR0=80010033 CR2=0000000000000000 CR3=000000003f801000 CR4=00000668
DR0=0000000000000000 DR1=0000000000000000 DR2=0000000000000000 DR3=0000000000000000 
DR6=00000000ffff0ff0 DR7=0000000000000400
CCS=0000000000000000 CCD=00000000000060e5 CCO=EFLAGS
EFER=0000000000000d00
Servicing hardware INT=0x20
   341: v=20 e=0000 i=0 cpl=0 IP=0038:000000003e6d3862 pc=000000003e6d3862 SP=0030:000000003fe64d70 env->regs[R_EAX]=0000000000006909
RAX=0000000000006909 RBX=0000000000002710 RCX=000000000000b008 RDX=000000000000f843
RSI=000000000001614c RDI=000000003e5b40d4 RBP=000000003fe64da0 RSP=000000003fe64d70
R8 =000000003fe64dc0 R9 =00000000000003f6 R10=0000000000000000 R11=0000000000000000
R12=000000000000c042 R13=0000000000000011 R14=000000000000c040 R15=0000000000000000
RIP=000000003e6d3862 RFL=00000206 [-----P-] CPL=0 II=0 A20=1 SMM=0 HLT=0
ES =0030 0000000000000000 ffffffff 00cf9300 DPL=0 DS   [-WA]
CS =0038 0000000000000000 ffffffff 00af9a00 DPL=0 CS64 [-R-]
SS =0030 0000000000000000 ffffffff 00cf9300 DPL=0 DS   [-WA]
DS =0030 0000000000000000 ffffffff 00cf9300 DPL=0 DS   [-WA]
FS =0030 0000000000000000 ffffffff 00cf9300 DPL=0 DS   [-WA]
GS =0030 0000000000000000 ffffffff 00cf9300 DPL=0 DS   [-WA]
LDT=0000 0000000000000000 0000ffff 00008200 DPL=0 LDT
TR =0000 0000000000000000 0000ffff 00008b00 DPL=0 TSS64-busy
GDT=     000000003f5dc000 00000047
IDT=     000000003efa3018 00000fff
CR0=80010033 CR2=0000000000000000 CR3=000000003f801000 CR4=00000668
DR0=0000000000000000 DR1=0000000000000000 DR2=0000000000000000 DR3=0000000000000000 
DR6=00000000ffff0ff0 DR7=0000000000000400
CCS=0000000000000004 CCD=0000000000006909 CCO=EFLAGS
EFER=0000000000000d00
Servicing hardware INT=0x20
   342: v=20 e=0000 i=0 cpl=0 IP=0038:000000003e6d3862 pc=000000003e6d3862 SP=0030:000000003fe64d70 env->regs[R_EAX]=0000000000007f80
RAX=0000000000007f80 RBX=0000000000002710 RCX=000000000000b008 RDX=0000000000017e29
RSI=000000000001fda9 RDI=000000003e5b40d4 RBP=000000003fe64da0 RSP=000000003fe64d70
R8 =000000003fe64dc0 R9 =00000000000003f6 R10=0000000000000000 R11=0000000000000000
R12=000000000000c042 R13=0000000000000011 R14=000000000000c040 R15=0000000000000000
RIP=000000003e6d3862 RFL=00000202 [-------] CPL=0 II=0 A20=1 SMM=0 HLT=0
ES =0030 0000000000000000 ffffffff 00cf9300 DPL=0 DS   [-WA]
CS =0038 0000000000000000 ffffffff 00af9a00 DPL=0 CS64 [-R-]
SS =0030 0000000000000000 ffffffff 00cf9300 DPL=0 DS   [-WA]
DS =0030 0000000000000000 ffffffff 00cf9300 DPL=0 DS   [-WA]
FS =0030 0000000000000000 ffffffff 00cf9300 DPL=0 DS   [-WA]
GS =0030 0000000000000000 ffffffff 00cf9300 DPL=0 DS   [-WA]
LDT=0000 0000000000000000 0000ffff 00008200 DPL=0 LDT
TR =0000 0000000000000000 0000ffff 00008b00 DPL=0 TSS64-busy
GDT=     000000003f5dc000 00000047
IDT=     000000003efa3018 00000fff
CR0=80010033 CR2=0000000000000000 CR3=000000003f801000 CR4=00000668
DR0=0000000000000000 DR1=0000000000000000 DR2=0000000000000000 DR3=0000000000000000 
DR6=00000000ffff0ff0 DR7=0000000000000400
CCS=0000000000000000 CCD=0000000000007f80 CCO=EFLAGS
EFER=0000000000000d00
Servicing hardware INT=0x20
   343: v=20 e=0000 i=0 cpl=0 IP=0038:000000003e6d3862 pc=000000003e6d3862 SP=0030:000000003fe64d70 env->regs[R_EAX]=0000000000000158
RAX=0000000000000158 RBX=0000000000000064 RCX=000000000000b008 RDX=0000000000020ab8
RSI=0000000000020c10 RDI=000000003e5b40d4 RBP=000000003fe64da0 RSP=000000003fe64d70
R8 =000000003fe64d8f R9 =000000000000c042 R10=0000000000000000 R11=0000000000000000
R12=000000000004baf1 R13=0000000000000011 R14=000000000000c040 R15=0000000000000000
RIP=000000003e6d3862 RFL=00000202 [-------] CPL=0 II=0 A20=1 SMM=0 HLT=0
ES =0030 0000000000000000 ffffffff 00cf9300 DPL=0 DS   [-WA]
CS =0038 0000000000000000 ffffffff 00af9a00 DPL=0 CS64 [-R-]
SS =0030 0000000000000000 ffffffff 00cf9300 DPL=0 DS   [-WA]
DS =0030 0000000000000000 ffffffff 00cf9300 DPL=0 DS   [-WA]
FS =0030 0000000000000000 ffffffff 00cf9300 DPL=0 DS   [-WA]
GS =0030 0000000000000000 ffffffff 00cf9300 DPL=0 DS   [-WA]
LDT=0000 0000000000000000 0000ffff 00008200 DPL=0 LDT
TR =0000 0000000000000000 0000ffff 00008b00 DPL=0 TSS64-busy
GDT=     000000003f5dc000 00000047
IDT=     000000003efa3018 00000fff
CR0=80010033 CR2=0000000000000000 CR3=000000003f801000 CR4=00000668
DR0=0000000000000000 DR1=0000000000000000 DR2=0000000000000000 DR3=0000000000000000 
DR6=00000000ffff0ff0 DR7=0000000000000400
CCS=0000000000000000 CCD=0000000000000158 CCO=EFLAGS
EFER=0000000000000d00
Servicing hardware INT=0x20
   344: v=20 e=0000 i=0 cpl=0 IP=0038:000000003e6d3862 pc=000000003e6d3862 SP=0030:000000003fe64d70 env->regs[R_EAX]=00000000000002a6
RAX=00000000000002a6 RBX=0000000000002710 RCX=000000000000b008 RDX=0000000000029697
RSI=000000000002993d RDI=000000003e5b40d4 RBP=000000003fe64da0 RSP=000000003fe64d70
R8 =000000003fe64dc0 R9 =00000000000003f6 R10=0000000000000000 R11=0000000000000000
R12=000000000000c042 R13=0000000000000011 R14=000000000000c040 R15=0000000000000000
RIP=000000003e6d3862 RFL=00000206 [-----P-] CPL=0 II=0 A20=1 SMM=0 HLT=0
ES =0030 0000000000000000 ffffffff 00cf9300 DPL=0 DS   [-WA]
CS =0038 0000000000000000 ffffffff 00af9a00 DPL=0 CS64 [-R-]
SS =0030 0000000000000000 ffffffff 00cf9300 DPL=0 DS   [-WA]
DS =0030 0000000000000000 ffffffff 00cf9300 DPL=0 DS   [-WA]
FS =0030 0000000000000000 ffffffff 00cf9300 DPL=0 DS   [-WA]
GS =0030 0000000000000000 ffffffff 00cf9300 DPL=0 DS   [-WA]
LDT=0000 0000000000000000 0000ffff 00008200 DPL=0 LDT
TR =0000 0000000000000000 0000ffff 00008b00 DPL=0 TSS64-busy
GDT=     000000003f5dc000 00000047
IDT=     000000003efa3018 00000fff
CR0=80010033 CR2=0000000000000000 CR3=000000003f801000 CR4=00000668
DR0=0000000000000000 DR1=0000000000000000 DR2=0000000000000000 DR3=0000000000000000 
DR6=00000000ffff0ff0 DR7=0000000000000400
CCS=0000000000000004 CCD=00000000000002a6 CCO=EFLAGS
EFER=0000000000000d00
Servicing hardware INT=0x20
   345: v=20 e=0000 i=0 cpl=0 IP=0038:000000003e6d3862 pc=000000003e6d3862 SP=0030:000000003fe64d70 env->regs[R_EAX]=0000000000000a1d
RAX=0000000000000a1d RBX=0000000000002710 RCX=000000000000b008 RDX=00000000000329db
RSI=00000000000333f8 RDI=000000003e5b40d4 RBP=000000003fe64da0 RSP=000000003fe64d70
R8 =000000003fe64dc0 R9 =00000000000003f6 R10=0000000000000000 R11=0000000000000000
R12=000000000000c042 R13=0000000000000011 R14=000000000000c040 R15=0000000000000000
RIP=000000003e6d3862 RFL=00000206 [-----P-] CPL=0 II=0 A20=1 SMM=0 HLT=0
ES =0030 0000000000000000 ffffffff 00cf9300 DPL=0 DS   [-WA]
CS =0038 0000000000000000 ffffffff 00af9a00 DPL=0 CS64 [-R-]
SS =0030 0000000000000000 ffffffff 00cf9300 DPL=0 DS   [-WA]
DS =0030 0000000000000000 ffffffff 00cf9300 DPL=0 DS   [-WA]
FS =0030 0000000000000000 ffffffff 00cf9300 DPL=0 DS   [-WA]
GS =0030 0000000000000000 ffffffff 00cf9300 DPL=0 DS   [-WA]
LDT=0000 0000000000000000 0000ffff 00008200 DPL=0 LDT
TR =0000 0000000000000000 0000ffff 00008b00 DPL=0 TSS64-busy
GDT=     000000003f5dc000 00000047
IDT=     000000003efa3018 00000fff
CR0=80010033 CR2=0000000000000000 CR3=000000003f801000 CR4=00000668
DR0=0000000000000000 DR1=0000000000000000 DR2=0000000000000000 DR3=0000000000000000 
DR6=00000000ffff0ff0 DR7=0000000000000400
CCS=0000000000000004 CCD=0000000000000a1d CCO=EFLAGS
EFER=0000000000000d00
Servicing hardware INT=0x20
   346: v=20 e=0000 i=0 cpl=0 IP=0038:000000003e6d3862 pc=000000003e6d3862 SP=0030:000000003fe64ca0 env->regs[R_EAX]=00000000000028a3
RAX=00000000000028a3 RBX=0000000000002710 RCX=000000000000b008 RDX=000000000003acbd
RSI=000000000003d560 RDI=000000003e5b40d4 RBP=000000003fe64cd0 RSP=000000003fe64ca0
R8 =000000003fe64cf0 R9 =00000000000003f6 R10=0000000000000000 R11=0000000000000000
R12=000000000000c042 R13=0000000000000011 R14=000000000000c040 R15=0000000000000000
RIP=000000003e6d3862 RFL=00000206 [-----P-] CPL=0 II=0 A20=1 SMM=0 HLT=0
ES =0030 0000000000000000 ffffffff 00cf9300 DPL=0 DS   [-WA]
CS =0038 0000000000000000 ffffffff 00af9a00 DPL=0 CS64 [-R-]
SS =0030 0000000000000000 ffffffff 00cf9300 DPL=0 DS   [-WA]
DS =0030 0000000000000000 ffffffff 00cf9300 DPL=0 DS   [-WA]
FS =0030 0000000000000000 ffffffff 00cf9300 DPL=0 DS   [-WA]
GS =0030 0000000000000000 ffffffff 00cf9300 DPL=0 DS   [-WA]
LDT=0000 0000000000000000 0000ffff 00008200 DPL=0 LDT
TR =0000 0000000000000000 0000ffff 00008b00 DPL=0 TSS64-busy
GDT=     000000003f5dc000 00000047
IDT=     000000003efa3018 00000fff
CR0=80010033 CR2=0000000000000000 CR3=000000003f801000 CR4=00000668
DR0=0000000000000000 DR1=0000000000000000 DR2=0000000000000000 DR3=0000000000000000 
DR6=00000000ffff0ff0 DR7=0000000000000400
CCS=0000000000000004 CCD=00000000000028a3 CCO=EFLAGS
EFER=0000000000000d00
Servicing hardware INT=0x20
   347: v=20 e=0000 i=0 cpl=0 IP=0038:000000003e6b93bd pc=000000003e6b93bd SP=0030:000000003fe64ad0 env->regs[R_EAX]=0000000000000060
RAX=0000000000000060 RBX=000000003e639318 RCX=00000000000003fd RDX=00000000000003fd
RSI=0000000000000005 RDI=000000003e639318 RBP=000000003fe64b20 RSP=000000003fe64ad0
R8 =0000000000000010 R9 =00000000000003fd R10=000000003e717f00 R11=0000000000000018
R12=000000003fe64c98 R13=0000000000000000 R14=000000003fe64b8f R15=000000003fe64c95
RIP=000000003e6b93bd RFL=00000293 [--S-A-C] CPL=0 II=0 A20=1 SMM=0 HLT=0
ES =0030 0000000000000000 ffffffff 00cf9300 DPL=0 DS   [-WA]
CS =0038 0000000000000000 ffffffff 00af9a00 DPL=0 CS64 [-R-]
SS =0030 0000000000000000 ffffffff 00cf9300 DPL=0 DS   [-WA]
DS =0030 0000000000000000 ffffffff 00cf9300 DPL=0 DS   [-WA]
FS =0030 0000000000000000 ffffffff 00cf9300 DPL=0 DS   [-WA]
GS =0030 0000000000000000 ffffffff 00cf9300 DPL=0 DS   [-WA]
LDT=0000 0000000000000000 0000ffff 00008200 DPL=0 LDT
TR =0000 0000000000000000 0000ffff 00008b00 DPL=0 TSS64-busy
GDT=     000000003f5dc000 00000047
IDT=     000000003efa3018 00000fff
CR0=80010033 CR2=0000000000000000 CR3=000000003f801000 CR4=00000668
DR0=0000000000000000 DR1=0000000000000000 DR2=0000000000000000 DR3=0000000000000000 
DR6=00000000ffff0ff0 DR7=0000000000000400
CCS=0000000000000091 CCD=fffffffffffffffe CCO=EFLAGS
EFER=0000000000000d00
Servicing hardware INT=0x20
   348: v=20 e=0000 i=0 cpl=0 IP=0038:000000003eb1d801 pc=000000003eb1d801 SP=0030:000000003fe64938 env->regs[R_EAX]=000000003e72d020
RAX=000000003e72d020 RBX=000000003de50100 RCX=000000003fe649ba RDX=000000003e72d0fc
RSI=000000000000004e RDI=00000000000000f2 RBP=000000003fe64a30 RSP=000000003fe64938
R8 =0000000000000016 R9 =000000000000000a R10=000000003e7a1218 R11=000000003e7a1a98
R12=000000003de50d3a R13=000000003df53db5 R14=000000003e7a1ab8 R15=000000003e7a1228
RIP=000000003eb1d801 RFL=00000206 [-----P-] CPL=0 II=0 A20=1 SMM=0 HLT=0
ES =0030 0000000000000000 ffffffff 00cf9300 DPL=0 DS   [-WA]
CS =0038 0000000000000000 ffffffff 00af9a00 DPL=0 CS64 [-R-]
SS =0030 0000000000000000 ffffffff 00cf9300 DPL=0 DS   [-WA]
DS =0030 0000000000000000 ffffffff 00cf9300 DPL=0 DS   [-WA]
FS =0030 0000000000000000 ffffffff 00cf9300 DPL=0 DS   [-WA]
GS =0030 0000000000000000 ffffffff 00cf9300 DPL=0 DS   [-WA]
LDT=0000 0000000000000000 0000ffff 00008200 DPL=0 LDT
TR =0000 0000000000000000 0000ffff 00008b00 DPL=0 TSS64-busy
GDT=     000000003f5dc000 00000047
IDT=     000000003efa3018 00000fff
CR0=80010033 CR2=0000000000000000 CR3=000000003f801000 CR4=00000668
DR0=0000000000000000 DR1=0000000000000000 DR2=0000000000000000 DR3=0000000000000000 
DR6=00000000ffff0ff0 DR7=0000000000000400
CCS=0000000000000004 CCD=000000003e72d0fc CCO=EFLAGS
EFER=0000000000000d00
Servicing hardware INT=0x20
   349: v=20 e=0000 i=0 cpl=0 IP=0038:000000003de3c519 pc=000000003de3c519 SP=0030:000000003fe65660 env->regs[R_EAX]=0000000000000000
RAX=0000000000000000 RBX=0000000000000000 RCX=0000000000d40001 RDX=0000000000000000
RSI=0000000000000000 RDI=000000003d0b2fff RBP=000000003fe65770 RSP=000000003fe65660
R8 =0000000001000000 R9 =000000003cdf3000 R10=000000003fe7285c R11=0000000000000000
R12=0000000000001000 R13=0000000081040000 R14=0000000000000000 R15=000000003f5ec018
RIP=000000003de3c519 RFL=00010206 [-----P-] CPL=0 II=0 A20=1 SMM=0 HLT=0
ES =0030 0000000000000000 ffffffff 00cf9300 DPL=0 DS   [-WA]
CS =0038 0000000000000000 ffffffff 00af9a00 DPL=0 CS64 [-R-]
SS =0030 0000000000000000 ffffffff 00cf9300 DPL=0 DS   [-WA]
DS =0030 0000000000000000 ffffffff 00cf9300 DPL=0 DS   [-WA]
FS =0030 0000000000000000 ffffffff 00cf9300 DPL=0 DS   [-WA]
GS =0030 0000000000000000 ffffffff 00cf9300 DPL=0 DS   [-WA]
LDT=0000 0000000000000000 0000ffff 00008200 DPL=0 LDT
TR =0000 0000000000000000 0000ffff 00008b00 DPL=0 TSS64-busy
GDT=     000000003f5dc000 00000047
IDT=     000000003efa3018 00000fff
CR0=80010033 CR2=0000000000000000 CR3=000000003f801000 CR4=00000668
DR0=0000000000000000 DR1=0000000000000000 DR2=0000000000000000 DR3=0000000000000000 
DR6=00000000ffff0ff0 DR7=0000000000000400
CCS=0000000000000004 CCD=0000000001000000 CCO=EFLAGS
EFER=0000000000000d00
Servicing hardware INT=0x20
   350: v=20 e=0000 i=0 cpl=0 IP=0038:000000003de3c519 pc=000000003de3c519 SP=0030:000000003fe65660 env->regs[R_EAX]=0000000000000000
RAX=0000000000000000 RBX=0000000000000000 RCX=0000000000830001 RDX=0000000000000000
RSI=0000000000000000 RDI=000000003d5c2fff RBP=000000003fe65770 RSP=000000003fe65660
R8 =0000000001000000 R9 =000000003cdf3000 R10=000000003fe7285c R11=0000000000000000
R12=0000000000001000 R13=0000000081040000 R14=0000000000000000 R15=000000003f5ec018
RIP=000000003de3c519 RFL=00010206 [-----P-] CPL=0 II=0 A20=1 SMM=0 HLT=0
ES =0030 0000000000000000 ffffffff 00cf9300 DPL=0 DS   [-WA]
CS =0038 0000000000000000 ffffffff 00af9a00 DPL=0 CS64 [-R-]
SS =0030 0000000000000000 ffffffff 00cf9300 DPL=0 DS   [-WA]
DS =0030 0000000000000000 ffffffff 00cf9300 DPL=0 DS   [-WA]
FS =0030 0000000000000000 ffffffff 00cf9300 DPL=0 DS   [-WA]
GS =0030 0000000000000000 ffffffff 00cf9300 DPL=0 DS   [-WA]
LDT=0000 0000000000000000 0000ffff 00008200 DPL=0 LDT
TR =0000 0000000000000000 0000ffff 00008b00 DPL=0 TSS64-busy
GDT=     000000003f5dc000 00000047
IDT=     000000003efa3018 00000fff
CR0=80010033 CR2=0000000000000000 CR3=000000003f801000 CR4=00000668
DR0=0000000000000000 DR1=0000000000000000 DR2=0000000000000000 DR3=0000000000000000 
DR6=00000000ffff0ff0 DR7=0000000000000400
CCS=0000000000000004 CCD=0000000000000000 CCO=EFLAGS
EFER=0000000000000d00
Servicing hardware INT=0x20
   351: v=20 e=0000 i=0 cpl=0 IP=0038:000000003de3c519 pc=000000003de3c519 SP=0030:000000003fe65660 env->regs[R_EAX]=0000000000000000
RAX=0000000000000000 RBX=0000000000000000 RCX=0000000000280001 RDX=0000000000000000
RSI=0000000000000000 RDI=000000003db72fff RBP=000000003fe65770 RSP=000000003fe65660
R8 =0000000001000000 R9 =000000003cdf3000 R10=000000003fe7285c R11=0000000000000000
R12=0000000000001000 R13=0000000081040000 R14=0000000000000000 R15=000000003f5ec018
RIP=000000003de3c519 RFL=00010206 [-----P-] CPL=0 II=0 A20=1 SMM=0 HLT=0
ES =0030 0000000000000000 ffffffff 00cf9300 DPL=0 DS   [-WA]
CS =0038 0000000000000000 ffffffff 00af9a00 DPL=0 CS64 [-R-]
SS =0030 0000000000000000 ffffffff 00cf9300 DPL=0 DS   [-WA]
DS =0030 0000000000000000 ffffffff 00cf9300 DPL=0 DS   [-WA]
FS =0030 0000000000000000 ffffffff 00cf9300 DPL=0 DS   [-WA]
GS =0030 0000000000000000 ffffffff 00cf9300 DPL=0 DS   [-WA]
LDT=0000 0000000000000000 0000ffff 00008200 DPL=0 LDT
TR =0000 0000000000000000 0000ffff 00008b00 DPL=0 TSS64-busy
GDT=     000000003f5dc000 00000047
IDT=     000000003efa3018 00000fff
CR0=80010033 CR2=0000000000000000 CR3=000000003f801000 CR4=00000668
DR0=0000000000000000 DR1=0000000000000000 DR2=0000000000000000 DR3=0000000000000000 
DR6=00000000ffff0ff0 DR7=0000000000000400
CCS=0000000000000004 CCD=0000000000000000 CCO=EFLAGS
EFER=0000000000000d00
Servicing hardware INT=0x20
   352: v=20 e=0000 i=0 cpl=0 IP=0038:000000003fe82e8c pc=000000003fe82e8c SP=0030:000000003fe64940 env->regs[R_EAX]=00000000000000af
RAX=00000000000000af RBX=000000003fe8c0a0 RCX=0000000000000000 RDX=000000003de48000
RSI=000000003fe64a4c RDI=000000003de4fba8 RBP=000000003fe649b0 RSP=000000003fe64940
R8 =00000000000000af R9 =0000000000007b80 R10=000000003de4f518 R11=000000003de4f518
R12=0000000000007ba8 R13=000000003de48000 R14=000000000000000c R15=000000003de48018
RIP=000000003fe82e8c RFL=00000206 [-----P-] CPL=0 II=0 A20=1 SMM=0 HLT=0
ES =0030 0000000000000000 ffffffff 00cf9300 DPL=0 DS   [-WA]
CS =0038 0000000000000000 ffffffff 00af9a00 DPL=0 CS64 [-R-]
SS =0030 0000000000000000 ffffffff 00cf9300 DPL=0 DS   [-WA]
DS =0030 0000000000000000 ffffffff 00cf9300 DPL=0 DS   [-WA]
FS =0030 0000000000000000 ffffffff 00cf9300 DPL=0 DS   [-WA]
GS =0030 0000000000000000 ffffffff 00cf9300 DPL=0 DS   [-WA]
LDT=0000 0000000000000000 0000ffff 00008200 DPL=0 LDT
TR =0000 0000000000000000 0000ffff 00008b00 DPL=0 TSS64-busy
GDT=     000000003f5dc000 00000047
IDT=     000000003efa3018 00000fff
CR0=80010033 CR2=0000000000000000 CR3=000000003f801000 CR4=00000668
DR0=0000000000000000 DR1=0000000000000000 DR2=0000000000000000 DR3=0000000000000000 
DR6=00000000ffff0ff0 DR7=0000000000000400
CCS=0000000000000004 CCD=000000003fe64928 CCO=EFLAGS
EFER=0000000000000d00
Servicing hardware INT=0x20
   353: v=20 e=0000 i=0 cpl=0 IP=0038:000000003fe82e8c pc=000000003fe82e8c SP=0030:000000003fe648a0 env->regs[R_EAX]=00000000000000af
RAX=00000000000000af RBX=000000003de48000 RCX=0000000000000000 RDX=000000003de48000
RSI=000000003fe8bb60 RDI=000000003de50000 RBP=000000003fe64930 RSP=000000003fe648a0
R8 =00000000000000af R9 =000000003de4ffff R10=000000003de4f098 R11=000000003de4f098
R12=000000003de4ffff R13=000000003de50000 R14=000000003ea12e80 R15=000000003de4ffff
RIP=000000003fe82e8c RFL=00000206 [-----P-] CPL=0 II=0 A20=1 SMM=0 HLT=0
ES =0030 0000000000000000 ffffffff 00cf9300 DPL=0 DS   [-WA]
CS =0038 0000000000000000 ffffffff 00af9a00 DPL=0 CS64 [-R-]
SS =0030 0000000000000000 ffffffff 00cf9300 DPL=0 DS   [-WA]
DS =0030 0000000000000000 ffffffff 00cf9300 DPL=0 DS   [-WA]
FS =0030 0000000000000000 ffffffff 00cf9300 DPL=0 DS   [-WA]
GS =0030 0000000000000000 ffffffff 00cf9300 DPL=0 DS   [-WA]
LDT=0000 0000000000000000 0000ffff 00008200 DPL=0 LDT
TR =0000 0000000000000000 0000ffff 00008b00 DPL=0 TSS64-busy
GDT=     000000003f5dc000 00000047
IDT=     000000003efa3018 00000fff
CR0=80010033 CR2=0000000000000000 CR3=000000003f801000 CR4=00000668
DR0=0000000000000000 DR1=0000000000000000 DR2=0000000000000000 DR3=0000000000000000 
DR6=00000000ffff0ff0 DR7=0000000000000400
CCS=0000000000000004 CCD=000000003fe64888 CCO=EFLAGS
EFER=0000000000000d00
Servicing hardware INT=0x20
   354: v=20 e=0000 i=0 cpl=0 IP=0038:000000003de3bfff pc=000000003de3bfff SP=0030:000000003fe655b0 env->regs[R_EAX]=0000000000000000
RAX=0000000000000000 RBX=000000003de4f003 RCX=0000000038bcf003 RDX=000000003de50000
RSI=0000000038bd0000 RDI=000000003de50000 RBP=0000000000000000 RSP=000000003fe655b0
R8 =0000000000001000 R9 =000000003cddf000 R10=000000003fe7285c R11=0000000000000000
R12=000000003bb6c000 R13=000000003f5ec018 R14=000000003f5ec078 R15=00000000000001c5
RIP=000000003de3bfff RFL=00000206 [-----P-] CPL=0 II=0 A20=1 SMM=0 HLT=0
ES =0030 0000000000000000 ffffffff 00cf9300 DPL=0 DS   [-WA]
CS =0038 0000000000000000 ffffffff 00af9a00 DPL=0 CS64 [-R-]
SS =0030 0000000000000000 ffffffff 00cf9300 DPL=0 DS   [-WA]
DS =0030 0000000000000000 ffffffff 00cf9300 DPL=0 DS   [-WA]
FS =0030 0000000000000000 ffffffff 00cf9300 DPL=0 DS   [-WA]
GS =0030 0000000000000000 ffffffff 00cf9300 DPL=0 DS   [-WA]
LDT=0000 0000000000000000 0000ffff 00008200 DPL=0 LDT
TR =0000 0000000000000000 0000ffff 00008b00 DPL=0 TSS64-busy
GDT=     000000003f5dc000 00000047
IDT=     000000003efa3018 00000fff
CR0=80010033 CR2=0000000000000000 CR3=000000003f801000 CR4=00000668
DR0=0000000000000000 DR1=0000000000000000 DR2=0000000000000000 DR3=0000000000000000 
DR6=00000000ffff0ff0 DR7=0000000000000400
CCS=0000000000000004 CCD=00000000000001c5 CCO=EFLAGS
EFER=0000000000000d00
Servicing hardware INT=0x20
   355: v=20 e=0000 i=0 cpl=0 IP=0038:000000003fe82e8c pc=000000003fe82e8c SP=0030:000000003fe64940 env->regs[R_EAX]=00000000000000af
RAX=00000000000000af RBX=000000003fe8c0a0 RCX=0000000000000000 RDX=000000003cd71000
RSI=000000003fe64a4c RDI=000000003cd778a8 RBP=000000003fe649b0 RSP=000000003fe64940
R8 =00000000000000af R9 =0000000000006880 R10=000000003cd77318 R11=000000003cd77318
R12=00000000000068a8 R13=000000003cd71000 R14=000000000000000b R15=000000003cd71018
RIP=000000003fe82e8c RFL=00000206 [-----P-] CPL=0 II=0 A20=1 SMM=0 HLT=0
ES =0030 0000000000000000 ffffffff 00cf9300 DPL=0 DS   [-WA]
CS =0038 0000000000000000 ffffffff 00af9a00 DPL=0 CS64 [-R-]
SS =0030 0000000000000000 ffffffff 00cf9300 DPL=0 DS   [-WA]
DS =0030 0000000000000000 ffffffff 00cf9300 DPL=0 DS   [-WA]
FS =0030 0000000000000000 ffffffff 00cf9300 DPL=0 DS   [-WA]
GS =0030 0000000000000000 ffffffff 00cf9300 DPL=0 DS   [-WA]
LDT=0000 0000000000000000 0000ffff 00008200 DPL=0 LDT
TR =0000 0000000000000000 0000ffff 00008b00 DPL=0 TSS64-busy
GDT=     000000003f5dc000 00000047
IDT=     000000003efa3018 00000fff
CR0=80010033 CR2=0000000000000000 CR3=000000003f801000 CR4=00000668
DR0=0000000000000000 DR1=0000000000000000 DR2=0000000000000000 DR3=0000000000000000 
DR6=00000000ffff0ff0 DR7=0000000000000400
CCS=0000000000000004 CCD=000000003fe64928 CCO=EFLAGS
EFER=0000000000000d00
Servicing hardware INT=0x20
   356: v=20 e=0000 i=0 cpl=0 IP=0008:00000000001a9309 pc=00000000001a9309 SP=0010:0000000004e8bba0 env->regs[R_EAX]=00000000002b5078
RAX=00000000002b5078 RBX=0000000010001000 RCX=00000000002b5000 RDX=00000000002b6000
RSI=00000000000000c9 RDI=0000000010000000 RBP=00000000003ea070 RSP=0000000004e8bba0
R8 =0000000004e8bc58 R9 =0000000010263000 R10=0000000000007df4 R11=0000000004e8bc50
R12=0000000010263000 R13=0000000000000008 R14=0000000000000001 R15=00000000002b5040
RIP=00000000001a9309 RFL=00000283 [--S---C] CPL=0 II=0 A20=1 SMM=0 HLT=0
ES =0010 0000000000000000 000fffff 000f9300 DPL=0 DS   [-WA]
CS =0008 0000000000000000 000fffff 002f9a00 DPL=0 CS64 [-R-]
SS =0010 0000000000000000 000fffff 000f9300 DPL=0 DS   [-WA]
DS =0010 0000000000000000 000fffff 000f9300 DPL=0 DS   [-WA]
FS =0010 0000000000000000 000fffff 000f9300 DPL=0 DS   [-WA]
GS =0010 0000000000000000 000fffff 000f9300 DPL=0 DS   [-WA]
LDT=0000 0000000000000000 0000ffff 00008200 DPL=0 LDT
TR =0000 0000000000000000 0000ffff 00008b00 DPL=0 TSS64-busy
GDT=     00000000036f2cf0 00000017
IDT=     00000000036f1ce0 00000fff
CR0=80010033 CR2=0000000000000000 CR3=000000003de50000 CR4=00000668
DR0=0000000000000000 DR1=0000000000000000 DR2=0000000000000000 DR3=0000000000000000 
DR6=00000000ffff0ff0 DR7=0000000000000400
CCS=000000000007c800 CCD=fffffffffff8b5f4 CCO=SUBQ
EFER=0000000000000d00
Servicing hardware INT=0x20
   357: v=20 e=0000 i=0 cpl=0 IP=0008:0000000010019c40 pc=0000000010019c40 SP=0010:0000000004e8bb78 env->regs[R_EAX]=0000000000000001
RAX=0000000000000001 RBX=0000000000000001 RCX=0000000010000000 RDX=000000001024dbf0
RSI=0000000010000000 RDI=0000000000000000 RBP=00000000002661c0 RSP=0000000004e8bb78
R8 =000000001024dbf0 R9 =0000000010121f18 R10=0000000000000000 R11=0000000000000000
R12=0000000000000000 R13=0000000000000000 R14=0000000000265a54 R15=0000000000265c5d
RIP=0000000010019c40 RFL=00000202 [-------] CPL=0 II=0 A20=1 SMM=0 HLT=0
ES =0010 0000000000000000 000fffff 000f9300 DPL=0 DS   [-WA]
CS =0008 0000000000000000 000fffff 002f9a00 DPL=0 CS64 [-R-]
SS =0010 0000000000000000 000fffff 000f9300 DPL=0 DS   [-WA]
DS =0010 0000000000000000 000fffff 000f9300 DPL=0 DS   [-WA]
FS =0010 0000000000000000 000fffff 000f9300 DPL=0 DS   [-WA]
GS =0010 0000000000000000 000fffff 000f9300 DPL=0 DS   [-WA]
LDT=0000 0000000000000000 0000ffff 00008200 DPL=0 LDT
TR =0000 0000000000000000 0000ffff 00008b00 DPL=0 TSS64-busy
GDT=     00000000036f2cf0 00000017
IDT=     00000000036f1ce0 00000fff
CR0=80010033 CR2=0000000000000000 CR3=000000003de50000 CR4=00000668
DR0=0000000000000000 DR1=0000000000000000 DR2=0000000000000000 DR3=0000000000000000 
DR6=00000000ffff0ff0 DR7=0000000000000400
CCS=0000000000000000 CCD=0000000000000001 CCO=EFLAGS
EFER=0000000000000d00
Servicing hardware INT=0x20
   358: v=20 e=0000 i=0 cpl=0 IP=0008:00000000100620e0 pc=00000000100620e0 SP=0010:0000000004e8ba28 env->regs[R_EAX]=ffffffffffffffff
RAX=ffffffffffffffff RBX=0000000000000000 RCX=ffffffffffffffff RDX=0000000000001000
RSI=0000000000012a80 RDI=0000000000100000 RBP=0000000104000000 RSP=0000000004e8ba28
R8 =fffffffffff00000 R9 =0000000100000000 R10=0000000103e00040 R11=000000001013f4a0
R12=0000000000000000 R13=0000000000000000 R14=0000000100000000 R15=0000000000000000
RIP=00000000100620e0 RFL=00000286 [--S--P-] CPL=0 II=0 A20=1 SMM=0 HLT=0
ES =0010 0000000000000000 000fffff 000f9300 DPL=0 DS   [-WA]
CS =0008 0000000000000000 000fffff 002f9a00 DPL=0 CS64 [-R-]
SS =0010 0000000000000000 000fffff 000f9300 DPL=0 DS   [-WA]
DS =0010 0000000000000000 000fffff 000f9300 DPL=0 DS   [-WA]
FS =0010 0000000000000000 000fffff 000f9300 DPL=0 DS   [-WA]
GS =0010 0000000000000000 000fffff 000f9300 DPL=0 DS   [-WA]
LDT=0000 0000000000000000 0000ffff 00008200 DPL=0 LDT
TR =0000 0000000000000000 0000ffff 00008b00 DPL=0 TSS64-busy
GDT=     00000000036f2cf0 00000017
IDT=     00000000036f1ce0 00000fff
CR0=80010033 CR2=0000000000000000 CR3=000000003de50000 CR4=00000668
DR0=0000000000000000 DR1=0000000000000000 DR2=0000000000000000 DR3=0000000000000000 
DR6=00000000ffff0ff0 DR7=0000000000000400
CCS=0000000000000084 CCD=ffffffffffff8000 CCO=EFLAGS
EFER=0000000000000d00
Servicing hardware INT=0x20
   359: v=20 e=0000 i=0 cpl=0 IP=0008:00000000001db713 pc=00000000001db713 SP=0010:0000000004e8bc18 env->regs[R_EAX]=0000000000000060
RAX=0000000000000060 RBX=00000000001db710 RCX=00000000000003fd RDX=00000000000003fd
RSI=00000000001db720 RDI=000000000000001c RBP=00000000002661c0 RSP=0000000004e8bc18
R8 =0000000010120a38 R9 =00000000101208b8 R10=0000000010120838 R11=0000000010120844
R12=0000000000000000 R13=000000000000270f R14=0000000002000012 R15=0000000000000030
RIP=00000000001db713 RFL=00000246 [---Z-P-] CPL=0 II=0 A20=1 SMM=0 HLT=0
ES =0010 0000000000000000 000fffff 000f9300 DPL=0 DS   [-WA]
CS =0008 0000000000000000 000fffff 002f9a00 DPL=0 CS64 [-R-]
SS =0010 0000000000000000 000fffff 000f9300 DPL=0 DS   [-WA]
DS =0010 0000000000000000 000fffff 000f9300 DPL=0 DS   [-WA]
FS =0010 0000000000000000 000fffff 000f9300 DPL=0 DS   [-WA]
GS =0010 0000000000000000 000fffff 000f9300 DPL=0 DS   [-WA]
LDT=0000 0000000000000000 0000ffff 00008200 DPL=0 LDT
TR =0000 0000000000000000 0000ffff 00008b00 DPL=0 TSS64-busy
GDT=     00000000036f2cf0 00000017
IDT=     00000000036f1ce0 00000fff
CR0=80010033 CR2=0000000000000000 CR3=000000003de50000 CR4=00000668
DR0=0000000000000000 DR1=0000000000000000 DR2=0000000000000000 DR3=0000000000000000 
DR6=00000000ffff0ff0 DR7=0000000000000400
CCS=0000000000000044 CCD=0000000000000000 CCO=EFLAGS
EFER=0000000000000d00
Servicing hardware INT=0x20
   360: v=20 e=0000 i=0 cpl=0 IP=0008:00000000100130d6 pc=00000000100130d6 SP=0010:0000000004e8b850 env->regs[R_EAX]=0000000000000001
RAX=0000000000000001 RBX=0000000004e8ba01 RCX=0000000000000001 RDX=0000000100a00048
RSI=0000000000000028 RDI=0000000000000000 RBP=0000000004e8b950 RSP=0000000004e8b850
R8 =0000000100a00fd0 R9 =0000000000000028 R10=0000000000000000 R11=0000000000000000
R12=000000000026635a R13=000000000394fce0 R14=0000000000000002 R15=00000000100e86e8
RIP=00000000100130d6 RFL=00000202 [-------] CPL=0 II=0 A20=1 SMM=0 HLT=0
ES =0010 0000000000000000 000fffff 000f9300 DPL=0 DS   [-WA]
CS =0008 0000000000000000 000fffff 002f9a00 DPL=0 CS64 [-R-]
SS =0010 0000000000000000 000fffff 000f9300 DPL=0 DS   [-WA]
DS =0010 0000000000000000 000fffff 000f9300 DPL=0 DS   [-WA]
FS =0010 0000000000000000 000fffff 000f9300 DPL=0 DS   [-WA]
GS =0010 000000000394fce0 000fffff 000f9300 DPL=0 DS   [-WA]
LDT=0000 0000000000000000 0000ffff 00008200 DPL=0 LDT
TR =0000 0000000000000000 0000ffff 00008b00 DPL=0 TSS64-busy
GDT=     00000000036f2cf0 00000017
IDT=     00000000036f1ce0 00000fff
CR0=80010033 CR2=0000000000000000 CR3=000000003de50000 CR4=00000668
DR0=0000000000000000 DR1=0000000000000000 DR2=0000000000000000 DR3=0000000000000000 
DR6=00000000ffff0ff0 DR7=0000000000000400
CCS=0000000000000000 CCD=0000000004e8ba01 CCO=EFLAGS
EFER=0000000000000d00
Servicing hardware INT=0x20
   361: v=20 e=0000 i=0 cpl=0 IP=0008:0000000000101670 pc=0000000000101670 SP=0010:0000000004e7b358 env->regs[R_EAX]=000000003d07c000
RAX=000000003d07c000 RBX=0000000004e9dcf0 RCX=000000003d07b3f4 RDX=0000000000000288
RSI=000000003d07b000 RDI=0000000000000a21 RBP=0000000000000a11 RSP=0000000004e7b358
R8 =0000000000288000 R9 =0000000004e9dcf0 R10=000000000394f8c0 R11=0000000000000a11
R12=0000000004e8eb20 R13=0000000000000002 R14=0000000000299a90 R15=0000000004e7a9af
RIP=0000000000101670 RFL=00000283 [--S---C] CPL=0 II=0 A20=1 SMM=0 HLT=0
ES =0010 0000000000000000 000fffff 000f9300 DPL=0 DS   [-WA]
CS =0008 0000000000000000 000fffff 002f9a00 DPL=0 CS64 [-R-]
SS =0010 0000000000000000 000fffff 000f9300 DPL=0 DS   [-WA]
DS =0010 0000000000000000 000fffff 000f9300 DPL=0 DS   [-WA]
FS =0010 0000000000000000 000fffff 000f9300 DPL=0 DS   [-WA]
GS =0010 000000000394fce0 000fffff 000f9300 DPL=0 DS   [-WA]
LDT=0000 0000000000000000 0000ffff 00008200 DPL=0 LDT
TR =0000 0000000000000000 0000ffff 00008b00 DPL=0 TSS64-busy
GDT=     00000000036f2cf0 00000017
IDT=     00000000036f1ce0 00000fff
CR0=80010033 CR2=0000000000000000 CR3=000000003de50000 CR4=00000668
DR0=0000000000000000 DR1=0000000000000000 DR2=0000000000000000 DR3=0000000000000000 
DR6=00000000ffff0ff0 DR7=0000000000000400
CCS=0000000000000081 CCD=fffffffffffff3f4 CCO=EFLAGS
EFER=0000000000000d00
Servicing hardware INT=0x20
   362: v=20 e=0000 i=0 cpl=0 IP=0008:0000000010044408 pc=0000000010044408 SP=0010:0000000004e8b600 env->regs[R_EAX]=0000000000000000
RAX=0000000000000000 RBX=0000000000000000 RCX=0000000104010080 RDX=00000000000006f8
RSI=0000000000000000 RDI=0000000010215a50 RBP=0000000000000000 RSP=0000000004e8b600
R8 =00000000000001e8 R9 =0000000104010710 R10=000000000394fc00 R11=0000000100a27500
R12=0000000000000000 R13=0000000000000000 R14=0000000000000001 R15=0000000000000000
RIP=0000000010044408 RFL=00000246 [---Z-P-] CPL=0 II=0 A20=1 SMM=0 HLT=0
ES =0010 0000000000000000 000fffff 000f9300 DPL=0 DS   [-WA]
CS =0008 0000000000000000 000fffff 002f9a00 DPL=0 CS64 [-R-]
SS =0010 0000000000000000 000fffff 000f9300 DPL=0 DS   [-WA]
DS =0010 0000000000000000 000fffff 000f9300 DPL=0 DS   [-WA]
FS =0010 0000000000000000 000fffff 000f9300 DPL=0 DS   [-WA]
GS =0010 000000000394fce0 000fffff 000f9300 DPL=0 DS   [-WA]
LDT=0000 0000000000000000 0000ffff 00008200 DPL=0 LDT
TR =0000 0000000000000000 0000ffff 00008b00 DPL=0 TSS64-busy
GDT=     00000000036f2cf0 00000017
IDT=     00000000036f1ce0 00000fff
CR0=80010033 CR2=0000000000000000 CR3=000000003de50000 CR4=00000668
DR0=0000000000000000 DR1=0000000000000000 DR2=0000000000000000 DR3=0000000000000000 
DR6=00000000ffff0ff0 DR7=0000000000000400
CCS=0000000000000044 CCD=0000000000000000 CCO=EFLAGS
EFER=0000000000000d00
Servicing hardware INT=0x20
   363: v=20 e=0000 i=0 cpl=0 IP=0008:0000000010012b30 pc=0000000010012b30 SP=0010:0000000004e8b190 env->regs[R_EAX]=0000000000000921
RAX=0000000000000921 RBX=000000001014c6a8 RCX=0000000000000231 RDX=000000000000006f
RSI=0000000000000001 RDI=0000000100a04020 RBP=0000000000000000 RSP=0000000004e8b190
R8 =0000000000000922 R9 =0000000000001000 R10=0000000100a02ff0 R11=0000000100a27500
R12=0000000000000001 R13=0000000000000000 R14=0000000100a05038 R15=000000001014c0e8
RIP=0000000010012b30 RFL=00000287 [--S--PC] CPL=0 II=0 A20=1 SMM=0 HLT=0
ES =0010 0000000000000000 000fffff 000f9300 DPL=0 DS   [-WA]
CS =0008 0000000000000000 000fffff 002f9a00 DPL=0 CS64 [-R-]
SS =0010 0000000000000000 000fffff 000f9300 DPL=0 DS   [-WA]
DS =0010 0000000000000000 000fffff 000f9300 DPL=0 DS   [-WA]
FS =0010 0000000000000000 000fffff 000f9300 DPL=0 DS   [-WA]
GS =0010 000000000394fce0 000fffff 000f9300 DPL=0 DS   [-WA]
LDT=0000 0000000000000000 0000ffff 00008200 DPL=0 LDT
TR =0000 0000000000000000 0000ffff 00008b00 DPL=0 TSS64-busy
GDT=     00000000036f2cf0 00000017
IDT=     00000000036f1ce0 00000fff
CR0=80010033 CR2=0000000000000000 CR3=000000003de50000 CR4=00000668
DR0=0000000000000000 DR1=0000000000000000 DR2=0000000000000000 DR3=0000000000000000 
DR6=00000000ffff0ff0 DR7=0000000000000400
CCS=0000000000000085 CCD=fffffffffffff922 CCO=EFLAGS
EFER=0000000000000d00
Servicing hardware INT=0x20
   364: v=20 e=0000 i=0 cpl=0 IP=0008:0000000010011d3c pc=0000000010011d3c SP=0010:0000000004e8b170 env->regs[R_EAX]=0000000100a02f01
RAX=0000000100a02f01 RBX=0000000010256260 RCX=0000000000000001 RDX=0000000010011a01
RSI=0000000100a02f50 RDI=0000000000000000 RBP=0000000004e8b309 RSP=0000000004e8b170
R8 =0000000000000000 R9 =0000000100a02f50 R10=0000000000000001 R11=0000000000000000
R12=0000000000000001 R13=0000000000000000 R14=0000000010256260 R15=0000000000000000
RIP=0000000010011d3c RFL=00000202 [-------] CPL=0 II=0 A20=1 SMM=0 HLT=0
ES =0010 0000000000000000 000fffff 000f9300 DPL=0 DS   [-WA]
CS =0008 0000000000000000 000fffff 002f9a00 DPL=0 CS64 [-R-]
SS =0010 0000000000000000 000fffff 000f9300 DPL=0 DS   [-WA]
DS =0010 0000000000000000 000fffff 000f9300 DPL=0 DS   [-WA]
FS =0010 0000000000000000 000fffff 000f9300 DPL=0 DS   [-WA]
GS =0010 000000000394fce0 000fffff 000f9300 DPL=0 DS   [-WA]
LDT=0000 0000000000000000 0000ffff 00008200 DPL=0 LDT
TR =0000 0000000000000000 0000ffff 00008b00 DPL=0 TSS64-busy
GDT=     00000000036f2cf0 00000017
IDT=     00000000036f1ce0 00000fff
CR0=80010033 CR2=0000000000000000 CR3=000000003de50000 CR4=00000668
DR0=0000000000000000 DR1=0000000000000000 DR2=0000000000000000 DR3=0000000000000000 
DR6=00000000ffff0ff0 DR7=0000000000000400
CCS=0000000000000000 CCD=0000000000000001 CCO=EFLAGS
EFER=0000000000000d00
Servicing hardware INT=0x20
   365: v=20 e=0000 i=0 cpl=0 IP=0008:00000000100125f8 pc=00000000100125f8 SP=0010:0000000004e8b138 env->regs[R_EAX]=0000000000000060
RAX=0000000000000060 RBX=0000000010256260 RCX=0000000010011a20 RDX=00000000000003fd
RSI=0000000100a02f50 RDI=0000000000000000 RBP=0000000004e8b309 RSP=0000000004e8b138
R8 =0000000000000030 R9 =0000000010011a20 R10=000000001011d540 R11=000000001011f651
R12=0000000000000001 R13=0000000000000000 R14=0000000010256260 R15=0000000000000000
RIP=00000000100125f8 RFL=00000212 [----A--] CPL=0 II=0 A20=1 SMM=0 HLT=0
ES =0010 0000000000000000 000fffff 000f9300 DPL=0 DS   [-WA]
CS =0008 0000000000000000 000fffff 002f9a00 DPL=0 CS64 [-R-]
SS =0010 0000000000000000 000fffff 000f9300 DPL=0 DS   [-WA]
DS =0010 0000000000000000 000fffff 000f9300 DPL=0 DS   [-WA]
FS =0010 0000000000000000 000fffff 000f9300 DPL=0 DS   [-WA]
GS =0010 000000000394fce0 000fffff 000f9300 DPL=0 DS   [-WA]
LDT=0000 0000000000000000 0000ffff 00008200 DPL=0 LDT
TR =0000 0000000000000000 0000ffff 00008b00 DPL=0 TSS64-busy
GDT=     00000000036f2cf0 00000017
IDT=     00000000036f1ce0 00000fff
CR0=80010033 CR2=0000000000000000 CR3=000000003de50000 CR4=00000668
DR0=0000000000000000 DR1=0000000000000000 DR2=0000000000000000 DR3=0000000000000000 
DR6=00000000ffff0ff0 DR7=0000000000000400
CCS=0000000000000010 CCD=0000000000000026 CCO=EFLAGS
EFER=0000000000000d00
Servicing hardware INT=0x20
   366: v=20 e=0000 i=0 cpl=0 IP=0008:0000000010011d41 pc=0000000010011d41 SP=0010:0000000004e8b170 env->regs[R_EAX]=000000000000000a
RAX=000000000000000a RBX=0000000010256260 RCX=000000000000000a RDX=00000000000003f8
RSI=0000000100a02f50 RDI=0000000000000000 RBP=0000000004e8b309 RSP=0000000004e8b170
R8 =0000000000000000 R9 =000000001011d528 R10=000000001011f681 R11=000000001011df08
R12=0000000000000001 R13=0000000000000000 R14=0000000010256260 R15=0000000000000000
RIP=0000000010011d41 RFL=00000202 [-------] CPL=0 II=0 A20=1 SMM=0 HLT=0
ES =0010 0000000000000000 000fffff 000f9300 DPL=0 DS   [-WA]
CS =0008 0000000000000000 000fffff 002f9a00 DPL=0 CS64 [-R-]
SS =0010 0000000000000000 000fffff 000f9300 DPL=0 DS   [-WA]
DS =0010 0000000000000000 000fffff 000f9300 DPL=0 DS   [-WA]
FS =0010 0000000000000000 000fffff 000f9300 DPL=0 DS   [-WA]
GS =0010 000000000394fce0 000fffff 000f9300 DPL=0 DS   [-WA]
LDT=0000 0000000000000000 0000ffff 00008200 DPL=0 LDT
TR =0000 0000000000000000 0000ffff 00008b00 DPL=0 TSS64-busy
GDT=     00000000036f2cf0 00000017
IDT=     00000000036f1ce0 00000fff
CR0=80010033 CR2=0000000000000000 CR3=000000003de50000 CR4=00000668
DR0=0000000000000000 DR1=0000000000000000 DR2=0000000000000000 DR3=0000000000000000 
DR6=00000000ffff0ff0 DR7=0000000000000400
CCS=0000000000000000 CCD=0000000004e8b168 CCO=EFLAGS
EFER=0000000000000d00
Servicing hardware INT=0x20
   367: v=20 e=0000 i=0 cpl=0 IP=0008:0000000010011d41 pc=0000000010011d41 SP=0010:0000000004e8b170 env->regs[R_EAX]=000000000000000a
RAX=000000000000000a RBX=0000000010256260 RCX=000000000000000a RDX=00000000000003f8
RSI=0000000100a02f50 RDI=0000000000000000 RBP=0000000004e8b309 RSP=0000000004e8b170
R8 =0000000000000000 R9 =000000001011d528 R10=000000001011f681 R11=000000001011df08
R12=0000000000000001 R13=0000000000000000 R14=0000000010256260 R15=0000000000000000
RIP=0000000010011d41 RFL=00000202 [-------] CPL=0 II=0 A20=1 SMM=0 HLT=0
ES =0010 0000000000000000 000fffff 000f9300 DPL=0 DS   [-WA]
CS =0008 0000000000000000 000fffff 002f9a00 DPL=0 CS64 [-R-]
SS =0010 0000000000000000 000fffff 000f9300 DPL=0 DS   [-WA]
DS =0010 0000000000000000 000fffff 000f9300 DPL=0 DS   [-WA]
FS =0010 0000000000000000 000fffff 000f9300 DPL=0 DS   [-WA]
GS =0010 000000000394fce0 000fffff 000f9300 DPL=0 DS   [-WA]
LDT=0000 0000000000000000 0000ffff 00008200 DPL=0 LDT
TR =0000 0000000000000000 0000ffff 00008b00 DPL=0 TSS64-busy
GDT=     00000000036f2cf0 00000017
IDT=     00000000036f1ce0 00000fff
CR0=80010033 CR2=0000000000000000 CR3=000000003de50000 CR4=00000668
DR0=0000000000000000 DR1=0000000000000000 DR2=0000000000000000 DR3=0000000000000000 
DR6=00000000ffff0ff0 DR7=0000000000000400
CCS=0000000000000000 CCD=0000000004e8b100 CCO=EFLAGS
EFER=0000000000000d00
Servicing hardware INT=0x20
   368: v=20 e=0000 i=0 cpl=0 IP=0008:0000000010011d41 pc=0000000010011d41 SP=0010:0000000004e8b170 env->regs[R_EAX]=000000000000000a
RAX=000000000000000a RBX=0000000010256260 RCX=000000000000000a RDX=00000000000003f8
RSI=0000000100a02f50 RDI=0000000000000000 RBP=0000000004e8b309 RSP=0000000004e8b170
R8 =0000000000000000 R9 =000000001011d528 R10=000000001011f681 R11=000000001011df08
R12=0000000000000001 R13=0000000000000000 R14=0000000010256260 R15=0000000000000000
RIP=0000000010011d41 RFL=00000202 [-------] CPL=0 II=0 A20=1 SMM=0 HLT=0
ES =0010 0000000000000000 000fffff 000f9300 DPL=0 DS   [-WA]
CS =0008 0000000000000000 000fffff 002f9a00 DPL=0 CS64 [-R-]
SS =0010 0000000000000000 000fffff 000f9300 DPL=0 DS   [-WA]
DS =0010 0000000000000000 000fffff 000f9300 DPL=0 DS   [-WA]
FS =0010 0000000000000000 000fffff 000f9300 DPL=0 DS   [-WA]
GS =0010 000000000394fce0 000fffff 000f9300 DPL=0 DS   [-WA]
LDT=0000 0000000000000000 0000ffff 00008200 DPL=0 LDT
TR =0000 0000000000000000 0000ffff 00008b00 DPL=0 TSS64-busy
GDT=     00000000036f2cf0 00000017
IDT=     00000000036f1ce0 00000fff
CR0=80010033 CR2=0000000000000000 CR3=000000003de50000 CR4=00000668
DR0=0000000000000000 DR1=0000000000000000 DR2=0000000000000000 DR3=0000000000000000 
DR6=00000000ffff0ff0 DR7=0000000000000400
CCS=0000000000000000 CCD=0000000004e8b100 CCO=EFLAGS
EFER=0000000000000d00
Servicing hardware INT=0x20
   369: v=20 e=0000 i=0 cpl=0 IP=0008:0000000010011d41 pc=0000000010011d41 SP=0010:0000000004e8b170 env->regs[R_EAX]=000000000000000a
RAX=000000000000000a RBX=0000000010256260 RCX=000000000000000a RDX=00000000000003f8
RSI=0000000100a02f50 RDI=0000000000000000 RBP=0000000004e8b309 RSP=0000000004e8b170
R8 =0000000000000000 R9 =000000001011d528 R10=000000001011f681 R11=000000001011df08
R12=0000000000000001 R13=0000000000000000 R14=0000000010256260 R15=0000000000000000
RIP=0000000010011d41 RFL=00000202 [-------] CPL=0 II=0 A20=1 SMM=0 HLT=0
ES =0010 0000000000000000 000fffff 000f9300 DPL=0 DS   [-WA]
CS =0008 0000000000000000 000fffff 002f9a00 DPL=0 CS64 [-R-]
SS =0010 0000000000000000 000fffff 000f9300 DPL=0 DS   [-WA]
DS =0010 0000000000000000 000fffff 000f9300 DPL=0 DS   [-WA]
FS =0010 0000000000000000 000fffff 000f9300 DPL=0 DS   [-WA]
GS =0010 000000000394fce0 000fffff 000f9300 DPL=0 DS   [-WA]
LDT=0000 0000000000000000 0000ffff 00008200 DPL=0 LDT
TR =0000 0000000000000000 0000ffff 00008b00 DPL=0 TSS64-busy
GDT=     00000000036f2cf0 00000017
IDT=     00000000036f1ce0 00000fff
CR0=80010033 CR2=0000000000000000 CR3=000000003de50000 CR4=00000668
DR0=0000000000000000 DR1=0000000000000000 DR2=0000000000000000 DR3=0000000000000000 
DR6=00000000ffff0ff0 DR7=0000000000000400
CCS=0000000000000000 CCD=0000000004e8b100 CCO=EFLAGS
EFER=0000000000000d00
Servicing hardware INT=0x20
   370: v=20 e=0000 i=0 cpl=0 IP=0008:0000000010011d41 pc=0000000010011d41 SP=0010:0000000004e8b170 env->regs[R_EAX]=000000000000000a
RAX=000000000000000a RBX=0000000010256260 RCX=000000000000000a RDX=00000000000003f8
RSI=0000000100a02f50 RDI=0000000000000000 RBP=0000000004e8b309 RSP=0000000004e8b170
R8 =0000000000000000 R9 =000000001011d528 R10=000000001011f681 R11=000000001011df08
R12=0000000000000001 R13=0000000000000000 R14=0000000010256260 R15=0000000000000000
RIP=0000000010011d41 RFL=00000202 [-------] CPL=0 II=0 A20=1 SMM=0 HLT=0
ES =0010 0000000000000000 000fffff 000f9300 DPL=0 DS   [-WA]
CS =0008 0000000000000000 000fffff 002f9a00 DPL=0 CS64 [-R-]
SS =0010 0000000000000000 000fffff 000f9300 DPL=0 DS   [-WA]
DS =0010 0000000000000000 000fffff 000f9300 DPL=0 DS   [-WA]
FS =0010 0000000000000000 000fffff 000f9300 DPL=0 DS   [-WA]
GS =0010 000000000394fce0 000fffff 000f9300 DPL=0 DS   [-WA]
LDT=0000 0000000000000000 0000ffff 00008200 DPL=0 LDT
TR =0000 0000000000000000 0000ffff 00008b00 DPL=0 TSS64-busy
GDT=     00000000036f2cf0 00000017
IDT=     00000000036f1ce0 00000fff
CR0=80010033 CR2=0000000000000000 CR3=000000003de50000 CR4=00000668
DR0=0000000000000000 DR1=0000000000000000 DR2=0000000000000000 DR3=0000000000000000 
DR6=00000000ffff0ff0 DR7=0000000000000400
CCS=0000000000000000 CCD=0000000004e8b100 CCO=EFLAGS
EFER=0000000000000d00
