Servicing hardware INT=0x20
     0: v=20 e=0000 i=0 cpl=0 IP=0038:000000003eb65669 pc=000000003eb65669 SP=0030:000000003fe5f280 env->regs[R_EAX]=0000000000000000
RAX=0000000000000000 RBX=0000000000000000 RCX=0000000000000000 RDX=0000000000000000
RSI=0000000000000000 RDI=0000000000000001 RBP=000000003fe653a0 RSP=000000003fe5f280
R8 =0000000000000000 R9 =000000003fe5fc07 R10=0000000000000000 R11=000000003fe61380
R12=0000000000000000 R13=000000003fe5f8f0 R14=000000003fe5f3a8 R15=000000003fe5f390
RIP=000000003eb65669 RFL=00000216 [----AP-] CPL=0 II=0 A20=1 SMM=0 HLT=0
ES =0030 0000000000000000 ffffffff 00cf9300 DPL=0 DS   [-WA]
CS =0038 0000000000000000 ffffffff 00af9a00 DPL=0 CS64 [-R-]
SS =0030 0000000000000000 ffffffff 00cf9300 DPL=0 DS   [-WA]
DS =0030 0000000000000000 ffffffff 00cf9300 DPL=0 DS   [-WA]
FS =0030 0000000000000000 ffffffff 00cf9300 DPL=0 DS   [-WA]
GS =0030 0000000000000000 ffffffff 00cf9300 DPL=0 DS   [-WA]
LDT=0000 0000000000000000 0000ffff 00008200 DPL=0 LDT
TR =0000 0000000000000000 0000ffff 00008b00 DPL=0 TSS64-busy
GDT=     000000003f5dc000 00000047
IDT=     000000003efa3018 00000fff
CR0=80010033 CR2=0000000000000000 CR3=000000003f801000 CR4=00000660
DR0=0000000000000000 DR1=0000000000000000 DR2=0000000000000000 DR3=0000000000000000 
DR6=00000000ffff0ff0 DR7=0000000000000400
CCS=0000000000000014 CCD=000000003fe5f8f0 CCO=EFLAGS
EFER=0000000000000d00
Servicing hardware INT=0x20
     1: v=20 e=0000 i=0 cpl=0 IP=0038:000000003efa8fff pc=000000003efa8fff SP=0030:000000003fe652a0 env->regs[R_EAX]=000000003efa8ff1
RAX=000000003efa8ff1 RBX=000000c351000000 RCX=0000000000000007 RDX=000fffffc0000000
RSI=0000000000000008 RDI=0000000000000007 RBP=000000003fe652b0 RSP=000000003fe652a0
R8 =000000000000001f R9 =000000003eb73397 R10=0000000000000000 R11=0000000000000008
R12=000000003fe65358 R13=0000000000000001 R14=0000000000000000 R15=000000003fe65354
RIP=000000003efa8fff RFL=00000202 [-------] CPL=0 II=0 A20=1 SMM=0 HLT=0
ES =0030 0000000000000000 ffffffff 00cf9300 DPL=0 DS   [-WA]
CS =0038 0000000000000000 ffffffff 00af9a00 DPL=0 CS64 [-R-]
SS =0030 0000000000000000 ffffffff 00cf9300 DPL=0 DS   [-WA]
DS =0030 0000000000000000 ffffffff 00cf9300 DPL=0 DS   [-WA]
FS =0030 0000000000000000 ffffffff 00cf9300 DPL=0 DS   [-WA]
GS =0030 0000000000000000 ffffffff 00cf9300 DPL=0 DS   [-WA]
LDT=0000 0000000000000000 0000ffff 00008200 DPL=0 LDT
TR =0000 0000000000000000 0000ffff 00008b00 DPL=0 TSS64-busy
GDT=     000000003f5dc000 00000047
IDT=     000000003efa3018 00000fff
CR0=80000033 CR2=0000000000000000 CR3=000000003f801000 CR4=00000668
DR0=0000000000000000 DR1=0000000000000000 DR2=0000000000000000 DR3=0000000000000000 
DR6=00000000ffff0ff0 DR7=0000000000000400
CCS=0000000000000000 CCD=000000003efab940 CCO=EFLAGS
EFER=0000000000000d00
Servicing hardware INT=0x20
     2: v=20 e=0000 i=0 cpl=0 IP=0038:000000003eb57266 pc=000000003eb57266 SP=0030:000000003fe65138 env->regs[R_EAX]=000000003eb6ca80
RAX=000000003eb6ca80 RBX=0000000000000010 RCX=000000003eb6ca80 RDX=000000003f4e7a3c
RSI=0000000008000158 RDI=0000000000000001 RBP=000000003fe65170 RSP=000000003fe65138
R8 =000000000000001f R9 =000000003eb73397 R10=0000000000000000 R11=0000000000000008
R12=0000000000000010 R13=0000000000000005 R14=0000000000000008 R15=000000003fe65354
RIP=000000003eb57266 RFL=00000202 [-------] CPL=0 II=0 A20=1 SMM=0 HLT=0
ES =0030 0000000000000000 ffffffff 00cf9300 DPL=0 DS   [-WA]
CS =0038 0000000000000000 ffffffff 00af9a00 DPL=0 CS64 [-R-]
SS =0030 0000000000000000 ffffffff 00cf9300 DPL=0 DS   [-WA]
DS =0030 0000000000000000 ffffffff 00cf9300 DPL=0 DS   [-WA]
FS =0030 0000000000000000 ffffffff 00cf9300 DPL=0 DS   [-WA]
GS =0030 0000000000000000 ffffffff 00cf9300 DPL=0 DS   [-WA]
LDT=0000 0000000000000000 0000ffff 00008200 DPL=0 LDT
TR =0000 0000000000000000 0000ffff 00008b00 DPL=0 TSS64-busy
GDT=     000000003f5dc000 00000047
IDT=     000000003efa3018 00000fff
CR0=80000033 CR2=0000000000000000 CR3=000000003f801000 CR4=00000668
DR0=0000000000000000 DR1=0000000000000000 DR2=0000000000000000 DR3=0000000000000000 
DR6=00000000ffff0ff0 DR7=0000000000000400
CCS=0000000000000000 CCD=000000003fe65140 CCO=EFLAGS
EFER=0000000000000d00
Servicing hardware INT=0x20
     3: v=20 e=0000 i=0 cpl=0 IP=0038:000000003efa8fff pc=000000003efa8fff SP=0030:000000003fe652a0 env->regs[R_EAX]=000000003efa8ff1
RAX=000000003efa8ff1 RBX=000000cc8b200000 RCX=0000000000000005 RDX=0000000000000027
RSI=0000000000000008 RDI=0000000000000005 RBP=000000003fe652b0 RSP=000000003fe652a0
R8 =000000cc8b000083 R9 =000000003eb73397 R10=0000000000000000 R11=0000000000000008
R12=000000003fe65358 R13=0000000000000001 R14=0000000000000000 R15=000000003fe65354
RIP=000000003efa8fff RFL=00000202 [-------] CPL=0 II=0 A20=1 SMM=0 HLT=0
ES =0030 0000000000000000 ffffffff 00cf9300 DPL=0 DS   [-WA]
CS =0038 0000000000000000 ffffffff 00af9a00 DPL=0 CS64 [-R-]
SS =0030 0000000000000000 ffffffff 00cf9300 DPL=0 DS   [-WA]
DS =0030 0000000000000000 ffffffff 00cf9300 DPL=0 DS   [-WA]
FS =0030 0000000000000000 ffffffff 00cf9300 DPL=0 DS   [-WA]
GS =0030 0000000000000000 ffffffff 00cf9300 DPL=0 DS   [-WA]
LDT=0000 0000000000000000 0000ffff 00008200 DPL=0 LDT
TR =0000 0000000000000000 0000ffff 00008b00 DPL=0 TSS64-busy
GDT=     000000003f5dc000 00000047
IDT=     000000003efa3018 00000fff
CR0=80000033 CR2=0000000000000000 CR3=000000003f801000 CR4=00000668
DR0=0000000000000000 DR1=0000000000000000 DR2=0000000000000000 DR3=0000000000000000 
DR6=00000000ffff0ff0 DR7=0000000000000400
CCS=0000000000000000 CCD=000000003efab940 CCO=EFLAGS
EFER=0000000000000d00
Servicing hardware INT=0x20
     4: v=20 e=0000 i=0 cpl=0 IP=0038:000000003efa8fff pc=000000003efa8fff SP=0030:000000003fe652a0 env->regs[R_EAX]=000000003efa8ff1
RAX=000000003efa8ff1 RBX=000000d119a00000 RCX=0000000000000005 RDX=0000000000000027
RSI=0000000000000008 RDI=0000000000000005 RBP=000000003fe652b0 RSP=000000003fe652a0
R8 =000000d119800083 R9 =000000003eb73397 R10=0000000000000000 R11=0000000000000008
R12=000000003fe65358 R13=0000000000000001 R14=0000000000000000 R15=000000003fe65354
RIP=000000003efa8fff RFL=00000202 [-------] CPL=0 II=0 A20=1 SMM=0 HLT=0
ES =0030 0000000000000000 ffffffff 00cf9300 DPL=0 DS   [-WA]
CS =0038 0000000000000000 ffffffff 00af9a00 DPL=0 CS64 [-R-]
SS =0030 0000000000000000 ffffffff 00cf9300 DPL=0 DS   [-WA]
DS =0030 0000000000000000 ffffffff 00cf9300 DPL=0 DS   [-WA]
FS =0030 0000000000000000 ffffffff 00cf9300 DPL=0 DS   [-WA]
GS =0030 0000000000000000 ffffffff 00cf9300 DPL=0 DS   [-WA]
LDT=0000 0000000000000000 0000ffff 00008200 DPL=0 LDT
TR =0000 0000000000000000 0000ffff 00008b00 DPL=0 TSS64-busy
GDT=     000000003f5dc000 00000047
IDT=     000000003efa3018 00000fff
CR0=80000033 CR2=0000000000000000 CR3=000000003f801000 CR4=00000668
DR0=0000000000000000 DR1=0000000000000000 DR2=0000000000000000 DR3=0000000000000000 
DR6=00000000ffff0ff0 DR7=0000000000000400
CCS=0000000000000000 CCD=000000003efab940 CCO=EFLAGS
EFER=0000000000000d00
Servicing hardware INT=0x20
     5: v=20 e=0000 i=0 cpl=0 IP=0038:000000003eb57266 pc=000000003eb57266 SP=0030:000000003fe65138 env->regs[R_EAX]=000000003eb6ca80
RAX=000000003eb6ca80 RBX=0000000000000010 RCX=000000003eb6ca80 RDX=000000003f4e7a3c
RSI=0000000008000160 RDI=0000000000000001 RBP=000000003fe65170 RSP=000000003fe65138
R8 =000000000000001f R9 =000000003eb73397 R10=0000000000000000 R11=0000000000000008
R12=0000000000000010 R13=0000000000000007 R14=0000000000000008 R15=000000003fe65354
RIP=000000003eb57266 RFL=00000202 [-------] CPL=0 II=0 A20=1 SMM=0 HLT=0
ES =0030 0000000000000000 ffffffff 00cf9300 DPL=0 DS   [-WA]
CS =0038 0000000000000000 ffffffff 00af9a00 DPL=0 CS64 [-R-]
SS =0030 0000000000000000 ffffffff 00cf9300 DPL=0 DS   [-WA]
DS =0030 0000000000000000 ffffffff 00cf9300 DPL=0 DS   [-WA]
FS =0030 0000000000000000 ffffffff 00cf9300 DPL=0 DS   [-WA]
GS =0030 0000000000000000 ffffffff 00cf9300 DPL=0 DS   [-WA]
LDT=0000 0000000000000000 0000ffff 00008200 DPL=0 LDT
TR =0000 0000000000000000 0000ffff 00008b00 DPL=0 TSS64-busy
GDT=     000000003f5dc000 00000047
IDT=     000000003efa3018 00000fff
CR0=80000033 CR2=0000000000000000 CR3=000000003f801000 CR4=00000668
DR0=0000000000000000 DR1=0000000000000000 DR2=0000000000000000 DR3=0000000000000000 
DR6=00000000ffff0ff0 DR7=0000000000000400
CCS=0000000000000000 CCD=000000003fe65140 CCO=EFLAGS
EFER=0000000000000d00
Servicing hardware INT=0x20
     6: v=20 e=0000 i=0 cpl=0 IP=0038:000000003efa8fff pc=000000003efa8fff SP=0030:000000003fe652a0 env->regs[R_EAX]=000000003efa8ff1
RAX=000000003efa8ff1 RBX=000000d9dde00000 RCX=0000000000000007 RDX=000fffffc0000000
RSI=0000000000000008 RDI=0000000000000007 RBP=000000003fe652b0 RSP=000000003fe652a0
R8 =000000000000001f R9 =000000003eb73397 R10=0000000000000000 R11=0000000000000008
R12=000000003fe65358 R13=0000000000000001 R14=0000000000000000 R15=000000003fe65354
RIP=000000003efa8fff RFL=00000202 [-------] CPL=0 II=0 A20=1 SMM=0 HLT=0
ES =0030 0000000000000000 ffffffff 00cf9300 DPL=0 DS   [-WA]
CS =0038 0000000000000000 ffffffff 00af9a00 DPL=0 CS64 [-R-]
SS =0030 0000000000000000 ffffffff 00cf9300 DPL=0 DS   [-WA]
DS =0030 0000000000000000 ffffffff 00cf9300 DPL=0 DS   [-WA]
FS =0030 0000000000000000 ffffffff 00cf9300 DPL=0 DS   [-WA]
GS =0030 0000000000000000 ffffffff 00cf9300 DPL=0 DS   [-WA]
LDT=0000 0000000000000000 0000ffff 00008200 DPL=0 LDT
TR =0000 0000000000000000 0000ffff 00008b00 DPL=0 TSS64-busy
GDT=     000000003f5dc000 00000047
IDT=     000000003efa3018 00000fff
CR0=80000033 CR2=0000000000000000 CR3=000000003f801000 CR4=00000668
DR0=0000000000000000 DR1=0000000000000000 DR2=0000000000000000 DR3=0000000000000000 
DR6=00000000ffff0ff0 DR7=0000000000000400
CCS=0000000000000000 CCD=000000003efab940 CCO=EFLAGS
EFER=0000000000000d00
Servicing hardware INT=0x20
     7: v=20 e=0000 i=0 cpl=0 IP=0038:000000003eb57266 pc=000000003eb57266 SP=0030:000000003fe65138 env->regs[R_EAX]=000000003eb6ca80
RAX=000000003eb6ca80 RBX=0000000000000010 RCX=000000003eb6ca80 RDX=000000003f4e7a3c
RSI=0000000008000158 RDI=0000000000000001 RBP=000000003fe65170 RSP=000000003fe65138
R8 =000000000000001f R9 =000000003eb73397 R10=0000000000000000 R11=0000000000000008
R12=0000000000000010 R13=0000000000000005 R14=0000000000000008 R15=000000003fe65354
RIP=000000003eb57266 RFL=00000202 [-------] CPL=0 II=0 A20=1 SMM=0 HLT=0
ES =0030 0000000000000000 ffffffff 00cf9300 DPL=0 DS   [-WA]
CS =0038 0000000000000000 ffffffff 00af9a00 DPL=0 CS64 [-R-]
SS =0030 0000000000000000 ffffffff 00cf9300 DPL=0 DS   [-WA]
DS =0030 0000000000000000 ffffffff 00cf9300 DPL=0 DS   [-WA]
FS =0030 0000000000000000 ffffffff 00cf9300 DPL=0 DS   [-WA]
GS =0030 0000000000000000 ffffffff 00cf9300 DPL=0 DS   [-WA]
LDT=0000 0000000000000000 0000ffff 00008200 DPL=0 LDT
TR =0000 0000000000000000 0000ffff 00008b00 DPL=0 TSS64-busy
GDT=     000000003f5dc000 00000047
IDT=     000000003efa3018 00000fff
CR0=80000033 CR2=0000000000000000 CR3=000000003f801000 CR4=00000668
DR0=0000000000000000 DR1=0000000000000000 DR2=0000000000000000 DR3=0000000000000000 
DR6=00000000ffff0ff0 DR7=0000000000000400
CCS=0000000000000000 CCD=000000003fe65140 CCO=EFLAGS
EFER=0000000000000d00
Servicing hardware INT=0x20
     8: v=20 e=0000 i=0 cpl=0 IP=0038:000000003fe82e8a pc=000000003fe82e8a SP=0030:000000003fe65920 env->regs[R_EAX]=00000000000000af
RAX=00000000000000af RBX=000000003ea07000 RCX=0000000000010001 RDX=000000003ea07000
RSI=000000003fe8bb60 RDI=000000003ea0efff RBP=000000003fe659b0 RSP=000000003fe65920
R8 =00000000000000af R9 =000000003ea1efff R10=0000000000017500 R11=0000000000000000
R12=000000003ea1efff R13=000000003ea1f000 R14=000000003f7ffd00 R15=000000003ea1efff
RIP=000000003fe82e8a RFL=00010202 [-------] CPL=0 II=0 A20=1 SMM=0 HLT=0
ES =0030 0000000000000000 ffffffff 00cf9300 DPL=0 DS   [-WA]
CS =0038 0000000000000000 ffffffff 00af9a00 DPL=0 CS64 [-R-]
SS =0030 0000000000000000 ffffffff 00cf9300 DPL=0 DS   [-WA]
DS =0030 0000000000000000 ffffffff 00cf9300 DPL=0 DS   [-WA]
FS =0030 0000000000000000 ffffffff 00cf9300 DPL=0 DS   [-WA]
GS =0030 0000000000000000 ffffffff 00cf9300 DPL=0 DS   [-WA]
LDT=0000 0000000000000000 0000ffff 00008200 DPL=0 LDT
TR =0000 0000000000000000 0000ffff 00008b00 DPL=0 TSS64-busy
GDT=     000000003f5dc000 00000047
IDT=     000000003efa3018 00000fff
CR0=80010033 CR2=0000000000000000 CR3=000000003f801000 CR4=00000668
DR0=0000000000000000 DR1=0000000000000000 DR2=0000000000000000 DR3=0000000000000000 
DR6=00000000ffff0ff0 DR7=0000000000000400
CCS=0000000000000000 CCD=000000003fe65908 CCO=EFLAGS
EFER=0000000000000d00
Servicing hardware INT=0x20
     9: v=20 e=0000 i=0 cpl=0 IP=0038:000000003fe82e8c pc=000000003fe82e8c SP=0030:000000003fe65b10 env->regs[R_EAX]=00000000000000af
RAX=00000000000000af RBX=000000003ea1a000 RCX=0000000000000000 RDX=000000003ea1a000
RSI=000000003fe8bb60 RDI=000000003ea1f000 RBP=000000003fe65ba0 RSP=000000003fe65b10
R8 =00000000000000af R9 =000000003ea1efff R10=0000000000000010 R11=0000000000000000
R12=000000003ea1efff R13=000000003ea1f000 R14=000000003f7ffb40 R15=000000003ea1efff
RIP=000000003fe82e8c RFL=00000202 [-------] CPL=0 II=0 A20=1 SMM=0 HLT=0
ES =0030 0000000000000000 ffffffff 00cf9300 DPL=0 DS   [-WA]
CS =0038 0000000000000000 ffffffff 00af9a00 DPL=0 CS64 [-R-]
SS =0030 0000000000000000 ffffffff 00cf9300 DPL=0 DS   [-WA]
DS =0030 0000000000000000 ffffffff 00cf9300 DPL=0 DS   [-WA]
FS =0030 0000000000000000 ffffffff 00cf9300 DPL=0 DS   [-WA]
GS =0030 0000000000000000 ffffffff 00cf9300 DPL=0 DS   [-WA]
LDT=0000 0000000000000000 0000ffff 00008200 DPL=0 LDT
TR =0000 0000000000000000 0000ffff 00008b00 DPL=0 TSS64-busy
GDT=     000000003f5dc000 00000047
IDT=     000000003efa3018 00000fff
CR0=80010033 CR2=0000000000000000 CR3=000000003f801000 CR4=00000668
DR0=0000000000000000 DR1=0000000000000000 DR2=0000000000000000 DR3=0000000000000000 
DR6=00000000ffff0ff0 DR7=0000000000000400
CCS=0000000000000000 CCD=000000003fe65af8 CCO=EFLAGS
EFER=0000000000000d00
Servicing hardware INT=0x20
    10: v=20 e=0000 i=0 cpl=0 IP=0038:000000003ea1514f pc=000000003ea1514f SP=0030:000000003fe65a60 env->regs[R_EAX]=0000000000000000
RAX=0000000000000000 RBX=000000003ea18900 RCX=000000003ea18900 RDX=0000000000000020
RSI=0000000000000fe0 RDI=000000003ea18850 RBP=000000003fe65a90 RSP=000000003fe65a60
R8 =00000000000000ff R9 =0000000000000000 R10=0000000000000084 R11=0000000000000042
R12=000000003eb43e18 R13=000000003ea18860 R14=000000003ea18900 R15=000000003fe65b08
RIP=000000003ea1514f RFL=00000202 [-------] CPL=0 II=0 A20=1 SMM=0 HLT=0
ES =0030 0000000000000000 ffffffff 00cf9300 DPL=0 DS   [-WA]
CS =0038 0000000000000000 ffffffff 00af9a00 DPL=0 CS64 [-R-]
SS =0030 0000000000000000 ffffffff 00cf9300 DPL=0 DS   [-WA]
DS =0030 0000000000000000 ffffffff 00cf9300 DPL=0 DS   [-WA]
FS =0030 0000000000000000 ffffffff 00cf9300 DPL=0 DS   [-WA]
GS =0030 0000000000000000 ffffffff 00cf9300 DPL=0 DS   [-WA]
LDT=0000 0000000000000000 0000ffff 00008200 DPL=0 LDT
TR =0000 0000000000000000 0000ffff 00008b00 DPL=0 TSS64-busy
GDT=     000000003f5dc000 00000047
IDT=     000000003efa3018 00000fff
CR0=80010033 CR2=0000000000000000 CR3=000000003f801000 CR4=00000668
DR0=0000000000000000 DR1=0000000000000000 DR2=0000000000000000 DR3=0000000000000000 
DR6=00000000ffff0ff0 DR7=0000000000000400
CCS=0000000000000000 CCD=0000000000000020 CCO=EFLAGS
EFER=0000000000000d00
Servicing hardware INT=0x20
    11: v=20 e=0000 i=0 cpl=0 IP=0038:000000003fe8069b pc=000000003fe8069b SP=0030:000000003fe65b10 env->regs[R_EAX]=000000003ea03000
RAX=000000003ea03000 RBX=000000003eb43418 RCX=0000000000000010 RDX=000000003ea03000
RSI=0000000000007b1c RDI=0000000000000000 RBP=000000003fe65d30 RSP=000000003fe65b10
R8 =0000000000000000 R9 =0000000000000000 R10=0000000000007b1c R11=0000000000000000
R12=0000000000000000 R13=000000003ea03118 R14=000000003ea0ab00 R15=000000003ea03200
RIP=000000003fe8069b RFL=00000246 [---Z-P-] CPL=0 II=0 A20=1 SMM=0 HLT=0
ES =0030 0000000000000000 ffffffff 00cf9300 DPL=0 DS   [-WA]
CS =0038 0000000000000000 ffffffff 00af9a00 DPL=0 CS64 [-R-]
SS =0030 0000000000000000 ffffffff 00cf9300 DPL=0 DS   [-WA]
DS =0030 0000000000000000 ffffffff 00cf9300 DPL=0 DS   [-WA]
FS =0030 0000000000000000 ffffffff 00cf9300 DPL=0 DS   [-WA]
GS =0030 0000000000000000 ffffffff 00cf9300 DPL=0 DS   [-WA]
LDT=0000 0000000000000000 0000ffff 00008200 DPL=0 LDT
TR =0000 0000000000000000 0000ffff 00008b00 DPL=0 TSS64-busy
GDT=     000000003f5dc000 00000047
IDT=     000000003efa3018 00000fff
CR0=80010033 CR2=0000000000000000 CR3=000000003f801000 CR4=00000668
DR0=0000000000000000 DR1=0000000000000000 DR2=0000000000000000 DR3=0000000000000000 
DR6=00000000ffff0ff0 DR7=0000000000000400
CCS=0000000000000044 CCD=0000000000000000 CCO=EFLAGS
EFER=0000000000000d00
Servicing hardware INT=0x20
    12: v=20 e=0000 i=0 cpl=0 IP=0038:000000003fe6e63c pc=000000003fe6e63c SP=0030:000000003fe65768 env->regs[R_EAX]=800000000000000f
RAX=800000000000000f RBX=000000003fe8a0f0 RCX=0000000000000010 RDX=0000000000000000
RSI=000000000000000f RDI=000000003fe8a0f0 RBP=000000003fe657a0 RSP=000000003fe65768
R8 =000000003fe658c0 R9 =0000000000010e80 R10=000000003fe65a78 R11=0000000000000000
R12=000000003fe658c0 R13=0000000000000000 R14=000000003ef9e4b0 R15=000000003ea02018
RIP=000000003fe6e63c RFL=00000202 [-------] CPL=0 II=0 A20=1 SMM=0 HLT=0
ES =0030 0000000000000000 ffffffff 00cf9300 DPL=0 DS   [-WA]
CS =0038 0000000000000000 ffffffff 00af9a00 DPL=0 CS64 [-R-]
SS =0030 0000000000000000 ffffffff 00cf9300 DPL=0 DS   [-WA]
DS =0030 0000000000000000 ffffffff 00cf9300 DPL=0 DS   [-WA]
FS =0030 0000000000000000 ffffffff 00cf9300 DPL=0 DS   [-WA]
GS =0030 0000000000000000 ffffffff 00cf9300 DPL=0 DS   [-WA]
LDT=0000 0000000000000000 0000ffff 00008200 DPL=0 LDT
TR =0000 0000000000000000 0000ffff 00008b00 DPL=0 TSS64-busy
GDT=     000000003f5dc000 00000047
IDT=     000000003efa3018 00000fff
CR0=80010033 CR2=0000000000000000 CR3=000000003f801000 CR4=00000668
DR0=0000000000000000 DR1=0000000000000000 DR2=0000000000000000 DR3=0000000000000000 
DR6=00000000ffff0ff0 DR7=0000000000000400
CCS=0000000000000000 CCD=000000003fe65770 CCO=EFLAGS
EFER=0000000000000d00
Servicing hardware INT=0x20
    13: v=20 e=0000 i=0 cpl=0 IP=0038:000000003fe82e8c pc=000000003fe82e8c SP=0030:000000003fe65b10 env->regs[R_EAX]=00000000000000af
RAX=00000000000000af RBX=000000003e7be000 RCX=0000000000000000 RDX=000000003e7be000
RSI=000000003fe8bb60 RDI=000000003e7cf000 RBP=000000003fe65ba0 RSP=000000003fe65b10
R8 =00000000000000af R9 =000000003e7cefff R10=0000000000000016 R11=0000000000000000
R12=000000003e7cefff R13=000000003e7cf000 R14=000000003f7ff540 R15=000000003e7cefff
RIP=000000003fe82e8c RFL=00000202 [-------] CPL=0 II=0 A20=1 SMM=0 HLT=0
ES =0030 0000000000000000 ffffffff 00cf9300 DPL=0 DS   [-WA]
CS =0038 0000000000000000 ffffffff 00af9a00 DPL=0 CS64 [-R-]
SS =0030 0000000000000000 ffffffff 00cf9300 DPL=0 DS   [-WA]
DS =0030 0000000000000000 ffffffff 00cf9300 DPL=0 DS   [-WA]
FS =0030 0000000000000000 ffffffff 00cf9300 DPL=0 DS   [-WA]
GS =0030 0000000000000000 ffffffff 00cf9300 DPL=0 DS   [-WA]
LDT=0000 0000000000000000 0000ffff 00008200 DPL=0 LDT
TR =0000 0000000000000000 0000ffff 00008b00 DPL=0 TSS64-busy
GDT=     000000003f5dc000 00000047
IDT=     000000003efa3018 00000fff
CR0=80010033 CR2=0000000000000000 CR3=000000003f801000 CR4=00000668
DR0=0000000000000000 DR1=0000000000000000 DR2=0000000000000000 DR3=0000000000000000 
DR6=00000000ffff0ff0 DR7=0000000000000400
CCS=0000000000000000 CCD=000000003fe65af8 CCO=EFLAGS
EFER=0000000000000d00
Servicing hardware INT=0x20
    14: v=20 e=0000 i=0 cpl=0 IP=0038:000000003fe78013 pc=000000003fe78013 SP=0030:000000003fe65918 env->regs[R_EAX]=0000000000000068
RAX=0000000000000068 RBX=000000003fe8c0a0 RCX=0000000000000010 RDX=000000003fe86430
RSI=000000003fe65a2c RDI=0000000000000004 RBP=000000003fe65990 RSP=000000003fe65918
R8 =000000003eb43798 R9 =0000000000000040 R10=0000000000007034 R11=0000000000000000
R12=0000000000000068 R13=000000003eb43780 R14=000000003fe65a2c R15=000000003eb43798
RIP=000000003fe78013 RFL=00000202 [-------] CPL=0 II=0 A20=1 SMM=0 HLT=0
ES =0030 0000000000000000 ffffffff 00cf9300 DPL=0 DS   [-WA]
CS =0038 0000000000000000 ffffffff 00af9a00 DPL=0 CS64 [-R-]
SS =0030 0000000000000000 ffffffff 00cf9300 DPL=0 DS   [-WA]
DS =0030 0000000000000000 ffffffff 00cf9300 DPL=0 DS   [-WA]
FS =0030 0000000000000000 ffffffff 00cf9300 DPL=0 DS   [-WA]
GS =0030 0000000000000000 ffffffff 00cf9300 DPL=0 DS   [-WA]
LDT=0000 0000000000000000 0000ffff 00008200 DPL=0 LDT
TR =0000 0000000000000000 0000ffff 00008b00 DPL=0 TSS64-busy
GDT=     000000003f5dc000 00000047
IDT=     000000003efa3018 00000fff
CR0=80010033 CR2=0000000000000000 CR3=000000003f801000 CR4=00000668
DR0=0000000000000000 DR1=0000000000000000 DR2=0000000000000000 DR3=0000000000000000 
DR6=00000000ffff0ff0 DR7=0000000000000400
CCS=0000000000000000 CCD=000000003fe65920 CCO=EFLAGS
EFER=0000000000000d00
Servicing hardware INT=0x20
    15: v=20 e=0000 i=0 cpl=0 IP=0038:000000003f6cba0e pc=000000003f6cba0e SP=0030:000000003fe65a40 env->regs[R_EAX]=000000003f58a07c
RAX=000000003f58a07c RBX=0000000000000048 RCX=0000000000000000 RDX=000000003eac2018
RSI=000000003fef4000 RDI=0000000000000000 RBP=000000003fe65ae0 RSP=000000003fe65a40
R8 =0000000000000000 R9 =000000003eac205f R10=000000003f58a07c R11=000000003f6d631e
R12=000000003fe65b40 R13=000000003fe65b40 R14=0000000000000000 R15=000000003eac2018
RIP=000000003f6cba0e RFL=00000202 [-------] CPL=0 II=0 A20=1 SMM=0 HLT=0
ES =0030 0000000000000000 ffffffff 00cf9300 DPL=0 DS   [-WA]
CS =0038 0000000000000000 ffffffff 00af9a00 DPL=0 CS64 [-R-]
SS =0030 0000000000000000 ffffffff 00cf9300 DPL=0 DS   [-WA]
DS =0030 0000000000000000 ffffffff 00cf9300 DPL=0 DS   [-WA]
FS =0030 0000000000000000 ffffffff 00cf9300 DPL=0 DS   [-WA]
GS =0030 0000000000000000 ffffffff 00cf9300 DPL=0 DS   [-WA]
LDT=0000 0000000000000000 0000ffff 00008200 DPL=0 LDT
TR =0000 0000000000000000 0000ffff 00008b00 DPL=0 TSS64-busy
GDT=     000000003f5dc000 00000047
IDT=     000000003efa3018 00000fff
CR0=80010033 CR2=0000000000000000 CR3=000000003f801000 CR4=00000668
DR0=0000000000000000 DR1=0000000000000000 DR2=0000000000000000 DR3=0000000000000000 
DR6=00000000ffff0ff0 DR7=0000000000000400
CCS=0000000000000000 CCD=000000003fe65a40 CCO=EFLAGS
EFER=0000000000000d00
Servicing hardware INT=0x20
    16: v=20 e=0000 i=0 cpl=0 IP=0038:000000003fe82e8c pc=000000003fe82e8c SP=0030:000000003fe659c0 env->regs[R_EAX]=00000000000000af
RAX=00000000000000af RBX=000000003fe8c0a0 RCX=0000000000000000 RDX=000000003e76d000
RSI=000000003fe65acc RDI=000000003e7808a8 RBP=000000003fe65a30 RSP=000000003fe659c0
R8 =00000000000000af R9 =0000000000013880 R10=0000000000013764 R11=0000000000000000
R12=00000000000138a8 R13=000000003e76d000 R14=000000000000000c R15=000000003e76d018
RIP=000000003fe82e8c RFL=00000202 [-------] CPL=0 II=0 A20=1 SMM=0 HLT=0
ES =0030 0000000000000000 ffffffff 00cf9300 DPL=0 DS   [-WA]
CS =0038 0000000000000000 ffffffff 00af9a00 DPL=0 CS64 [-R-]
SS =0030 0000000000000000 ffffffff 00cf9300 DPL=0 DS   [-WA]
DS =0030 0000000000000000 ffffffff 00cf9300 DPL=0 DS   [-WA]
FS =0030 0000000000000000 ffffffff 00cf9300 DPL=0 DS   [-WA]
GS =0030 0000000000000000 ffffffff 00cf9300 DPL=0 DS   [-WA]
LDT=0000 0000000000000000 0000ffff 00008200 DPL=0 LDT
TR =0000 0000000000000000 0000ffff 00008b00 DPL=0 TSS64-busy
GDT=     000000003f5dc000 00000047
IDT=     000000003efa3018 00000fff
CR0=80010033 CR2=0000000000000000 CR3=000000003f801000 CR4=00000668
DR0=0000000000000000 DR1=0000000000000000 DR2=0000000000000000 DR3=0000000000000000 
DR6=00000000ffff0ff0 DR7=0000000000000400
CCS=0000000000000000 CCD=000000003fe659a8 CCO=EFLAGS
EFER=0000000000000d00
Servicing hardware INT=0x20
    17: v=20 e=0000 i=0 cpl=0 IP=0038:000000003e7f5660 pc=000000003e7f5660 SP=0030:000000003fe65bc0 env->regs[R_EAX]=000000003ea11198
RAX=000000003ea11198 RBX=0000000000000030 RCX=000000003eb6ca80 RDX=000000003fe85f28
RSI=0000000000000004 RDI=0000000000000030 RBP=000000003fe65be0 RSP=000000003fe65bc0
R8 =0000000000000004 R9 =000000003ea11198 R10=000000003ea11198 R11=0000000000000000
R12=000000003ea0bb18 R13=000000003f344bb0 R14=0000000000000000 R15=000000003e7fc38a
RIP=000000003e7f5660 RFL=00000202 [-------] CPL=0 II=0 A20=1 SMM=0 HLT=0
ES =0030 0000000000000000 ffffffff 00cf9300 DPL=0 DS   [-WA]
CS =0038 0000000000000000 ffffffff 00af9a00 DPL=0 CS64 [-R-]
SS =0030 0000000000000000 ffffffff 00cf9300 DPL=0 DS   [-WA]
DS =0030 0000000000000000 ffffffff 00cf9300 DPL=0 DS   [-WA]
FS =0030 0000000000000000 ffffffff 00cf9300 DPL=0 DS   [-WA]
GS =0030 0000000000000000 ffffffff 00cf9300 DPL=0 DS   [-WA]
LDT=0000 0000000000000000 0000ffff 00008200 DPL=0 LDT
TR =0000 0000000000000000 0000ffff 00008b00 DPL=0 TSS64-busy
GDT=     000000003f5dc000 00000047
IDT=     000000003efa3018 00000fff
CR0=80010033 CR2=0000000000000000 CR3=000000003f801000 CR4=00000668
DR0=0000000000000000 DR1=0000000000000000 DR2=0000000000000000 DR3=0000000000000000 
DR6=00000000ffff0ff0 DR7=0000000000000400
CCS=0000000000000000 CCD=000000003ea11198 CCO=EFLAGS
EFER=0000000000000d00
Servicing hardware INT=0x20
    18: v=20 e=0000 i=0 cpl=0 IP=0038:000000003fe66c99 pc=000000003fe66c99 SP=0030:000000003fe65a40 env->regs[R_EAX]=000000003e7bf2c0
RAX=000000003e7bf2c0 RBX=000000003fe8a0e0 RCX=000000003e7bf2c0 RDX=000000003e757f60
RSI=0000000000000001 RDI=000000003e757f60 RBP=000000003fe65aa0 RSP=000000003fe65a40
R8 =0000000000000004 R9 =000000003e7bf298 R10=000000003e7bf05a R11=0000000000000000
R12=000000003e7bf298 R13=0000000000000001 R14=000000003fe8a0e0 R15=000000003fe844d1
RIP=000000003fe66c99 RFL=00000206 [-----P-] CPL=0 II=0 A20=1 SMM=0 HLT=0
ES =0030 0000000000000000 ffffffff 00cf9300 DPL=0 DS   [-WA]
CS =0038 0000000000000000 ffffffff 00af9a00 DPL=0 CS64 [-R-]
SS =0030 0000000000000000 ffffffff 00cf9300 DPL=0 DS   [-WA]
DS =0030 0000000000000000 ffffffff 00cf9300 DPL=0 DS   [-WA]
FS =0030 0000000000000000 ffffffff 00cf9300 DPL=0 DS   [-WA]
GS =0030 0000000000000000 ffffffff 00cf9300 DPL=0 DS   [-WA]
LDT=0000 0000000000000000 0000ffff 00008200 DPL=0 LDT
TR =0000 0000000000000000 0000ffff 00008b00 DPL=0 TSS64-busy
GDT=     000000003f5dc000 00000047
IDT=     000000003efa3018 00000fff
CR0=80010033 CR2=0000000000000000 CR3=000000003f801000 CR4=00000668
DR0=0000000000000000 DR1=0000000000000000 DR2=0000000000000000 DR3=0000000000000000 
DR6=00000000ffff0ff0 DR7=0000000000000400
CCS=0000000000000004 CCD=000000003fe65a18 CCO=EFLAGS
EFER=0000000000000d00
Servicing hardware INT=0x20
    19: v=20 e=0000 i=0 cpl=0 IP=0038:000000003fe82e8c pc=000000003fe82e8c SP=0030:000000003fe65860 env->regs[R_EAX]=00000000000000af
RAX=00000000000000af RBX=000000003fe8c0a0 RCX=0000000000000000 RDX=000000003e727018
RSI=000000003fe8bb60 RDI=000000003e72e818 RBP=000000003fe658f0 RSP=000000003fe65860
R8 =00000000000000af R9 =0000000000008000 R10=000000003fe65a78 R11=0000000000000000
R12=0000000000007828 R13=0000000000007800 R14=000000003e727018 R15=000000003e727000
RIP=000000003fe82e8c RFL=00000206 [-----P-] CPL=0 II=0 A20=1 SMM=0 HLT=0
ES =0030 0000000000000000 ffffffff 00cf9300 DPL=0 DS   [-WA]
CS =0038 0000000000000000 ffffffff 00af9a00 DPL=0 CS64 [-R-]
SS =0030 0000000000000000 ffffffff 00cf9300 DPL=0 DS   [-WA]
DS =0030 0000000000000000 ffffffff 00cf9300 DPL=0 DS   [-WA]
FS =0030 0000000000000000 ffffffff 00cf9300 DPL=0 DS   [-WA]
GS =0030 0000000000000000 ffffffff 00cf9300 DPL=0 DS   [-WA]
LDT=0000 0000000000000000 0000ffff 00008200 DPL=0 LDT
TR =0000 0000000000000000 0000ffff 00008b00 DPL=0 TSS64-busy
GDT=     000000003f5dc000 00000047
IDT=     000000003efa3018 00000fff
CR0=80010033 CR2=0000000000000000 CR3=000000003f801000 CR4=00000668
DR0=0000000000000000 DR1=0000000000000000 DR2=0000000000000000 DR3=0000000000000000 
DR6=00000000ffff0ff0 DR7=0000000000000400
CCS=0000000000000004 CCD=000000003fe65848 CCO=EFLAGS
EFER=0000000000000d00
Servicing hardware INT=0x20
    20: v=20 e=0000 i=0 cpl=0 IP=0038:000000003eb57266 pc=000000003eb57266 SP=0030:000000003fe65a98 env->regs[R_EAX]=000000003eb6ca80
RAX=000000003eb6ca80 RBX=0000000000000004 RCX=000000003eb6ca80 RDX=000000003fe85f28
RSI=000000003eb7ceb0 RDI=0000000000000001 RBP=000000003fe65ad0 RSP=000000003fe65a98
R8 =0000000000000004 R9 =000000003e776b18 R10=000000003f6bd260 R11=0000000000000000
R12=0000000000000010 R13=000000003eb7ceb0 R14=000000003fe65c78 R15=000000003fe65c70
RIP=000000003eb57266 RFL=00000206 [-----P-] CPL=0 II=0 A20=1 SMM=0 HLT=0
ES =0030 0000000000000000 ffffffff 00cf9300 DPL=0 DS   [-WA]
CS =0038 0000000000000000 ffffffff 00af9a00 DPL=0 CS64 [-R-]
SS =0030 0000000000000000 ffffffff 00cf9300 DPL=0 DS   [-WA]
DS =0030 0000000000000000 ffffffff 00cf9300 DPL=0 DS   [-WA]
FS =0030 0000000000000000 ffffffff 00cf9300 DPL=0 DS   [-WA]
GS =0030 0000000000000000 ffffffff 00cf9300 DPL=0 DS   [-WA]
LDT=0000 0000000000000000 0000ffff 00008200 DPL=0 LDT
TR =0000 0000000000000000 0000ffff 00008b00 DPL=0 TSS64-busy
GDT=     000000003f5dc000 00000047
IDT=     000000003efa3018 00000fff
CR0=80010033 CR2=0000000000000000 CR3=000000003f801000 CR4=00000668
DR0=0000000000000000 DR1=0000000000000000 DR2=0000000000000000 DR3=0000000000000000 
DR6=00000000ffff0ff0 DR7=0000000000000400
CCS=0000000000000004 CCD=000000003fe65aa0 CCO=EFLAGS
EFER=0000000000000d00
Servicing hardware INT=0x20
    21: v=20 e=0000 i=0 cpl=0 IP=0038:000000003fe66e12 pc=000000003fe66e12 SP=0030:000000003fe65ac0 env->regs[R_EAX]=8000000000000005
RAX=8000000000000005 RBX=0000000000000000 RCX=000000003fe664a6 RDX=00000000000008c4
RSI=000000003fe65ae8 RDI=000000003fe65af0 RBP=000000003fe65b40 RSP=000000003fe65ac0
R8 =0000000000000000 R9 =000000003fe65c50 R10=000000003e718020 R11=000000003e718000
R12=000000003fe65b78 R13=0000000000000001 R14=0000000000000088 R15=0000000000000000
RIP=000000003fe66e12 RFL=00000203 [------C] CPL=0 II=0 A20=1 SMM=0 HLT=0
ES =0030 0000000000000000 ffffffff 00cf9300 DPL=0 DS   [-WA]
CS =0038 0000000000000000 ffffffff 00af9a00 DPL=0 CS64 [-R-]
SS =0030 0000000000000000 ffffffff 00cf9300 DPL=0 DS   [-WA]
DS =0030 0000000000000000 ffffffff 00cf9300 DPL=0 DS   [-WA]
FS =0030 0000000000000000 ffffffff 00cf9300 DPL=0 DS   [-WA]
GS =0030 0000000000000000 ffffffff 00cf9300 DPL=0 DS   [-WA]
LDT=0000 0000000000000000 0000ffff 00008200 DPL=0 LDT
TR =0000 0000000000000000 0000ffff 00008b00 DPL=0 TSS64-busy
GDT=     000000003f5dc000 00000047
IDT=     000000003efa3018 00000fff
CR0=80010033 CR2=0000000000000000 CR3=000000003f801000 CR4=00000668
DR0=0000000000000000 DR1=0000000000000000 DR2=0000000000000000 DR3=0000000000000000 
DR6=00000000ffff0ff0 DR7=0000000000000400
CCS=0000000000000001 CCD=0000000000000001 CCO=EFLAGS
EFER=0000000000000d00
Servicing hardware INT=0x20
    22: v=20 e=0000 i=0 cpl=0 IP=0038:000000003e6e0c1e pc=000000003e6e0c1e SP=0030:000000003fe65be0 env->regs[R_EAX]=000000007bdc6e00
RAX=000000007bdc6e00 RBX=0000000000000000 RCX=000000003f5ecca0 RDX=cf0394d77bdc6e00
RSI=000000003f5ec018 RDI=0000000000000000 RBP=000000003fe65c20 RSP=000000003fe65be0
R8 =000000003e6e2c80 R9 =000000003e727c18 R10=0000000000000009 R11=000000003e6bf040
R12=000000003e6e2b50 R13=000000003f3446b0 R14=000000003fe8a8b0 R15=000000003fe8a8a0
RIP=000000003e6e0c1e RFL=00000206 [-----P-] CPL=0 II=0 A20=1 SMM=0 HLT=0
ES =0030 0000000000000000 ffffffff 00cf9300 DPL=0 DS   [-WA]
CS =0038 0000000000000000 ffffffff 00af9a00 DPL=0 CS64 [-R-]
SS =0030 0000000000000000 ffffffff 00cf9300 DPL=0 DS   [-WA]
DS =0030 0000000000000000 ffffffff 00cf9300 DPL=0 DS   [-WA]
FS =0030 0000000000000000 ffffffff 00cf9300 DPL=0 DS   [-WA]
GS =0030 0000000000000000 ffffffff 00cf9300 DPL=0 DS   [-WA]
LDT=0000 0000000000000000 0000ffff 00008200 DPL=0 LDT
TR =0000 0000000000000000 0000ffff 00008b00 DPL=0 TSS64-busy
GDT=     000000003f5dc000 00000047
IDT=     000000003efa3018 00000fff
CR0=80010033 CR2=0000000000000000 CR3=000000003f801000 CR4=00000668
DR0=0000000000000000 DR1=0000000000000000 DR2=0000000000000000 DR3=0000000000000000 
DR6=00000000ffff0ff0 DR7=0000000000000400
CCS=0000000000000004 CCD=cf0394d77bdc6e00 CCO=EFLAGS
EFER=0000000000000d00
Servicing hardware INT=0x20
    23: v=20 e=0000 i=0 cpl=0 IP=0038:000000003e6b1c59 pc=000000003e6b1c59 SP=0030:000000003fe65c30 env->regs[R_EAX]=0000000000000000
RAX=0000000000000000 RBX=0000000000000b04 RCX=0000000000000cf8 RDX=0000000000000cf8
RSI=0000000000000000 RDI=0000000000000246 RBP=000000003fe65cc0 RSP=000000003fe65c30
R8 =000000000000001f R9 =0000000000000cfc R10=0000000000000013 R11=000000003e7263e0
R12=0000000000000000 R13=000000003f2c3130 R14=000000003fe8a8b0 R15=000000003fe8a8a0
RIP=000000003e6b1c59 RFL=00000206 [-----P-] CPL=0 II=0 A20=1 SMM=0 HLT=0
ES =0030 0000000000000000 ffffffff 00cf9300 DPL=0 DS   [-WA]
CS =0038 0000000000000000 ffffffff 00af9a00 DPL=0 CS64 [-R-]
SS =0030 0000000000000000 ffffffff 00cf9300 DPL=0 DS   [-WA]
DS =0030 0000000000000000 ffffffff 00cf9300 DPL=0 DS   [-WA]
FS =0030 0000000000000000 ffffffff 00cf9300 DPL=0 DS   [-WA]
GS =0030 0000000000000000 ffffffff 00cf9300 DPL=0 DS   [-WA]
LDT=0000 0000000000000000 0000ffff 00008200 DPL=0 LDT
TR =0000 0000000000000000 0000ffff 00008b00 DPL=0 TSS64-busy
GDT=     000000003f5dc000 00000047
IDT=     000000003efa3018 00000fff
CR0=80010033 CR2=0000000000000000 CR3=000000003f801000 CR4=00000668
DR0=0000000000000000 DR1=0000000000000000 DR2=0000000000000000 DR3=0000000000000000 
DR6=00000000ffff0ff0 DR7=0000000000000400
CCS=0000000000000038 CCD=0000000000000200 CCO=LOGICW
EFER=0000000000000d00
Servicing hardware INT=0x20
    24: v=20 e=0000 i=0 cpl=0 IP=0038:000000003e4fb8cc pc=000000003e4fb8cc SP=0030:000000003fe65b40 env->regs[R_EAX]=0000000000000001
RAX=0000000000000001 RBX=000000003e5668c8 RCX=000000003eb6ca80 RDX=000000003e56c333
RSI=000000003e56c333 RDI=0000000000000000 RBP=000000003fe65b50 RSP=000000003fe65b40
R8 =0000000000000004 R9 =000000003e712f98 R10=0000000000000c00 R11=000000003e7263e0
R12=000000003e714898 R13=0000000000000000 R14=0000000000000246 R15=000000003fe8a8a0
RIP=000000003e4fb8cc RFL=00000246 [---Z-P-] CPL=0 II=0 A20=1 SMM=0 HLT=0
ES =0030 0000000000000000 ffffffff 00cf9300 DPL=0 DS   [-WA]
CS =0038 0000000000000000 ffffffff 00af9a00 DPL=0 CS64 [-R-]
SS =0030 0000000000000000 ffffffff 00cf9300 DPL=0 DS   [-WA]
DS =0030 0000000000000000 ffffffff 00cf9300 DPL=0 DS   [-WA]
FS =0030 0000000000000000 ffffffff 00cf9300 DPL=0 DS   [-WA]
GS =0030 0000000000000000 ffffffff 00cf9300 DPL=0 DS   [-WA]
LDT=0000 0000000000000000 0000ffff 00008200 DPL=0 LDT
TR =0000 0000000000000000 0000ffff 00008b00 DPL=0 TSS64-busy
GDT=     000000003f5dc000 00000047
IDT=     000000003efa3018 00000fff
CR0=80010033 CR2=0000000000000000 CR3=000000003f801000 CR4=00000668
DR0=0000000000000000 DR1=0000000000000000 DR2=0000000000000000 DR3=0000000000000000 
DR6=00000000ffff0ff0 DR7=0000000000000400
CCS=0000000000000044 CCD=0000000000000000 CCO=EFLAGS
EFER=0000000000000d00
Servicing hardware INT=0x20
    25: v=20 e=0000 i=0 cpl=0 IP=0038:000000003e4dba87 pc=000000003e4dba87 SP=0030:000000003fe65700 env->regs[R_EAX]=0000000000000000
RAX=0000000000000000 RBX=000000003fe657e8 RCX=000000003fe6586b RDX=0000000000000003
RSI=0000000000000000 RDI=000000003fe657b8 RBP=000000003fe65790 RSP=000000003fe65700
R8 =0000000000000036 R9 =000000000000000a R10=0000000000000000 R11=0000000000000000
R12=000000003e56c32d R13=00000000ffffffff R14=000000003fe657b0 R15=0000000000000040
RIP=000000003e4dba87 RFL=00000206 [-----P-] CPL=0 II=0 A20=1 SMM=0 HLT=0
ES =0030 0000000000000000 ffffffff 00cf9300 DPL=0 DS   [-WA]
CS =0038 0000000000000000 ffffffff 00af9a00 DPL=0 CS64 [-R-]
SS =0030 0000000000000000 ffffffff 00cf9300 DPL=0 DS   [-WA]
DS =0030 0000000000000000 ffffffff 00cf9300 DPL=0 DS   [-WA]
FS =0030 0000000000000000 ffffffff 00cf9300 DPL=0 DS   [-WA]
GS =0030 0000000000000000 ffffffff 00cf9300 DPL=0 DS   [-WA]
LDT=0000 0000000000000000 0000ffff 00008200 DPL=0 LDT
TR =0000 0000000000000000 0000ffff 00008b00 DPL=0 TSS64-busy
GDT=     000000003f5dc000 00000047
IDT=     000000003efa3018 00000fff
CR0=80010033 CR2=0000000000000000 CR3=000000003f801000 CR4=00000668
DR0=0000000000000000 DR1=0000000000000000 DR2=0000000000000000 DR3=0000000000000000 
DR6=00000000ffff0ff0 DR7=0000000000000400
CCS=0000000000000004 CCD=000000003e56c32d CCO=EFLAGS
EFER=0000000000000d00
Servicing hardware INT=0x20
    26: v=20 e=0000 i=0 cpl=0 IP=0038:000000003e4ecf02 pc=000000003e4ecf02 SP=0030:000000003fe65b10 env->regs[R_EAX]=000000003e6b80a8
RAX=000000003e6b80a8 RBX=0000000000000000 RCX=0000000000000000 RDX=0000000000000000
RSI=000000003e4eb998 RDI=0000000000000005 RBP=000000003fe65b20 RSP=000000003fe65b10
R8 =000000000000000d R9 =000000003e68aa98 R10=000000003e571f44 R11=0000000000000000
R12=000000003e6b8b28 R13=0000000000000000 R14=0000000000000000 R15=000000003fe8a8a0
RIP=000000003e4ecf02 RFL=00000202 [-------] CPL=0 II=0 A20=1 SMM=0 HLT=0
ES =0030 0000000000000000 ffffffff 00cf9300 DPL=0 DS   [-WA]
CS =0038 0000000000000000 ffffffff 00af9a00 DPL=0 CS64 [-R-]
SS =0030 0000000000000000 ffffffff 00cf9300 DPL=0 DS   [-WA]
DS =0030 0000000000000000 ffffffff 00cf9300 DPL=0 DS   [-WA]
FS =0030 0000000000000000 ffffffff 00cf9300 DPL=0 DS   [-WA]
GS =0030 0000000000000000 ffffffff 00cf9300 DPL=0 DS   [-WA]
LDT=0000 0000000000000000 0000ffff 00008200 DPL=0 LDT
TR =0000 0000000000000000 0000ffff 00008b00 DPL=0 TSS64-busy
GDT=     000000003f5dc000 00000047
IDT=     000000003efa3018 00000fff
CR0=80010033 CR2=0000000000000000 CR3=000000003f801000 CR4=00000668
DR0=0000000000000000 DR1=0000000000000000 DR2=0000000000000000 DR3=0000000000000000 
DR6=00000000ffff0ff0 DR7=0000000000000400
CCS=0000000000000000 CCD=000000003e6b80a8 CCO=EFLAGS
EFER=0000000000000d00
Servicing hardware INT=0x20
    27: v=20 e=0000 i=0 cpl=0 IP=0038:000000003e550071 pc=000000003e550071 SP=0030:000000003fe658c0 env->regs[R_EAX]=00000000000007ff
RAX=00000000000007ff RBX=0000000000000000 RCX=0000000000000001 RDX=0000000000000000
RSI=0000000000000190 RDI=00000000000007ea RBP=000000003fe658e0 RSP=000000003fe658c0
R8 =000000003e57cc40 R9 =00000000000007ea R10=000000006955b900 R11=0000000000070000
R12=0000000000000020 R13=000000003fe65940 R14=000000000000001d R15=000000003e682ea8
RIP=000000003e550071 RFL=00000246 [---Z-P-] CPL=0 II=0 A20=1 SMM=0 HLT=0
ES =0030 0000000000000000 ffffffff 00cf9300 DPL=0 DS   [-WA]
CS =0038 0000000000000000 ffffffff 00af9a00 DPL=0 CS64 [-R-]
SS =0030 0000000000000000 ffffffff 00cf9300 DPL=0 DS   [-WA]
DS =0030 0000000000000000 ffffffff 00cf9300 DPL=0 DS   [-WA]
FS =0030 0000000000000000 ffffffff 00cf9300 DPL=0 DS   [-WA]
GS =0030 0000000000000000 ffffffff 00cf9300 DPL=0 DS   [-WA]
LDT=0000 0000000000000000 0000ffff 00008200 DPL=0 LDT
TR =0000 0000000000000000 0000ffff 00008b00 DPL=0 TSS64-busy
GDT=     000000003f5dc000 00000047
IDT=     000000003efa3018 00000fff
CR0=80010033 CR2=0000000000000000 CR3=000000003f801000 CR4=00000668
DR0=0000000000000000 DR1=0000000000000000 DR2=0000000000000000 DR3=0000000000000000 
DR6=00000000ffff0ff0 DR7=0000000000000400
CCS=0000000000000044 CCD=0000000000000000 CCO=EFLAGS
EFER=0000000000000d00
Servicing hardware INT=0x20
    28: v=20 e=0000 i=0 cpl=0 IP=0038:000000003e4f5295 pc=000000003e4f5295 SP=0030:000000003fe657e0 env->regs[R_EAX]=0000000000000002
RAX=0000000000000002 RBX=000000003e6780a8 RCX=0000000000000000 RDX=000000003e4f5287
RSI=0000000000000000 RDI=0000000000000000 RBP=000000003fe65810 RSP=000000003fe657e0
R8 =0000000000000002 R9 =0000000000000002 R10=000000003e524b2b R11=000000003e57c1b0
R12=000000003e68cb28 R13=000000003e5acaa0 R14=000000003e59fb90 R15=000000000000002c
RIP=000000003e4f5295 RFL=00000246 [---Z-P-] CPL=0 II=0 A20=1 SMM=0 HLT=0
ES =0030 0000000000000000 ffffffff 00cf9300 DPL=0 DS   [-WA]
CS =0038 0000000000000000 ffffffff 00af9a00 DPL=0 CS64 [-R-]
SS =0030 0000000000000000 ffffffff 00cf9300 DPL=0 DS   [-WA]
DS =0030 0000000000000000 ffffffff 00cf9300 DPL=0 DS   [-WA]
FS =0030 0000000000000000 ffffffff 00cf9300 DPL=0 DS   [-WA]
GS =0030 0000000000000000 ffffffff 00cf9300 DPL=0 DS   [-WA]
LDT=0000 0000000000000000 0000ffff 00008200 DPL=0 LDT
TR =0000 0000000000000000 0000ffff 00008b00 DPL=0 TSS64-busy
GDT=     000000003f5dc000 00000047
IDT=     000000003efa3018 00000fff
CR0=80010033 CR2=0000000000000000 CR3=000000003f801000 CR4=00000668
DR0=0000000000000000 DR1=0000000000000000 DR2=0000000000000000 DR3=0000000000000000 
DR6=00000000ffff0ff0 DR7=0000000000000400
CCS=0000000000000044 CCD=0000000000000000 CCO=EFLAGS
EFER=0000000000000d00
Servicing hardware INT=0x20
    29: v=20 e=0000 i=0 cpl=0 IP=0038:000000003e55d984 pc=000000003e55d984 SP=0030:000000003fe65b80 env->regs[R_EAX]=0000000000000000
RAX=0000000000000000 RBX=0000000000000020 RCX=00000000000fd200 RDX=0000000000000023
RSI=000000003e674b28 RDI=000000003e674b28 RBP=000000003fe65ba0 RSP=000000003fe65b80
R8 =000000003e57cc40 R9 =00000000000007ea R10=000000006955b900 R11=0000000000900000
R12=000000003e675ca8 R13=0000000000000005 R14=000000003e681028 R15=000000003e5a9af8
RIP=000000003e55d984 RFL=00000206 [-----P-] CPL=0 II=0 A20=1 SMM=0 HLT=0
ES =0030 0000000000000000 ffffffff 00cf9300 DPL=0 DS   [-WA]
CS =0038 0000000000000000 ffffffff 00af9a00 DPL=0 CS64 [-R-]
SS =0030 0000000000000000 ffffffff 00cf9300 DPL=0 DS   [-WA]
DS =0030 0000000000000000 ffffffff 00cf9300 DPL=0 DS   [-WA]
FS =0030 0000000000000000 ffffffff 00cf9300 DPL=0 DS   [-WA]
GS =0030 0000000000000000 ffffffff 00cf9300 DPL=0 DS   [-WA]
LDT=0000 0000000000000000 0000ffff 00008200 DPL=0 LDT
TR =0000 0000000000000000 0000ffff 00008b00 DPL=0 TSS64-busy
GDT=     000000003f5dc000 00000047
IDT=     000000003efa3018 00000fff
CR0=80010033 CR2=0000000000000000 CR3=000000003f801000 CR4=00000668
DR0=0000000000000000 DR1=0000000000000000 DR2=0000000000000000 DR3=0000000000000000 
DR6=00000000ffff0ff0 DR7=0000000000000400
CCS=0000000000000004 CCD=000000003e674b28 CCO=EFLAGS
EFER=0000000000000d00
Servicing hardware INT=0x20
    30: v=20 e=0000 i=0 cpl=0 IP=0038:000000003e63a306 pc=000000003e63a306 SP=0030:000000003fe65c28 env->regs[R_EAX]=000000003e66f018
RAX=000000003e66f018 RBX=000000003f5ec018 RCX=000000003e670898 RDX=000000003f5ec018
RSI=0000000000000007 RDI=000000003e66f018 RBP=000000003fe65cc0 RSP=000000003fe65c28
R8 =000000003fe86dc0 R9 =000000003e66fd18 R10=0000000000000025 R11=000000003e72c5a0
R12=000000003e670898 R13=000000003f08b830 R14=000000003fe8a8b0 R15=000000003fe8a8a0
RIP=000000003e63a306 RFL=00000206 [-----P-] CPL=0 II=0 A20=1 SMM=0 HLT=0
ES =0030 0000000000000000 ffffffff 00cf9300 DPL=0 DS   [-WA]
CS =0038 0000000000000000 ffffffff 00af9a00 DPL=0 CS64 [-R-]
SS =0030 0000000000000000 ffffffff 00cf9300 DPL=0 DS   [-WA]
DS =0030 0000000000000000 ffffffff 00cf9300 DPL=0 DS   [-WA]
FS =0030 0000000000000000 ffffffff 00cf9300 DPL=0 DS   [-WA]
GS =0030 0000000000000000 ffffffff 00cf9300 DPL=0 DS   [-WA]
LDT=0000 0000000000000000 0000ffff 00008200 DPL=0 LDT
TR =0000 0000000000000000 0000ffff 00008b00 DPL=0 TSS64-busy
GDT=     000000003f5dc000 00000047
IDT=     000000003efa3018 00000fff
CR0=80010033 CR2=0000000000000000 CR3=000000003f801000 CR4=00000668
DR0=0000000000000000 DR1=0000000000000000 DR2=0000000000000000 DR3=0000000000000000 
DR6=00000000ffff0ff0 DR7=0000000000000400
CCS=0000000000000004 CCD=000000003fe65c30 CCO=EFLAGS
EFER=0000000000000d00
Servicing hardware INT=0x20
    31: v=20 e=0000 i=0 cpl=0 IP=0038:000000003e7983c8 pc=000000003e7983c8 SP=0030:000000003fe656c0 env->regs[R_EAX]=0000000000000000
RAX=0000000000000000 RBX=0000000000000160 RCX=000000003e79dc8e RDX=0000000000000000
RSI=000000003e79dc90 RDI=000000003e79e838 RBP=000000003fe657a0 RSP=000000003fe656c0
R8 =0000000000000002 R9 =0000000000000004 R10=0000000000000004 R11=000000003fe658ae
R12=000000003e79dc88 R13=000000003fe65860 R14=0000000000000002 R15=000000000000ffff
RIP=000000003e7983c8 RFL=00000293 [--S-A-C] CPL=0 II=0 A20=1 SMM=0 HLT=0
ES =0030 0000000000000000 ffffffff 00cf9300 DPL=0 DS   [-WA]
CS =0038 0000000000000000 ffffffff 00af9a00 DPL=0 CS64 [-R-]
SS =0030 0000000000000000 ffffffff 00cf9300 DPL=0 DS   [-WA]
DS =0030 0000000000000000 ffffffff 00cf9300 DPL=0 DS   [-WA]
FS =0030 0000000000000000 ffffffff 00cf9300 DPL=0 DS   [-WA]
GS =0030 0000000000000000 ffffffff 00cf9300 DPL=0 DS   [-WA]
LDT=0000 0000000000000000 0000ffff 00008200 DPL=0 LDT
TR =0000 0000000000000000 0000ffff 00008b00 DPL=0 TSS64-busy
GDT=     000000003f5dc000 00000047
IDT=     000000003efa3018 00000fff
CR0=80010033 CR2=0000000000000000 CR3=000000003f801000 CR4=00000668
DR0=0000000000000000 DR1=0000000000000000 DR2=0000000000000000 DR3=0000000000000000 
DR6=00000000ffff0ff0 DR7=0000000000000400
CCS=0000000000000091 CCD=fffffffffffffff7 CCO=EFLAGS
EFER=0000000000000d00
Servicing hardware INT=0x20
    32: v=20 e=0000 i=0 cpl=0 IP=0038:000000003e738ee3 pc=000000003e738ee3 SP=0030:000000003fe65910 env->regs[R_EAX]=0000000000000000
RAX=0000000000000000 RBX=000000003e73d980 RCX=000000003eb6ca80 RDX=000000003e66e720
RSI=000000000000001f RDI=0000000000000000 RBP=000000003fe659f0 RSP=000000003fe65910
R8 =0000000000000004 R9 =000000003e66e718 R10=0000000000000027 R11=000000003e6f2920
R12=000000003eb47d18 R13=0000000000000000 R14=0000000000000000 R15=0000000000000000
RIP=000000003e738ee3 RFL=00000246 [---Z-P-] CPL=0 II=0 A20=1 SMM=0 HLT=0
ES =0030 0000000000000000 ffffffff 00cf9300 DPL=0 DS   [-WA]
CS =0038 0000000000000000 ffffffff 00af9a00 DPL=0 CS64 [-R-]
SS =0030 0000000000000000 ffffffff 00cf9300 DPL=0 DS   [-WA]
DS =0030 0000000000000000 ffffffff 00cf9300 DPL=0 DS   [-WA]
FS =0030 0000000000000000 ffffffff 00cf9300 DPL=0 DS   [-WA]
GS =0030 0000000000000000 ffffffff 00cf9300 DPL=0 DS   [-WA]
LDT=0000 0000000000000000 0000ffff 00008200 DPL=0 LDT
TR =0000 0000000000000000 0000ffff 00008b00 DPL=0 TSS64-busy
GDT=     000000003f5dc000 00000047
IDT=     000000003efa3018 00000fff
CR0=80010033 CR2=0000000000000000 CR3=000000003f801000 CR4=00000668
DR0=0000000000000000 DR1=0000000000000000 DR2=0000000000000000 DR3=0000000000000000 
DR6=00000000ffff0ff0 DR7=0000000000000400
CCS=0000000000000044 CCD=0000000000000000 CCO=EFLAGS
EFER=0000000000000d00
Servicing hardware INT=0x20
    33: v=20 e=0000 i=0 cpl=0 IP=0038:000000003ea303b1 pc=000000003ea303b1 SP=0030:000000003fe656a0 env->regs[R_EAX]=0000000000000001
RAX=0000000000000001 RBX=00000000ffffffff RCX=0000000000000001 RDX=0000000000000cf8
RSI=0000000000000001 RDI=0000000000000000 RBP=000000003fe65700 RSP=000000003fe656a0
R8 =0000000000000000 R9 =0000000000000cf8 R10=0000000000000000 R11=0000000000000000
R12=000000003fe65890 R13=0000000000000000 R14=000000000000a000 R15=0000000000000004
RIP=000000003ea303b1 RFL=00000202 [-------] CPL=0 II=0 A20=1 SMM=0 HLT=0
ES =0030 0000000000000000 ffffffff 00cf9300 DPL=0 DS   [-WA]
CS =0038 0000000000000000 ffffffff 00af9a00 DPL=0 CS64 [-R-]
SS =0030 0000000000000000 ffffffff 00cf9300 DPL=0 DS   [-WA]
DS =0030 0000000000000000 ffffffff 00cf9300 DPL=0 DS   [-WA]
FS =0030 0000000000000000 ffffffff 00cf9300 DPL=0 DS   [-WA]
GS =0030 0000000000000000 ffffffff 00cf9300 DPL=0 DS   [-WA]
LDT=0000 0000000000000000 0000ffff 00008200 DPL=0 LDT
TR =0000 0000000000000000 0000ffff 00008b00 DPL=0 TSS64-busy
GDT=     000000003f5dc000 00000047
IDT=     000000003efa3018 00000fff
CR0=80010033 CR2=0000000000000000 CR3=000000003f801000 CR4=00000668
DR0=0000000000000000 DR1=0000000000000000 DR2=0000000000000000 DR3=0000000000000000 
DR6=00000000ffff0ff0 DR7=0000000000000400
CCS=0000000000000038 CCD=0000000000000001 CCO=LOGICB
EFER=0000000000000d00
Servicing hardware INT=0x20
    34: v=20 e=0000 i=0 cpl=0 IP=0038:000000003ef9f2c0 pc=000000003ef9f2c0 SP=0030:000000003fe65440 env->regs[R_EAX]=00000000985fda00
RAX=00000000985fda00 RBX=00000000810197b4 RCX=0000000000000002 RDX=000000003efa1880
RSI=0000000000000002 RDI=0000000000000000 RBP=000000003fe65450 RSP=000000003fe65440
R8 =000000003e5c1018 R9 =0000000081000000 R10=0000000000009b7f R11=0000000000000002
R12=000000003e5da7cc R13=0000000000003593 R14=0000000000000004 R15=0000000000000004
RIP=000000003ef9f2c0 RFL=00000202 [-------] CPL=0 II=0 A20=1 SMM=0 HLT=0
ES =0030 0000000000000000 ffffffff 00cf9300 DPL=0 DS   [-WA]
CS =0038 0000000000000000 ffffffff 00af9a00 DPL=0 CS64 [-R-]
SS =0030 0000000000000000 ffffffff 00cf9300 DPL=0 DS   [-WA]
DS =0030 0000000000000000 ffffffff 00cf9300 DPL=0 DS   [-WA]
FS =0030 0000000000000000 ffffffff 00cf9300 DPL=0 DS   [-WA]
GS =0030 0000000000000000 ffffffff 00cf9300 DPL=0 DS   [-WA]
LDT=0000 0000000000000000 0000ffff 00008200 DPL=0 LDT
TR =0000 0000000000000000 0000ffff 00008b00 DPL=0 TSS64-busy
GDT=     000000003f5dc000 00000047
IDT=     000000003efa3018 00000fff
CR0=80010033 CR2=0000000000000000 CR3=000000003f801000 CR4=00000668
DR0=0000000000000000 DR1=0000000000000000 DR2=0000000000000000 DR3=0000000000000000 
DR6=00000000ffff0ff0 DR7=0000000000000400
CCS=0000000000000000 CCD=0000000000000001 CCO=EFLAGS
EFER=0000000000000d00
Servicing hardware INT=0x20
    35: v=20 e=0000 i=0 cpl=0 IP=0038:000000003fe82e6d pc=000000003fe82e6d SP=0030:000000003fe65340 env->regs[R_EAX]=0000000000000000
RAX=0000000000000000 RBX=00000000000001fe RCX=0000000000000000 RDX=000000003e66324a
RSI=0000000000000000 RDI=000000003e663254 RBP=000000003fe65420 RSP=000000003fe65340
R8 =0000000000000000 R9 =0000000000000010 R10=0000000000000001 R11=000000000000000c
R12=000000003e660018 R13=000000003e661254 R14=000000003e661036 R15=000000000000000c
RIP=000000003fe82e6d RFL=00000206 [-----P-] CPL=0 II=0 A20=1 SMM=0 HLT=0
ES =0030 0000000000000000 ffffffff 00cf9300 DPL=0 DS   [-WA]
CS =0038 0000000000000000 ffffffff 00af9a00 DPL=0 CS64 [-R-]
SS =0030 0000000000000000 ffffffff 00cf9300 DPL=0 DS   [-WA]
DS =0030 0000000000000000 ffffffff 00cf9300 DPL=0 DS   [-WA]
FS =0030 0000000000000000 ffffffff 00cf9300 DPL=0 DS   [-WA]
GS =0030 0000000000000000 ffffffff 00cf9300 DPL=0 DS   [-WA]
LDT=0000 0000000000000000 0000ffff 00008200 DPL=0 LDT
TR =0000 0000000000000000 0000ffff 00008b00 DPL=0 TSS64-busy
GDT=     000000003f5dc000 00000047
IDT=     000000003efa3018 00000fff
CR0=80010033 CR2=0000000000000000 CR3=000000003f801000 CR4=00000668
DR0=0000000000000000 DR1=0000000000000000 DR2=0000000000000000 DR3=0000000000000000 
DR6=00000000ffff0ff0 DR7=0000000000000400
CCS=0000000000000004 CCD=0000000000000005 CCO=EFLAGS
EFER=0000000000000d00
Servicing hardware INT=0x20
    36: v=20 e=0000 i=0 cpl=0 IP=0038:000000003fe76f15 pc=000000003fe76f15 SP=0030:000000003fe653f0 env->regs[R_EAX]=000000bf7c814b00
RAX=000000bf7c814b00 RBX=000000003e660018 RCX=0000000000000008 RDX=0000000000000008
RSI=0000000000000008 RDI=000000003e660018 RBP=000000003fe65420 RSP=000000003fe653f0
R8 =000000000001543e R9 =0000000000000040 R10=000000000000001f R11=0000000000000002
R12=0000000000000008 R13=0000000000000107 R14=00000000000002c1 R15=000000000001543d
RIP=000000003fe76f15 RFL=00000206 [-----P-] CPL=0 II=0 A20=1 SMM=0 HLT=0
ES =0030 0000000000000000 ffffffff 00cf9300 DPL=0 DS   [-WA]
CS =0038 0000000000000000 ffffffff 00af9a00 DPL=0 CS64 [-R-]
SS =0030 0000000000000000 ffffffff 00cf9300 DPL=0 DS   [-WA]
DS =0030 0000000000000000 ffffffff 00cf9300 DPL=0 DS   [-WA]
FS =0030 0000000000000000 ffffffff 00cf9300 DPL=0 DS   [-WA]
GS =0030 0000000000000000 ffffffff 00cf9300 DPL=0 DS   [-WA]
LDT=0000 0000000000000000 0000ffff 00008200 DPL=0 LDT
TR =0000 0000000000000000 0000ffff 00008b00 DPL=0 TSS64-busy
GDT=     000000003f5dc000 00000047
IDT=     000000003efa3018 00000fff
CR0=80010033 CR2=0000000000000000 CR3=000000003f801000 CR4=00000668
DR0=0000000000000000 DR1=0000000000000000 DR2=0000000000000000 DR3=0000000000000000 
DR6=00000000ffff0ff0 DR7=0000000000000400
CCS=0000000000000004 CCD=000000bf7c814b00 CCO=EFLAGS
EFER=0000000000000d00
Servicing hardware INT=0x20
    37: v=20 e=0000 i=0 cpl=0 IP=0038:000000003ea22207 pc=000000003ea22207 SP=0030:000000003fe658d0 env->regs[R_EAX]=0000000000000000
RAX=0000000000000000 RBX=000000003e663b98 RCX=000000003e66d428 RDX=0000000000000000
RSI=0000000000000000 RDI=000000003e663ba0 RBP=000000003fe659d0 RSP=000000003fe658d0
R8 =0000000000000000 R9 =0000000000000000 R10=000000003fe65b58 R11=0000000000000004
R12=0000000000001000 R13=000000003fe65978 R14=0000000080000000 R15=000000003ea24893
RIP=000000003ea22207 RFL=00000246 [---Z-P-] CPL=0 II=0 A20=1 SMM=0 HLT=0
ES =0030 0000000000000000 ffffffff 00cf9300 DPL=0 DS   [-WA]
CS =0038 0000000000000000 ffffffff 00af9a00 DPL=0 CS64 [-R-]
SS =0030 0000000000000000 ffffffff 00cf9300 DPL=0 DS   [-WA]
DS =0030 0000000000000000 ffffffff 00cf9300 DPL=0 DS   [-WA]
FS =0030 0000000000000000 ffffffff 00cf9300 DPL=0 DS   [-WA]
GS =0030 0000000000000000 ffffffff 00cf9300 DPL=0 DS   [-WA]
LDT=0000 0000000000000000 0000ffff 00008200 DPL=0 LDT
TR =0000 0000000000000000 0000ffff 00008b00 DPL=0 TSS64-busy
GDT=     000000003f5dc000 00000047
IDT=     000000003efa3018 00000fff
CR0=80010033 CR2=0000000000000000 CR3=000000003f801000 CR4=00000668
DR0=0000000000000000 DR1=0000000000000000 DR2=0000000000000000 DR3=0000000000000000 
DR6=00000000ffff0ff0 DR7=0000000000000400
CCS=0000000000000044 CCD=0000000000000000 CCO=EFLAGS
EFER=0000000000000d00
Servicing hardware INT=0x20
    38: v=20 e=0000 i=0 cpl=0 IP=0038:000000003ea21774 pc=000000003ea21774 SP=0030:000000003fe65840 env->regs[R_EAX]=000000003e663598
RAX=000000003e663598 RBX=0000000000000000 RCX=000000003e663118 RDX=0000000000000000
RSI=0000000000000000 RDI=000000003e663598 RBP=000000003fe658c0 RSP=000000003fe65840
R8 =000000003fe65988 R9 =0000000000000400 R10=0000000000000000 R11=0000000000000000
R12=000000003e663598 R13=0000000000000000 R14=000000003e663a18 R15=000000003e663118
RIP=000000003ea21774 RFL=00000206 [-----P-] CPL=0 II=0 A20=1 SMM=0 HLT=0
ES =0030 0000000000000000 ffffffff 00cf9300 DPL=0 DS   [-WA]
CS =0038 0000000000000000 ffffffff 00af9a00 DPL=0 CS64 [-R-]
SS =0030 0000000000000000 ffffffff 00cf9300 DPL=0 DS   [-WA]
DS =0030 0000000000000000 ffffffff 00cf9300 DPL=0 DS   [-WA]
FS =0030 0000000000000000 ffffffff 00cf9300 DPL=0 DS   [-WA]
GS =0030 0000000000000000 ffffffff 00cf9300 DPL=0 DS   [-WA]
LDT=0000 0000000000000000 0000ffff 00008200 DPL=0 LDT
TR =0000 0000000000000000 0000ffff 00008b00 DPL=0 TSS64-busy
GDT=     000000003f5dc000 00000047
IDT=     000000003efa3018 00000fff
CR0=80010033 CR2=0000000000000000 CR3=000000003f801000 CR4=00000668
DR0=0000000000000000 DR1=0000000000000000 DR2=0000000000000000 DR3=0000000000000000 
DR6=00000000ffff0ff0 DR7=0000000000000400
CCS=0000000000000004 CCD=000000003fe65988 CCO=EFLAGS
EFER=0000000000000d00
Servicing hardware INT=0x20
    39: v=20 e=0000 i=0 cpl=0 IP=0038:000000003efacb60 pc=000000003efacb60 SP=0030:000000003fe65730 env->regs[R_EAX]=000000003e66311c
RAX=000000003e66311c RBX=0000000000002140 RCX=000000003efb4b98 RDX=000000003efb4c00
RSI=0000000000000001 RDI=0000000000000000 RBP=000000003fe65820 RSP=000000003fe65730
R8 =0000000000000000 R9 =0000000000000001 R10=000000003fe657ba R11=0000000000000002
R12=000000003efb4f4e R13=000000003fe658b8 R14=000000003fe658c0 R15=0000000000000001
RIP=000000003efacb60 RFL=00000202 [-------] CPL=0 II=0 A20=1 SMM=0 HLT=0
ES =0030 0000000000000000 ffffffff 00cf9300 DPL=0 DS   [-WA]
CS =0038 0000000000000000 ffffffff 00af9a00 DPL=0 CS64 [-R-]
SS =0030 0000000000000000 ffffffff 00cf9300 DPL=0 DS   [-WA]
DS =0030 0000000000000000 ffffffff 00cf9300 DPL=0 DS   [-WA]
FS =0030 0000000000000000 ffffffff 00cf9300 DPL=0 DS   [-WA]
GS =0030 0000000000000000 ffffffff 00cf9300 DPL=0 DS   [-WA]
LDT=0000 0000000000000000 0000ffff 00008200 DPL=0 LDT
TR =0000 0000000000000000 0000ffff 00008b00 DPL=0 TSS64-busy
GDT=     000000003f5dc000 00000047
IDT=     000000003efa3018 00000fff
CR0=80010033 CR2=0000000000000000 CR3=000000003f801000 CR4=00000668
DR0=0000000000000000 DR1=0000000000000000 DR2=0000000000000000 DR3=0000000000000000 
DR6=00000000ffff0ff0 DR7=0000000000000400
CCS=0000000000000000 CCD=000000003e66311c CCO=EFLAGS
EFER=0000000000000d00
Servicing hardware INT=0x20
    40: v=20 e=0000 i=0 cpl=0 IP=0038:000000003e63b9ba pc=000000003e63b9ba SP=0030:000000003fe656e8 env->regs[R_EAX]=0000000000000000
RAX=0000000000000000 RBX=000000003e660b18 RCX=0000000000000001 RDX=000000003efa1880
RSI=0000000000000004 RDI=000000003e660b18 RBP=000000003fe65780 RSP=000000003fe656e8
R8 =0000000000000000 R9 =0000000081060508 R10=0000000000000000 R11=0000000000000001
R12=000000003e660718 R13=000000003e660b38 R14=0000000000000000 R15=000000003e63fae8
RIP=000000003e63b9ba RFL=00000246 [---Z-P-] CPL=0 II=0 A20=1 SMM=0 HLT=0
ES =0030 0000000000000000 ffffffff 00cf9300 DPL=0 DS   [-WA]
CS =0038 0000000000000000 ffffffff 00af9a00 DPL=0 CS64 [-R-]
SS =0030 0000000000000000 ffffffff 00cf9300 DPL=0 DS   [-WA]
DS =0030 0000000000000000 ffffffff 00cf9300 DPL=0 DS   [-WA]
FS =0030 0000000000000000 ffffffff 00cf9300 DPL=0 DS   [-WA]
GS =0030 0000000000000000 ffffffff 00cf9300 DPL=0 DS   [-WA]
LDT=0000 0000000000000000 0000ffff 00008200 DPL=0 LDT
TR =0000 0000000000000000 0000ffff 00008b00 DPL=0 TSS64-busy
GDT=     000000003f5dc000 00000047
IDT=     000000003efa3018 00000fff
CR0=80010033 CR2=0000000000000000 CR3=000000003f801000 CR4=00000668
DR0=0000000000000000 DR1=0000000000000000 DR2=0000000000000000 DR3=0000000000000000 
DR6=00000000ffff0ff0 DR7=0000000000000400
CCS=0000000000000044 CCD=0000000000000000 CCO=EFLAGS
EFER=0000000000000d00
Servicing hardware INT=0x20
    41: v=20 e=0000 i=0 cpl=0 IP=0038:000000003ef9f2c0 pc=000000003ef9f2c0 SP=0030:000000003fe65580 env->regs[R_EAX]=0000000000000000
RAX=0000000000000000 RBX=000000008007e5a8 RCX=0000000000000002 RDX=000000003efa1880
RSI=0000000000000002 RDI=0000000000000000 RBP=000000003fe65590 RSP=000000003fe65580
R8 =000000003fe656dc R9 =0000000080000000 R10=00000000000fffff R11=000000000000000a
R12=000000003fe656dc R13=00000000000e0696 R14=0000000000000004 R15=0000000000000000
RIP=000000003ef9f2c0 RFL=00000202 [-------] CPL=0 II=0 A20=1 SMM=0 HLT=0
ES =0030 0000000000000000 ffffffff 00cf9300 DPL=0 DS   [-WA]
CS =0038 0000000000000000 ffffffff 00af9a00 DPL=0 CS64 [-R-]
SS =0030 0000000000000000 ffffffff 00cf9300 DPL=0 DS   [-WA]
DS =0030 0000000000000000 ffffffff 00cf9300 DPL=0 DS   [-WA]
FS =0030 0000000000000000 ffffffff 00cf9300 DPL=0 DS   [-WA]
GS =0030 0000000000000000 ffffffff 00cf9300 DPL=0 DS   [-WA]
LDT=0000 0000000000000000 0000ffff 00008200 DPL=0 LDT
TR =0000 0000000000000000 0000ffff 00008b00 DPL=0 TSS64-busy
GDT=     000000003f5dc000 00000047
IDT=     000000003efa3018 00000fff
CR0=80010033 CR2=0000000000000000 CR3=000000003f801000 CR4=00000668
DR0=0000000000000000 DR1=0000000000000000 DR2=0000000000000000 DR3=0000000000000000 
DR6=00000000ffff0ff0 DR7=0000000000000400
CCS=0000000000000000 CCD=0000000000000001 CCO=EFLAGS
EFER=0000000000000d00
Servicing hardware INT=0x20
    42: v=20 e=0000 i=0 cpl=0 IP=0038:000000003efa0ae0 pc=000000003efa0ae0 SP=0030:000000003fe655a0 env->regs[R_EAX]=0000000000000000
RAX=0000000000000000 RBX=00000000801346fc RCX=0000000000000002 RDX=000000003efa1880
RSI=0000000000000002 RDI=0000000000000000 RBP=000000003fe65620 RSP=000000003fe655a0
R8 =000000003fe656dc R9 =0000000080000000 R10=00000000000fffff R11=000000000000000a
R12=000000003fe656dc R13=00000000000b2e41 R14=0000000000000004 R15=0000000000000000
RIP=000000003efa0ae0 RFL=00000293 [--S-A-C] CPL=0 II=0 A20=1 SMM=0 HLT=0
ES =0030 0000000000000000 ffffffff 00cf9300 DPL=0 DS   [-WA]
CS =0038 0000000000000000 ffffffff 00af9a00 DPL=0 CS64 [-R-]
SS =0030 0000000000000000 ffffffff 00cf9300 DPL=0 DS   [-WA]
DS =0030 0000000000000000 ffffffff 00cf9300 DPL=0 DS   [-WA]
FS =0030 0000000000000000 ffffffff 00cf9300 DPL=0 DS   [-WA]
GS =0030 0000000000000000 ffffffff 00cf9300 DPL=0 DS   [-WA]
LDT=0000 0000000000000000 0000ffff 00008200 DPL=0 LDT
TR =0000 0000000000000000 0000ffff 00008b00 DPL=0 TSS64-busy
GDT=     000000003f5dc000 00000047
IDT=     000000003efa3018 00000fff
CR0=80010033 CR2=0000000000000000 CR3=000000003f801000 CR4=00000668
DR0=0000000000000000 DR1=0000000000000000 DR2=0000000000000000 DR3=0000000000000000 
DR6=00000000ffff0ff0 DR7=0000000000000400
CCS=0000000000000091 CCD=fffffffffffffffe CCO=EFLAGS
EFER=0000000000000d00
Servicing hardware INT=0x20
    43: v=20 e=0000 i=0 cpl=0 IP=0038:000000003efa0ae0 pc=000000003efa0ae0 SP=0030:000000003fe655a0 env->regs[R_EAX]=0000000000000000
RAX=0000000000000000 RBX=00000000801e71d0 RCX=0000000000000002 RDX=000000003efa1880
RSI=0000000000000002 RDI=0000000000000000 RBP=000000003fe65620 RSP=000000003fe655a0
R8 =000000003fe656dc R9 =0000000080000000 R10=00000000000fffff R11=000000000000000a
R12=000000003fe656dc R13=000000000008638c R14=0000000000000004 R15=0000000000000000
RIP=000000003efa0ae0 RFL=00000293 [--S-A-C] CPL=0 II=0 A20=1 SMM=0 HLT=0
ES =0030 0000000000000000 ffffffff 00cf9300 DPL=0 DS   [-WA]
CS =0038 0000000000000000 ffffffff 00af9a00 DPL=0 CS64 [-R-]
SS =0030 0000000000000000 ffffffff 00cf9300 DPL=0 DS   [-WA]
DS =0030 0000000000000000 ffffffff 00cf9300 DPL=0 DS   [-WA]
FS =0030 0000000000000000 ffffffff 00cf9300 DPL=0 DS   [-WA]
GS =0030 0000000000000000 ffffffff 00cf9300 DPL=0 DS   [-WA]
LDT=0000 0000000000000000 0000ffff 00008200 DPL=0 LDT
TR =0000 0000000000000000 0000ffff 00008b00 DPL=0 TSS64-busy
GDT=     000000003f5dc000 00000047
IDT=     000000003efa3018 00000fff
CR0=80010033 CR2=0000000000000000 CR3=000000003f801000 CR4=00000668
DR0=0000000000000000 DR1=0000000000000000 DR2=0000000000000000 DR3=0000000000000000 
DR6=00000000ffff0ff0 DR7=0000000000000400
CCS=0000000000000091 CCD=fffffffffffffffe CCO=EFLAGS
EFER=0000000000000d00
Servicing hardware INT=0x20
    44: v=20 e=0000 i=0 cpl=0 IP=0038:000000003ef9f2c0 pc=000000003ef9f2c0 SP=0030:000000003fe65580 env->regs[R_EAX]=0000000000000000
RAX=0000000000000000 RBX=0000000080286294 RCX=0000000000000002 RDX=000000003efa1880
RSI=0000000000000002 RDI=0000000000000000 RBP=000000003fe65590 RSP=000000003fe65580
R8 =000000003fe656dc R9 =0000000080000000 R10=00000000000fffff R11=000000000000000a
R12=000000003fe656dc R13=000000000005e75b R14=0000000000000004 R15=0000000000000000
RIP=000000003ef9f2c0 RFL=00000202 [-------] CPL=0 II=0 A20=1 SMM=0 HLT=0
ES =0030 0000000000000000 ffffffff 00cf9300 DPL=0 DS   [-WA]
CS =0038 0000000000000000 ffffffff 00af9a00 DPL=0 CS64 [-R-]
SS =0030 0000000000000000 ffffffff 00cf9300 DPL=0 DS   [-WA]
DS =0030 0000000000000000 ffffffff 00cf9300 DPL=0 DS   [-WA]
FS =0030 0000000000000000 ffffffff 00cf9300 DPL=0 DS   [-WA]
GS =0030 0000000000000000 ffffffff 00cf9300 DPL=0 DS   [-WA]
LDT=0000 0000000000000000 0000ffff 00008200 DPL=0 LDT
TR =0000 0000000000000000 0000ffff 00008b00 DPL=0 TSS64-busy
GDT=     000000003f5dc000 00000047
IDT=     000000003efa3018 00000fff
CR0=80010033 CR2=0000000000000000 CR3=000000003f801000 CR4=00000668
DR0=0000000000000000 DR1=0000000000000000 DR2=0000000000000000 DR3=0000000000000000 
DR6=00000000ffff0ff0 DR7=0000000000000400
CCS=0000000000000000 CCD=0000000000000001 CCO=EFLAGS
EFER=0000000000000d00
Servicing hardware INT=0x20
    45: v=20 e=0000 i=0 cpl=0 IP=0038:000000003efa09bc pc=000000003efa09bc SP=0030:000000003fe655a0 env->regs[R_EAX]=0000000000000000
RAX=0000000000000000 RBX=00000000803339dc RCX=0000000000000002 RDX=000000003efa1880
RSI=0000000000000002 RDI=0000000000000000 RBP=000000003fe65620 RSP=000000003fe655a0
R8 =000000003fe656dc R9 =0000000080000000 R10=00000000000fffff R11=000000000000000a
R12=000000003fe656dc R13=0000000000033189 R14=0000000000000004 R15=0000000000000000
RIP=000000003efa09bc RFL=00000202 [-------] CPL=0 II=0 A20=1 SMM=0 HLT=0
ES =0030 0000000000000000 ffffffff 00cf9300 DPL=0 DS   [-WA]
CS =0038 0000000000000000 ffffffff 00af9a00 DPL=0 CS64 [-R-]
SS =0030 0000000000000000 ffffffff 00cf9300 DPL=0 DS   [-WA]
DS =0030 0000000000000000 ffffffff 00cf9300 DPL=0 DS   [-WA]
FS =0030 0000000000000000 ffffffff 00cf9300 DPL=0 DS   [-WA]
GS =0030 0000000000000000 ffffffff 00cf9300 DPL=0 DS   [-WA]
LDT=0000 0000000000000000 0000ffff 00008200 DPL=0 LDT
TR =0000 0000000000000000 0000ffff 00008b00 DPL=0 TSS64-busy
GDT=     000000003f5dc000 00000047
IDT=     000000003efa3018 00000fff
CR0=80010033 CR2=0000000000000000 CR3=000000003f801000 CR4=00000668
DR0=0000000000000000 DR1=0000000000000000 DR2=0000000000000000 DR3=0000000000000000 
DR6=00000000ffff0ff0 DR7=0000000000000400
CCS=0000000000000000 CCD=0000000000033189 CCO=EFLAGS
EFER=0000000000000d00
Servicing hardware INT=0x20
    46: v=20 e=0000 i=0 cpl=0 IP=0038:000000003ef9f2b5 pc=000000003ef9f2b5 SP=0030:000000003fe65598 env->regs[R_EAX]=0000000000000000
RAX=0000000000000000 RBX=00000000803cc144 RCX=0000000000000002 RDX=000000003efa1880
RSI=0000000000000002 RDI=0000000000000000 RBP=000000003fe65620 RSP=000000003fe65598
R8 =000000003fe656dc R9 =0000000080000000 R10=00000000000fffff R11=000000000000000a
R12=000000003fe656dc R13=000000000000cfaf R14=0000000000000004 R15=0000000000000000
RIP=000000003ef9f2b5 RFL=00000246 [---Z-P-] CPL=0 II=0 A20=1 SMM=0 HLT=0
ES =0030 0000000000000000 ffffffff 00cf9300 DPL=0 DS   [-WA]
CS =0038 0000000000000000 ffffffff 00af9a00 DPL=0 CS64 [-R-]
SS =0030 0000000000000000 ffffffff 00cf9300 DPL=0 DS   [-WA]
DS =0030 0000000000000000 ffffffff 00cf9300 DPL=0 DS   [-WA]
FS =0030 0000000000000000 ffffffff 00cf9300 DPL=0 DS   [-WA]
GS =0030 0000000000000000 ffffffff 00cf9300 DPL=0 DS   [-WA]
LDT=0000 0000000000000000 0000ffff 00008200 DPL=0 LDT
TR =0000 0000000000000000 0000ffff 00008b00 DPL=0 TSS64-busy
GDT=     000000003f5dc000 00000047
IDT=     000000003efa3018 00000fff
CR0=80010033 CR2=0000000000000000 CR3=000000003f801000 CR4=00000668
DR0=0000000000000000 DR1=0000000000000000 DR2=0000000000000000 DR3=0000000000000000 
DR6=00000000ffff0ff0 DR7=0000000000000400
CCS=0000000000000044 CCD=0000000000000000 CCO=EFLAGS
EFER=0000000000000d00
Servicing hardware INT=0x20
    47: v=20 e=0000 i=0 cpl=0 IP=0038:000000003fe82e8c pc=000000003fe82e8c SP=0030:000000003fe65370 env->regs[R_EAX]=00000000000000af
RAX=00000000000000af RBX=000000003fe8c0a0 RCX=0000000000000000 RDX=000000003e650698
RSI=0000000000000417 RDI=000000003e650ab0 RBP=000000003fe65400 RSP=000000003fe65370
R8 =00000000000000af R9 =0000000000000008 R10=000000003eb52018 R11=ffffffffffffffff
R12=0000000000000440 R13=0000000000000418 R14=000000003e650698 R15=000000003e650680
RIP=000000003fe82e8c RFL=00000202 [-------] CPL=0 II=0 A20=1 SMM=0 HLT=0
ES =0030 0000000000000000 ffffffff 00cf9300 DPL=0 DS   [-WA]
CS =0038 0000000000000000 ffffffff 00af9a00 DPL=0 CS64 [-R-]
SS =0030 0000000000000000 ffffffff 00cf9300 DPL=0 DS   [-WA]
DS =0030 0000000000000000 ffffffff 00cf9300 DPL=0 DS   [-WA]
FS =0030 0000000000000000 ffffffff 00cf9300 DPL=0 DS   [-WA]
GS =0030 0000000000000000 ffffffff 00cf9300 DPL=0 DS   [-WA]
LDT=0000 0000000000000000 0000ffff 00008200 DPL=0 LDT
TR =0000 0000000000000000 0000ffff 00008b00 DPL=0 TSS64-busy
GDT=     000000003f5dc000 00000047
IDT=     000000003efa3018 00000fff
CR0=80010033 CR2=0000000000000000 CR3=000000003f801000 CR4=00000668
DR0=0000000000000000 DR1=0000000000000000 DR2=0000000000000000 DR3=0000000000000000 
DR6=00000000ffff0ff0 DR7=0000000000000400
CCS=0000000000000000 CCD=000000003fe65358 CCO=EFLAGS
EFER=0000000000000d00
Servicing hardware INT=0x20
    48: v=20 e=0000 i=0 cpl=0 IP=0038:000000003e7d3e21 pc=000000003e7d3e21 SP=0030:000000003fe65800 env->regs[R_EAX]=00000000000106c0
RAX=00000000000106c0 RBX=000000003f736080 RCX=000000003f7468ff RDX=0000000000017840
RSI=0000000000000000 RDI=0000000000000000 RBP=000000003fe65a20 RSP=000000003fe65800
R8 =0000000000000000 R9 =000000003f736240 R10=0000000000000003 R11=0000000000000000
R12=000000003f736188 R13=0000000000000000 R14=000000003f736200 R15=000000003fe65870
RIP=000000003e7d3e21 RFL=00000202 [-------] CPL=0 II=0 A20=1 SMM=0 HLT=0
ES =0030 0000000000000000 ffffffff 00cf9300 DPL=0 DS   [-WA]
CS =0038 0000000000000000 ffffffff 00af9a00 DPL=0 CS64 [-R-]
SS =0030 0000000000000000 ffffffff 00cf9300 DPL=0 DS   [-WA]
DS =0030 0000000000000000 ffffffff 00cf9300 DPL=0 DS   [-WA]
FS =0030 0000000000000000 ffffffff 00cf9300 DPL=0 DS   [-WA]
GS =0030 0000000000000000 ffffffff 00cf9300 DPL=0 DS   [-WA]
LDT=0000 0000000000000000 0000ffff 00008200 DPL=0 LDT
TR =0000 0000000000000000 0000ffff 00008b00 DPL=0 TSS64-busy
GDT=     000000003f5dc000 00000047
IDT=     000000003efa3018 00000fff
CR0=80010033 CR2=0000000000000000 CR3=000000003f801000 CR4=00000668
DR0=0000000000000000 DR1=0000000000000000 DR2=0000000000000000 DR3=0000000000000000 
DR6=00000000ffff0ff0 DR7=0000000000000400
CCS=0000000000000000 CCD=000000003f736240 CCO=EFLAGS
EFER=0000000000000d00
Servicing hardware INT=0x20
    49: v=20 e=0000 i=0 cpl=0 IP=0038:000000003fe76ee9 pc=000000003fe76ee9 SP=0030:000000003fe656d0 env->regs[R_EAX]=0000000000000101
RAX=0000000000000101 RBX=0000000024887dc7 RCX=0000000024887dc7 RDX=0000000000000004
RSI=0000000000000004 RDI=000000003e5bd018 RBP=000000003fe65700 RSP=000000003fe656d0
R8 =0000000000008696 R9 =0000000000000040 R10=000000000000001f R11=0000000000000002
R12=0000000000000004 R13=0000000000000101 R14=00000000000000d4 R15=0000000000008774
RIP=000000003fe76ee9 RFL=00000297 [--S-APC] CPL=0 II=0 A20=1 SMM=0 HLT=0
ES =0030 0000000000000000 ffffffff 00cf9300 DPL=0 DS   [-WA]
CS =0038 0000000000000000 ffffffff 00af9a00 DPL=0 CS64 [-R-]
SS =0030 0000000000000000 ffffffff 00cf9300 DPL=0 DS   [-WA]
DS =0030 0000000000000000 ffffffff 00cf9300 DPL=0 DS   [-WA]
FS =0030 0000000000000000 ffffffff 00cf9300 DPL=0 DS   [-WA]
GS =0030 0000000000000000 ffffffff 00cf9300 DPL=0 DS   [-WA]
LDT=0000 0000000000000000 0000ffff 00008200 DPL=0 LDT
TR =0000 0000000000000000 0000ffff 00008b00 DPL=0 TSS64-busy
GDT=     000000003f5dc000 00000047
IDT=     000000003efa3018 00000fff
CR0=80010033 CR2=0000000000000000 CR3=000000003f801000 CR4=00000668
DR0=0000000000000000 DR1=0000000000000000 DR2=0000000000000000 DR3=0000000000000000 
DR6=00000000ffff0ff0 DR7=0000000000000400
CCS=0000000000000095 CCD=ffffffffffffffc5 CCO=EFLAGS
EFER=0000000000000d00
Servicing hardware INT=0x20
    50: v=20 e=0000 i=0 cpl=0 IP=0038:000000003fe76f28 pc=000000003fe76f28 SP=0030:000000003fe65710 env->regs[R_EAX]=00000000000000f7
RAX=00000000000000f7 RBX=000000003e5bd018 RCX=0000000000000008 RDX=000000003e5d1c58
RSI=000000000000000a RDI=000000003e5bd018 RBP=000000003fe65720 RSP=000000003fe65710
R8 =000000000001ad8f R9 =0000000000000040 R10=000000000000001f R11=0000000000000002
R12=0000000000000009 R13=0000000000000102 R14=000000000000000b R15=000000000001adc1
RIP=000000003fe76f28 RFL=00000297 [--S-APC] CPL=0 II=0 A20=1 SMM=0 HLT=0
ES =0030 0000000000000000 ffffffff 00cf9300 DPL=0 DS   [-WA]
CS =0038 0000000000000000 ffffffff 00af9a00 DPL=0 CS64 [-R-]
SS =0030 0000000000000000 ffffffff 00cf9300 DPL=0 DS   [-WA]
DS =0030 0000000000000000 ffffffff 00cf9300 DPL=0 DS   [-WA]
FS =0030 0000000000000000 ffffffff 00cf9300 DPL=0 DS   [-WA]
GS =0030 0000000000000000 ffffffff 00cf9300 DPL=0 DS   [-WA]
LDT=0000 0000000000000000 0000ffff 00008200 DPL=0 LDT
TR =0000 0000000000000000 0000ffff 00008b00 DPL=0 TSS64-busy
GDT=     000000003f5dc000 00000047
IDT=     000000003efa3018 00000fff
CR0=80010033 CR2=0000000000000000 CR3=000000003f801000 CR4=00000668
DR0=0000000000000000 DR1=0000000000000000 DR2=0000000000000000 DR3=0000000000000000 
DR6=00000000ffff0ff0 DR7=0000000000000400
CCS=0000000000000095 CCD=ffffffffffffffff CCO=EFLAGS
EFER=0000000000000d00
Servicing hardware INT=0x20
    51: v=20 e=0000 i=0 cpl=0 IP=0038:000000003f6cea4a pc=000000003f6cea4a SP=0030:000000003fe65710 env->regs[R_EAX]=00000000000000ff
RAX=00000000000000ff RBX=0000000000000000 RCX=0000000000030001 RDX=000000003eac2018
RSI=0000000000000000 RDI=000000003ead2017 RBP=000000003fe657e0 RSP=000000003fe65710
R8 =00000000000000ff R9 =0000000000000000 R10=000000003f58ac80 R11=0000000000000004
R12=000000003fe65840 R13=000000003fe65788 R14=0000000000000000 R15=000000003eac2018
RIP=000000003f6cea4a RFL=00010206 [-----P-] CPL=0 II=0 A20=1 SMM=0 HLT=0
ES =0030 0000000000000000 ffffffff 00cf9300 DPL=0 DS   [-WA]
CS =0038 0000000000000000 ffffffff 00af9a00 DPL=0 CS64 [-R-]
SS =0030 0000000000000000 ffffffff 00cf9300 DPL=0 DS   [-WA]
DS =0030 0000000000000000 ffffffff 00cf9300 DPL=0 DS   [-WA]
FS =0030 0000000000000000 ffffffff 00cf9300 DPL=0 DS   [-WA]
GS =0030 0000000000000000 ffffffff 00cf9300 DPL=0 DS   [-WA]
LDT=0000 0000000000000000 0000ffff 00008200 DPL=0 LDT
TR =0000 0000000000000000 0000ffff 00008b00 DPL=0 TSS64-busy
GDT=     000000003f5dc000 00000047
IDT=     000000003efa3018 00000fff
CR0=80010033 CR2=0000000000000000 CR3=000000003f801000 CR4=00000668
DR0=0000000000000000 DR1=0000000000000000 DR2=0000000000000000 DR3=0000000000000000 
DR6=00000000ffff0ff0 DR7=0000000000000400
CCS=0000000000000004 CCD=000000003fe65700 CCO=EFLAGS
EFER=0000000000000d00
Servicing hardware INT=0x20
    52: v=20 e=0000 i=0 cpl=0 IP=0038:000000003f6cea4a pc=000000003f6cea4a SP=0030:000000003fe658b0 env->regs[R_EAX]=00000000000000ff
RAX=00000000000000ff RBX=0000000000000000 RCX=0000000000020001 RDX=000000003eac2018
RSI=0000000000000000 RDI=000000003eae2017 RBP=000000003fe65980 RSP=000000003fe658b0
R8 =00000000000000ff R9 =0000000000000000 R10=000000003f58adcc R11=000000003e73d930
R12=000000003fe659e0 R13=000000003fe65928 R14=0000000000000000 R15=000000003eac2018
RIP=000000003f6cea4a RFL=00010206 [-----P-] CPL=0 II=0 A20=1 SMM=0 HLT=0
ES =0030 0000000000000000 ffffffff 00cf9300 DPL=0 DS   [-WA]
CS =0038 0000000000000000 ffffffff 00af9a00 DPL=0 CS64 [-R-]
SS =0030 0000000000000000 ffffffff 00cf9300 DPL=0 DS   [-WA]
DS =0030 0000000000000000 ffffffff 00cf9300 DPL=0 DS   [-WA]
FS =0030 0000000000000000 ffffffff 00cf9300 DPL=0 DS   [-WA]
GS =0030 0000000000000000 ffffffff 00cf9300 DPL=0 DS   [-WA]
LDT=0000 0000000000000000 0000ffff 00008200 DPL=0 LDT
TR =0000 0000000000000000 0000ffff 00008b00 DPL=0 TSS64-busy
GDT=     000000003f5dc000 00000047
IDT=     000000003efa3018 00000fff
CR0=80010033 CR2=0000000000000000 CR3=000000003f801000 CR4=00000668
DR0=0000000000000000 DR1=0000000000000000 DR2=0000000000000000 DR3=0000000000000000 
DR6=00000000ffff0ff0 DR7=0000000000000400
CCS=0000000000000004 CCD=000000003fe658a0 CCO=EFLAGS
EFER=0000000000000d00
Servicing hardware INT=0x20
    53: v=20 e=0000 i=0 cpl=0 IP=0038:000000003fe665f0 pc=000000003fe665f0 SP=0030:000000003fe65850 env->regs[R_EAX]=000000003e7a2998
RAX=000000003e7a2998 RBX=000000003e7b6320 RCX=0000000000000010 RDX=000000003fe8a150
RSI=0000000000000014 RDI=000000003e7bd698 RBP=000000003fe65870 RSP=000000003fe65850
R8 =000000003fe659a8 R9 =000000003f4ecf98 R10=000000003e423b3d R11=000000003e73d930
R12=000000003e7bd698 R13=000000003fe8a250 R14=000000003fe844d1 R15=000000003fe8a150
RIP=000000003fe665f0 RFL=00000287 [--S--PC] CPL=0 II=0 A20=1 SMM=0 HLT=0
ES =0030 0000000000000000 ffffffff 00cf9300 DPL=0 DS   [-WA]
CS =0038 0000000000000000 ffffffff 00af9a00 DPL=0 CS64 [-R-]
SS =0030 0000000000000000 ffffffff 00cf9300 DPL=0 DS   [-WA]
DS =0030 0000000000000000 ffffffff 00cf9300 DPL=0 DS   [-WA]
FS =0030 0000000000000000 ffffffff 00cf9300 DPL=0 DS   [-WA]
GS =0030 0000000000000000 ffffffff 00cf9300 DPL=0 DS   [-WA]
LDT=0000 0000000000000000 0000ffff 00008200 DPL=0 LDT
TR =0000 0000000000000000 0000ffff 00008b00 DPL=0 TSS64-busy
GDT=     000000003f5dc000 00000047
IDT=     000000003efa3018 00000fff
CR0=80010033 CR2=0000000000000000 CR3=000000003f801000 CR4=00000668
DR0=0000000000000000 DR1=0000000000000000 DR2=0000000000000000 DR3=0000000000000000 
DR6=00000000ffff0ff0 DR7=0000000000000400
CCS=0000000000000085 CCD=fffffffffffe5300 CCO=EFLAGS
EFER=0000000000000d00
Servicing hardware INT=0x20
    54: v=20 e=0000 i=0 cpl=0 IP=0038:000000003e70ea48 pc=000000003e70ea48 SP=0030:000000003fe65818 env->regs[R_EAX]=000000003e5c0518
RAX=000000003e5c0518 RBX=000000003e6390c9 RCX=0000000000000000 RDX=000000003e7105e0
RSI=000000003e710738 RDI=000000003e5c0670 RBP=000000003fe65900 RSP=000000003fe65818
R8 =0000000000000000 R9 =000000003e710737 R10=000000003f58afe0 R11=000000003e73d980
R12=0000000000000000 R13=000000003e5c0d18 R14=000000003e5c0118 R15=000000003e7109c0
RIP=000000003e70ea48 RFL=00000206 [-----P-] CPL=0 II=0 A20=1 SMM=0 HLT=0
ES =0030 0000000000000000 ffffffff 00cf9300 DPL=0 DS   [-WA]
CS =0038 0000000000000000 ffffffff 00af9a00 DPL=0 CS64 [-R-]
SS =0030 0000000000000000 ffffffff 00cf9300 DPL=0 DS   [-WA]
DS =0030 0000000000000000 ffffffff 00cf9300 DPL=0 DS   [-WA]
FS =0030 0000000000000000 ffffffff 00cf9300 DPL=0 DS   [-WA]
GS =0030 0000000000000000 ffffffff 00cf9300 DPL=0 DS   [-WA]
LDT=0000 0000000000000000 0000ffff 00008200 DPL=0 LDT
TR =0000 0000000000000000 0000ffff 00008b00 DPL=0 TSS64-busy
GDT=     000000003f5dc000 00000047
IDT=     000000003efa3018 00000fff
CR0=80010033 CR2=0000000000000000 CR3=000000003f801000 CR4=00000668
DR0=0000000000000000 DR1=0000000000000000 DR2=0000000000000000 DR3=0000000000000000 
DR6=00000000ffff0ff0 DR7=0000000000000400
CCS=0000000000000004 CCD=000000000000002b CCO=EFLAGS
EFER=0000000000000d00
Servicing hardware INT=0x20
    55: v=20 e=0000 i=0 cpl=0 IP=0038:000000003fe773ea pc=000000003fe773ea SP=0030:000000003fe65820 env->regs[R_EAX]=8dabd686f44d49a2
RAX=8dabd686f44d49a2 RBX=000000003fe659b0 RCX=000000003e673b38 RDX=000000003fe659b0
RSI=000000003e673b30 RDI=48cfff36952cb795 RBP=000000003fe65860 RSP=000000003fe65820
R8 =000000003fe659a8 R9 =000000003f2a88f4 R10=000000000000004e R11=0000000000000000
R12=433deade3152bca5 R13=0000000000000000 R14=000000003fe8a0e0 R15=000000003fe844d1
RIP=000000003fe773ea RFL=00000202 [-------] CPL=0 II=0 A20=1 SMM=0 HLT=0
ES =0030 0000000000000000 ffffffff 00cf9300 DPL=0 DS   [-WA]
CS =0038 0000000000000000 ffffffff 00af9a00 DPL=0 CS64 [-R-]
SS =0030 0000000000000000 ffffffff 00cf9300 DPL=0 DS   [-WA]
DS =0030 0000000000000000 ffffffff 00cf9300 DPL=0 DS   [-WA]
FS =0030 0000000000000000 ffffffff 00cf9300 DPL=0 DS   [-WA]
GS =0030 0000000000000000 ffffffff 00cf9300 DPL=0 DS   [-WA]
LDT=0000 0000000000000000 0000ffff 00008200 DPL=0 LDT
TR =0000 0000000000000000 0000ffff 00008b00 DPL=0 TSS64-busy
GDT=     000000003f5dc000 00000047
IDT=     000000003efa3018 00000fff
CR0=80010033 CR2=0000000000000000 CR3=000000003f801000 CR4=00000668
DR0=0000000000000000 DR1=0000000000000000 DR2=0000000000000000 DR3=0000000000000000 
DR6=00000000ffff0ff0 DR7=0000000000000400
CCS=0000000000000000 CCD=000000003fe65808 CCO=EFLAGS
EFER=0000000000000d00
Servicing hardware INT=0x20
    56: v=20 e=0000 i=0 cpl=0 IP=0038:000000003efb3134 pc=000000003efb3134 SP=0030:000000003fe65a78 env->regs[R_EAX]=000000003efb3134
RAX=000000003efb3134 RBX=000000003e651218 RCX=000000003fe65ac0 RDX=000000003fe65ab8
RSI=000000003e65122a RDI=000000003e651201 RBP=000000003fe65b10 RSP=000000003fe65a78
R8 =00000000000000af R9 =0000000000000020 R10=000000003fe8afc0 R11=000000003e73d980
R12=000000003e651201 R13=000000003e650b98 R14=0000000000000001 R15=000000003fe65ab8
RIP=000000003efb3134 RFL=00000206 [-----P-] CPL=0 II=0 A20=1 SMM=0 HLT=0
ES =0030 0000000000000000 ffffffff 00cf9300 DPL=0 DS   [-WA]
CS =0038 0000000000000000 ffffffff 00af9a00 DPL=0 CS64 [-R-]
SS =0030 0000000000000000 ffffffff 00cf9300 DPL=0 DS   [-WA]
DS =0030 0000000000000000 ffffffff 00cf9300 DPL=0 DS   [-WA]
FS =0030 0000000000000000 ffffffff 00cf9300 DPL=0 DS   [-WA]
GS =0030 0000000000000000 ffffffff 00cf9300 DPL=0 DS   [-WA]
LDT=0000 0000000000000000 0000ffff 00008200 DPL=0 LDT
TR =0000 0000000000000000 0000ffff 00008b00 DPL=0 TSS64-busy
GDT=     000000003f5dc000 00000047
IDT=     000000003efa3018 00000fff
CR0=80010033 CR2=0000000000000000 CR3=000000003f801000 CR4=00000668
DR0=0000000000000000 DR1=0000000000000000 DR2=0000000000000000 DR3=0000000000000000 
DR6=00000000ffff0ff0 DR7=0000000000000400
CCS=0000000000000004 CCD=000000003fe65a60 CCO=EFLAGS
EFER=0000000000000d00
Servicing hardware INT=0x20
    57: v=20 e=0000 i=0 cpl=0 IP=0038:000000003e6dee6d pc=000000003e6dee6d SP=0030:000000003fe657d0 env->regs[R_EAX]=0000000000000066
RAX=0000000000000066 RBX=00000000005dda8b RCX=000000000000b008 RDX=00000000005dda25
RSI=000000003fe658af RDI=000000003e5b6018 RBP=000000003fe65800 RSP=000000003fe657d0
R8 =0000000000000004 R9 =0000000000000064 R10=000000000000004f R11=000000003e73d980
R12=00000000000007c6 R13=000000003fe658af R14=000000003e6e2bd0 R15=0000000000000001
RIP=000000003e6dee6d RFL=00000206 [-----P-] CPL=0 II=0 A20=1 SMM=0 HLT=0
ES =0030 0000000000000000 ffffffff 00cf9300 DPL=0 DS   [-WA]
CS =0038 0000000000000000 ffffffff 00af9a00 DPL=0 CS64 [-R-]
SS =0030 0000000000000000 ffffffff 00cf9300 DPL=0 DS   [-WA]
DS =0030 0000000000000000 ffffffff 00cf9300 DPL=0 DS   [-WA]
FS =0030 0000000000000000 ffffffff 00cf9300 DPL=0 DS   [-WA]
GS =0030 0000000000000000 ffffffff 00cf9300 DPL=0 DS   [-WA]
LDT=0000 0000000000000000 0000ffff 00008200 DPL=0 LDT
TR =0000 0000000000000000 0000ffff 00008b00 DPL=0 TSS64-busy
GDT=     000000003f5dc000 00000047
IDT=     000000003efa3018 00000fff
CR0=80010033 CR2=0000000000000000 CR3=000000003f801000 CR4=00000668
DR0=0000000000000000 DR1=0000000000000000 DR2=0000000000000000 DR3=0000000000000000 
DR6=00000000ffff0ff0 DR7=0000000000000400
CCS=0000000000000004 CCD=0000000000000066 CCO=EFLAGS
EFER=0000000000000d00
Servicing hardware INT=0x20
    58: v=20 e=0000 i=0 cpl=0 IP=0038:000000003e6dee6d pc=000000003e6dee6d SP=0030:000000003fe657d0 env->regs[R_EAX]=0000000000000066
RAX=0000000000000066 RBX=00000000005e69bf RCX=000000000000b008 RDX=00000000005e6959
RSI=000000003fe658af RDI=000000003e5b6018 RBP=000000003fe65800 RSP=000000003fe657d0
R8 =0000000000000004 R9 =0000000000000064 R10=000000000000004f R11=000000003e73d980
R12=0000000000000687 R13=000000003fe658af R14=000000003e6e2bd0 R15=0000000000000001
RIP=000000003e6dee6d RFL=00000206 [-----P-] CPL=0 II=0 A20=1 SMM=0 HLT=0
ES =0030 0000000000000000 ffffffff 00cf9300 DPL=0 DS   [-WA]
CS =0038 0000000000000000 ffffffff 00af9a00 DPL=0 CS64 [-R-]
SS =0030 0000000000000000 ffffffff 00cf9300 DPL=0 DS   [-WA]
DS =0030 0000000000000000 ffffffff 00cf9300 DPL=0 DS   [-WA]
FS =0030 0000000000000000 ffffffff 00cf9300 DPL=0 DS   [-WA]
GS =0030 0000000000000000 ffffffff 00cf9300 DPL=0 DS   [-WA]
LDT=0000 0000000000000000 0000ffff 00008200 DPL=0 LDT
TR =0000 0000000000000000 0000ffff 00008b00 DPL=0 TSS64-busy
GDT=     000000003f5dc000 00000047
IDT=     000000003efa3018 00000fff
CR0=80010033 CR2=0000000000000000 CR3=000000003f801000 CR4=00000668
DR0=0000000000000000 DR1=0000000000000000 DR2=0000000000000000 DR3=0000000000000000 
DR6=00000000ffff0ff0 DR7=0000000000000400
CCS=0000000000000004 CCD=0000000000000066 CCO=EFLAGS
EFER=0000000000000d00
Servicing hardware INT=0x20
    59: v=20 e=0000 i=0 cpl=0 IP=0038:000000003e6dee6d pc=000000003e6dee6d SP=0030:000000003fe657d0 env->regs[R_EAX]=0000000000000063
RAX=0000000000000063 RBX=00000000005eef6f RCX=000000000000b008 RDX=00000000005eef0c
RSI=000000003fe658af RDI=000000003e5b6018 RBP=000000003fe65800 RSP=000000003fe657d0
R8 =0000000000000004 R9 =0000000000000064 R10=000000000000004f R11=000000003e73d980
R12=0000000000000555 R13=000000003fe658af R14=000000003e6e2bd0 R15=0000000000000001
RIP=000000003e6dee6d RFL=00000206 [-----P-] CPL=0 II=0 A20=1 SMM=0 HLT=0
ES =0030 0000000000000000 ffffffff 00cf9300 DPL=0 DS   [-WA]
CS =0038 0000000000000000 ffffffff 00af9a00 DPL=0 CS64 [-R-]
SS =0030 0000000000000000 ffffffff 00cf9300 DPL=0 DS   [-WA]
DS =0030 0000000000000000 ffffffff 00cf9300 DPL=0 DS   [-WA]
FS =0030 0000000000000000 ffffffff 00cf9300 DPL=0 DS   [-WA]
GS =0030 0000000000000000 ffffffff 00cf9300 DPL=0 DS   [-WA]
LDT=0000 0000000000000000 0000ffff 00008200 DPL=0 LDT
TR =0000 0000000000000000 0000ffff 00008b00 DPL=0 TSS64-busy
GDT=     000000003f5dc000 00000047
IDT=     000000003efa3018 00000fff
CR0=80010033 CR2=0000000000000000 CR3=000000003f801000 CR4=00000668
DR0=0000000000000000 DR1=0000000000000000 DR2=0000000000000000 DR3=0000000000000000 
DR6=00000000ffff0ff0 DR7=0000000000000400
CCS=0000000000000004 CCD=0000000000000063 CCO=EFLAGS
EFER=0000000000000d00
Servicing hardware INT=0x20
    60: v=20 e=0000 i=0 cpl=0 IP=0038:000000003e6dee6d pc=000000003e6dee6d SP=0030:000000003fe657d0 env->regs[R_EAX]=0000000000000022
RAX=0000000000000022 RBX=00000000005f8353 RCX=000000000000b008 RDX=00000000005f8331
RSI=000000003fe658af RDI=000000003e5b6018 RBP=000000003fe65800 RSP=000000003fe657d0
R8 =0000000000000004 R9 =0000000000000064 R10=000000000000004f R11=000000003e73d980
R12=0000000000000401 R13=000000003fe658af R14=000000003e6e2bd0 R15=0000000000000001
RIP=000000003e6dee6d RFL=00000206 [-----P-] CPL=0 II=0 A20=1 SMM=0 HLT=0
ES =0030 0000000000000000 ffffffff 00cf9300 DPL=0 DS   [-WA]
CS =0038 0000000000000000 ffffffff 00af9a00 DPL=0 CS64 [-R-]
SS =0030 0000000000000000 ffffffff 00cf9300 DPL=0 DS   [-WA]
DS =0030 0000000000000000 ffffffff 00cf9300 DPL=0 DS   [-WA]
FS =0030 0000000000000000 ffffffff 00cf9300 DPL=0 DS   [-WA]
GS =0030 0000000000000000 ffffffff 00cf9300 DPL=0 DS   [-WA]
LDT=0000 0000000000000000 0000ffff 00008200 DPL=0 LDT
TR =0000 0000000000000000 0000ffff 00008b00 DPL=0 TSS64-busy
GDT=     000000003f5dc000 00000047
IDT=     000000003efa3018 00000fff
CR0=80010033 CR2=0000000000000000 CR3=000000003f801000 CR4=00000668
DR0=0000000000000000 DR1=0000000000000000 DR2=0000000000000000 DR3=0000000000000000 
DR6=00000000ffff0ff0 DR7=0000000000000400
CCS=0000000000000004 CCD=0000000000000022 CCO=EFLAGS
EFER=0000000000000d00
Servicing hardware INT=0x20
    61: v=20 e=0000 i=0 cpl=0 IP=0038:000000003e6dee6d pc=000000003e6dee6d SP=0030:000000003fe657d0 env->regs[R_EAX]=0000000000000051
RAX=0000000000000051 RBX=000000000060094e RCX=000000000000b008 RDX=00000000006008fd
RSI=000000003fe658af RDI=000000003e5b6018 RBP=000000003fe65800 RSP=000000003fe657d0
R8 =0000000000000004 R9 =0000000000000064 R10=000000000000004f R11=000000003e73d980
R12=00000000000002cf R13=000000003fe658af R14=000000003e6e2bd0 R15=0000000000000001
RIP=000000003e6dee6d RFL=00000202 [-------] CPL=0 II=0 A20=1 SMM=0 HLT=0
ES =0030 0000000000000000 ffffffff 00cf9300 DPL=0 DS   [-WA]
CS =0038 0000000000000000 ffffffff 00af9a00 DPL=0 CS64 [-R-]
SS =0030 0000000000000000 ffffffff 00cf9300 DPL=0 DS   [-WA]
DS =0030 0000000000000000 ffffffff 00cf9300 DPL=0 DS   [-WA]
FS =0030 0000000000000000 ffffffff 00cf9300 DPL=0 DS   [-WA]
GS =0030 0000000000000000 ffffffff 00cf9300 DPL=0 DS   [-WA]
LDT=0000 0000000000000000 0000ffff 00008200 DPL=0 LDT
TR =0000 0000000000000000 0000ffff 00008b00 DPL=0 TSS64-busy
GDT=     000000003f5dc000 00000047
IDT=     000000003efa3018 00000fff
CR0=80010033 CR2=0000000000000000 CR3=000000003f801000 CR4=00000668
DR0=0000000000000000 DR1=0000000000000000 DR2=0000000000000000 DR3=0000000000000000 
DR6=00000000ffff0ff0 DR7=0000000000000400
CCS=0000000000000000 CCD=0000000000000051 CCO=EFLAGS
EFER=0000000000000d00
Servicing hardware INT=0x20
    62: v=20 e=0000 i=0 cpl=0 IP=0038:000000003e6dee6d pc=000000003e6dee6d SP=0030:000000003fe657d0 env->regs[R_EAX]=0000000000000055
RAX=0000000000000055 RBX=0000000000609d76 RCX=000000000000b008 RDX=0000000000609d21
RSI=000000003fe658af RDI=000000003e5b6018 RBP=000000003fe65800 RSP=000000003fe657d0
R8 =0000000000000004 R9 =0000000000000064 R10=000000000000004f R11=000000003e73d980
R12=0000000000000179 R13=000000003fe658af R14=000000003e6e2bd0 R15=0000000000000001
RIP=000000003e6dee6d RFL=00000206 [-----P-] CPL=0 II=0 A20=1 SMM=0 HLT=0
ES =0030 0000000000000000 ffffffff 00cf9300 DPL=0 DS   [-WA]
CS =0038 0000000000000000 ffffffff 00af9a00 DPL=0 CS64 [-R-]
SS =0030 0000000000000000 ffffffff 00cf9300 DPL=0 DS   [-WA]
DS =0030 0000000000000000 ffffffff 00cf9300 DPL=0 DS   [-WA]
FS =0030 0000000000000000 ffffffff 00cf9300 DPL=0 DS   [-WA]
GS =0030 0000000000000000 ffffffff 00cf9300 DPL=0 DS   [-WA]
LDT=0000 0000000000000000 0000ffff 00008200 DPL=0 LDT
TR =0000 0000000000000000 0000ffff 00008b00 DPL=0 TSS64-busy
GDT=     000000003f5dc000 00000047
IDT=     000000003efa3018 00000fff
CR0=80010033 CR2=0000000000000000 CR3=000000003f801000 CR4=00000668
DR0=0000000000000000 DR1=0000000000000000 DR2=0000000000000000 DR3=0000000000000000 
DR6=00000000ffff0ff0 DR7=0000000000000400
CCS=0000000000000004 CCD=0000000000000055 CCO=EFLAGS
EFER=0000000000000d00
Servicing hardware INT=0x20
    63: v=20 e=0000 i=0 cpl=0 IP=0038:000000003e6dee6d pc=000000003e6dee6d SP=0030:000000003fe657d0 env->regs[R_EAX]=0000000000000036
RAX=0000000000000036 RBX=000000000061235e RCX=000000000000b008 RDX=0000000000612328
RSI=000000003fe658af RDI=000000003e5b6018 RBP=000000003fe65800 RSP=000000003fe657d0
R8 =0000000000000004 R9 =0000000000000064 R10=000000000000004f R11=000000003e73d980
R12=0000000000000049 R13=000000003fe658af R14=000000003e6e2bd0 R15=0000000000000001
RIP=000000003e6dee6d RFL=00000206 [-----P-] CPL=0 II=0 A20=1 SMM=0 HLT=0
ES =0030 0000000000000000 ffffffff 00cf9300 DPL=0 DS   [-WA]
CS =0038 0000000000000000 ffffffff 00af9a00 DPL=0 CS64 [-R-]
SS =0030 0000000000000000 ffffffff 00cf9300 DPL=0 DS   [-WA]
DS =0030 0000000000000000 ffffffff 00cf9300 DPL=0 DS   [-WA]
FS =0030 0000000000000000 ffffffff 00cf9300 DPL=0 DS   [-WA]
GS =0030 0000000000000000 ffffffff 00cf9300 DPL=0 DS   [-WA]
LDT=0000 0000000000000000 0000ffff 00008200 DPL=0 LDT
TR =0000 0000000000000000 0000ffff 00008b00 DPL=0 TSS64-busy
GDT=     000000003f5dc000 00000047
IDT=     000000003efa3018 00000fff
CR0=80010033 CR2=0000000000000000 CR3=000000003f801000 CR4=00000668
DR0=0000000000000000 DR1=0000000000000000 DR2=0000000000000000 DR3=0000000000000000 
DR6=00000000ffff0ff0 DR7=0000000000000400
CCS=0000000000000004 CCD=0000000000000036 CCO=EFLAGS
EFER=0000000000000d00
Servicing hardware INT=0x20
    64: v=20 e=0000 i=0 cpl=0 IP=0038:000000003fe66c47 pc=000000003fe66c47 SP=0030:000000003fe65870 env->regs[R_EAX]=000000001cc02e00
RAX=000000001cc02e00 RBX=000000003f4ecea0 RCX=000000003fe659b8 RDX=441f29dc1cc02e00
RSI=0000000000000000 RDI=000000003fe659b0 RBP=000000003fe658d0 RSP=000000003fe65870
R8 =000000003fe659a8 R9 =000000003f0fd0ca R10=0000000000000005 R11=0000000000000000
R12=000000003f4ece98 R13=0000000000000000 R14=000000003fe8a0e0 R15=000000003fe844d1
RIP=000000003fe66c47 RFL=00000206 [-----P-] CPL=0 II=0 A20=1 SMM=0 HLT=0
ES =0030 0000000000000000 ffffffff 00cf9300 DPL=0 DS   [-WA]
CS =0038 0000000000000000 ffffffff 00af9a00 DPL=0 CS64 [-R-]
SS =0030 0000000000000000 ffffffff 00cf9300 DPL=0 DS   [-WA]
DS =0030 0000000000000000 ffffffff 00cf9300 DPL=0 DS   [-WA]
FS =0030 0000000000000000 ffffffff 00cf9300 DPL=0 DS   [-WA]
GS =0030 0000000000000000 ffffffff 00cf9300 DPL=0 DS   [-WA]
LDT=0000 0000000000000000 0000ffff 00008200 DPL=0 LDT
TR =0000 0000000000000000 0000ffff 00008b00 DPL=0 TSS64-busy
GDT=     000000003f5dc000 00000047
IDT=     000000003efa3018 00000fff
CR0=80010033 CR2=0000000000000000 CR3=000000003f801000 CR4=00000668
DR0=0000000000000000 DR1=0000000000000000 DR2=0000000000000000 DR3=0000000000000000 
DR6=00000000ffff0ff0 DR7=0000000000000400
CCS=0000000000000004 CCD=441f29dc1cc02e00 CCO=EFLAGS
EFER=0000000000000d00
Servicing hardware INT=0x20
    65: v=20 e=0000 i=0 cpl=0 IP=0038:000000003e6d4b66 pc=000000003e6d4b66 SP=0030:000000003fe65520 env->regs[R_EAX]=0000000000000000
RAX=0000000000000000 RBX=0000000000000000 RCX=00000000000001f6 RDX=00000000000001f6
RSI=0000000000000000 RDI=000000003e5b4018 RBP=000000003fe655a0 RSP=000000003fe65520
R8 =0000000000000050 R9 =00000000000001f6 R10=0000000000000000 R11=0000000000000000
R12=000000003fe6561f R13=0000000000000001 R14=00000000ffffffe0 R15=0000000000000000
RIP=000000003e6d4b66 RFL=00000202 [-------] CPL=0 II=0 A20=1 SMM=0 HLT=0
ES =0030 0000000000000000 ffffffff 00cf9300 DPL=0 DS   [-WA]
CS =0038 0000000000000000 ffffffff 00af9a00 DPL=0 CS64 [-R-]
SS =0030 0000000000000000 ffffffff 00cf9300 DPL=0 DS   [-WA]
DS =0030 0000000000000000 ffffffff 00cf9300 DPL=0 DS   [-WA]
FS =0030 0000000000000000 ffffffff 00cf9300 DPL=0 DS   [-WA]
GS =0030 0000000000000000 ffffffff 00cf9300 DPL=0 DS   [-WA]
LDT=0000 0000000000000000 0000ffff 00008200 DPL=0 LDT
TR =0000 0000000000000000 0000ffff 00008b00 DPL=0 TSS64-busy
GDT=     000000003f5dc000 00000047
IDT=     000000003efa3018 00000fff
CR0=80010033 CR2=0000000000000000 CR3=000000003f801000 CR4=00000668
DR0=0000000000000000 DR1=0000000000000000 DR2=0000000000000000 DR3=0000000000000000 
DR6=00000000ffff0ff0 DR7=0000000000000400
CCS=0000000000000000 CCD=000000003fe654f8 CCO=EFLAGS
EFER=0000000000000d00
Servicing hardware INT=0x20
    66: v=20 e=0000 i=0 cpl=0 IP=0038:000000003e6d3862 pc=000000003e6d3862 SP=0030:000000003fe655c0 env->regs[R_EAX]=00000000000003b0
RAX=00000000000003b0 RBX=0000000000000190 RCX=000000000000b008 RDX=000000000062c0aa
RSI=000000000062c45a RDI=000000003e5b3140 RBP=000000003fe655f0 RSP=000000003fe655c0
R8 =000000003fe65610 R9 =00000000000001f7 R10=0000000000000000 R11=0000000000000000
R12=0000000000007531 R13=0000000000000000 R14=00000000000000ec R15=00000000ffffff00
RIP=000000003e6d3862 RFL=00000202 [-------] CPL=0 II=0 A20=1 SMM=0 HLT=0
ES =0030 0000000000000000 ffffffff 00cf9300 DPL=0 DS   [-WA]
CS =0038 0000000000000000 ffffffff 00af9a00 DPL=0 CS64 [-R-]
SS =0030 0000000000000000 ffffffff 00cf9300 DPL=0 DS   [-WA]
DS =0030 0000000000000000 ffffffff 00cf9300 DPL=0 DS   [-WA]
FS =0030 0000000000000000 ffffffff 00cf9300 DPL=0 DS   [-WA]
GS =0030 0000000000000000 ffffffff 00cf9300 DPL=0 DS   [-WA]
LDT=0000 0000000000000000 0000ffff 00008200 DPL=0 LDT
TR =0000 0000000000000000 0000ffff 00008b00 DPL=0 TSS64-busy
GDT=     000000003f5dc000 00000047
IDT=     000000003efa3018 00000fff
CR0=80010033 CR2=0000000000000000 CR3=000000003f801000 CR4=00000668
DR0=0000000000000000 DR1=0000000000000000 DR2=0000000000000000 DR3=0000000000000000 
DR6=00000000ffff0ff0 DR7=0000000000000400
CCS=0000000000000000 CCD=00000000000003b0 CCO=EFLAGS
EFER=0000000000000d00
Servicing hardware INT=0x20
    67: v=20 e=0000 i=0 cpl=0 IP=0038:000000003ea3068a pc=000000003ea3068a SP=0030:000000003fe65140 env->regs[R_EAX]=0000000000000001
RAX=0000000000000001 RBX=0000000080000900 RCX=0000000000000001 RDX=0000000000000cf8
RSI=0000000000000001 RDI=0000000000000002 RBP=000000003fe651a0 RSP=000000003fe65140
R8 =0000000000000000 R9 =0000000000000cf8 R10=0000000000000000 R11=0000000000000000
R12=0000000000000000 R13=0000000000000001 R14=000000000000900e R15=0000000000000001
RIP=000000003ea3068a RFL=00000202 [-------] CPL=0 II=0 A20=1 SMM=0 HLT=0
ES =0030 0000000000000000 ffffffff 00cf9300 DPL=0 DS   [-WA]
CS =0038 0000000000000000 ffffffff 00af9a00 DPL=0 CS64 [-R-]
SS =0030 0000000000000000 ffffffff 00cf9300 DPL=0 DS   [-WA]
DS =0030 0000000000000000 ffffffff 00cf9300 DPL=0 DS   [-WA]
FS =0030 0000000000000000 ffffffff 00cf9300 DPL=0 DS   [-WA]
GS =0030 0000000000000000 ffffffff 00cf9300 DPL=0 DS   [-WA]
LDT=0000 0000000000000000 0000ffff 00008200 DPL=0 LDT
TR =0000 0000000000000000 0000ffff 00008b00 DPL=0 TSS64-busy
GDT=     000000003f5dc000 00000047
IDT=     000000003efa3018 00000fff
CR0=80010033 CR2=0000000000000000 CR3=000000003f801000 CR4=00000668
DR0=0000000000000000 DR1=0000000000000000 DR2=0000000000000000 DR3=0000000000000000 
DR6=00000000ffff0ff0 DR7=0000000000000400
CCS=0000000000000038 CCD=0000000000000001 CCO=LOGICB
EFER=0000000000000d00
Servicing hardware INT=0x20
    68: v=20 e=0000 i=0 cpl=0 IP=0038:000000003e70664e pc=000000003e70664e SP=0030:000000003fe65740 env->regs[R_EAX]=0000000000000000
RAX=0000000000000000 RBX=000000003e5b3818 RCX=000000003eb6ca80 RDX=000000003e4c0fa0
RSI=0000000000000000 RDI=0000000000000001 RBP=000000003fe657f0 RSP=000000003fe65740
R8 =0000000000000004 R9 =000000003e4c0f98 R10=000000003fe6576c R11=0000000000000001
R12=000000003e708220 R13=0000000000000000 R14=000000003e708220 R15=0000000000000001
RIP=000000003e70664e RFL=00000246 [---Z-P-] CPL=0 II=0 A20=1 SMM=0 HLT=0
ES =0030 0000000000000000 ffffffff 00cf9300 DPL=0 DS   [-WA]
CS =0038 0000000000000000 ffffffff 00af9a00 DPL=0 CS64 [-R-]
SS =0030 0000000000000000 ffffffff 00cf9300 DPL=0 DS   [-WA]
DS =0030 0000000000000000 ffffffff 00cf9300 DPL=0 DS   [-WA]
FS =0030 0000000000000000 ffffffff 00cf9300 DPL=0 DS   [-WA]
GS =0030 0000000000000000 ffffffff 00cf9300 DPL=0 DS   [-WA]
LDT=0000 0000000000000000 0000ffff 00008200 DPL=0 LDT
TR =0000 0000000000000000 0000ffff 00008b00 DPL=0 TSS64-busy
GDT=     000000003f5dc000 00000047
IDT=     000000003efa3018 00000fff
CR0=80010033 CR2=0000000000000000 CR3=000000003f801000 CR4=00000668
DR0=0000000000000000 DR1=0000000000000000 DR2=0000000000000000 DR3=0000000000000000 
DR6=00000000ffff0ff0 DR7=0000000000000400
CCS=0000000000000044 CCD=0000000000000000 CCO=EFLAGS
EFER=0000000000000d00
Servicing hardware INT=0x20
    69: v=20 e=0000 i=0 cpl=0 IP=0038:000000003e6d3862 pc=000000003e6d3862 SP=0030:000000003fe65160 env->regs[R_EAX]=0000000000000016
RAX=0000000000000016 RBX=000000000000000a RCX=000000000000b008 RDX=0000000000646b97
RSI=0000000000646bad RDI=000000003e666028 RBP=000000003fe65190 RSP=000000003fe65160
R8 =000000003fe65232 R9 =0000000000000170 R10=0000000000000000 R11=0000000000000001
R12=000000003fe65232 R13=0000000000000006 R14=000000003e5b402c R15=0000000000000000
RIP=000000003e6d3862 RFL=00000202 [-------] CPL=0 II=0 A20=1 SMM=0 HLT=0
ES =0030 0000000000000000 ffffffff 00cf9300 DPL=0 DS   [-WA]
CS =0038 0000000000000000 ffffffff 00af9a00 DPL=0 CS64 [-R-]
SS =0030 0000000000000000 ffffffff 00cf9300 DPL=0 DS   [-WA]
DS =0030 0000000000000000 ffffffff 00cf9300 DPL=0 DS   [-WA]
FS =0030 0000000000000000 ffffffff 00cf9300 DPL=0 DS   [-WA]
GS =0030 0000000000000000 ffffffff 00cf9300 DPL=0 DS   [-WA]
LDT=0000 0000000000000000 0000ffff 00008200 DPL=0 LDT
TR =0000 0000000000000000 0000ffff 00008b00 DPL=0 TSS64-busy
GDT=     000000003f5dc000 00000047
IDT=     000000003efa3018 00000fff
CR0=80010033 CR2=0000000000000000 CR3=000000003f801000 CR4=00000668
DR0=0000000000000000 DR1=0000000000000000 DR2=0000000000000000 DR3=0000000000000000 
DR6=00000000ffff0ff0 DR7=0000000000000400
CCS=0000000000000000 CCD=0000000000000016 CCO=EFLAGS
EFER=0000000000000d00
Servicing hardware INT=0x20
    70: v=20 e=0000 i=0 cpl=0 IP=0038:000000003e6d3862 pc=000000003e6d3862 SP=0030:000000003fe65120 env->regs[R_EAX]=0000000000005d4e
RAX=0000000000005d4e RBX=0000000000002710 RCX=000000000000b008 RDX=000000000064f01f
RSI=0000000000654d6d RDI=000000003e5b40d4 RBP=000000003fe65150 RSP=000000003fe65120
R8 =000000003fe65170 R9 =00000000000003f6 R10=0000000000000000 R11=0000000000000000
R12=000000000000c042 R13=0000000000000011 R14=000000000000c040 R15=0000000000000000
RIP=000000003e6d3862 RFL=00000206 [-----P-] CPL=0 II=0 A20=1 SMM=0 HLT=0
ES =0030 0000000000000000 ffffffff 00cf9300 DPL=0 DS   [-WA]
CS =0038 0000000000000000 ffffffff 00af9a00 DPL=0 CS64 [-R-]
SS =0030 0000000000000000 ffffffff 00cf9300 DPL=0 DS   [-WA]
DS =0030 0000000000000000 ffffffff 00cf9300 DPL=0 DS   [-WA]
FS =0030 0000000000000000 ffffffff 00cf9300 DPL=0 DS   [-WA]
GS =0030 0000000000000000 ffffffff 00cf9300 DPL=0 DS   [-WA]
LDT=0000 0000000000000000 0000ffff 00008200 DPL=0 LDT
TR =0000 0000000000000000 0000ffff 00008b00 DPL=0 TSS64-busy
GDT=     000000003f5dc000 00000047
IDT=     000000003efa3018 00000fff
CR0=80010033 CR2=0000000000000000 CR3=000000003f801000 CR4=00000668
DR0=0000000000000000 DR1=0000000000000000 DR2=0000000000000000 DR3=0000000000000000 
DR6=00000000ffff0ff0 DR7=0000000000000400
CCS=0000000000000004 CCD=0000000000005d4e CCO=EFLAGS
EFER=0000000000000d00
Servicing hardware INT=0x20
    71: v=20 e=0000 i=0 cpl=0 IP=0038:000000003e6d3862 pc=000000003e6d3862 SP=0030:000000003fe64f70 env->regs[R_EAX]=0000000000007a66
RAX=0000000000007a66 RBX=0000000000002710 RCX=000000000000b008 RDX=000000000065762e
RSI=000000000065f094 RDI=000000003e5b40d4 RBP=000000003fe64fa0 RSP=000000003fe64f70
R8 =000000003fe64fc0 R9 =00000000000003f6 R10=0000000000000000 R11=0000000000000000
R12=000000000000c042 R13=0000000000000011 R14=000000000000c040 R15=0000000000000000
RIP=000000003e6d3862 RFL=00000206 [-----P-] CPL=0 II=0 A20=1 SMM=0 HLT=0
ES =0030 0000000000000000 ffffffff 00cf9300 DPL=0 DS   [-WA]
CS =0038 0000000000000000 ffffffff 00af9a00 DPL=0 CS64 [-R-]
SS =0030 0000000000000000 ffffffff 00cf9300 DPL=0 DS   [-WA]
DS =0030 0000000000000000 ffffffff 00cf9300 DPL=0 DS   [-WA]
FS =0030 0000000000000000 ffffffff 00cf9300 DPL=0 DS   [-WA]
GS =0030 0000000000000000 ffffffff 00cf9300 DPL=0 DS   [-WA]
LDT=0000 0000000000000000 0000ffff 00008200 DPL=0 LDT
TR =0000 0000000000000000 0000ffff 00008b00 DPL=0 TSS64-busy
GDT=     000000003f5dc000 00000047
IDT=     000000003efa3018 00000fff
CR0=80010033 CR2=0000000000000000 CR3=000000003f801000 CR4=00000668
DR0=0000000000000000 DR1=0000000000000000 DR2=0000000000000000 DR3=0000000000000000 
DR6=00000000ffff0ff0 DR7=0000000000000400
CCS=0000000000000004 CCD=0000000000007a66 CCO=EFLAGS
EFER=0000000000000d00
Servicing hardware INT=0x20
    72: v=20 e=0000 i=0 cpl=0 IP=0038:000000003e6d3862 pc=000000003e6d3862 SP=0030:000000003fe64f70 env->regs[R_EAX]=00000000000000eb
RAX=00000000000000eb RBX=0000000000000064 RCX=000000000000b008 RDX=000000000066002c
RSI=0000000000660117 RDI=000000003e5b40d4 RBP=000000003fe64fa0 RSP=000000003fe64f70
R8 =000000003fe64f8f R9 =000000000000c042 R10=0000000000000000 R11=0000000000000000
R12=000000000004baf1 R13=0000000000000011 R14=000000000000c040 R15=0000000000000000
RIP=000000003e6d3862 RFL=00000206 [-----P-] CPL=0 II=0 A20=1 SMM=0 HLT=0
ES =0030 0000000000000000 ffffffff 00cf9300 DPL=0 DS   [-WA]
CS =0038 0000000000000000 ffffffff 00af9a00 DPL=0 CS64 [-R-]
SS =0030 0000000000000000 ffffffff 00cf9300 DPL=0 DS   [-WA]
DS =0030 0000000000000000 ffffffff 00cf9300 DPL=0 DS   [-WA]
FS =0030 0000000000000000 ffffffff 00cf9300 DPL=0 DS   [-WA]
GS =0030 0000000000000000 ffffffff 00cf9300 DPL=0 DS   [-WA]
LDT=0000 0000000000000000 0000ffff 00008200 DPL=0 LDT
TR =0000 0000000000000000 0000ffff 00008b00 DPL=0 TSS64-busy
GDT=     000000003f5dc000 00000047
IDT=     000000003efa3018 00000fff
CR0=80010033 CR2=0000000000000000 CR3=000000003f801000 CR4=00000668
DR0=0000000000000000 DR1=0000000000000000 DR2=0000000000000000 DR3=0000000000000000 
DR6=00000000ffff0ff0 DR7=0000000000000400
CCS=0000000000000004 CCD=00000000000000eb CCO=EFLAGS
EFER=0000000000000d00
Servicing hardware INT=0x20
    73: v=20 e=0000 i=0 cpl=0 IP=0038:000000003eb57266 pc=000000003eb57266 SP=0030:000000003fe64d38 env->regs[R_EAX]=000000003eb6ca80
RAX=000000003eb6ca80 RBX=0000000000000010 RCX=000000003eb6ca80 RDX=abd7f02e4201db00
RSI=000000003e3d2000 RDI=0000000000000001 RBP=000000003fe64d70 RSP=000000003fe64d38
R8 =000000003e3d2000 R9 =000000003e3e2fff R10=0000000000000000 R11=0000000000000000
R12=000000000000001f R13=0000000000000007 R14=000000000002600f R15=000000003e3e2fff
RIP=000000003eb57266 RFL=00000202 [-------] CPL=0 II=0 A20=1 SMM=0 HLT=0
ES =0030 0000000000000000 ffffffff 00cf9300 DPL=0 DS   [-WA]
CS =0038 0000000000000000 ffffffff 00af9a00 DPL=0 CS64 [-R-]
SS =0030 0000000000000000 ffffffff 00cf9300 DPL=0 DS   [-WA]
DS =0030 0000000000000000 ffffffff 00cf9300 DPL=0 DS   [-WA]
FS =0030 0000000000000000 ffffffff 00cf9300 DPL=0 DS   [-WA]
GS =0030 0000000000000000 ffffffff 00cf9300 DPL=0 DS   [-WA]
LDT=0000 0000000000000000 0000ffff 00008200 DPL=0 LDT
TR =0000 0000000000000000 0000ffff 00008b00 DPL=0 TSS64-busy
GDT=     000000003f5dc000 00000047
IDT=     000000003efa3018 00000fff
CR0=80010033 CR2=0000000000000000 CR3=000000003f801000 CR4=00000668
DR0=0000000000000000 DR1=0000000000000000 DR2=0000000000000000 DR3=0000000000000000 
DR6=00000000ffff0ff0 DR7=0000000000000400
CCS=0000000000000020 CCD=000000003fe64d40 CCO=SUBQ
EFER=0000000000000d00
Servicing hardware INT=0x20
    74: v=20 e=0000 i=0 cpl=0 IP=0038:000000003e6d3862 pc=000000003e6d3862 SP=0030:000000003fe65110 env->regs[R_EAX]=000000000000040e
RAX=000000000000040e RBX=0000000000002710 RCX=000000000000b008 RDX=00000000006730c2
RSI=00000000006734d0 RDI=000000003e5b40d4 RBP=000000003fe65140 RSP=000000003fe65110
R8 =000000003fe65160 R9 =00000000000003f6 R10=0000000000000000 R11=0000000000000000
R12=000000000000c042 R13=0000000000000011 R14=000000000000c040 R15=0000000000000000
RIP=000000003e6d3862 RFL=00000202 [-------] CPL=0 II=0 A20=1 SMM=0 HLT=0
ES =0030 0000000000000000 ffffffff 00cf9300 DPL=0 DS   [-WA]
CS =0038 0000000000000000 ffffffff 00af9a00 DPL=0 CS64 [-R-]
SS =0030 0000000000000000 ffffffff 00cf9300 DPL=0 DS   [-WA]
DS =0030 0000000000000000 ffffffff 00cf9300 DPL=0 DS   [-WA]
FS =0030 0000000000000000 ffffffff 00cf9300 DPL=0 DS   [-WA]
GS =0030 0000000000000000 ffffffff 00cf9300 DPL=0 DS   [-WA]
LDT=0000 0000000000000000 0000ffff 00008200 DPL=0 LDT
TR =0000 0000000000000000 0000ffff 00008b00 DPL=0 TSS64-busy
GDT=     000000003f5dc000 00000047
IDT=     000000003efa3018 00000fff
CR0=80010033 CR2=0000000000000000 CR3=000000003f801000 CR4=00000668
DR0=0000000000000000 DR1=0000000000000000 DR2=0000000000000000 DR3=0000000000000000 
DR6=00000000ffff0ff0 DR7=0000000000000400
CCS=0000000000000000 CCD=000000000000040e CCO=EFLAGS
EFER=0000000000000d00
Servicing hardware INT=0x20
    75: v=20 e=0000 i=0 cpl=0 IP=0038:000000003e6d3862 pc=000000003e6d3862 SP=0030:000000003fe64f10 env->regs[R_EAX]=000000000000415e
RAX=000000000000415e RBX=0000000000002710 RCX=000000000000b008 RDX=000000000067a8c5
RSI=000000000067ea23 RDI=000000003e5b40d4 RBP=000000003fe64f40 RSP=000000003fe64f10
R8 =000000003fe64f60 R9 =00000000000003f6 R10=0000000000000000 R11=0000000000000000
R12=000000000000c042 R13=0000000000000011 R14=000000000000c040 R15=0000000000000000
RIP=000000003e6d3862 RFL=00000202 [-------] CPL=0 II=0 A20=1 SMM=0 HLT=0
ES =0030 0000000000000000 ffffffff 00cf9300 DPL=0 DS   [-WA]
CS =0038 0000000000000000 ffffffff 00af9a00 DPL=0 CS64 [-R-]
SS =0030 0000000000000000 ffffffff 00cf9300 DPL=0 DS   [-WA]
DS =0030 0000000000000000 ffffffff 00cf9300 DPL=0 DS   [-WA]
FS =0030 0000000000000000 ffffffff 00cf9300 DPL=0 DS   [-WA]
GS =0030 0000000000000000 ffffffff 00cf9300 DPL=0 DS   [-WA]
LDT=0000 0000000000000000 0000ffff 00008200 DPL=0 LDT
TR =0000 0000000000000000 0000ffff 00008b00 DPL=0 TSS64-busy
GDT=     000000003f5dc000 00000047
IDT=     000000003efa3018 00000fff
CR0=80010033 CR2=0000000000000000 CR3=000000003f801000 CR4=00000668
DR0=0000000000000000 DR1=0000000000000000 DR2=0000000000000000 DR3=0000000000000000 
DR6=00000000ffff0ff0 DR7=0000000000000400
CCS=0000000000000000 CCD=000000000000415e CCO=EFLAGS
EFER=0000000000000d00
Servicing hardware INT=0x20
    76: v=20 e=0000 i=0 cpl=0 IP=0038:000000003e6d3862 pc=000000003e6d3862 SP=0030:000000003fe64d60 env->regs[R_EAX]=000000000000385c
RAX=000000000000385c RBX=0000000000002710 RCX=000000000000b008 RDX=0000000000684a9a
RSI=00000000006882f6 RDI=000000003e5b40d4 RBP=000000003fe64d90 RSP=000000003fe64d60
R8 =000000003fe64db0 R9 =00000000000003f6 R10=0000000000000000 R11=0000000000000000
R12=000000000000c042 R13=0000000000000011 R14=000000000000c040 R15=0000000000000000
RIP=000000003e6d3862 RFL=00000206 [-----P-] CPL=0 II=0 A20=1 SMM=0 HLT=0
ES =0030 0000000000000000 ffffffff 00cf9300 DPL=0 DS   [-WA]
CS =0038 0000000000000000 ffffffff 00af9a00 DPL=0 CS64 [-R-]
SS =0030 0000000000000000 ffffffff 00cf9300 DPL=0 DS   [-WA]
DS =0030 0000000000000000 ffffffff 00cf9300 DPL=0 DS   [-WA]
FS =0030 0000000000000000 ffffffff 00cf9300 DPL=0 DS   [-WA]
GS =0030 0000000000000000 ffffffff 00cf9300 DPL=0 DS   [-WA]
LDT=0000 0000000000000000 0000ffff 00008200 DPL=0 LDT
TR =0000 0000000000000000 0000ffff 00008b00 DPL=0 TSS64-busy
GDT=     000000003f5dc000 00000047
IDT=     000000003efa3018 00000fff
CR0=80010033 CR2=0000000000000000 CR3=000000003f801000 CR4=00000668
DR0=0000000000000000 DR1=0000000000000000 DR2=0000000000000000 DR3=0000000000000000 
DR6=00000000ffff0ff0 DR7=0000000000000400
CCS=0000000000000004 CCD=000000000000385c CCO=EFLAGS
EFER=0000000000000d00
Servicing hardware INT=0x20
    77: v=20 e=0000 i=0 cpl=0 IP=0038:000000003e6d3862 pc=000000003e6d3862 SP=0030:000000003fe64d60 env->regs[R_EAX]=00000000000051b9
RAX=00000000000051b9 RBX=0000000000002710 RCX=000000000000b008 RDX=000000000068c9ad
RSI=0000000000691b66 RDI=000000003e5b40d4 RBP=000000003fe64d90 RSP=000000003fe64d60
R8 =000000003fe64db0 R9 =00000000000003f6 R10=0000000000000000 R11=0000000000000000
R12=000000000000c042 R13=0000000000000011 R14=000000000000c040 R15=0000000000000000
RIP=000000003e6d3862 RFL=00000202 [-------] CPL=0 II=0 A20=1 SMM=0 HLT=0
ES =0030 0000000000000000 ffffffff 00cf9300 DPL=0 DS   [-WA]
CS =0038 0000000000000000 ffffffff 00af9a00 DPL=0 CS64 [-R-]
SS =0030 0000000000000000 ffffffff 00cf9300 DPL=0 DS   [-WA]
DS =0030 0000000000000000 ffffffff 00cf9300 DPL=0 DS   [-WA]
FS =0030 0000000000000000 ffffffff 00cf9300 DPL=0 DS   [-WA]
GS =0030 0000000000000000 ffffffff 00cf9300 DPL=0 DS   [-WA]
LDT=0000 0000000000000000 0000ffff 00008200 DPL=0 LDT
TR =0000 0000000000000000 0000ffff 00008b00 DPL=0 TSS64-busy
GDT=     000000003f5dc000 00000047
IDT=     000000003efa3018 00000fff
CR0=80010033 CR2=0000000000000000 CR3=000000003f801000 CR4=00000668
DR0=0000000000000000 DR1=0000000000000000 DR2=0000000000000000 DR3=0000000000000000 
DR6=00000000ffff0ff0 DR7=0000000000000400
CCS=0000000000000000 CCD=00000000000051b9 CCO=EFLAGS
EFER=0000000000000d00
Servicing hardware INT=0x20
    78: v=20 e=0000 i=0 cpl=0 IP=0038:000000003e6d3862 pc=000000003e6d3862 SP=0030:000000003fe64f00 env->regs[R_EAX]=00000000000058eb
RAX=00000000000058eb RBX=0000000000002710 RCX=000000000000b008 RDX=0000000000695da2
RSI=000000000069b68d RDI=000000003e5b40d4 RBP=000000003fe64f30 RSP=000000003fe64f00
R8 =000000003fe64f50 R9 =00000000000003f6 R10=0000000000000000 R11=0000000000000000
R12=000000000000c042 R13=0000000000000011 R14=000000000000c040 R15=0000000000000000
RIP=000000003e6d3862 RFL=00000206 [-----P-] CPL=0 II=0 A20=1 SMM=0 HLT=0
ES =0030 0000000000000000 ffffffff 00cf9300 DPL=0 DS   [-WA]
CS =0038 0000000000000000 ffffffff 00af9a00 DPL=0 CS64 [-R-]
SS =0030 0000000000000000 ffffffff 00cf9300 DPL=0 DS   [-WA]
DS =0030 0000000000000000 ffffffff 00cf9300 DPL=0 DS   [-WA]
FS =0030 0000000000000000 ffffffff 00cf9300 DPL=0 DS   [-WA]
GS =0030 0000000000000000 ffffffff 00cf9300 DPL=0 DS   [-WA]
LDT=0000 0000000000000000 0000ffff 00008200 DPL=0 LDT
TR =0000 0000000000000000 0000ffff 00008b00 DPL=0 TSS64-busy
GDT=     000000003f5dc000 00000047
IDT=     000000003efa3018 00000fff
CR0=80010033 CR2=0000000000000000 CR3=000000003f801000 CR4=00000668
DR0=0000000000000000 DR1=0000000000000000 DR2=0000000000000000 DR3=0000000000000000 
DR6=00000000ffff0ff0 DR7=0000000000000400
CCS=0000000000000004 CCD=00000000000058eb CCO=EFLAGS
EFER=0000000000000d00
Servicing hardware INT=0x20
    79: v=20 e=0000 i=0 cpl=0 IP=0038:000000003e6d3862 pc=000000003e6d3862 SP=0030:000000003fe65050 env->regs[R_EAX]=0000000000007511
RAX=0000000000007511 RBX=0000000000002710 RCX=000000000000b008 RDX=000000000069e228
RSI=00000000006a5739 RDI=000000003e5b40d4 RBP=000000003fe65080 RSP=000000003fe65050
R8 =000000003fe650a0 R9 =00000000000003f6 R10=0000000000000000 R11=0000000000000000
R12=000000000000c042 R13=0000000000000011 R14=000000000000c040 R15=0000000000000000
RIP=000000003e6d3862 RFL=00000206 [-----P-] CPL=0 II=0 A20=1 SMM=0 HLT=0
ES =0030 0000000000000000 ffffffff 00cf9300 DPL=0 DS   [-WA]
CS =0038 0000000000000000 ffffffff 00af9a00 DPL=0 CS64 [-R-]
SS =0030 0000000000000000 ffffffff 00cf9300 DPL=0 DS   [-WA]
DS =0030 0000000000000000 ffffffff 00cf9300 DPL=0 DS   [-WA]
FS =0030 0000000000000000 ffffffff 00cf9300 DPL=0 DS   [-WA]
GS =0030 0000000000000000 ffffffff 00cf9300 DPL=0 DS   [-WA]
LDT=0000 0000000000000000 0000ffff 00008200 DPL=0 LDT
TR =0000 0000000000000000 0000ffff 00008b00 DPL=0 TSS64-busy
GDT=     000000003f5dc000 00000047
IDT=     000000003efa3018 00000fff
CR0=80010033 CR2=0000000000000000 CR3=000000003f801000 CR4=00000668
DR0=0000000000000000 DR1=0000000000000000 DR2=0000000000000000 DR3=0000000000000000 
DR6=00000000ffff0ff0 DR7=0000000000000400
CCS=0000000000000004 CCD=0000000000007511 CCO=EFLAGS
EFER=0000000000000d00
Servicing hardware INT=0x20
    80: v=20 e=0000 i=0 cpl=0 IP=0038:000000003e6d3862 pc=000000003e6d3862 SP=0030:000000003fe64f30 env->regs[R_EAX]=00000000000002ac
RAX=00000000000002ac RBX=0000000000000190 RCX=000000000000b008 RDX=00000000006a67bc
RSI=00000000006a6a68 RDI=000000003e5b3140 RBP=000000003fe64f60 RSP=000000003fe64f30
R8 =000000003fe64f80 R9 =00000000000001f7 R10=0000000000000000 R11=0000000000000000
R12=000000000004baf1 R13=0000000000000000 R14=000000000000c0c8 R15=00000000ffffff00
RIP=000000003e6d3862 RFL=00000206 [-----P-] CPL=0 II=0 A20=1 SMM=0 HLT=0
ES =0030 0000000000000000 ffffffff 00cf9300 DPL=0 DS   [-WA]
CS =0038 0000000000000000 ffffffff 00af9a00 DPL=0 CS64 [-R-]
SS =0030 0000000000000000 ffffffff 00cf9300 DPL=0 DS   [-WA]
DS =0030 0000000000000000 ffffffff 00cf9300 DPL=0 DS   [-WA]
FS =0030 0000000000000000 ffffffff 00cf9300 DPL=0 DS   [-WA]
GS =0030 0000000000000000 ffffffff 00cf9300 DPL=0 DS   [-WA]
LDT=0000 0000000000000000 0000ffff 00008200 DPL=0 LDT
TR =0000 0000000000000000 0000ffff 00008b00 DPL=0 TSS64-busy
GDT=     000000003f5dc000 00000047
IDT=     000000003efa3018 00000fff
CR0=80010033 CR2=0000000000000000 CR3=000000003f801000 CR4=00000668
DR0=0000000000000000 DR1=0000000000000000 DR2=0000000000000000 DR3=0000000000000000 
DR6=00000000ffff0ff0 DR7=0000000000000400
CCS=0000000000000004 CCD=00000000000002ac CCO=EFLAGS
EFER=0000000000000d00
Servicing hardware INT=0x20
    81: v=20 e=0000 i=0 cpl=0 IP=0038:000000003fe70648 pc=000000003fe70648 SP=0030:000000003fe64e70 env->regs[R_EAX]=000000003fe8ab30
RAX=000000003fe8ab30 RBX=000000003bb8c000 RCX=000000003e4ab000 RDX=000000003e4adfff
RSI=000000003e3e3000 RDI=000000003ea12440 RBP=000000003fe64eb0 RSP=000000003fe64e70
R8 =000000003e3d2000 R9 =000000003e3e2fff R10=0000000000000000 R11=0000000000000000
R12=000000003e3e2fff R13=0000000000000007 R14=000000000002600f R15=000000003ea12448
RIP=000000003fe70648 RFL=00000246 [---Z-P-] CPL=0 II=0 A20=1 SMM=0 HLT=0
ES =0030 0000000000000000 ffffffff 00cf9300 DPL=0 DS   [-WA]
CS =0038 0000000000000000 ffffffff 00af9a00 DPL=0 CS64 [-R-]
SS =0030 0000000000000000 ffffffff 00cf9300 DPL=0 DS   [-WA]
DS =0030 0000000000000000 ffffffff 00cf9300 DPL=0 DS   [-WA]
FS =0030 0000000000000000 ffffffff 00cf9300 DPL=0 DS   [-WA]
GS =0030 0000000000000000 ffffffff 00cf9300 DPL=0 DS   [-WA]
LDT=0000 0000000000000000 0000ffff 00008200 DPL=0 LDT
TR =0000 0000000000000000 0000ffff 00008b00 DPL=0 TSS64-busy
GDT=     000000003f5dc000 00000047
IDT=     000000003efa3018 00000fff
CR0=80010033 CR2=0000000000000000 CR3=000000003f801000 CR4=00000668
DR0=0000000000000000 DR1=0000000000000000 DR2=0000000000000000 DR3=0000000000000000 
DR6=00000000ffff0ff0 DR7=0000000000000400
CCS=0000000000000044 CCD=0000000000000000 CCO=EFLAGS
EFER=0000000000000d00
Servicing hardware INT=0x20
    82: v=20 e=0000 i=0 cpl=0 IP=0038:000000003fe6662e pc=000000003fe6662e SP=0030:000000003fe655e0 env->regs[R_EAX]=000000003e7aa698
RAX=000000003e7aa698 RBX=000000003e7aa6a0 RCX=0000000000000010 RDX=000000003e747c80
RSI=0000000000000005 RDI=000000003e7a2998 RBP=000000003fe65600 RSP=000000003fe655e0
R8 =000000003fe656c8 R9 =000000003e7a2998 R10=0000000000000000 R11=0000000000000000
R12=000000003e7a2998 R13=000000003fe8a250 R14=000000003fe844d1 R15=000000003e747c80
RIP=000000003fe6662e RFL=00000246 [---Z-P-] CPL=0 II=0 A20=1 SMM=0 HLT=0
ES =0030 0000000000000000 ffffffff 00cf9300 DPL=0 DS   [-WA]
CS =0038 0000000000000000 ffffffff 00af9a00 DPL=0 CS64 [-R-]
SS =0030 0000000000000000 ffffffff 00cf9300 DPL=0 DS   [-WA]
DS =0030 0000000000000000 ffffffff 00cf9300 DPL=0 DS   [-WA]
FS =0030 0000000000000000 ffffffff 00cf9300 DPL=0 DS   [-WA]
GS =0030 0000000000000000 ffffffff 00cf9300 DPL=0 DS   [-WA]
LDT=0000 0000000000000000 0000ffff 00008200 DPL=0 LDT
TR =0000 0000000000000000 0000ffff 00008b00 DPL=0 TSS64-busy
GDT=     000000003f5dc000 00000047
IDT=     000000003efa3018 00000fff
CR0=80010033 CR2=0000000000000000 CR3=000000003f801000 CR4=00000668
DR0=0000000000000000 DR1=0000000000000000 DR2=0000000000000000 DR3=0000000000000000 
DR6=00000000ffff0ff0 DR7=0000000000000400
CCS=0000000000000044 CCD=0000000000000000 CCO=EFLAGS
EFER=0000000000000d00
Servicing hardware INT=0x20
    83: v=20 e=0000 i=0 cpl=0 IP=0038:000000003e6d3862 pc=000000003e6d3862 SP=0030:000000003fe64b80 env->regs[R_EAX]=00000000000051a8
RAX=00000000000051a8 RBX=0000000000002710 RCX=000000000000b008 RDX=00000000006c04d8
RSI=00000000006c5680 RDI=000000003e5b40d4 RBP=000000003fe64bb0 RSP=000000003fe64b80
R8 =000000003fe64bd0 R9 =00000000000003f6 R10=0000000000000000 R11=0000000000000000
R12=000000000000c042 R13=0000000000000011 R14=000000000000c040 R15=0000000000000000
RIP=000000003e6d3862 RFL=00000202 [-------] CPL=0 II=0 A20=1 SMM=0 HLT=0
ES =0030 0000000000000000 ffffffff 00cf9300 DPL=0 DS   [-WA]
CS =0038 0000000000000000 ffffffff 00af9a00 DPL=0 CS64 [-R-]
SS =0030 0000000000000000 ffffffff 00cf9300 DPL=0 DS   [-WA]
DS =0030 0000000000000000 ffffffff 00cf9300 DPL=0 DS   [-WA]
FS =0030 0000000000000000 ffffffff 00cf9300 DPL=0 DS   [-WA]
GS =0030 0000000000000000 ffffffff 00cf9300 DPL=0 DS   [-WA]
LDT=0000 0000000000000000 0000ffff 00008200 DPL=0 LDT
TR =0000 0000000000000000 0000ffff 00008b00 DPL=0 TSS64-busy
GDT=     000000003f5dc000 00000047
IDT=     000000003efa3018 00000fff
CR0=80010033 CR2=0000000000000000 CR3=000000003f801000 CR4=00000668
DR0=0000000000000000 DR1=0000000000000000 DR2=0000000000000000 DR3=0000000000000000 
DR6=00000000ffff0ff0 DR7=0000000000000400
CCS=0000000000000000 CCD=00000000000051a8 CCO=EFLAGS
EFER=0000000000000d00
Servicing hardware INT=0x20
    84: v=20 e=0000 i=0 cpl=0 IP=0038:000000003f6b92db pc=000000003f6b92db SP=0030:000000003fe654a0 env->regs[R_EAX]=0000000000000087
RAX=0000000000000087 RBX=0000000000000087 RCX=0000000000000070 RDX=0000000000000070
RSI=0000000000000000 RDI=0000000000000007 RBP=000000003fe654d0 RSP=000000003fe654a0
R8 =0000000000000002 R9 =0000000000000070 R10=000000003f6bd260 R11=000000003e718120
R12=0000000000000000 R13=0000000000000002 R14=000000003fe655ce R15=000000003e4ae2f0
RIP=000000003f6b92db RFL=00000246 [---Z-P-] CPL=0 II=0 A20=1 SMM=0 HLT=0
ES =0030 0000000000000000 ffffffff 00cf9300 DPL=0 DS   [-WA]
CS =0038 0000000000000000 ffffffff 00af9a00 DPL=0 CS64 [-R-]
SS =0030 0000000000000000 ffffffff 00cf9300 DPL=0 DS   [-WA]
DS =0030 0000000000000000 ffffffff 00cf9300 DPL=0 DS   [-WA]
FS =0030 0000000000000000 ffffffff 00cf9300 DPL=0 DS   [-WA]
GS =0030 0000000000000000 ffffffff 00cf9300 DPL=0 DS   [-WA]
LDT=0000 0000000000000000 0000ffff 00008200 DPL=0 LDT
TR =0000 0000000000000000 0000ffff 00008b00 DPL=0 TSS64-busy
GDT=     000000003f5dc000 00000047
IDT=     000000003efa3018 00000fff
CR0=80010033 CR2=0000000000000000 CR3=000000003f801000 CR4=00000668
DR0=0000000000000000 DR1=0000000000000000 DR2=0000000000000000 DR3=0000000000000000 
DR6=00000000ffff0ff0 DR7=0000000000000400
CCS=0000000000000044 CCD=0000000000000000 CCO=EFLAGS
EFER=0000000000000d00
Servicing hardware INT=0x20
    85: v=20 e=0000 i=0 cpl=0 IP=0038:000000003e6d3862 pc=000000003e6d3862 SP=0030:000000003fe65190 env->regs[R_EAX]=0000000000000126
RAX=0000000000000126 RBX=0000000000000064 RCX=000000000000b008 RDX=00000000006d192a
RSI=00000000006d1a50 RDI=000000003e5b40d4 RBP=000000003fe651c0 RSP=000000003fe65190
R8 =000000003fe651af R9 =000000000000c042 R10=0000000000000000 R11=0000000000000000
R12=000000000004bac5 R13=0000000000000011 R14=000000000000c040 R15=0000000000000000
RIP=000000003e6d3862 RFL=00000202 [-------] CPL=0 II=0 A20=1 SMM=0 HLT=0
ES =0030 0000000000000000 ffffffff 00cf9300 DPL=0 DS   [-WA]
CS =0038 0000000000000000 ffffffff 00af9a00 DPL=0 CS64 [-R-]
SS =0030 0000000000000000 ffffffff 00cf9300 DPL=0 DS   [-WA]
DS =0030 0000000000000000 ffffffff 00cf9300 DPL=0 DS   [-WA]
FS =0030 0000000000000000 ffffffff 00cf9300 DPL=0 DS   [-WA]
GS =0030 0000000000000000 ffffffff 00cf9300 DPL=0 DS   [-WA]
LDT=0000 0000000000000000 0000ffff 00008200 DPL=0 LDT
TR =0000 0000000000000000 0000ffff 00008b00 DPL=0 TSS64-busy
GDT=     000000003f5dc000 00000047
IDT=     000000003efa3018 00000fff
CR0=80010033 CR2=0000000000000000 CR3=000000003f801000 CR4=00000668
DR0=0000000000000000 DR1=0000000000000000 DR2=0000000000000000 DR3=0000000000000000 
DR6=00000000ffff0ff0 DR7=0000000000000400
CCS=0000000000000000 CCD=0000000000000126 CCO=EFLAGS
EFER=0000000000000d00
Servicing hardware INT=0x20
    86: v=20 e=0000 i=0 cpl=0 IP=0038:000000003e6d3862 pc=000000003e6d3862 SP=0030:000000003fe65190 env->regs[R_EAX]=00000000000000c1
RAX=00000000000000c1 RBX=0000000000000064 RCX=000000000000b008 RDX=00000000006da490
RSI=00000000006da551 RDI=000000003e5b40d4 RBP=000000003fe651c0 RSP=000000003fe65190
R8 =000000003fe651af R9 =000000000000c042 R10=0000000000000000 R11=0000000000000000
R12=000000000004ba86 R13=0000000000000011 R14=000000000000c040 R15=0000000000000000
RIP=000000003e6d3862 RFL=00000202 [-------] CPL=0 II=0 A20=1 SMM=0 HLT=0
ES =0030 0000000000000000 ffffffff 00cf9300 DPL=0 DS   [-WA]
CS =0038 0000000000000000 ffffffff 00af9a00 DPL=0 CS64 [-R-]
SS =0030 0000000000000000 ffffffff 00cf9300 DPL=0 DS   [-WA]
DS =0030 0000000000000000 ffffffff 00cf9300 DPL=0 DS   [-WA]
FS =0030 0000000000000000 ffffffff 00cf9300 DPL=0 DS   [-WA]
GS =0030 0000000000000000 ffffffff 00cf9300 DPL=0 DS   [-WA]
LDT=0000 0000000000000000 0000ffff 00008200 DPL=0 LDT
TR =0000 0000000000000000 0000ffff 00008b00 DPL=0 TSS64-busy
GDT=     000000003f5dc000 00000047
IDT=     000000003efa3018 00000fff
CR0=80010033 CR2=0000000000000000 CR3=000000003f801000 CR4=00000668
DR0=0000000000000000 DR1=0000000000000000 DR2=0000000000000000 DR3=0000000000000000 
DR6=00000000ffff0ff0 DR7=0000000000000400
CCS=0000000000000000 CCD=00000000000000c1 CCO=EFLAGS
EFER=0000000000000d00
Servicing hardware INT=0x20
    87: v=20 e=0000 i=0 cpl=0 IP=0038:000000003e6d3862 pc=000000003e6d3862 SP=0030:000000003fe65190 env->regs[R_EAX]=0000000000000021
RAX=0000000000000021 RBX=0000000000000064 RCX=000000000000b008 RDX=00000000006e2fdf
RSI=00000000006e3000 RDI=000000003e5b40d4 RBP=000000003fe651c0 RSP=000000003fe65190
R8 =000000003fe651af R9 =000000000000c042 R10=0000000000000000 R11=0000000000000000
R12=000000000004ba49 R13=0000000000000011 R14=000000000000c040 R15=0000000000000000
RIP=000000003e6d3862 RFL=00000206 [-----P-] CPL=0 II=0 A20=1 SMM=0 HLT=0
ES =0030 0000000000000000 ffffffff 00cf9300 DPL=0 DS   [-WA]
CS =0038 0000000000000000 ffffffff 00af9a00 DPL=0 CS64 [-R-]
SS =0030 0000000000000000 ffffffff 00cf9300 DPL=0 DS   [-WA]
DS =0030 0000000000000000 ffffffff 00cf9300 DPL=0 DS   [-WA]
FS =0030 0000000000000000 ffffffff 00cf9300 DPL=0 DS   [-WA]
GS =0030 0000000000000000 ffffffff 00cf9300 DPL=0 DS   [-WA]
LDT=0000 0000000000000000 0000ffff 00008200 DPL=0 LDT
TR =0000 0000000000000000 0000ffff 00008b00 DPL=0 TSS64-busy
GDT=     000000003f5dc000 00000047
IDT=     000000003efa3018 00000fff
CR0=80010033 CR2=0000000000000000 CR3=000000003f801000 CR4=00000668
DR0=0000000000000000 DR1=0000000000000000 DR2=0000000000000000 DR3=0000000000000000 
DR6=00000000ffff0ff0 DR7=0000000000000400
CCS=0000000000000004 CCD=0000000000000021 CCO=EFLAGS
EFER=0000000000000d00
Servicing hardware INT=0x20
    88: v=20 e=0000 i=0 cpl=0 IP=0038:000000003e6d3862 pc=000000003e6d3862 SP=0030:000000003fe65190 env->regs[R_EAX]=0000000000000091
RAX=0000000000000091 RBX=0000000000000064 RCX=000000000000b008 RDX=00000000006e8eec
RSI=00000000006e8f7d RDI=000000003e5b40d4 RBP=000000003fe651c0 RSP=000000003fe65190
R8 =000000003fe651af R9 =000000000000c042 R10=0000000000000000 R11=0000000000000000
R12=000000000004ba1d R13=0000000000000011 R14=000000000000c040 R15=0000000000000000
RIP=000000003e6d3862 RFL=00000202 [-------] CPL=0 II=0 A20=1 SMM=0 HLT=0
ES =0030 0000000000000000 ffffffff 00cf9300 DPL=0 DS   [-WA]
CS =0038 0000000000000000 ffffffff 00af9a00 DPL=0 CS64 [-R-]
SS =0030 0000000000000000 ffffffff 00cf9300 DPL=0 DS   [-WA]
DS =0030 0000000000000000 ffffffff 00cf9300 DPL=0 DS   [-WA]
FS =0030 0000000000000000 ffffffff 00cf9300 DPL=0 DS   [-WA]
GS =0030 0000000000000000 ffffffff 00cf9300 DPL=0 DS   [-WA]
LDT=0000 0000000000000000 0000ffff 00008200 DPL=0 LDT
TR =0000 0000000000000000 0000ffff 00008b00 DPL=0 TSS64-busy
GDT=     000000003f5dc000 00000047
IDT=     000000003efa3018 00000fff
CR0=80010033 CR2=0000000000000000 CR3=000000003f801000 CR4=00000668
DR0=0000000000000000 DR1=0000000000000000 DR2=0000000000000000 DR3=0000000000000000 
DR6=00000000ffff0ff0 DR7=0000000000000400
CCS=0000000000000000 CCD=0000000000000091 CCO=EFLAGS
EFER=0000000000000d00
Servicing hardware INT=0x20
    89: v=20 e=0000 i=0 cpl=0 IP=0038:000000003e6d3862 pc=000000003e6d3862 SP=0030:000000003fe65190 env->regs[R_EAX]=0000000000000485
RAX=0000000000000485 RBX=0000000000002710 RCX=000000000000b008 RDX=00000000006f6269
RSI=00000000006f66ee RDI=000000003e5b40d4 RBP=000000003fe651c0 RSP=000000003fe65190
R8 =000000003fe651e0 R9 =00000000000003f6 R10=0000000000000000 R11=0000000000000000
R12=000000000000c042 R13=0000000000000011 R14=000000000000c040 R15=0000000000000000
RIP=000000003e6d3862 RFL=00000202 [-------] CPL=0 II=0 A20=1 SMM=0 HLT=0
ES =0030 0000000000000000 ffffffff 00cf9300 DPL=0 DS   [-WA]
CS =0038 0000000000000000 ffffffff 00af9a00 DPL=0 CS64 [-R-]
SS =0030 0000000000000000 ffffffff 00cf9300 DPL=0 DS   [-WA]
DS =0030 0000000000000000 ffffffff 00cf9300 DPL=0 DS   [-WA]
FS =0030 0000000000000000 ffffffff 00cf9300 DPL=0 DS   [-WA]
GS =0030 0000000000000000 ffffffff 00cf9300 DPL=0 DS   [-WA]
LDT=0000 0000000000000000 0000ffff 00008200 DPL=0 LDT
TR =0000 0000000000000000 0000ffff 00008b00 DPL=0 TSS64-busy
GDT=     000000003f5dc000 00000047
IDT=     000000003efa3018 00000fff
CR0=80010033 CR2=0000000000000000 CR3=000000003f801000 CR4=00000668
DR0=0000000000000000 DR1=0000000000000000 DR2=0000000000000000 DR3=0000000000000000 
DR6=00000000ffff0ff0 DR7=0000000000000400
CCS=0000000000000000 CCD=0000000000000485 CCO=EFLAGS
EFER=0000000000000d00
Servicing hardware INT=0x20
    90: v=20 e=0000 i=0 cpl=0 IP=0038:000000003e6d3862 pc=000000003e6d3862 SP=0030:000000003fe650e0 env->regs[R_EAX]=00000000000038c3
RAX=00000000000038c3 RBX=0000000000002710 RCX=000000000000b008 RDX=00000000006fd90c
RSI=00000000007011cf RDI=000000003e5b40d4 RBP=000000003fe65110 RSP=000000003fe650e0
R8 =000000003fe65130 R9 =00000000000003f6 R10=0000000000000000 R11=0000000000000000
R12=000000000000c042 R13=0000000000000011 R14=000000000000c040 R15=0000000000000000
RIP=000000003e6d3862 RFL=00000206 [-----P-] CPL=0 II=0 A20=1 SMM=0 HLT=0
ES =0030 0000000000000000 ffffffff 00cf9300 DPL=0 DS   [-WA]
CS =0038 0000000000000000 ffffffff 00af9a00 DPL=0 CS64 [-R-]
SS =0030 0000000000000000 ffffffff 00cf9300 DPL=0 DS   [-WA]
DS =0030 0000000000000000 ffffffff 00cf9300 DPL=0 DS   [-WA]
FS =0030 0000000000000000 ffffffff 00cf9300 DPL=0 DS   [-WA]
GS =0030 0000000000000000 ffffffff 00cf9300 DPL=0 DS   [-WA]
LDT=0000 0000000000000000 0000ffff 00008200 DPL=0 LDT
TR =0000 0000000000000000 0000ffff 00008b00 DPL=0 TSS64-busy
GDT=     000000003f5dc000 00000047
IDT=     000000003efa3018 00000fff
CR0=80010033 CR2=0000000000000000 CR3=000000003f801000 CR4=00000668
DR0=0000000000000000 DR1=0000000000000000 DR2=0000000000000000 DR3=0000000000000000 
DR6=00000000ffff0ff0 DR7=0000000000000400
CCS=0000000000000004 CCD=00000000000038c3 CCO=EFLAGS
EFER=0000000000000d00
Servicing hardware INT=0x20
    91: v=20 e=0000 i=0 cpl=0 IP=0038:000000003e6d3862 pc=000000003e6d3862 SP=0030:000000003fe650e0 env->regs[R_EAX]=000000000000505d
RAX=000000000000505d RBX=0000000000002710 RCX=000000000000b008 RDX=0000000000706c0e
RSI=000000000070bc6b RDI=000000003e5b40d4 RBP=000000003fe65110 RSP=000000003fe650e0
R8 =000000003fe65130 R9 =00000000000003f6 R10=0000000000000000 R11=0000000000000000
R12=000000000000c042 R13=0000000000000011 R14=000000000000c040 R15=0000000000000000
RIP=000000003e6d3862 RFL=00000202 [-------] CPL=0 II=0 A20=1 SMM=0 HLT=0
ES =0030 0000000000000000 ffffffff 00cf9300 DPL=0 DS   [-WA]
CS =0038 0000000000000000 ffffffff 00af9a00 DPL=0 CS64 [-R-]
SS =0030 0000000000000000 ffffffff 00cf9300 DPL=0 DS   [-WA]
DS =0030 0000000000000000 ffffffff 00cf9300 DPL=0 DS   [-WA]
FS =0030 0000000000000000 ffffffff 00cf9300 DPL=0 DS   [-WA]
GS =0030 0000000000000000 ffffffff 00cf9300 DPL=0 DS   [-WA]
LDT=0000 0000000000000000 0000ffff 00008200 DPL=0 LDT
TR =0000 0000000000000000 0000ffff 00008b00 DPL=0 TSS64-busy
GDT=     000000003f5dc000 00000047
IDT=     000000003efa3018 00000fff
CR0=80010033 CR2=0000000000000000 CR3=000000003f801000 CR4=00000668
DR0=0000000000000000 DR1=0000000000000000 DR2=0000000000000000 DR3=0000000000000000 
DR6=00000000ffff0ff0 DR7=0000000000000400
CCS=0000000000000000 CCD=000000000000505d CCO=EFLAGS
EFER=0000000000000d00
Servicing hardware INT=0x20
    92: v=20 e=0000 i=0 cpl=0 IP=0038:000000003e6d3862 pc=000000003e6d3862 SP=0030:000000003fe65240 env->regs[R_EAX]=00000000000000cd
RAX=00000000000000cd RBX=0000000000000064 RCX=000000000000b008 RDX=000000000070eb7c
RSI=000000000070ec49 RDI=000000003e5b40d4 RBP=000000003fe65270 RSP=000000003fe65240
R8 =000000003fe6525f R9 =000000000000c042 R10=0000000000000000 R11=0000000000000000
R12=000000000004bae4 R13=0000000000000011 R14=000000000000c040 R15=0000000000000000
RIP=000000003e6d3862 RFL=00000202 [-------] CPL=0 II=0 A20=1 SMM=0 HLT=0
ES =0030 0000000000000000 ffffffff 00cf9300 DPL=0 DS   [-WA]
CS =0038 0000000000000000 ffffffff 00af9a00 DPL=0 CS64 [-R-]
SS =0030 0000000000000000 ffffffff 00cf9300 DPL=0 DS   [-WA]
DS =0030 0000000000000000 ffffffff 00cf9300 DPL=0 DS   [-WA]
FS =0030 0000000000000000 ffffffff 00cf9300 DPL=0 DS   [-WA]
GS =0030 0000000000000000 ffffffff 00cf9300 DPL=0 DS   [-WA]
LDT=0000 0000000000000000 0000ffff 00008200 DPL=0 LDT
TR =0000 0000000000000000 0000ffff 00008b00 DPL=0 TSS64-busy
GDT=     000000003f5dc000 00000047
IDT=     000000003efa3018 00000fff
CR0=80010033 CR2=0000000000000000 CR3=000000003f801000 CR4=00000668
DR0=0000000000000000 DR1=0000000000000000 DR2=0000000000000000 DR3=0000000000000000 
DR6=00000000ffff0ff0 DR7=0000000000000400
CCS=0000000000000000 CCD=00000000000000cd CCO=EFLAGS
EFER=0000000000000d00
Servicing hardware INT=0x20
    93: v=20 e=0000 i=0 cpl=0 IP=0038:000000003ef9f419 pc=000000003ef9f419 SP=0030:000000003fe65110 env->regs[R_EAX]=0000000000000001
RAX=0000000000000001 RBX=000000000000c042 RCX=000000000000c042 RDX=000000000000c042
RSI=0000000000000000 RDI=0000000000000000 RBP=000000003fe65130 RSP=000000003fe65110
R8 =000000003fe6525f R9 =000000000000c042 R10=0000000000000000 R11=0000000000000000
R12=000000003fe6525f R13=0000000000000001 R14=0000000000000001 R15=0000000000000001
RIP=000000003ef9f419 RFL=00000246 [---Z-P-] CPL=0 II=0 A20=1 SMM=0 HLT=0
ES =0030 0000000000000000 ffffffff 00cf9300 DPL=0 DS   [-WA]
CS =0038 0000000000000000 ffffffff 00af9a00 DPL=0 CS64 [-R-]
SS =0030 0000000000000000 ffffffff 00cf9300 DPL=0 DS   [-WA]
DS =0030 0000000000000000 ffffffff 00cf9300 DPL=0 DS   [-WA]
FS =0030 0000000000000000 ffffffff 00cf9300 DPL=0 DS   [-WA]
GS =0030 0000000000000000 ffffffff 00cf9300 DPL=0 DS   [-WA]
LDT=0000 0000000000000000 0000ffff 00008200 DPL=0 LDT
TR =0000 0000000000000000 0000ffff 00008b00 DPL=0 TSS64-busy
GDT=     000000003f5dc000 00000047
IDT=     000000003efa3018 00000fff
CR0=80010033 CR2=0000000000000000 CR3=000000003f801000 CR4=00000668
DR0=0000000000000000 DR1=0000000000000000 DR2=0000000000000000 DR3=0000000000000000 
DR6=00000000ffff0ff0 DR7=0000000000000400
CCS=0000000000000044 CCD=0000000000000000 CCO=EFLAGS
EFER=0000000000000d00
Servicing hardware INT=0x20
    94: v=20 e=0000 i=0 cpl=0 IP=0038:000000003e6d3862 pc=000000003e6d3862 SP=0030:000000003fe65240 env->regs[R_EAX]=00000000000028e3
RAX=00000000000028e3 RBX=0000000000002710 RCX=000000000000b008 RDX=0000000000720907
RSI=00000000007231ea RDI=000000003e5b40d4 RBP=000000003fe65270 RSP=000000003fe65240
R8 =000000003fe65290 R9 =00000000000003f6 R10=0000000000000000 R11=0000000000000000
R12=000000000000c042 R13=0000000000000011 R14=000000000000c040 R15=0000000000000000
RIP=000000003e6d3862 RFL=00000202 [-------] CPL=0 II=0 A20=1 SMM=0 HLT=0
ES =0030 0000000000000000 ffffffff 00cf9300 DPL=0 DS   [-WA]
CS =0038 0000000000000000 ffffffff 00af9a00 DPL=0 CS64 [-R-]
SS =0030 0000000000000000 ffffffff 00cf9300 DPL=0 DS   [-WA]
DS =0030 0000000000000000 ffffffff 00cf9300 DPL=0 DS   [-WA]
FS =0030 0000000000000000 ffffffff 00cf9300 DPL=0 DS   [-WA]
GS =0030 0000000000000000 ffffffff 00cf9300 DPL=0 DS   [-WA]
LDT=0000 0000000000000000 0000ffff 00008200 DPL=0 LDT
TR =0000 0000000000000000 0000ffff 00008b00 DPL=0 TSS64-busy
GDT=     000000003f5dc000 00000047
IDT=     000000003efa3018 00000fff
CR0=80010033 CR2=0000000000000000 CR3=000000003f801000 CR4=00000668
DR0=0000000000000000 DR1=0000000000000000 DR2=0000000000000000 DR3=0000000000000000 
DR6=00000000ffff0ff0 DR7=0000000000000400
CCS=0000000000000000 CCD=00000000000028e3 CCO=EFLAGS
EFER=0000000000000d00
Servicing hardware INT=0x20
    95: v=20 e=0000 i=0 cpl=0 IP=0038:000000003e6d3862 pc=000000003e6d3862 SP=0030:000000003fe65240 env->regs[R_EAX]=000000000000002d
RAX=000000000000002d RBX=0000000000000064 RCX=000000000000b008 RDX=0000000000728e6b
RSI=0000000000728e98 RDI=000000003e5b40d4 RBP=000000003fe65270 RSP=000000003fe65240
R8 =000000003fe6525f R9 =000000000000c042 R10=0000000000000000 R11=0000000000000000
R12=000000000004bacd R13=0000000000000011 R14=000000000000c040 R15=0000000000000000
RIP=000000003e6d3862 RFL=00000206 [-----P-] CPL=0 II=0 A20=1 SMM=0 HLT=0
ES =0030 0000000000000000 ffffffff 00cf9300 DPL=0 DS   [-WA]
CS =0038 0000000000000000 ffffffff 00af9a00 DPL=0 CS64 [-R-]
SS =0030 0000000000000000 ffffffff 00cf9300 DPL=0 DS   [-WA]
DS =0030 0000000000000000 ffffffff 00cf9300 DPL=0 DS   [-WA]
FS =0030 0000000000000000 ffffffff 00cf9300 DPL=0 DS   [-WA]
GS =0030 0000000000000000 ffffffff 00cf9300 DPL=0 DS   [-WA]
LDT=0000 0000000000000000 0000ffff 00008200 DPL=0 LDT
TR =0000 0000000000000000 0000ffff 00008b00 DPL=0 TSS64-busy
GDT=     000000003f5dc000 00000047
IDT=     000000003efa3018 00000fff
CR0=80010033 CR2=0000000000000000 CR3=000000003f801000 CR4=00000668
DR0=0000000000000000 DR1=0000000000000000 DR2=0000000000000000 DR3=0000000000000000 
DR6=00000000ffff0ff0 DR7=0000000000000400
CCS=0000000000000004 CCD=000000000000002d CCO=EFLAGS
EFER=0000000000000d00
Servicing hardware INT=0x20
    96: v=20 e=0000 i=0 cpl=0 IP=0038:000000003e6d3862 pc=000000003e6d3862 SP=0030:000000003fe65240 env->regs[R_EAX]=0000000000005d0b
RAX=0000000000005d0b RBX=0000000000002710 RCX=000000000000b008 RDX=00000000007320db
RSI=0000000000737de6 RDI=000000003e5b40d4 RBP=000000003fe65270 RSP=000000003fe65240
R8 =000000003fe65290 R9 =00000000000003f6 R10=0000000000000000 R11=0000000000000000
R12=000000000000c042 R13=0000000000000011 R14=000000000000c040 R15=0000000000000000
RIP=000000003e6d3862 RFL=00000202 [-------] CPL=0 II=0 A20=1 SMM=0 HLT=0
ES =0030 0000000000000000 ffffffff 00cf9300 DPL=0 DS   [-WA]
CS =0038 0000000000000000 ffffffff 00af9a00 DPL=0 CS64 [-R-]
SS =0030 0000000000000000 ffffffff 00cf9300 DPL=0 DS   [-WA]
DS =0030 0000000000000000 ffffffff 00cf9300 DPL=0 DS   [-WA]
FS =0030 0000000000000000 ffffffff 00cf9300 DPL=0 DS   [-WA]
GS =0030 0000000000000000 ffffffff 00cf9300 DPL=0 DS   [-WA]
LDT=0000 0000000000000000 0000ffff 00008200 DPL=0 LDT
TR =0000 0000000000000000 0000ffff 00008b00 DPL=0 TSS64-busy
GDT=     000000003f5dc000 00000047
IDT=     000000003efa3018 00000fff
CR0=80010033 CR2=0000000000000000 CR3=000000003f801000 CR4=00000668
DR0=0000000000000000 DR1=0000000000000000 DR2=0000000000000000 DR3=0000000000000000 
DR6=00000000ffff0ff0 DR7=0000000000000400
CCS=0000000000000000 CCD=0000000000005d0b CCO=EFLAGS
EFER=0000000000000d00
Servicing hardware INT=0x20
    97: v=20 e=0000 i=0 cpl=0 IP=0038:000000003e6d3862 pc=000000003e6d3862 SP=0030:000000003fe65240 env->regs[R_EAX]=000000000000015d
RAX=000000000000015d RBX=0000000000000064 RCX=000000000000b008 RDX=000000000073a697
RSI=000000000073a7f4 RDI=000000003e5b40d4 RBP=000000003fe65270 RSP=000000003fe65240
R8 =000000003fe6525f R9 =000000000000c042 R10=0000000000000000 R11=0000000000000000
R12=000000000004bae4 R13=0000000000000011 R14=000000000000c040 R15=0000000000000000
RIP=000000003e6d3862 RFL=00000202 [-------] CPL=0 II=0 A20=1 SMM=0 HLT=0
ES =0030 0000000000000000 ffffffff 00cf9300 DPL=0 DS   [-WA]
CS =0038 0000000000000000 ffffffff 00af9a00 DPL=0 CS64 [-R-]
SS =0030 0000000000000000 ffffffff 00cf9300 DPL=0 DS   [-WA]
DS =0030 0000000000000000 ffffffff 00cf9300 DPL=0 DS   [-WA]
FS =0030 0000000000000000 ffffffff 00cf9300 DPL=0 DS   [-WA]
GS =0030 0000000000000000 ffffffff 00cf9300 DPL=0 DS   [-WA]
LDT=0000 0000000000000000 0000ffff 00008200 DPL=0 LDT
TR =0000 0000000000000000 0000ffff 00008b00 DPL=0 TSS64-busy
GDT=     000000003f5dc000 00000047
IDT=     000000003efa3018 00000fff
CR0=80010033 CR2=0000000000000000 CR3=000000003f801000 CR4=00000668
DR0=0000000000000000 DR1=0000000000000000 DR2=0000000000000000 DR3=0000000000000000 
DR6=00000000ffff0ff0 DR7=0000000000000400
CCS=0000000000000000 CCD=000000000000015d CCO=EFLAGS
EFER=0000000000000d00
Servicing hardware INT=0x20
    98: v=20 e=0000 i=0 cpl=0 IP=0038:000000003e6d3862 pc=000000003e6d3862 SP=0030:000000003fe65240 env->regs[R_EAX]=000000000000005e
RAX=000000000000005e RBX=0000000000000064 RCX=000000000000b008 RDX=000000000074324c
RSI=00000000007432aa RDI=000000003e5b40d4 RBP=000000003fe65270 RSP=000000003fe65240
R8 =000000003fe6525f R9 =000000000000c042 R10=0000000000000000 R11=0000000000000000
R12=000000000004baa1 R13=0000000000000011 R14=000000000000c040 R15=0000000000000000
RIP=000000003e6d3862 RFL=00000202 [-------] CPL=0 II=0 A20=1 SMM=0 HLT=0
ES =0030 0000000000000000 ffffffff 00cf9300 DPL=0 DS   [-WA]
CS =0038 0000000000000000 ffffffff 00af9a00 DPL=0 CS64 [-R-]
SS =0030 0000000000000000 ffffffff 00cf9300 DPL=0 DS   [-WA]
DS =0030 0000000000000000 ffffffff 00cf9300 DPL=0 DS   [-WA]
FS =0030 0000000000000000 ffffffff 00cf9300 DPL=0 DS   [-WA]
GS =0030 0000000000000000 ffffffff 00cf9300 DPL=0 DS   [-WA]
LDT=0000 0000000000000000 0000ffff 00008200 DPL=0 LDT
TR =0000 0000000000000000 0000ffff 00008b00 DPL=0 TSS64-busy
GDT=     000000003f5dc000 00000047
IDT=     000000003efa3018 00000fff
CR0=80010033 CR2=0000000000000000 CR3=000000003f801000 CR4=00000668
DR0=0000000000000000 DR1=0000000000000000 DR2=0000000000000000 DR3=0000000000000000 
DR6=00000000ffff0ff0 DR7=0000000000000400
CCS=0000000000000000 CCD=000000000000005e CCO=EFLAGS
EFER=0000000000000d00
Servicing hardware INT=0x20
    99: v=20 e=0000 i=0 cpl=0 IP=0038:000000003e6d3862 pc=000000003e6d3862 SP=0030:000000003fe65240 env->regs[R_EAX]=00000000000000fe
RAX=00000000000000fe RBX=0000000000000064 RCX=000000000000b008 RDX=000000000074bdf9
RSI=000000000074bef7 RDI=000000003e5b40d4 RBP=000000003fe65270 RSP=000000003fe65240
R8 =000000003fe6525f R9 =000000000000c042 R10=0000000000000000 R11=0000000000000000
R12=000000000004ba60 R13=0000000000000011 R14=000000000000c040 R15=0000000000000000
RIP=000000003e6d3862 RFL=00000202 [-------] CPL=0 II=0 A20=1 SMM=0 HLT=0
ES =0030 0000000000000000 ffffffff 00cf9300 DPL=0 DS   [-WA]
CS =0038 0000000000000000 ffffffff 00af9a00 DPL=0 CS64 [-R-]
SS =0030 0000000000000000 ffffffff 00cf9300 DPL=0 DS   [-WA]
DS =0030 0000000000000000 ffffffff 00cf9300 DPL=0 DS   [-WA]
FS =0030 0000000000000000 ffffffff 00cf9300 DPL=0 DS   [-WA]
GS =0030 0000000000000000 ffffffff 00cf9300 DPL=0 DS   [-WA]
LDT=0000 0000000000000000 0000ffff 00008200 DPL=0 LDT
TR =0000 0000000000000000 0000ffff 00008b00 DPL=0 TSS64-busy
GDT=     000000003f5dc000 00000047
IDT=     000000003efa3018 00000fff
CR0=80010033 CR2=0000000000000000 CR3=000000003f801000 CR4=00000668
DR0=0000000000000000 DR1=0000000000000000 DR2=0000000000000000 DR3=0000000000000000 
DR6=00000000ffff0ff0 DR7=0000000000000400
CCS=0000000000000000 CCD=00000000000000fe CCO=EFLAGS
EFER=0000000000000d00
Servicing hardware INT=0x20
   100: v=20 e=0000 i=0 cpl=0 IP=0038:000000003e6d3862 pc=000000003e6d3862 SP=0030:000000003fe65240 env->regs[R_EAX]=00000000000000e8
RAX=00000000000000e8 RBX=0000000000000064 RCX=000000000000b008 RDX=0000000000750a21
RSI=0000000000750b09 RDI=000000003e5b40d4 RBP=000000003fe65270 RSP=000000003fe65240
R8 =000000003fe6525f R9 =000000000000c042 R10=0000000000000000 R11=0000000000000000
R12=000000000004ba3d R13=0000000000000011 R14=000000000000c040 R15=0000000000000000
RIP=000000003e6d3862 RFL=00000206 [-----P-] CPL=0 II=0 A20=1 SMM=0 HLT=0
ES =0030 0000000000000000 ffffffff 00cf9300 DPL=0 DS   [-WA]
CS =0038 0000000000000000 ffffffff 00af9a00 DPL=0 CS64 [-R-]
SS =0030 0000000000000000 ffffffff 00cf9300 DPL=0 DS   [-WA]
DS =0030 0000000000000000 ffffffff 00cf9300 DPL=0 DS   [-WA]
FS =0030 0000000000000000 ffffffff 00cf9300 DPL=0 DS   [-WA]
GS =0030 0000000000000000 ffffffff 00cf9300 DPL=0 DS   [-WA]
LDT=0000 0000000000000000 0000ffff 00008200 DPL=0 LDT
TR =0000 0000000000000000 0000ffff 00008b00 DPL=0 TSS64-busy
GDT=     000000003f5dc000 00000047
IDT=     000000003efa3018 00000fff
CR0=80010033 CR2=0000000000000000 CR3=000000003f801000 CR4=00000668
DR0=0000000000000000 DR1=0000000000000000 DR2=0000000000000000 DR3=0000000000000000 
DR6=00000000ffff0ff0 DR7=0000000000000400
CCS=0000000000000004 CCD=00000000000000e8 CCO=EFLAGS
EFER=0000000000000d00
Servicing hardware INT=0x20
   101: v=20 e=0000 i=0 cpl=0 IP=0038:000000003ef9f419 pc=000000003ef9f419 SP=0030:000000003fe650a0 env->regs[R_EAX]=0000000000000050
RAX=0000000000000050 RBX=00000000000001f7 RCX=00000000000001f7 RDX=00000000000001f7
RSI=0000000000000000 RDI=0000000000000000 RBP=000000003fe650c0 RSP=000000003fe650a0
R8 =000000003fe651ef R9 =00000000000001f7 R10=0000000000000000 R11=0000000000000000
R12=000000003fe651ef R13=0000000000000001 R14=0000000000000001 R15=0000000000000001
RIP=000000003ef9f419 RFL=00000246 [---Z-P-] CPL=0 II=0 A20=1 SMM=0 HLT=0
ES =0030 0000000000000000 ffffffff 00cf9300 DPL=0 DS   [-WA]
CS =0038 0000000000000000 ffffffff 00af9a00 DPL=0 CS64 [-R-]
SS =0030 0000000000000000 ffffffff 00cf9300 DPL=0 DS   [-WA]
DS =0030 0000000000000000 ffffffff 00cf9300 DPL=0 DS   [-WA]
FS =0030 0000000000000000 ffffffff 00cf9300 DPL=0 DS   [-WA]
GS =0030 0000000000000000 ffffffff 00cf9300 DPL=0 DS   [-WA]
LDT=0000 0000000000000000 0000ffff 00008200 DPL=0 LDT
TR =0000 0000000000000000 0000ffff 00008b00 DPL=0 TSS64-busy
GDT=     000000003f5dc000 00000047
IDT=     000000003efa3018 00000fff
CR0=80010033 CR2=0000000000000000 CR3=000000003f801000 CR4=00000668
DR0=0000000000000000 DR1=0000000000000000 DR2=0000000000000000 DR3=0000000000000000 
DR6=00000000ffff0ff0 DR7=0000000000000400
CCS=0000000000000044 CCD=0000000000000000 CCO=EFLAGS
EFER=0000000000000d00
Servicing hardware INT=0x20
   102: v=20 e=0000 i=0 cpl=0 IP=0038:000000003e6d3862 pc=000000003e6d3862 SP=0030:000000003fe65240 env->regs[R_EAX]=0000000000000053
RAX=0000000000000053 RBX=0000000000000064 RCX=000000000000b008 RDX=00000000007661e7
RSI=000000000076623a RDI=000000003e5b40d4 RBP=000000003fe65270 RSP=000000003fe65240
R8 =000000003fe6525f R9 =000000000000c042 R10=0000000000000000 R11=0000000000000000
R12=000000000004baba R13=0000000000000011 R14=000000000000c040 R15=0000000000000000
RIP=000000003e6d3862 RFL=00000206 [-----P-] CPL=0 II=0 A20=1 SMM=0 HLT=0
ES =0030 0000000000000000 ffffffff 00cf9300 DPL=0 DS   [-WA]
CS =0038 0000000000000000 ffffffff 00af9a00 DPL=0 CS64 [-R-]
SS =0030 0000000000000000 ffffffff 00cf9300 DPL=0 DS   [-WA]
DS =0030 0000000000000000 ffffffff 00cf9300 DPL=0 DS   [-WA]
FS =0030 0000000000000000 ffffffff 00cf9300 DPL=0 DS   [-WA]
GS =0030 0000000000000000 ffffffff 00cf9300 DPL=0 DS   [-WA]
LDT=0000 0000000000000000 0000ffff 00008200 DPL=0 LDT
TR =0000 0000000000000000 0000ffff 00008b00 DPL=0 TSS64-busy
GDT=     000000003f5dc000 00000047
IDT=     000000003efa3018 00000fff
CR0=80010033 CR2=0000000000000000 CR3=000000003f801000 CR4=00000668
DR0=0000000000000000 DR1=0000000000000000 DR2=0000000000000000 DR3=0000000000000000 
DR6=00000000ffff0ff0 DR7=0000000000000400
CCS=0000000000000004 CCD=0000000000000053 CCO=EFLAGS
EFER=0000000000000d00
Servicing hardware INT=0x20
   103: v=20 e=0000 i=0 cpl=0 IP=0038:000000003e6d3862 pc=000000003e6d3862 SP=0030:000000003fe65240 env->regs[R_EAX]=0000000000000145
RAX=0000000000000145 RBX=0000000000000064 RCX=000000000000b008 RDX=000000000076eddf
RSI=000000000076ef24 RDI=000000003e5b40d4 RBP=000000003fe65270 RSP=000000003fe65240
R8 =000000003fe6525f R9 =000000000000c042 R10=0000000000000000 R11=0000000000000000
R12=000000000004ba79 R13=0000000000000011 R14=000000000000c040 R15=0000000000000000
RIP=000000003e6d3862 RFL=00000202 [-------] CPL=0 II=0 A20=1 SMM=0 HLT=0
ES =0030 0000000000000000 ffffffff 00cf9300 DPL=0 DS   [-WA]
CS =0038 0000000000000000 ffffffff 00af9a00 DPL=0 CS64 [-R-]
SS =0030 0000000000000000 ffffffff 00cf9300 DPL=0 DS   [-WA]
DS =0030 0000000000000000 ffffffff 00cf9300 DPL=0 DS   [-WA]
FS =0030 0000000000000000 ffffffff 00cf9300 DPL=0 DS   [-WA]
GS =0030 0000000000000000 ffffffff 00cf9300 DPL=0 DS   [-WA]
LDT=0000 0000000000000000 0000ffff 00008200 DPL=0 LDT
TR =0000 0000000000000000 0000ffff 00008b00 DPL=0 TSS64-busy
GDT=     000000003f5dc000 00000047
IDT=     000000003efa3018 00000fff
CR0=80010033 CR2=0000000000000000 CR3=000000003f801000 CR4=00000668
DR0=0000000000000000 DR1=0000000000000000 DR2=0000000000000000 DR3=0000000000000000 
DR6=00000000ffff0ff0 DR7=0000000000000400
CCS=0000000000000000 CCD=0000000000000145 CCO=EFLAGS
EFER=0000000000000d00
Servicing hardware INT=0x20
   104: v=20 e=0000 i=0 cpl=0 IP=0038:000000003e6d3862 pc=000000003e6d3862 SP=0030:000000003fe65240 env->regs[R_EAX]=0000000000001c2a
RAX=0000000000001c2a RBX=0000000000002710 RCX=000000000000b008 RDX=000000000077807f
RSI=0000000000779ca9 RDI=000000003e5b40d4 RBP=000000003fe65270 RSP=000000003fe65240
R8 =000000003fe65290 R9 =00000000000003f6 R10=0000000000000000 R11=0000000000000000
R12=000000000000c042 R13=0000000000000011 R14=000000000000c040 R15=0000000000000000
RIP=000000003e6d3862 RFL=00000202 [-------] CPL=0 II=0 A20=1 SMM=0 HLT=0
ES =0030 0000000000000000 ffffffff 00cf9300 DPL=0 DS   [-WA]
CS =0038 0000000000000000 ffffffff 00af9a00 DPL=0 CS64 [-R-]
SS =0030 0000000000000000 ffffffff 00cf9300 DPL=0 DS   [-WA]
DS =0030 0000000000000000 ffffffff 00cf9300 DPL=0 DS   [-WA]
FS =0030 0000000000000000 ffffffff 00cf9300 DPL=0 DS   [-WA]
GS =0030 0000000000000000 ffffffff 00cf9300 DPL=0 DS   [-WA]
LDT=0000 0000000000000000 0000ffff 00008200 DPL=0 LDT
TR =0000 0000000000000000 0000ffff 00008b00 DPL=0 TSS64-busy
GDT=     000000003f5dc000 00000047
IDT=     000000003efa3018 00000fff
CR0=80010033 CR2=0000000000000000 CR3=000000003f801000 CR4=00000668
DR0=0000000000000000 DR1=0000000000000000 DR2=0000000000000000 DR3=0000000000000000 
DR6=00000000ffff0ff0 DR7=0000000000000400
CCS=0000000000000000 CCD=0000000000001c2a CCO=EFLAGS
EFER=0000000000000d00
Servicing hardware INT=0x20
   105: v=20 e=0000 i=0 cpl=0 IP=0038:000000003e6d3862 pc=000000003e6d3862 SP=0030:000000003fe65060 env->regs[R_EAX]=00000000000000c4
RAX=00000000000000c4 RBX=0000000000000064 RCX=000000000000b008 RDX=0000000000780509
RSI=00000000007805cd RDI=000000003e5b40d4 RBP=000000003fe65090 RSP=000000003fe65060
R8 =000000003fe6507f R9 =000000000000c042 R10=0000000000000000 R11=0000000000000000
R12=000000000004bad4 R13=0000000000000011 R14=000000000000c040 R15=0000000000000000
RIP=000000003e6d3862 RFL=00000202 [-------] CPL=0 II=0 A20=1 SMM=0 HLT=0
ES =0030 0000000000000000 ffffffff 00cf9300 DPL=0 DS   [-WA]
CS =0038 0000000000000000 ffffffff 00af9a00 DPL=0 CS64 [-R-]
SS =0030 0000000000000000 ffffffff 00cf9300 DPL=0 DS   [-WA]
DS =0030 0000000000000000 ffffffff 00cf9300 DPL=0 DS   [-WA]
FS =0030 0000000000000000 ffffffff 00cf9300 DPL=0 DS   [-WA]
GS =0030 0000000000000000 ffffffff 00cf9300 DPL=0 DS   [-WA]
LDT=0000 0000000000000000 0000ffff 00008200 DPL=0 LDT
TR =0000 0000000000000000 0000ffff 00008b00 DPL=0 TSS64-busy
GDT=     000000003f5dc000 00000047
IDT=     000000003efa3018 00000fff
CR0=80010033 CR2=0000000000000000 CR3=000000003f801000 CR4=00000668
DR0=0000000000000000 DR1=0000000000000000 DR2=0000000000000000 DR3=0000000000000000 
DR6=00000000ffff0ff0 DR7=0000000000000400
CCS=0000000000000000 CCD=00000000000000c4 CCO=EFLAGS
EFER=0000000000000d00
Servicing hardware INT=0x20
   106: v=20 e=0000 i=0 cpl=0 IP=0038:000000003e6d3862 pc=000000003e6d3862 SP=0030:000000003fe65060 env->regs[R_EAX]=0000000000006dc7
RAX=0000000000006dc7 RBX=0000000000002710 RCX=000000000000b008 RDX=000000000078985f
RSI=0000000000790626 RDI=000000003e5b40d4 RBP=000000003fe65090 RSP=000000003fe65060
R8 =000000003fe650b0 R9 =00000000000003f6 R10=0000000000000000 R11=0000000000000000
R12=000000000000c042 R13=0000000000000011 R14=000000000000c040 R15=0000000000000000
RIP=000000003e6d3862 RFL=00000202 [-------] CPL=0 II=0 A20=1 SMM=0 HLT=0
ES =0030 0000000000000000 ffffffff 00cf9300 DPL=0 DS   [-WA]
CS =0038 0000000000000000 ffffffff 00af9a00 DPL=0 CS64 [-R-]
SS =0030 0000000000000000 ffffffff 00cf9300 DPL=0 DS   [-WA]
DS =0030 0000000000000000 ffffffff 00cf9300 DPL=0 DS   [-WA]
FS =0030 0000000000000000 ffffffff 00cf9300 DPL=0 DS   [-WA]
GS =0030 0000000000000000 ffffffff 00cf9300 DPL=0 DS   [-WA]
LDT=0000 0000000000000000 0000ffff 00008200 DPL=0 LDT
TR =0000 0000000000000000 0000ffff 00008b00 DPL=0 TSS64-busy
GDT=     000000003f5dc000 00000047
IDT=     000000003efa3018 00000fff
CR0=80010033 CR2=0000000000000000 CR3=000000003f801000 CR4=00000668
DR0=0000000000000000 DR1=0000000000000000 DR2=0000000000000000 DR3=0000000000000000 
DR6=00000000ffff0ff0 DR7=0000000000000400
CCS=0000000000000000 CCD=0000000000006dc7 CCO=EFLAGS
EFER=0000000000000d00
Servicing hardware INT=0x20
   107: v=20 e=0000 i=0 cpl=0 IP=0038:000000003e6d3862 pc=000000003e6d3862 SP=0030:000000003fe65060 env->regs[R_EAX]=000000000000014c
RAX=000000000000014c RBX=0000000000000064 RCX=000000000000b008 RDX=0000000000791cf7
RSI=0000000000791e43 RDI=000000003e5b40d4 RBP=000000003fe65090 RSP=000000003fe65060
R8 =000000003fe6507f R9 =000000000000c042 R10=0000000000000000 R11=0000000000000000
R12=000000000004baec R13=0000000000000011 R14=000000000000c040 R15=0000000000000000
RIP=000000003e6d3862 RFL=00000202 [-------] CPL=0 II=0 A20=1 SMM=0 HLT=0
ES =0030 0000000000000000 ffffffff 00cf9300 DPL=0 DS   [-WA]
CS =0038 0000000000000000 ffffffff 00af9a00 DPL=0 CS64 [-R-]
SS =0030 0000000000000000 ffffffff 00cf9300 DPL=0 DS   [-WA]
DS =0030 0000000000000000 ffffffff 00cf9300 DPL=0 DS   [-WA]
FS =0030 0000000000000000 ffffffff 00cf9300 DPL=0 DS   [-WA]
GS =0030 0000000000000000 ffffffff 00cf9300 DPL=0 DS   [-WA]
LDT=0000 0000000000000000 0000ffff 00008200 DPL=0 LDT
TR =0000 0000000000000000 0000ffff 00008b00 DPL=0 TSS64-busy
GDT=     000000003f5dc000 00000047
IDT=     000000003efa3018 00000fff
CR0=80010033 CR2=0000000000000000 CR3=000000003f801000 CR4=00000668
DR0=0000000000000000 DR1=0000000000000000 DR2=0000000000000000 DR3=0000000000000000 
DR6=00000000ffff0ff0 DR7=0000000000000400
CCS=0000000000000000 CCD=000000000000014c CCO=EFLAGS
EFER=0000000000000d00
Servicing hardware INT=0x20
   108: v=20 e=0000 i=0 cpl=0 IP=0038:000000003e6d3862 pc=000000003e6d3862 SP=0030:000000003fe65060 env->regs[R_EAX]=0000000000000043
RAX=0000000000000043 RBX=0000000000000064 RCX=000000000000b008 RDX=000000000079a90c
RSI=000000000079a94f RDI=000000003e5b40d4 RBP=000000003fe65090 RSP=000000003fe65060
R8 =000000003fe6507f R9 =000000000000c042 R10=0000000000000000 R11=0000000000000000
R12=000000000004baab R13=0000000000000011 R14=000000000000c040 R15=0000000000000000
RIP=000000003e6d3862 RFL=00000202 [-------] CPL=0 II=0 A20=1 SMM=0 HLT=0
ES =0030 0000000000000000 ffffffff 00cf9300 DPL=0 DS   [-WA]
CS =0038 0000000000000000 ffffffff 00af9a00 DPL=0 CS64 [-R-]
SS =0030 0000000000000000 ffffffff 00cf9300 DPL=0 DS   [-WA]
DS =0030 0000000000000000 ffffffff 00cf9300 DPL=0 DS   [-WA]
FS =0030 0000000000000000 ffffffff 00cf9300 DPL=0 DS   [-WA]
GS =0030 0000000000000000 ffffffff 00cf9300 DPL=0 DS   [-WA]
LDT=0000 0000000000000000 0000ffff 00008200 DPL=0 LDT
TR =0000 0000000000000000 0000ffff 00008b00 DPL=0 TSS64-busy
GDT=     000000003f5dc000 00000047
IDT=     000000003efa3018 00000fff
CR0=80010033 CR2=0000000000000000 CR3=000000003f801000 CR4=00000668
DR0=0000000000000000 DR1=0000000000000000 DR2=0000000000000000 DR3=0000000000000000 
DR6=00000000ffff0ff0 DR7=0000000000000400
CCS=0000000000000000 CCD=0000000000000043 CCO=EFLAGS
EFER=0000000000000d00
Servicing hardware INT=0x20
   109: v=20 e=0000 i=0 cpl=0 IP=0038:000000003e6d3862 pc=000000003e6d3862 SP=0030:000000003fe65060 env->regs[R_EAX]=0000000000001da9
RAX=0000000000001da9 RBX=0000000000002710 RCX=000000000000b008 RDX=00000000007a387f
RSI=00000000007a5628 RDI=000000003e5b40d4 RBP=000000003fe65090 RSP=000000003fe65060
R8 =000000003fe650b0 R9 =00000000000003f6 R10=0000000000000000 R11=0000000000000000
R12=000000000000c042 R13=0000000000000011 R14=000000000000c040 R15=0000000000000000
RIP=000000003e6d3862 RFL=00000206 [-----P-] CPL=0 II=0 A20=1 SMM=0 HLT=0
ES =0030 0000000000000000 ffffffff 00cf9300 DPL=0 DS   [-WA]
CS =0038 0000000000000000 ffffffff 00af9a00 DPL=0 CS64 [-R-]
SS =0030 0000000000000000 ffffffff 00cf9300 DPL=0 DS   [-WA]
DS =0030 0000000000000000 ffffffff 00cf9300 DPL=0 DS   [-WA]
FS =0030 0000000000000000 ffffffff 00cf9300 DPL=0 DS   [-WA]
GS =0030 0000000000000000 ffffffff 00cf9300 DPL=0 DS   [-WA]
LDT=0000 0000000000000000 0000ffff 00008200 DPL=0 LDT
TR =0000 0000000000000000 0000ffff 00008b00 DPL=0 TSS64-busy
GDT=     000000003f5dc000 00000047
IDT=     000000003efa3018 00000fff
CR0=80010033 CR2=0000000000000000 CR3=000000003f801000 CR4=00000668
DR0=0000000000000000 DR1=0000000000000000 DR2=0000000000000000 DR3=0000000000000000 
DR6=00000000ffff0ff0 DR7=0000000000000400
CCS=0000000000000004 CCD=0000000000001da9 CCO=EFLAGS
EFER=0000000000000d00
Servicing hardware INT=0x20
   110: v=20 e=0000 i=0 cpl=0 IP=0038:000000003e6d3862 pc=000000003e6d3862 SP=0030:000000003fe65060 env->regs[R_EAX]=000000000000013f
RAX=000000000000013f RBX=0000000000000064 RCX=000000000000b008 RDX=00000000007ac0c5
RSI=00000000007ac204 RDI=000000003e5b40d4 RBP=000000003fe65090 RSP=000000003fe65060
R8 =000000003fe6507f R9 =000000000000c042 R10=0000000000000000 R11=0000000000000000
R12=000000000004bac9 R13=0000000000000011 R14=000000000000c040 R15=0000000000000000
RIP=000000003e6d3862 RFL=00000206 [-----P-] CPL=0 II=0 A20=1 SMM=0 HLT=0
ES =0030 0000000000000000 ffffffff 00cf9300 DPL=0 DS   [-WA]
CS =0038 0000000000000000 ffffffff 00af9a00 DPL=0 CS64 [-R-]
SS =0030 0000000000000000 ffffffff 00cf9300 DPL=0 DS   [-WA]
DS =0030 0000000000000000 ffffffff 00cf9300 DPL=0 DS   [-WA]
FS =0030 0000000000000000 ffffffff 00cf9300 DPL=0 DS   [-WA]
GS =0030 0000000000000000 ffffffff 00cf9300 DPL=0 DS   [-WA]
LDT=0000 0000000000000000 0000ffff 00008200 DPL=0 LDT
TR =0000 0000000000000000 0000ffff 00008b00 DPL=0 TSS64-busy
GDT=     000000003f5dc000 00000047
IDT=     000000003efa3018 00000fff
CR0=80010033 CR2=0000000000000000 CR3=000000003f801000 CR4=00000668
DR0=0000000000000000 DR1=0000000000000000 DR2=0000000000000000 DR3=0000000000000000 
DR6=00000000ffff0ff0 DR7=0000000000000400
CCS=0000000000000004 CCD=000000000000013f CCO=EFLAGS
EFER=0000000000000d00
Servicing hardware INT=0x20
   111: v=20 e=0000 i=0 cpl=0 IP=0038:000000003e6d3862 pc=000000003e6d3862 SP=0030:000000003fe65060 env->regs[R_EAX]=00000000000000ca
RAX=00000000000000ca RBX=0000000000000064 RCX=000000000000b008 RDX=00000000007b4b4c
RSI=00000000007b4c16 RDI=000000003e5b40d4 RBP=000000003fe65090 RSP=000000003fe65060
R8 =000000003fe6507f R9 =000000000000c042 R10=0000000000000000 R11=0000000000000000
R12=000000000004ba88 R13=0000000000000011 R14=000000000000c040 R15=0000000000000000
RIP=000000003e6d3862 RFL=00000206 [-----P-] CPL=0 II=0 A20=1 SMM=0 HLT=0
ES =0030 0000000000000000 ffffffff 00cf9300 DPL=0 DS   [-WA]
CS =0038 0000000000000000 ffffffff 00af9a00 DPL=0 CS64 [-R-]
SS =0030 0000000000000000 ffffffff 00cf9300 DPL=0 DS   [-WA]
DS =0030 0000000000000000 ffffffff 00cf9300 DPL=0 DS   [-WA]
FS =0030 0000000000000000 ffffffff 00cf9300 DPL=0 DS   [-WA]
GS =0030 0000000000000000 ffffffff 00cf9300 DPL=0 DS   [-WA]
LDT=0000 0000000000000000 0000ffff 00008200 DPL=0 LDT
TR =0000 0000000000000000 0000ffff 00008b00 DPL=0 TSS64-busy
GDT=     000000003f5dc000 00000047
IDT=     000000003efa3018 00000fff
CR0=80010033 CR2=0000000000000000 CR3=000000003f801000 CR4=00000668
DR0=0000000000000000 DR1=0000000000000000 DR2=0000000000000000 DR3=0000000000000000 
DR6=00000000ffff0ff0 DR7=0000000000000400
CCS=0000000000000004 CCD=00000000000000ca CCO=EFLAGS
EFER=0000000000000d00
Servicing hardware INT=0x20
   112: v=20 e=0000 i=0 cpl=0 IP=0038:000000003e6d3862 pc=000000003e6d3862 SP=0030:000000003fe65060 env->regs[R_EAX]=00000000000066c1
RAX=00000000000066c1 RBX=0000000000002710 RCX=000000000000b008 RDX=00000000007bde3f
RSI=00000000007c4500 RDI=000000003e5b40d4 RBP=000000003fe65090 RSP=000000003fe65060
R8 =000000003fe650b0 R9 =00000000000003f6 R10=0000000000000000 R11=0000000000000000
R12=000000000000c042 R13=0000000000000011 R14=000000000000c040 R15=0000000000000000
RIP=000000003e6d3862 RFL=00000202 [-------] CPL=0 II=0 A20=1 SMM=0 HLT=0
ES =0030 0000000000000000 ffffffff 00cf9300 DPL=0 DS   [-WA]
CS =0038 0000000000000000 ffffffff 00af9a00 DPL=0 CS64 [-R-]
SS =0030 0000000000000000 ffffffff 00cf9300 DPL=0 DS   [-WA]
DS =0030 0000000000000000 ffffffff 00cf9300 DPL=0 DS   [-WA]
FS =0030 0000000000000000 ffffffff 00cf9300 DPL=0 DS   [-WA]
GS =0030 0000000000000000 ffffffff 00cf9300 DPL=0 DS   [-WA]
LDT=0000 0000000000000000 0000ffff 00008200 DPL=0 LDT
TR =0000 0000000000000000 0000ffff 00008b00 DPL=0 TSS64-busy
GDT=     000000003f5dc000 00000047
IDT=     000000003efa3018 00000fff
CR0=80010033 CR2=0000000000000000 CR3=000000003f801000 CR4=00000668
DR0=0000000000000000 DR1=0000000000000000 DR2=0000000000000000 DR3=0000000000000000 
DR6=00000000ffff0ff0 DR7=0000000000000400
CCS=0000000000000000 CCD=00000000000066c1 CCO=EFLAGS
EFER=0000000000000d00
Servicing hardware INT=0x20
   113: v=20 e=0000 i=0 cpl=0 IP=0038:000000003e6d3862 pc=000000003e6d3862 SP=0030:000000003fe650a0 env->regs[R_EAX]=00000000000000ca
RAX=00000000000000ca RBX=0000000000000064 RCX=000000000000b008 RDX=00000000007c6402
RSI=00000000007c64cc RDI=000000003e5b40d4 RBP=000000003fe650d0 RSP=000000003fe650a0
R8 =000000003fe650bf R9 =000000000000c042 R10=0000000000000000 R11=0000000000000000
R12=000000000004bae9 R13=0000000000000011 R14=000000000000c040 R15=0000000000000000
RIP=000000003e6d3862 RFL=00000206 [-----P-] CPL=0 II=0 A20=1 SMM=0 HLT=0
ES =0030 0000000000000000 ffffffff 00cf9300 DPL=0 DS   [-WA]
CS =0038 0000000000000000 ffffffff 00af9a00 DPL=0 CS64 [-R-]
SS =0030 0000000000000000 ffffffff 00cf9300 DPL=0 DS   [-WA]
DS =0030 0000000000000000 ffffffff 00cf9300 DPL=0 DS   [-WA]
FS =0030 0000000000000000 ffffffff 00cf9300 DPL=0 DS   [-WA]
GS =0030 0000000000000000 ffffffff 00cf9300 DPL=0 DS   [-WA]
LDT=0000 0000000000000000 0000ffff 00008200 DPL=0 LDT
TR =0000 0000000000000000 0000ffff 00008b00 DPL=0 TSS64-busy
GDT=     000000003f5dc000 00000047
IDT=     000000003efa3018 00000fff
CR0=80010033 CR2=0000000000000000 CR3=000000003f801000 CR4=00000668
DR0=0000000000000000 DR1=0000000000000000 DR2=0000000000000000 DR3=0000000000000000 
DR6=00000000ffff0ff0 DR7=0000000000000400
CCS=0000000000000004 CCD=00000000000000ca CCO=EFLAGS
EFER=0000000000000d00
Servicing hardware INT=0x20
   114: v=20 e=0000 i=0 cpl=0 IP=0038:000000003e6d3862 pc=000000003e6d3862 SP=0030:000000003fe650a0 env->regs[R_EAX]=0000000000005460
RAX=0000000000005460 RBX=0000000000002710 RCX=000000000000b008 RDX=00000000007cf620
RSI=00000000007d4a80 RDI=000000003e5b40d4 RBP=000000003fe650d0 RSP=000000003fe650a0
R8 =000000003fe650f0 R9 =00000000000003f6 R10=0000000000000000 R11=0000000000000000
R12=000000000000c042 R13=0000000000000011 R14=000000000000c040 R15=0000000000000000
RIP=000000003e6d3862 RFL=00000206 [-----P-] CPL=0 II=0 A20=1 SMM=0 HLT=0
ES =0030 0000000000000000 ffffffff 00cf9300 DPL=0 DS   [-WA]
CS =0038 0000000000000000 ffffffff 00af9a00 DPL=0 CS64 [-R-]
SS =0030 0000000000000000 ffffffff 00cf9300 DPL=0 DS   [-WA]
DS =0030 0000000000000000 ffffffff 00cf9300 DPL=0 DS   [-WA]
FS =0030 0000000000000000 ffffffff 00cf9300 DPL=0 DS   [-WA]
GS =0030 0000000000000000 ffffffff 00cf9300 DPL=0 DS   [-WA]
LDT=0000 0000000000000000 0000ffff 00008200 DPL=0 LDT
TR =0000 0000000000000000 0000ffff 00008b00 DPL=0 TSS64-busy
GDT=     000000003f5dc000 00000047
IDT=     000000003efa3018 00000fff
CR0=80010033 CR2=0000000000000000 CR3=000000003f801000 CR4=00000668
DR0=0000000000000000 DR1=0000000000000000 DR2=0000000000000000 DR3=0000000000000000 
DR6=00000000ffff0ff0 DR7=0000000000000400
CCS=0000000000000004 CCD=0000000000005460 CCO=EFLAGS
EFER=0000000000000d00
Servicing hardware INT=0x20
   115: v=20 e=0000 i=0 cpl=0 IP=0038:000000003ef9f419 pc=000000003ef9f419 SP=0030:000000003fe64f70 env->regs[R_EAX]=0000000000000001
RAX=0000000000000001 RBX=000000000000c042 RCX=000000000000c042 RDX=000000000000c042
RSI=0000000000000000 RDI=0000000000000000 RBP=000000003fe64f90 RSP=000000003fe64f70
R8 =000000003fe650bf R9 =000000000000c042 R10=0000000000000000 R11=0000000000000000
R12=000000003fe650bf R13=0000000000000001 R14=0000000000000001 R15=0000000000000001
RIP=000000003ef9f419 RFL=00000246 [---Z-P-] CPL=0 II=0 A20=1 SMM=0 HLT=0
ES =0030 0000000000000000 ffffffff 00cf9300 DPL=0 DS   [-WA]
CS =0038 0000000000000000 ffffffff 00af9a00 DPL=0 CS64 [-R-]
SS =0030 0000000000000000 ffffffff 00cf9300 DPL=0 DS   [-WA]
DS =0030 0000000000000000 ffffffff 00cf9300 DPL=0 DS   [-WA]
FS =0030 0000000000000000 ffffffff 00cf9300 DPL=0 DS   [-WA]
GS =0030 0000000000000000 ffffffff 00cf9300 DPL=0 DS   [-WA]
LDT=0000 0000000000000000 0000ffff 00008200 DPL=0 LDT
TR =0000 0000000000000000 0000ffff 00008b00 DPL=0 TSS64-busy
GDT=     000000003f5dc000 00000047
IDT=     000000003efa3018 00000fff
CR0=80010033 CR2=0000000000000000 CR3=000000003f801000 CR4=00000668
DR0=0000000000000000 DR1=0000000000000000 DR2=0000000000000000 DR3=0000000000000000 
DR6=00000000ffff0ff0 DR7=0000000000000400
CCS=0000000000000044 CCD=0000000000000000 CCO=EFLAGS
EFER=0000000000000d00
Servicing hardware INT=0x20
   116: v=20 e=0000 i=0 cpl=0 IP=0038:000000003e6d3862 pc=000000003e6d3862 SP=0030:000000003fe650a0 env->regs[R_EAX]=000000000000304d
RAX=000000000000304d RBX=0000000000002710 RCX=000000000000b008 RDX=00000000007e0e91
RSI=00000000007e3ede RDI=000000003e5b40d4 RBP=000000003fe650d0 RSP=000000003fe650a0
R8 =000000003fe650f0 R9 =00000000000003f6 R10=0000000000000000 R11=0000000000000000
R12=000000000000c042 R13=0000000000000011 R14=000000000000c040 R15=0000000000000000
RIP=000000003e6d3862 RFL=00000206 [-----P-] CPL=0 II=0 A20=1 SMM=0 HLT=0
ES =0030 0000000000000000 ffffffff 00cf9300 DPL=0 DS   [-WA]
CS =0038 0000000000000000 ffffffff 00af9a00 DPL=0 CS64 [-R-]
SS =0030 0000000000000000 ffffffff 00cf9300 DPL=0 DS   [-WA]
DS =0030 0000000000000000 ffffffff 00cf9300 DPL=0 DS   [-WA]
FS =0030 0000000000000000 ffffffff 00cf9300 DPL=0 DS   [-WA]
GS =0030 0000000000000000 ffffffff 00cf9300 DPL=0 DS   [-WA]
LDT=0000 0000000000000000 0000ffff 00008200 DPL=0 LDT
TR =0000 0000000000000000 0000ffff 00008b00 DPL=0 TSS64-busy
GDT=     000000003f5dc000 00000047
IDT=     000000003efa3018 00000fff
CR0=80010033 CR2=0000000000000000 CR3=000000003f801000 CR4=00000668
DR0=0000000000000000 DR1=0000000000000000 DR2=0000000000000000 DR3=0000000000000000 
DR6=00000000ffff0ff0 DR7=0000000000000400
CCS=0000000000000004 CCD=000000000000304d CCO=EFLAGS
EFER=0000000000000d00
Servicing hardware INT=0x20
   117: v=20 e=0000 i=0 cpl=0 IP=0038:000000003e6d3862 pc=000000003e6d3862 SP=0030:000000003fe650a0 env->regs[R_EAX]=00000000000000a2
RAX=00000000000000a2 RBX=0000000000000064 RCX=000000000000b008 RDX=00000000007e9396
RSI=00000000007e9438 RDI=000000003e5b40d4 RBP=000000003fe650d0 RSP=000000003fe650a0
R8 =000000003fe650bf R9 =000000000000c042 R10=0000000000000000 R11=0000000000000000
R12=000000000004bac5 R13=0000000000000011 R14=000000000000c040 R15=0000000000000000
RIP=000000003e6d3862 RFL=00000202 [-------] CPL=0 II=0 A20=1 SMM=0 HLT=0
ES =0030 0000000000000000 ffffffff 00cf9300 DPL=0 DS   [-WA]
CS =0038 0000000000000000 ffffffff 00af9a00 DPL=0 CS64 [-R-]
SS =0030 0000000000000000 ffffffff 00cf9300 DPL=0 DS   [-WA]
DS =0030 0000000000000000 ffffffff 00cf9300 DPL=0 DS   [-WA]
FS =0030 0000000000000000 ffffffff 00cf9300 DPL=0 DS   [-WA]
GS =0030 0000000000000000 ffffffff 00cf9300 DPL=0 DS   [-WA]
LDT=0000 0000000000000000 0000ffff 00008200 DPL=0 LDT
TR =0000 0000000000000000 0000ffff 00008b00 DPL=0 TSS64-busy
GDT=     000000003f5dc000 00000047
IDT=     000000003efa3018 00000fff
CR0=80010033 CR2=0000000000000000 CR3=000000003f801000 CR4=00000668
DR0=0000000000000000 DR1=0000000000000000 DR2=0000000000000000 DR3=0000000000000000 
DR6=00000000ffff0ff0 DR7=0000000000000400
CCS=0000000000000000 CCD=00000000000000a2 CCO=EFLAGS
EFER=0000000000000d00
Servicing hardware INT=0x20
   118: v=20 e=0000 i=0 cpl=0 IP=0038:000000003e6d3862 pc=000000003e6d3862 SP=0030:000000003fe650a0 env->regs[R_EAX]=0000000000002afb
RAX=0000000000002afb RBX=0000000000002710 RCX=000000000000b008 RDX=00000000007f2734
RSI=00000000007f522f RDI=000000003e5b40d4 RBP=000000003fe650d0 RSP=000000003fe650a0
R8 =000000003fe650f0 R9 =00000000000003f6 R10=0000000000000000 R11=0000000000000000
R12=000000000000c042 R13=0000000000000011 R14=000000000000c040 R15=0000000000000000
RIP=000000003e6d3862 RFL=00000202 [-------] CPL=0 II=0 A20=1 SMM=0 HLT=0
ES =0030 0000000000000000 ffffffff 00cf9300 DPL=0 DS   [-WA]
CS =0038 0000000000000000 ffffffff 00af9a00 DPL=0 CS64 [-R-]
SS =0030 0000000000000000 ffffffff 00cf9300 DPL=0 DS   [-WA]
DS =0030 0000000000000000 ffffffff 00cf9300 DPL=0 DS   [-WA]
FS =0030 0000000000000000 ffffffff 00cf9300 DPL=0 DS   [-WA]
GS =0030 0000000000000000 ffffffff 00cf9300 DPL=0 DS   [-WA]
LDT=0000 0000000000000000 0000ffff 00008200 DPL=0 LDT
TR =0000 0000000000000000 0000ffff 00008b00 DPL=0 TSS64-busy
GDT=     000000003f5dc000 00000047
IDT=     000000003efa3018 00000fff
CR0=80010033 CR2=0000000000000000 CR3=000000003f801000 CR4=00000668
DR0=0000000000000000 DR1=0000000000000000 DR2=0000000000000000 DR3=0000000000000000 
DR6=00000000ffff0ff0 DR7=0000000000000400
CCS=0000000000000000 CCD=0000000000002afb CCO=EFLAGS
EFER=0000000000000d00
Servicing hardware INT=0x20
   119: v=20 e=0000 i=0 cpl=0 IP=0038:000000003e6d3862 pc=000000003e6d3862 SP=0030:000000003fe650a0 env->regs[R_EAX]=00000000000000ed
RAX=00000000000000ed RBX=0000000000000064 RCX=000000000000b008 RDX=00000000007faacb
RSI=00000000007fabb8 RDI=000000003e5b40d4 RBP=000000003fe650d0 RSP=000000003fe650a0
R8 =000000003fe650bf R9 =000000000000c042 R10=0000000000000000 R11=0000000000000000
R12=000000000004bac4 R13=0000000000000011 R14=000000000000c040 R15=0000000000000000
RIP=000000003e6d3862 RFL=00000206 [-----P-] CPL=0 II=0 A20=1 SMM=0 HLT=0
ES =0030 0000000000000000 ffffffff 00cf9300 DPL=0 DS   [-WA]
CS =0038 0000000000000000 ffffffff 00af9a00 DPL=0 CS64 [-R-]
SS =0030 0000000000000000 ffffffff 00cf9300 DPL=0 DS   [-WA]
DS =0030 0000000000000000 ffffffff 00cf9300 DPL=0 DS   [-WA]
FS =0030 0000000000000000 ffffffff 00cf9300 DPL=0 DS   [-WA]
GS =0030 0000000000000000 ffffffff 00cf9300 DPL=0 DS   [-WA]
LDT=0000 0000000000000000 0000ffff 00008200 DPL=0 LDT
TR =0000 0000000000000000 0000ffff 00008b00 DPL=0 TSS64-busy
GDT=     000000003f5dc000 00000047
IDT=     000000003efa3018 00000fff
CR0=80010033 CR2=0000000000000000 CR3=000000003f801000 CR4=00000668
DR0=0000000000000000 DR1=0000000000000000 DR2=0000000000000000 DR3=0000000000000000 
DR6=00000000ffff0ff0 DR7=0000000000000400
CCS=0000000000000004 CCD=00000000000000ed CCO=EFLAGS
EFER=0000000000000d00
Servicing hardware INT=0x20
   120: v=20 e=0000 i=0 cpl=0 IP=0038:000000003e6d3862 pc=000000003e6d3862 SP=0030:000000003fe650a0 env->regs[R_EAX]=0000000000001a1f
RAX=0000000000001a1f RBX=0000000000002710 RCX=000000000000b008 RDX=0000000000804d29
RSI=0000000000806748 RDI=000000003e5b40d4 RBP=000000003fe650d0 RSP=000000003fe650a0
R8 =000000003fe650f0 R9 =00000000000003f6 R10=0000000000000000 R11=0000000000000000
R12=000000000000c042 R13=0000000000000011 R14=000000000000c040 R15=0000000000000000
RIP=000000003e6d3862 RFL=00000202 [-------] CPL=0 II=0 A20=1 SMM=0 HLT=0
ES =0030 0000000000000000 ffffffff 00cf9300 DPL=0 DS   [-WA]
CS =0038 0000000000000000 ffffffff 00af9a00 DPL=0 CS64 [-R-]
SS =0030 0000000000000000 ffffffff 00cf9300 DPL=0 DS   [-WA]
DS =0030 0000000000000000 ffffffff 00cf9300 DPL=0 DS   [-WA]
FS =0030 0000000000000000 ffffffff 00cf9300 DPL=0 DS   [-WA]
GS =0030 0000000000000000 ffffffff 00cf9300 DPL=0 DS   [-WA]
LDT=0000 0000000000000000 0000ffff 00008200 DPL=0 LDT
TR =0000 0000000000000000 0000ffff 00008b00 DPL=0 TSS64-busy
GDT=     000000003f5dc000 00000047
IDT=     000000003efa3018 00000fff
CR0=80010033 CR2=0000000000000000 CR3=000000003f801000 CR4=00000668
DR0=0000000000000000 DR1=0000000000000000 DR2=0000000000000000 DR3=0000000000000000 
DR6=00000000ffff0ff0 DR7=0000000000000400
CCS=0000000000000000 CCD=0000000000001a1f CCO=EFLAGS
EFER=0000000000000d00
Servicing hardware INT=0x20
   121: v=20 e=0000 i=0 cpl=0 IP=0038:000000003fe6662e pc=000000003fe6662e SP=0030:000000003fe65630 env->regs[R_EAX]=000000003e664b98
RAX=000000003e664b98 RBX=000000003e664ba0 RCX=0000000000000010 RDX=000000003fe8a110
RSI=000000003e663158 RDI=000000003e7a7d98 RBP=000000003fe65650 RSP=000000003fe65630
R8 =000000003fe65798 R9 =000000003f4ecf98 R10=000000003fe8afc0 R11=000000003e73d980
R12=000000003e7a7d98 R13=000000003fe8a250 R14=000000003fe844d1 R15=000000003fe8a110
RIP=000000003fe6662e RFL=00000246 [---Z-P-] CPL=0 II=0 A20=1 SMM=0 HLT=0
ES =0030 0000000000000000 ffffffff 00cf9300 DPL=0 DS   [-WA]
CS =0038 0000000000000000 ffffffff 00af9a00 DPL=0 CS64 [-R-]
SS =0030 0000000000000000 ffffffff 00cf9300 DPL=0 DS   [-WA]
DS =0030 0000000000000000 ffffffff 00cf9300 DPL=0 DS   [-WA]
FS =0030 0000000000000000 ffffffff 00cf9300 DPL=0 DS   [-WA]
GS =0030 0000000000000000 ffffffff 00cf9300 DPL=0 DS   [-WA]
LDT=0000 0000000000000000 0000ffff 00008200 DPL=0 LDT
TR =0000 0000000000000000 0000ffff 00008b00 DPL=0 TSS64-busy
GDT=     000000003f5dc000 00000047
IDT=     000000003efa3018 00000fff
CR0=80010033 CR2=0000000000000000 CR3=000000003f801000 CR4=00000668
DR0=0000000000000000 DR1=0000000000000000 DR2=0000000000000000 DR3=0000000000000000 
DR6=00000000ffff0ff0 DR7=0000000000000400
CCS=0000000000000044 CCD=0000000000000000 CCO=EFLAGS
EFER=0000000000000d00
Servicing hardware INT=0x20
   122: v=20 e=0000 i=0 cpl=0 IP=0038:000000003fe69c5d pc=000000003fe69c5d SP=0030:000000003fe65a20 env->regs[R_EAX]=000000000000001a
RAX=000000000000001a RBX=0000000000000000 RCX=0000000000000010 RDX=000000000000000c
RSI=000000003eb45618 RDI=0000000000000027 RBP=000000003fe65b10 RSP=000000003fe65a20
R8 =000000000000000b R9 =000000000000000a R10=0000000000000028 R11=000000003e726360
R12=000000003e4add18 R13=0000000000000000 R14=000000000000000b R15=0000000000000028
RIP=000000003fe69c5d RFL=00000202 [-------] CPL=0 II=0 A20=1 SMM=0 HLT=0
ES =0030 0000000000000000 ffffffff 00cf9300 DPL=0 DS   [-WA]
CS =0038 0000000000000000 ffffffff 00af9a00 DPL=0 CS64 [-R-]
SS =0030 0000000000000000 ffffffff 00cf9300 DPL=0 DS   [-WA]
DS =0030 0000000000000000 ffffffff 00cf9300 DPL=0 DS   [-WA]
FS =0030 0000000000000000 ffffffff 00cf9300 DPL=0 DS   [-WA]
GS =0030 0000000000000000 ffffffff 00cf9300 DPL=0 DS   [-WA]
LDT=0000 0000000000000000 0000ffff 00008200 DPL=0 LDT
TR =0000 0000000000000000 0000ffff 00008b00 DPL=0 TSS64-busy
GDT=     000000003f5dc000 00000047
IDT=     000000003efa3018 00000fff
CR0=80010033 CR2=0000000000000000 CR3=000000003f801000 CR4=00000668
DR0=0000000000000000 DR1=0000000000000000 DR2=0000000000000000 DR3=0000000000000000 
DR6=00000000ffff0ff0 DR7=0000000000000400
CCS=0000000000000000 CCD=0000000000000001 CCO=EFLAGS
EFER=0000000000000d00
Servicing hardware INT=0x20
   123: v=20 e=0000 i=0 cpl=0 IP=0038:000000003fe66601 pc=000000003fe66601 SP=0030:000000003fe65900 env->regs[R_EAX]=000000003e749998
RAX=000000003e749998 RBX=000000003e749a20 RCX=0000000000000010 RDX=000000003e6f2910
RSI=000000003eb74698 RDI=000000003eb74698 RBP=000000003fe65920 RSP=000000003fe65900
R8 =000000003fe659e8 R9 =000000003e74bb98 R10=000000003fe8afc0 R11=000000003e73d980
R12=000000003eb74698 R13=000000003fe8a250 R14=000000003fe844d1 R15=000000003e6f2910
RIP=000000003fe66601 RFL=00000283 [--S---C] CPL=0 II=0 A20=1 SMM=0 HLT=0
ES =0030 0000000000000000 ffffffff 00cf9300 DPL=0 DS   [-WA]
CS =0038 0000000000000000 ffffffff 00af9a00 DPL=0 CS64 [-R-]
SS =0030 0000000000000000 ffffffff 00cf9300 DPL=0 DS   [-WA]
DS =0030 0000000000000000 ffffffff 00cf9300 DPL=0 DS   [-WA]
FS =0030 0000000000000000 ffffffff 00cf9300 DPL=0 DS   [-WA]
GS =0030 0000000000000000 ffffffff 00cf9300 DPL=0 DS   [-WA]
LDT=0000 0000000000000000 0000ffff 00008200 DPL=0 LDT
TR =0000 0000000000000000 0000ffff 00008b00 DPL=0 TSS64-busy
GDT=     000000003f5dc000 00000047
IDT=     000000003efa3018 00000fff
CR0=80010033 CR2=0000000000000000 CR3=000000003f801000 CR4=00000668
DR0=0000000000000000 DR1=0000000000000000 DR2=0000000000000000 DR3=0000000000000000 
DR6=00000000ffff0ff0 DR7=0000000000000400
CCS=0000000000000081 CCD=fffffffffe8bf7d0 CCO=EFLAGS
EFER=0000000000000d00
Servicing hardware INT=0x20
   124: v=20 e=0000 i=0 cpl=0 IP=0038:000000003f6cea4c pc=000000003f6cea4c SP=0030:000000003fe65380 env->regs[R_EAX]=00000000000000ff
RAX=00000000000000ff RBX=0000000000000000 RCX=0000000000000000 RDX=000000003eac2018
RSI=000000003f5cc398 RDI=000000003eb02018 RBP=000000003fe65450 RSP=000000003fe65380
R8 =00000000000000ff R9 =0000000000000000 R10=000000003ea42c58 R11=000000003e73d980
R12=000000003fe654b0 R13=000000003fe654b0 R14=0000000000000000 R15=000000003eac2018
RIP=000000003f6cea4c RFL=00000202 [-------] CPL=0 II=0 A20=1 SMM=0 HLT=0
ES =0030 0000000000000000 ffffffff 00cf9300 DPL=0 DS   [-WA]
CS =0038 0000000000000000 ffffffff 00af9a00 DPL=0 CS64 [-R-]
SS =0030 0000000000000000 ffffffff 00cf9300 DPL=0 DS   [-WA]
DS =0030 0000000000000000 ffffffff 00cf9300 DPL=0 DS   [-WA]
FS =0030 0000000000000000 ffffffff 00cf9300 DPL=0 DS   [-WA]
GS =0030 0000000000000000 ffffffff 00cf9300 DPL=0 DS   [-WA]
LDT=0000 0000000000000000 0000ffff 00008200 DPL=0 LDT
TR =0000 0000000000000000 0000ffff 00008b00 DPL=0 TSS64-busy
GDT=     000000003f5dc000 00000047
IDT=     000000003efa3018 00000fff
CR0=80010033 CR2=0000000000000000 CR3=000000003f801000 CR4=00000668
DR0=0000000000000000 DR1=0000000000000000 DR2=0000000000000000 DR3=0000000000000000 
DR6=00000000ffff0ff0 DR7=0000000000000400
CCS=0000000000000000 CCD=000000003fe65370 CCO=EFLAGS
EFER=0000000000000d00
Servicing hardware INT=0x20
   125: v=20 e=0000 i=0 cpl=0 IP=0038:000000003e6d3862 pc=000000003e6d3862 SP=0030:000000003fe651b0 env->regs[R_EAX]=00000000000004e7
RAX=00000000000004e7 RBX=0000000000000190 RCX=000000000000b008 RDX=00000000008304b8
RSI=000000000083099f RDI=000000003fe65308 RBP=000000003fe651e0 RSP=000000003fe651b0
R8 =000000003fe65200 R9 =0000000000000177 R10=0000000000000000 R11=0000000000000000
R12=00000000000493e1 R13=0000000000000000 R14=000000003e5b40a0 R15=00000000ffffff00
RIP=000000003e6d3862 RFL=00000206 [-----P-] CPL=0 II=0 A20=1 SMM=0 HLT=0
ES =0030 0000000000000000 ffffffff 00cf9300 DPL=0 DS   [-WA]
CS =0038 0000000000000000 ffffffff 00af9a00 DPL=0 CS64 [-R-]
SS =0030 0000000000000000 ffffffff 00cf9300 DPL=0 DS   [-WA]
DS =0030 0000000000000000 ffffffff 00cf9300 DPL=0 DS   [-WA]
FS =0030 0000000000000000 ffffffff 00cf9300 DPL=0 DS   [-WA]
GS =0030 0000000000000000 ffffffff 00cf9300 DPL=0 DS   [-WA]
LDT=0000 0000000000000000 0000ffff 00008200 DPL=0 LDT
TR =0000 0000000000000000 0000ffff 00008b00 DPL=0 TSS64-busy
GDT=     000000003f5dc000 00000047
IDT=     000000003efa3018 00000fff
CR0=80010033 CR2=0000000000000000 CR3=000000003f801000 CR4=00000668
DR0=0000000000000000 DR1=0000000000000000 DR2=0000000000000000 DR3=0000000000000000 
DR6=00000000ffff0ff0 DR7=0000000000000400
CCS=0000000000000004 CCD=00000000000004e7 CCO=EFLAGS
EFER=0000000000000d00
Servicing hardware INT=0x20
   126: v=20 e=0000 i=0 cpl=0 IP=0038:000000003e6d3862 pc=000000003e6d3862 SP=0030:000000003fe65140 env->regs[R_EAX]=000000000000501d
RAX=000000000000501d RBX=0000000000002710 RCX=000000000000b008 RDX=000000000083897c
RSI=000000000083d999 RDI=000000003e5b40d4 RBP=000000003fe65170 RSP=000000003fe65140
R8 =000000003fe65190 R9 =00000000000003f6 R10=0000000000000000 R11=0000000000000000
R12=000000000000c042 R13=0000000000000011 R14=000000000000c040 R15=0000000000000000
RIP=000000003e6d3862 RFL=00000206 [-----P-] CPL=0 II=0 A20=1 SMM=0 HLT=0
ES =0030 0000000000000000 ffffffff 00cf9300 DPL=0 DS   [-WA]
CS =0038 0000000000000000 ffffffff 00af9a00 DPL=0 CS64 [-R-]
SS =0030 0000000000000000 ffffffff 00cf9300 DPL=0 DS   [-WA]
DS =0030 0000000000000000 ffffffff 00cf9300 DPL=0 DS   [-WA]
FS =0030 0000000000000000 ffffffff 00cf9300 DPL=0 DS   [-WA]
GS =0030 0000000000000000 ffffffff 00cf9300 DPL=0 DS   [-WA]
LDT=0000 0000000000000000 0000ffff 00008200 DPL=0 LDT
TR =0000 0000000000000000 0000ffff 00008b00 DPL=0 TSS64-busy
GDT=     000000003f5dc000 00000047
IDT=     000000003efa3018 00000fff
CR0=80010033 CR2=0000000000000000 CR3=000000003f801000 CR4=00000668
DR0=0000000000000000 DR1=0000000000000000 DR2=0000000000000000 DR3=0000000000000000 
DR6=00000000ffff0ff0 DR7=0000000000000400
CCS=0000000000000004 CCD=000000000000501d CCO=EFLAGS
EFER=0000000000000d00
Servicing hardware INT=0x20
   127: v=20 e=0000 i=0 cpl=0 IP=0038:000000003e6d3862 pc=000000003e6d3862 SP=0030:000000003fe64f90 env->regs[R_EAX]=0000000000005eba
RAX=0000000000005eba RBX=0000000000002710 RCX=000000000000b008 RDX=0000000000841719
RSI=00000000008475d3 RDI=000000003e5b40d4 RBP=000000003fe64fc0 RSP=000000003fe64f90
R8 =000000003fe64fe0 R9 =00000000000003f6 R10=0000000000000000 R11=0000000000000000
R12=000000000000c042 R13=0000000000000011 R14=000000000000c040 R15=0000000000000000
RIP=000000003e6d3862 RFL=00000202 [-------] CPL=0 II=0 A20=1 SMM=0 HLT=0
ES =0030 0000000000000000 ffffffff 00cf9300 DPL=0 DS   [-WA]
CS =0038 0000000000000000 ffffffff 00af9a00 DPL=0 CS64 [-R-]
SS =0030 0000000000000000 ffffffff 00cf9300 DPL=0 DS   [-WA]
DS =0030 0000000000000000 ffffffff 00cf9300 DPL=0 DS   [-WA]
FS =0030 0000000000000000 ffffffff 00cf9300 DPL=0 DS   [-WA]
GS =0030 0000000000000000 ffffffff 00cf9300 DPL=0 DS   [-WA]
LDT=0000 0000000000000000 0000ffff 00008200 DPL=0 LDT
TR =0000 0000000000000000 0000ffff 00008b00 DPL=0 TSS64-busy
GDT=     000000003f5dc000 00000047
IDT=     000000003efa3018 00000fff
CR0=80010033 CR2=0000000000000000 CR3=000000003f801000 CR4=00000668
DR0=0000000000000000 DR1=0000000000000000 DR2=0000000000000000 DR3=0000000000000000 
DR6=00000000ffff0ff0 DR7=0000000000000400
CCS=0000000000000000 CCD=0000000000005eba CCO=EFLAGS
EFER=0000000000000d00
Servicing hardware INT=0x20
   128: v=20 e=0000 i=0 cpl=0 IP=0038:000000003e6d3862 pc=000000003e6d3862 SP=0030:000000003fe64f90 env->regs[R_EAX]=000000000000741a
RAX=000000000000741a RBX=0000000000002710 RCX=000000000000b008 RDX=0000000000849bc0
RSI=0000000000850fda RDI=000000003e5b40d4 RBP=000000003fe64fc0 RSP=000000003fe64f90
R8 =000000003fe64fe0 R9 =00000000000003f6 R10=0000000000000000 R11=0000000000000000
R12=000000000000c042 R13=0000000000000011 R14=000000000000c040 R15=0000000000000000
RIP=000000003e6d3862 RFL=00000202 [-------] CPL=0 II=0 A20=1 SMM=0 HLT=0
ES =0030 0000000000000000 ffffffff 00cf9300 DPL=0 DS   [-WA]
CS =0038 0000000000000000 ffffffff 00af9a00 DPL=0 CS64 [-R-]
SS =0030 0000000000000000 ffffffff 00cf9300 DPL=0 DS   [-WA]
DS =0030 0000000000000000 ffffffff 00cf9300 DPL=0 DS   [-WA]
FS =0030 0000000000000000 ffffffff 00cf9300 DPL=0 DS   [-WA]
GS =0030 0000000000000000 ffffffff 00cf9300 DPL=0 DS   [-WA]
LDT=0000 0000000000000000 0000ffff 00008200 DPL=0 LDT
TR =0000 0000000000000000 0000ffff 00008b00 DPL=0 TSS64-busy
GDT=     000000003f5dc000 00000047
IDT=     000000003efa3018 00000fff
CR0=80010033 CR2=0000000000000000 CR3=000000003f801000 CR4=00000668
DR0=0000000000000000 DR1=0000000000000000 DR2=0000000000000000 DR3=0000000000000000 
DR6=00000000ffff0ff0 DR7=0000000000000400
CCS=0000000000000000 CCD=000000000000741a CCO=EFLAGS
EFER=0000000000000d00
Servicing hardware INT=0x20
   129: v=20 e=0000 i=0 cpl=0 IP=0038:000000003e6d3862 pc=000000003e6d3862 SP=0030:000000003fe65130 env->regs[R_EAX]=0000000000007999
RAX=0000000000007999 RBX=0000000000002710 RCX=000000000000b008 RDX=0000000000852ef0
RSI=000000000085a889 RDI=000000003e5b40d4 RBP=000000003fe65160 RSP=000000003fe65130
R8 =000000003fe65180 R9 =00000000000003f6 R10=0000000000000000 R11=0000000000000000
R12=000000000000c042 R13=0000000000000011 R14=000000000000c040 R15=0000000000000000
RIP=000000003e6d3862 RFL=00000206 [-----P-] CPL=0 II=0 A20=1 SMM=0 HLT=0
ES =0030 0000000000000000 ffffffff 00cf9300 DPL=0 DS   [-WA]
CS =0038 0000000000000000 ffffffff 00af9a00 DPL=0 CS64 [-R-]
SS =0030 0000000000000000 ffffffff 00cf9300 DPL=0 DS   [-WA]
DS =0030 0000000000000000 ffffffff 00cf9300 DPL=0 DS   [-WA]
FS =0030 0000000000000000 ffffffff 00cf9300 DPL=0 DS   [-WA]
GS =0030 0000000000000000 ffffffff 00cf9300 DPL=0 DS   [-WA]
LDT=0000 0000000000000000 0000ffff 00008200 DPL=0 LDT
TR =0000 0000000000000000 0000ffff 00008b00 DPL=0 TSS64-busy
GDT=     000000003f5dc000 00000047
IDT=     000000003efa3018 00000fff
CR0=80010033 CR2=0000000000000000 CR3=000000003f801000 CR4=00000668
DR0=0000000000000000 DR1=0000000000000000 DR2=0000000000000000 DR3=0000000000000000 
DR6=00000000ffff0ff0 DR7=0000000000000400
CCS=0000000000000004 CCD=0000000000007999 CCO=EFLAGS
EFER=0000000000000d00
Servicing hardware INT=0x20
   130: v=20 e=0000 i=0 cpl=0 IP=0038:000000003fe773bb pc=000000003fe773bb SP=0030:000000003fe65598 env->regs[R_EAX]=00000000090cc000
RAX=00000000090cc000 RBX=000000003eb52fa0 RCX=000000003eb52fb0 RDX=000000003fe8a140
RSI=0000000000000000 RDI=000000003fe8a140 RBP=000000003fe65600 RSP=000000003fe65598
R8 =0000000000000000 R9 =000000003fe657b0 R10=0000000000000000 R11=0000000000000005
R12=000000003eb52f98 R13=0000000000000000 R14=000000003fe8a0e0 R15=000000003fe844d1
RIP=000000003fe773bb RFL=00000206 [-----P-] CPL=0 II=0 A20=1 SMM=0 HLT=0
ES =0030 0000000000000000 ffffffff 00cf9300 DPL=0 DS   [-WA]
CS =0038 0000000000000000 ffffffff 00af9a00 DPL=0 CS64 [-R-]
SS =0030 0000000000000000 ffffffff 00cf9300 DPL=0 DS   [-WA]
DS =0030 0000000000000000 ffffffff 00cf9300 DPL=0 DS   [-WA]
FS =0030 0000000000000000 ffffffff 00cf9300 DPL=0 DS   [-WA]
GS =0030 0000000000000000 ffffffff 00cf9300 DPL=0 DS   [-WA]
LDT=0000 0000000000000000 0000ffff 00008200 DPL=0 LDT
TR =0000 0000000000000000 0000ffff 00008b00 DPL=0 TSS64-busy
GDT=     000000003f5dc000 00000047
IDT=     000000003efa3018 00000fff
CR0=80010033 CR2=0000000000000000 CR3=000000003f801000 CR4=00000668
DR0=0000000000000000 DR1=0000000000000000 DR2=0000000000000000 DR3=0000000000000000 
DR6=00000000ffff0ff0 DR7=0000000000000400
CCS=0000000000000004 CCD=000000003fe655a0 CCO=EFLAGS
EFER=0000000000000d00
Servicing hardware INT=0x20
   131: v=20 e=0000 i=0 cpl=0 IP=0038:000000003eb55171 pc=000000003eb55171 SP=0030:000000003fe656f0 env->regs[R_EAX]=0000000000000b18
RAX=0000000000000b18 RBX=0000000000864459 RCX=000000000000b008 RDX=0000000000863941
RSI=000000000000000d RDI=0000000000000dfb RBP=000000003fe65700 RSP=000000003fe656f0
R8 =000000003fe6579c R9 =0000000000000030 R10=000000003e425c00 R11=000000003e4260d0
R12=0000000000000000 R13=000000003e427ef8 R14=0000000000000004 R15=000000003e427f18
RIP=000000003eb55171 RFL=00000206 [-----P-] CPL=0 II=0 A20=1 SMM=0 HLT=0
ES =0030 0000000000000000 ffffffff 00cf9300 DPL=0 DS   [-WA]
CS =0038 0000000000000000 ffffffff 00af9a00 DPL=0 CS64 [-R-]
SS =0030 0000000000000000 ffffffff 00cf9300 DPL=0 DS   [-WA]
DS =0030 0000000000000000 ffffffff 00cf9300 DPL=0 DS   [-WA]
FS =0030 0000000000000000 ffffffff 00cf9300 DPL=0 DS   [-WA]
GS =0030 0000000000000000 ffffffff 00cf9300 DPL=0 DS   [-WA]
LDT=0000 0000000000000000 0000ffff 00008200 DPL=0 LDT
TR =0000 0000000000000000 0000ffff 00008b00 DPL=0 TSS64-busy
GDT=     000000003f5dc000 00000047
IDT=     000000003efa3018 00000fff
CR0=80010033 CR2=0000000000000000 CR3=000000003f801000 CR4=00000668
DR0=0000000000000000 DR1=0000000000000000 DR2=0000000000000000 DR3=0000000000000000 
DR6=00000000ffff0ff0 DR7=0000000000000400
CCS=0000000000000004 CCD=0000000000000b18 CCO=EFLAGS
EFER=0000000000000d00
Servicing hardware INT=0x20
   132: v=20 e=0000 i=0 cpl=0 IP=0038:000000003eb55171 pc=000000003eb55171 SP=0030:000000003fe656f0 env->regs[R_EAX]=0000000000000415
RAX=0000000000000415 RBX=000000000086d09c RCX=000000000000b008 RDX=000000000086cc87
RSI=000000000000000d RDI=0000000000000dfb RBP=000000003fe65700 RSP=000000003fe656f0
R8 =000000003fe6579c R9 =0000000000000030 R10=000000003e425c00 R11=000000003e4260d0
R12=0000000000000000 R13=000000003e427ef8 R14=0000000000000004 R15=000000003e427f18
RIP=000000003eb55171 RFL=00000202 [-------] CPL=0 II=0 A20=1 SMM=0 HLT=0
ES =0030 0000000000000000 ffffffff 00cf9300 DPL=0 DS   [-WA]
CS =0038 0000000000000000 ffffffff 00af9a00 DPL=0 CS64 [-R-]
SS =0030 0000000000000000 ffffffff 00cf9300 DPL=0 DS   [-WA]
DS =0030 0000000000000000 ffffffff 00cf9300 DPL=0 DS   [-WA]
FS =0030 0000000000000000 ffffffff 00cf9300 DPL=0 DS   [-WA]
GS =0030 0000000000000000 ffffffff 00cf9300 DPL=0 DS   [-WA]
LDT=0000 0000000000000000 0000ffff 00008200 DPL=0 LDT
TR =0000 0000000000000000 0000ffff 00008b00 DPL=0 TSS64-busy
GDT=     000000003f5dc000 00000047
IDT=     000000003efa3018 00000fff
CR0=80010033 CR2=0000000000000000 CR3=000000003f801000 CR4=00000668
DR0=0000000000000000 DR1=0000000000000000 DR2=0000000000000000 DR3=0000000000000000 
DR6=00000000ffff0ff0 DR7=0000000000000400
CCS=0000000000000000 CCD=0000000000000415 CCO=EFLAGS
EFER=0000000000000d00
Servicing hardware INT=0x20
   133: v=20 e=0000 i=0 cpl=0 IP=0038:000000003eb55171 pc=000000003eb55171 SP=0030:000000003fe656f0 env->regs[R_EAX]=0000000000000dfb
RAX=0000000000000dfb RBX=0000000000876db5 RCX=000000000000b008 RDX=0000000000875fba
RSI=000000000000000d RDI=0000000000000dfb RBP=000000003fe65700 RSP=000000003fe656f0
R8 =000000003fe6579c R9 =0000000000000030 R10=000000003e425c00 R11=000000003e4260d0
R12=0000000000000000 R13=000000003e427ef8 R14=0000000000000004 R15=000000003e427f18
RIP=000000003eb55171 RFL=00000202 [-------] CPL=0 II=0 A20=1 SMM=0 HLT=0
ES =0030 0000000000000000 ffffffff 00cf9300 DPL=0 DS   [-WA]
CS =0038 0000000000000000 ffffffff 00af9a00 DPL=0 CS64 [-R-]
SS =0030 0000000000000000 ffffffff 00cf9300 DPL=0 DS   [-WA]
DS =0030 0000000000000000 ffffffff 00cf9300 DPL=0 DS   [-WA]
FS =0030 0000000000000000 ffffffff 00cf9300 DPL=0 DS   [-WA]
GS =0030 0000000000000000 ffffffff 00cf9300 DPL=0 DS   [-WA]
LDT=0000 0000000000000000 0000ffff 00008200 DPL=0 LDT
TR =0000 0000000000000000 0000ffff 00008b00 DPL=0 TSS64-busy
GDT=     000000003f5dc000 00000047
IDT=     000000003efa3018 00000fff
CR0=80010033 CR2=0000000000000000 CR3=000000003f801000 CR4=00000668
DR0=0000000000000000 DR1=0000000000000000 DR2=0000000000000000 DR3=0000000000000000 
DR6=00000000ffff0ff0 DR7=0000000000000400
CCS=0000000000000000 CCD=0000000000000dfb CCO=EFLAGS
EFER=0000000000000d00
Servicing hardware INT=0x20
   134: v=20 e=0000 i=0 cpl=0 IP=0038:000000003eb55171 pc=000000003eb55171 SP=0030:000000003fe656f0 env->regs[R_EAX]=000000000000063e
RAX=000000000000063e RBX=000000000087ebb6 RCX=000000000000b008 RDX=000000000087e578
RSI=000000000000000d RDI=0000000000000dfb RBP=000000003fe65700 RSP=000000003fe656f0
R8 =000000003fe6579c R9 =0000000000000030 R10=000000003e425c00 R11=000000003e4260d0
R12=0000000000000000 R13=000000003e427ef8 R14=0000000000000004 R15=000000003e427f18
RIP=000000003eb55171 RFL=00000202 [-------] CPL=0 II=0 A20=1 SMM=0 HLT=0
ES =0030 0000000000000000 ffffffff 00cf9300 DPL=0 DS   [-WA]
CS =0038 0000000000000000 ffffffff 00af9a00 DPL=0 CS64 [-R-]
SS =0030 0000000000000000 ffffffff 00cf9300 DPL=0 DS   [-WA]
DS =0030 0000000000000000 ffffffff 00cf9300 DPL=0 DS   [-WA]
FS =0030 0000000000000000 ffffffff 00cf9300 DPL=0 DS   [-WA]
GS =0030 0000000000000000 ffffffff 00cf9300 DPL=0 DS   [-WA]
LDT=0000 0000000000000000 0000ffff 00008200 DPL=0 LDT
TR =0000 0000000000000000 0000ffff 00008b00 DPL=0 TSS64-busy
GDT=     000000003f5dc000 00000047
IDT=     000000003efa3018 00000fff
CR0=80010033 CR2=0000000000000000 CR3=000000003f801000 CR4=00000668
DR0=0000000000000000 DR1=0000000000000000 DR2=0000000000000000 DR3=0000000000000000 
DR6=00000000ffff0ff0 DR7=0000000000000400
CCS=0000000000000000 CCD=000000000000063e CCO=EFLAGS
EFER=0000000000000d00
Servicing hardware INT=0x20
   135: v=20 e=0000 i=0 cpl=0 IP=0038:000000003eb26bb9 pc=000000003eb26bb9 SP=0030:000000003fe65338 env->regs[R_EAX]=000000003eb19605
RAX=000000003eb19605 RBX=0000000000000002 RCX=000000003df59c13 RDX=000000003fe653f8
RSI=000000003df59c13 RDI=0000000000000000 RBP=000000003fe65390 RSP=000000003fe65338
R8 =0000000000000000 R9 =0000000000000000 R10=000000003e42afed R11=0000000000000d23
R12=000000003fe653f8 R13=000000003df59c13 R14=0000000000000000 R15=000000003df59c11
RIP=000000003eb26bb9 RFL=00000202 [-------] CPL=0 II=0 A20=1 SMM=0 HLT=0
ES =0030 0000000000000000 ffffffff 00cf9300 DPL=0 DS   [-WA]
CS =0038 0000000000000000 ffffffff 00af9a00 DPL=0 CS64 [-R-]
SS =0030 0000000000000000 ffffffff 00cf9300 DPL=0 DS   [-WA]
DS =0030 0000000000000000 ffffffff 00cf9300 DPL=0 DS   [-WA]
FS =0030 0000000000000000 ffffffff 00cf9300 DPL=0 DS   [-WA]
GS =0030 0000000000000000 ffffffff 00cf9300 DPL=0 DS   [-WA]
LDT=0000 0000000000000000 0000ffff 00008200 DPL=0 LDT
TR =0000 0000000000000000 0000ffff 00008b00 DPL=0 TSS64-busy
GDT=     000000003f5dc000 00000047
IDT=     000000003efa3018 00000fff
CR0=80010033 CR2=0000000000000000 CR3=000000003f801000 CR4=00000668
DR0=0000000000000000 DR1=0000000000000000 DR2=0000000000000000 DR3=0000000000000000 
DR6=00000000ffff0ff0 DR7=0000000000000400
CCS=0000000000000000 CCD=000000003fe65340 CCO=EFLAGS
EFER=0000000000000d00
Servicing hardware INT=0x20
   136: v=20 e=0000 i=0 cpl=0 IP=0038:000000003e6d3862 pc=000000003e6d3862 SP=0030:000000003fe64eb0 env->regs[R_EAX]=0000000000000036
RAX=0000000000000036 RBX=0000000000000064 RCX=000000000000b008 RDX=000000000088f0d4
RSI=000000000088f10a RDI=000000003e5b40d4 RBP=000000003fe64ee0 RSP=000000003fe64eb0
R8 =000000003fe64ecf R9 =000000000000c042 R10=0000000000000000 R11=0000000000000000
R12=000000000004bac1 R13=0000000000000011 R14=000000000000c040 R15=0000000000000000
RIP=000000003e6d3862 RFL=00000206 [-----P-] CPL=0 II=0 A20=1 SMM=0 HLT=0
ES =0030 0000000000000000 ffffffff 00cf9300 DPL=0 DS   [-WA]
CS =0038 0000000000000000 ffffffff 00af9a00 DPL=0 CS64 [-R-]
SS =0030 0000000000000000 ffffffff 00cf9300 DPL=0 DS   [-WA]
DS =0030 0000000000000000 ffffffff 00cf9300 DPL=0 DS   [-WA]
FS =0030 0000000000000000 ffffffff 00cf9300 DPL=0 DS   [-WA]
GS =0030 0000000000000000 ffffffff 00cf9300 DPL=0 DS   [-WA]
LDT=0000 0000000000000000 0000ffff 00008200 DPL=0 LDT
TR =0000 0000000000000000 0000ffff 00008b00 DPL=0 TSS64-busy
GDT=     000000003f5dc000 00000047
IDT=     000000003efa3018 00000fff
CR0=80010033 CR2=0000000000000000 CR3=000000003f801000 CR4=00000668
DR0=0000000000000000 DR1=0000000000000000 DR2=0000000000000000 DR3=0000000000000000 
DR6=00000000ffff0ff0 DR7=0000000000000400
CCS=0000000000000004 CCD=0000000000000036 CCO=EFLAGS
EFER=0000000000000d00
Servicing hardware INT=0x20
   137: v=20 e=0000 i=0 cpl=0 IP=0038:000000003e6d3862 pc=000000003e6d3862 SP=0030:000000003fe64eb0 env->regs[R_EAX]=0000000000000096
RAX=0000000000000096 RBX=0000000000000064 RCX=000000000000b008 RDX=00000000008994db
RSI=0000000000899571 RDI=000000003e5b40d4 RBP=000000003fe64ee0 RSP=000000003fe64eb0
R8 =000000003fe64ecf R9 =000000000000c042 R10=0000000000000000 R11=0000000000000000
R12=000000000004baf1 R13=0000000000000011 R14=000000000000c040 R15=0000000000000000
RIP=000000003e6d3862 RFL=00000206 [-----P-] CPL=0 II=0 A20=1 SMM=0 HLT=0
ES =0030 0000000000000000 ffffffff 00cf9300 DPL=0 DS   [-WA]
CS =0038 0000000000000000 ffffffff 00af9a00 DPL=0 CS64 [-R-]
SS =0030 0000000000000000 ffffffff 00cf9300 DPL=0 DS   [-WA]
DS =0030 0000000000000000 ffffffff 00cf9300 DPL=0 DS   [-WA]
FS =0030 0000000000000000 ffffffff 00cf9300 DPL=0 DS   [-WA]
GS =0030 0000000000000000 ffffffff 00cf9300 DPL=0 DS   [-WA]
LDT=0000 0000000000000000 0000ffff 00008200 DPL=0 LDT
TR =0000 0000000000000000 0000ffff 00008b00 DPL=0 TSS64-busy
GDT=     000000003f5dc000 00000047
IDT=     000000003efa3018 00000fff
CR0=80010033 CR2=0000000000000000 CR3=000000003f801000 CR4=00000668
DR0=0000000000000000 DR1=0000000000000000 DR2=0000000000000000 DR3=0000000000000000 
DR6=00000000ffff0ff0 DR7=0000000000000400
CCS=0000000000000004 CCD=0000000000000096 CCO=EFLAGS
EFER=0000000000000d00
Servicing hardware INT=0x20
   138: v=20 e=0000 i=0 cpl=0 IP=0038:000000003e6d3862 pc=000000003e6d3862 SP=0030:000000003fe64eb0 env->regs[R_EAX]=0000000000006d86
RAX=0000000000006d86 RBX=0000000000002710 RCX=000000000000b008 RDX=00000000008a0fc8
RSI=00000000008a7d4e RDI=000000003e5b40d4 RBP=000000003fe64ee0 RSP=000000003fe64eb0
R8 =000000003fe64f00 R9 =00000000000003f6 R10=0000000000000000 R11=0000000000000000
R12=000000000000c042 R13=0000000000000011 R14=000000000000c040 R15=0000000000000000
RIP=000000003e6d3862 RFL=00000202 [-------] CPL=0 II=0 A20=1 SMM=0 HLT=0
ES =0030 0000000000000000 ffffffff 00cf9300 DPL=0 DS   [-WA]
CS =0038 0000000000000000 ffffffff 00af9a00 DPL=0 CS64 [-R-]
SS =0030 0000000000000000 ffffffff 00cf9300 DPL=0 DS   [-WA]
DS =0030 0000000000000000 ffffffff 00cf9300 DPL=0 DS   [-WA]
FS =0030 0000000000000000 ffffffff 00cf9300 DPL=0 DS   [-WA]
GS =0030 0000000000000000 ffffffff 00cf9300 DPL=0 DS   [-WA]
LDT=0000 0000000000000000 0000ffff 00008200 DPL=0 LDT
TR =0000 0000000000000000 0000ffff 00008b00 DPL=0 TSS64-busy
GDT=     000000003f5dc000 00000047
IDT=     000000003efa3018 00000fff
CR0=80010033 CR2=0000000000000000 CR3=000000003f801000 CR4=00000668
DR0=0000000000000000 DR1=0000000000000000 DR2=0000000000000000 DR3=0000000000000000 
DR6=00000000ffff0ff0 DR7=0000000000000400
CCS=0000000000000000 CCD=0000000000006d86 CCO=EFLAGS
EFER=0000000000000d00
Servicing hardware INT=0x20
   139: v=20 e=0000 i=0 cpl=0 IP=0038:000000003e6d3862 pc=000000003e6d3862 SP=0030:000000003fe64eb0 env->regs[R_EAX]=0000000000000071
RAX=0000000000000071 RBX=0000000000000064 RCX=000000000000b008 RDX=00000000008a9751
RSI=00000000008a97c2 RDI=000000003e5b40d4 RBP=000000003fe64ee0 RSP=000000003fe64eb0
R8 =000000003fe64ecf R9 =000000000000c042 R10=0000000000000000 R11=0000000000000000
R12=000000000004bae9 R13=0000000000000011 R14=000000000000c040 R15=0000000000000000
RIP=000000003e6d3862 RFL=00000206 [-----P-] CPL=0 II=0 A20=1 SMM=0 HLT=0
ES =0030 0000000000000000 ffffffff 00cf9300 DPL=0 DS   [-WA]
CS =0038 0000000000000000 ffffffff 00af9a00 DPL=0 CS64 [-R-]
SS =0030 0000000000000000 ffffffff 00cf9300 DPL=0 DS   [-WA]
DS =0030 0000000000000000 ffffffff 00cf9300 DPL=0 DS   [-WA]
FS =0030 0000000000000000 ffffffff 00cf9300 DPL=0 DS   [-WA]
GS =0030 0000000000000000 ffffffff 00cf9300 DPL=0 DS   [-WA]
LDT=0000 0000000000000000 0000ffff 00008200 DPL=0 LDT
TR =0000 0000000000000000 0000ffff 00008b00 DPL=0 TSS64-busy
GDT=     000000003f5dc000 00000047
IDT=     000000003efa3018 00000fff
CR0=80010033 CR2=0000000000000000 CR3=000000003f801000 CR4=00000668
DR0=0000000000000000 DR1=0000000000000000 DR2=0000000000000000 DR3=0000000000000000 
DR6=00000000ffff0ff0 DR7=0000000000000400
CCS=0000000000000004 CCD=0000000000000071 CCO=EFLAGS
EFER=0000000000000d00
Servicing hardware INT=0x20
   140: v=20 e=0000 i=0 cpl=0 IP=0038:000000003e6d3862 pc=000000003e6d3862 SP=0030:000000003fe64eb0 env->regs[R_EAX]=0000000000006176
RAX=0000000000006176 RBX=0000000000002710 RCX=000000000000b008 RDX=00000000008b27ab
RSI=00000000008b8921 RDI=000000003e5b40d4 RBP=000000003fe64ee0 RSP=000000003fe64eb0
R8 =000000003fe64f00 R9 =00000000000003f6 R10=0000000000000000 R11=0000000000000000
R12=000000000000c042 R13=0000000000000011 R14=000000000000c040 R15=0000000000000000
RIP=000000003e6d3862 RFL=00000202 [-------] CPL=0 II=0 A20=1 SMM=0 HLT=0
ES =0030 0000000000000000 ffffffff 00cf9300 DPL=0 DS   [-WA]
CS =0038 0000000000000000 ffffffff 00af9a00 DPL=0 CS64 [-R-]
SS =0030 0000000000000000 ffffffff 00cf9300 DPL=0 DS   [-WA]
DS =0030 0000000000000000 ffffffff 00cf9300 DPL=0 DS   [-WA]
FS =0030 0000000000000000 ffffffff 00cf9300 DPL=0 DS   [-WA]
GS =0030 0000000000000000 ffffffff 00cf9300 DPL=0 DS   [-WA]
LDT=0000 0000000000000000 0000ffff 00008200 DPL=0 LDT
TR =0000 0000000000000000 0000ffff 00008b00 DPL=0 TSS64-busy
GDT=     000000003f5dc000 00000047
IDT=     000000003efa3018 00000fff
CR0=80010033 CR2=0000000000000000 CR3=000000003f801000 CR4=00000668
DR0=0000000000000000 DR1=0000000000000000 DR2=0000000000000000 DR3=0000000000000000 
DR6=00000000ffff0ff0 DR7=0000000000000400
CCS=0000000000000000 CCD=0000000000006176 CCO=EFLAGS
EFER=0000000000000d00
Servicing hardware INT=0x20
   141: v=20 e=0000 i=0 cpl=0 IP=0038:000000003e6d3862 pc=000000003e6d3862 SP=0030:000000003fe64ef0 env->regs[R_EAX]=00000000000000f9
RAX=00000000000000f9 RBX=0000000000000064 RCX=000000000000b008 RDX=00000000008baf1b
RSI=00000000008bb014 RDI=000000003e5b40d4 RBP=000000003fe64f20 RSP=000000003fe64ef0
R8 =000000003fe64f0f R9 =000000000000c042 R10=0000000000000000 R11=0000000000000000
R12=000000000004bae2 R13=0000000000000011 R14=000000000000c040 R15=0000000000000000
RIP=000000003e6d3862 RFL=00000206 [-----P-] CPL=0 II=0 A20=1 SMM=0 HLT=0
ES =0030 0000000000000000 ffffffff 00cf9300 DPL=0 DS   [-WA]
CS =0038 0000000000000000 ffffffff 00af9a00 DPL=0 CS64 [-R-]
SS =0030 0000000000000000 ffffffff 00cf9300 DPL=0 DS   [-WA]
DS =0030 0000000000000000 ffffffff 00cf9300 DPL=0 DS   [-WA]
FS =0030 0000000000000000 ffffffff 00cf9300 DPL=0 DS   [-WA]
GS =0030 0000000000000000 ffffffff 00cf9300 DPL=0 DS   [-WA]
LDT=0000 0000000000000000 0000ffff 00008200 DPL=0 LDT
TR =0000 0000000000000000 0000ffff 00008b00 DPL=0 TSS64-busy
GDT=     000000003f5dc000 00000047
IDT=     000000003efa3018 00000fff
CR0=80010033 CR2=0000000000000000 CR3=000000003f801000 CR4=00000668
DR0=0000000000000000 DR1=0000000000000000 DR2=0000000000000000 DR3=0000000000000000 
DR6=00000000ffff0ff0 DR7=0000000000000400
CCS=0000000000000004 CCD=00000000000000f9 CCO=EFLAGS
EFER=0000000000000d00
Servicing hardware INT=0x20
   142: v=20 e=0000 i=0 cpl=0 IP=0038:000000003e6d3862 pc=000000003e6d3862 SP=0030:000000003fe64ef0 env->regs[R_EAX]=0000000000003c76
RAX=0000000000003c76 RBX=0000000000002710 RCX=000000000000b008 RDX=00000000008c3fa8
RSI=00000000008c7c1e RDI=000000003e5b40d4 RBP=000000003fe64f20 RSP=000000003fe64ef0
R8 =000000003fe64f40 R9 =00000000000003f6 R10=0000000000000000 R11=0000000000000000
R12=000000000000c042 R13=0000000000000011 R14=000000000000c040 R15=0000000000000000
RIP=000000003e6d3862 RFL=00000202 [-------] CPL=0 II=0 A20=1 SMM=0 HLT=0
ES =0030 0000000000000000 ffffffff 00cf9300 DPL=0 DS   [-WA]
CS =0038 0000000000000000 ffffffff 00af9a00 DPL=0 CS64 [-R-]
SS =0030 0000000000000000 ffffffff 00cf9300 DPL=0 DS   [-WA]
DS =0030 0000000000000000 ffffffff 00cf9300 DPL=0 DS   [-WA]
FS =0030 0000000000000000 ffffffff 00cf9300 DPL=0 DS   [-WA]
GS =0030 0000000000000000 ffffffff 00cf9300 DPL=0 DS   [-WA]
LDT=0000 0000000000000000 0000ffff 00008200 DPL=0 LDT
TR =0000 0000000000000000 0000ffff 00008b00 DPL=0 TSS64-busy
GDT=     000000003f5dc000 00000047
IDT=     000000003efa3018 00000fff
CR0=80010033 CR2=0000000000000000 CR3=000000003f801000 CR4=00000668
DR0=0000000000000000 DR1=0000000000000000 DR2=0000000000000000 DR3=0000000000000000 
DR6=00000000ffff0ff0 DR7=0000000000000400
CCS=0000000000000000 CCD=0000000000003c76 CCO=EFLAGS
EFER=0000000000000d00
Servicing hardware INT=0x20
   143: v=20 e=0000 i=0 cpl=0 IP=0038:000000003ef9f419 pc=000000003ef9f419 SP=0030:000000003fe64dc0 env->regs[R_EAX]=0000000000000001
RAX=0000000000000001 RBX=000000000000c042 RCX=000000000000c042 RDX=000000000000c042
RSI=0000000000000000 RDI=0000000000000000 RBP=000000003fe64de0 RSP=000000003fe64dc0
R8 =000000003fe64f0f R9 =000000000000c042 R10=0000000000000000 R11=0000000000000000
R12=000000003fe64f0f R13=0000000000000001 R14=0000000000000001 R15=0000000000000001
RIP=000000003ef9f419 RFL=00000246 [---Z-P-] CPL=0 II=0 A20=1 SMM=0 HLT=0
ES =0030 0000000000000000 ffffffff 00cf9300 DPL=0 DS   [-WA]
CS =0038 0000000000000000 ffffffff 00af9a00 DPL=0 CS64 [-R-]
SS =0030 0000000000000000 ffffffff 00cf9300 DPL=0 DS   [-WA]
DS =0030 0000000000000000 ffffffff 00cf9300 DPL=0 DS   [-WA]
FS =0030 0000000000000000 ffffffff 00cf9300 DPL=0 DS   [-WA]
GS =0030 0000000000000000 ffffffff 00cf9300 DPL=0 DS   [-WA]
LDT=0000 0000000000000000 0000ffff 00008200 DPL=0 LDT
TR =0000 0000000000000000 0000ffff 00008b00 DPL=0 TSS64-busy
GDT=     000000003f5dc000 00000047
IDT=     000000003efa3018 00000fff
CR0=80010033 CR2=0000000000000000 CR3=000000003f801000 CR4=00000668
DR0=0000000000000000 DR1=0000000000000000 DR2=0000000000000000 DR3=0000000000000000 
DR6=00000000ffff0ff0 DR7=0000000000000400
CCS=0000000000000044 CCD=0000000000000000 CCO=EFLAGS
EFER=0000000000000d00
Servicing hardware INT=0x20
   144: v=20 e=0000 i=0 cpl=0 IP=0038:000000003e6d3862 pc=000000003e6d3862 SP=0030:000000003fe64ef0 env->regs[R_EAX]=0000000000001c5d
RAX=0000000000001c5d RBX=0000000000002710 RCX=000000000000b008 RDX=00000000008d5890
RSI=00000000008d74ed RDI=000000003e5b40d4 RBP=000000003fe64f20 RSP=000000003fe64ef0
R8 =000000003fe64f40 R9 =00000000000003f6 R10=0000000000000000 R11=0000000000000000
R12=000000000000c042 R13=0000000000000011 R14=000000000000c040 R15=0000000000000000
RIP=000000003e6d3862 RFL=00000202 [-------] CPL=0 II=0 A20=1 SMM=0 HLT=0
ES =0030 0000000000000000 ffffffff 00cf9300 DPL=0 DS   [-WA]
CS =0038 0000000000000000 ffffffff 00af9a00 DPL=0 CS64 [-R-]
SS =0030 0000000000000000 ffffffff 00cf9300 DPL=0 DS   [-WA]
DS =0030 0000000000000000 ffffffff 00cf9300 DPL=0 DS   [-WA]
FS =0030 0000000000000000 ffffffff 00cf9300 DPL=0 DS   [-WA]
GS =0030 0000000000000000 ffffffff 00cf9300 DPL=0 DS   [-WA]
LDT=0000 0000000000000000 0000ffff 00008200 DPL=0 LDT
TR =0000 0000000000000000 0000ffff 00008b00 DPL=0 TSS64-busy
GDT=     000000003f5dc000 00000047
IDT=     000000003efa3018 00000fff
CR0=80010033 CR2=0000000000000000 CR3=000000003f801000 CR4=00000668
DR0=0000000000000000 DR1=0000000000000000 DR2=0000000000000000 DR3=0000000000000000 
DR6=00000000ffff0ff0 DR7=0000000000000400
CCS=0000000000000000 CCD=0000000000001c5d CCO=EFLAGS
EFER=0000000000000d00
Servicing hardware INT=0x20
   145: v=20 e=0000 i=0 cpl=0 IP=0038:000000003e6d3862 pc=000000003e6d3862 SP=0030:000000003fe64ef0 env->regs[R_EAX]=00000000000000b4
RAX=00000000000000b4 RBX=0000000000000064 RCX=000000000000b008 RDX=00000000008dde5d
RSI=00000000008ddf11 RDI=000000003e5b40d4 RBP=000000003fe64f20 RSP=000000003fe64ef0
R8 =000000003fe64f0f R9 =000000000000c042 R10=0000000000000000 R11=0000000000000000
R12=000000000004babc R13=0000000000000011 R14=000000000000c040 R15=0000000000000000
RIP=000000003e6d3862 RFL=00000206 [-----P-] CPL=0 II=0 A20=1 SMM=0 HLT=0
ES =0030 0000000000000000 ffffffff 00cf9300 DPL=0 DS   [-WA]
CS =0038 0000000000000000 ffffffff 00af9a00 DPL=0 CS64 [-R-]
SS =0030 0000000000000000 ffffffff 00cf9300 DPL=0 DS   [-WA]
DS =0030 0000000000000000 ffffffff 00cf9300 DPL=0 DS   [-WA]
FS =0030 0000000000000000 ffffffff 00cf9300 DPL=0 DS   [-WA]
GS =0030 0000000000000000 ffffffff 00cf9300 DPL=0 DS   [-WA]
LDT=0000 0000000000000000 0000ffff 00008200 DPL=0 LDT
TR =0000 0000000000000000 0000ffff 00008b00 DPL=0 TSS64-busy
GDT=     000000003f5dc000 00000047
IDT=     000000003efa3018 00000fff
CR0=80010033 CR2=0000000000000000 CR3=000000003f801000 CR4=00000668
DR0=0000000000000000 DR1=0000000000000000 DR2=0000000000000000 DR3=0000000000000000 
DR6=00000000ffff0ff0 DR7=0000000000000400
CCS=0000000000000004 CCD=00000000000000b4 CCO=EFLAGS
EFER=0000000000000d00
Servicing hardware INT=0x20
   146: v=20 e=0000 i=0 cpl=0 IP=0038:000000003e6d3862 pc=000000003e6d3862 SP=0030:000000003fe64ef0 env->regs[R_EAX]=00000000000030bf
RAX=00000000000030bf RBX=0000000000002710 RCX=000000000000b008 RDX=00000000008e70f4
RSI=00000000008ea1b3 RDI=000000003e5b40d4 RBP=000000003fe64f20 RSP=000000003fe64ef0
R8 =000000003fe64f40 R9 =00000000000003f6 R10=0000000000000000 R11=0000000000000000
R12=000000000000c042 R13=0000000000000011 R14=000000000000c040 R15=0000000000000000
RIP=000000003e6d3862 RFL=00000202 [-------] CPL=0 II=0 A20=1 SMM=0 HLT=0
ES =0030 0000000000000000 ffffffff 00cf9300 DPL=0 DS   [-WA]
CS =0038 0000000000000000 ffffffff 00af9a00 DPL=0 CS64 [-R-]
SS =0030 0000000000000000 ffffffff 00cf9300 DPL=0 DS   [-WA]
DS =0030 0000000000000000 ffffffff 00cf9300 DPL=0 DS   [-WA]
FS =0030 0000000000000000 ffffffff 00cf9300 DPL=0 DS   [-WA]
GS =0030 0000000000000000 ffffffff 00cf9300 DPL=0 DS   [-WA]
LDT=0000 0000000000000000 0000ffff 00008200 DPL=0 LDT
TR =0000 0000000000000000 0000ffff 00008b00 DPL=0 TSS64-busy
GDT=     000000003f5dc000 00000047
IDT=     000000003efa3018 00000fff
CR0=80010033 CR2=0000000000000000 CR3=000000003f801000 CR4=00000668
DR0=0000000000000000 DR1=0000000000000000 DR2=0000000000000000 DR3=0000000000000000 
DR6=00000000ffff0ff0 DR7=0000000000000400
CCS=0000000000000000 CCD=00000000000030bf CCO=EFLAGS
EFER=0000000000000d00
Servicing hardware INT=0x20
   147: v=20 e=0000 i=0 cpl=0 IP=0038:000000003e6d3862 pc=000000003e6d3862 SP=0030:000000003fe64ef0 env->regs[R_EAX]=0000000000000050
RAX=0000000000000050 RBX=0000000000000064 RCX=000000000000b008 RDX=00000000008ef65a
RSI=00000000008ef6aa RDI=000000003e5b40d4 RBP=000000003fe64f20 RSP=000000003fe64ef0
R8 =000000003fe64f0f R9 =000000000000c042 R10=0000000000000000 R11=0000000000000000
R12=000000000004bac8 R13=0000000000000011 R14=000000000000c040 R15=0000000000000000
RIP=000000003e6d3862 RFL=00000206 [-----P-] CPL=0 II=0 A20=1 SMM=0 HLT=0
ES =0030 0000000000000000 ffffffff 00cf9300 DPL=0 DS   [-WA]
CS =0038 0000000000000000 ffffffff 00af9a00 DPL=0 CS64 [-R-]
SS =0030 0000000000000000 ffffffff 00cf9300 DPL=0 DS   [-WA]
DS =0030 0000000000000000 ffffffff 00cf9300 DPL=0 DS   [-WA]
FS =0030 0000000000000000 ffffffff 00cf9300 DPL=0 DS   [-WA]
GS =0030 0000000000000000 ffffffff 00cf9300 DPL=0 DS   [-WA]
LDT=0000 0000000000000000 0000ffff 00008200 DPL=0 LDT
TR =0000 0000000000000000 0000ffff 00008b00 DPL=0 TSS64-busy
GDT=     000000003f5dc000 00000047
IDT=     000000003efa3018 00000fff
CR0=80010033 CR2=0000000000000000 CR3=000000003f801000 CR4=00000668
DR0=0000000000000000 DR1=0000000000000000 DR2=0000000000000000 DR3=0000000000000000 
DR6=00000000ffff0ff0 DR7=0000000000000400
CCS=0000000000000004 CCD=0000000000000050 CCO=EFLAGS
EFER=0000000000000d00
Servicing hardware INT=0x20
   148: v=20 e=0000 i=0 cpl=0 IP=0038:000000003e6d3862 pc=000000003e6d3862 SP=0030:000000003fe64ef0 env->regs[R_EAX]=0000000000005359
RAX=0000000000005359 RBX=0000000000002710 RCX=000000000000b008 RDX=00000000008f81b7
RSI=00000000008fd510 RDI=000000003e5b40d4 RBP=000000003fe64f20 RSP=000000003fe64ef0
R8 =000000003fe64f40 R9 =00000000000003f6 R10=0000000000000000 R11=0000000000000000
R12=000000000000c042 R13=0000000000000011 R14=000000000000c040 R15=0000000000000000
RIP=000000003e6d3862 RFL=00000206 [-----P-] CPL=0 II=0 A20=1 SMM=0 HLT=0
ES =0030 0000000000000000 ffffffff 00cf9300 DPL=0 DS   [-WA]
CS =0038 0000000000000000 ffffffff 00af9a00 DPL=0 CS64 [-R-]
SS =0030 0000000000000000 ffffffff 00cf9300 DPL=0 DS   [-WA]
DS =0030 0000000000000000 ffffffff 00cf9300 DPL=0 DS   [-WA]
FS =0030 0000000000000000 ffffffff 00cf9300 DPL=0 DS   [-WA]
GS =0030 0000000000000000 ffffffff 00cf9300 DPL=0 DS   [-WA]
LDT=0000 0000000000000000 0000ffff 00008200 DPL=0 LDT
TR =0000 0000000000000000 0000ffff 00008b00 DPL=0 TSS64-busy
GDT=     000000003f5dc000 00000047
IDT=     000000003efa3018 00000fff
CR0=80010033 CR2=0000000000000000 CR3=000000003f801000 CR4=00000668
DR0=0000000000000000 DR1=0000000000000000 DR2=0000000000000000 DR3=0000000000000000 
DR6=00000000ffff0ff0 DR7=0000000000000400
CCS=0000000000000004 CCD=0000000000005359 CCO=EFLAGS
EFER=0000000000000d00
Servicing hardware INT=0x20
   149: v=20 e=0000 i=0 cpl=0 IP=0038:000000003fe773bb pc=000000003fe773bb SP=0030:000000003fe65868 env->regs[R_EAX]=000000003e7b7018
RAX=000000003e7b7018 RBX=000000003e7aa620 RCX=000000003e7b7030 RDX=000000003fe8a140
RSI=000000003fe8a140 RDI=000000003e7aa698 RBP=000000003fe658c0 RSP=000000003fe65868
R8 =000000003fe659d8 R9 =000000003f4ecf98 R10=000000003fe8afc0 R11=000000003e73d980
R12=000000003e7aa618 R13=000000003e7aa6b0 R14=000000003fe8a140 R15=000000003fe844d1
RIP=000000003fe773bb RFL=00000202 [-------] CPL=0 II=0 A20=1 SMM=0 HLT=0
ES =0030 0000000000000000 ffffffff 00cf9300 DPL=0 DS   [-WA]
CS =0038 0000000000000000 ffffffff 00af9a00 DPL=0 CS64 [-R-]
SS =0030 0000000000000000 ffffffff 00cf9300 DPL=0 DS   [-WA]
DS =0030 0000000000000000 ffffffff 00cf9300 DPL=0 DS   [-WA]
FS =0030 0000000000000000 ffffffff 00cf9300 DPL=0 DS   [-WA]
GS =0030 0000000000000000 ffffffff 00cf9300 DPL=0 DS   [-WA]
LDT=0000 0000000000000000 0000ffff 00008200 DPL=0 LDT
TR =0000 0000000000000000 0000ffff 00008b00 DPL=0 TSS64-busy
GDT=     000000003f5dc000 00000047
IDT=     000000003efa3018 00000fff
CR0=80010033 CR2=0000000000000000 CR3=000000003f801000 CR4=00000668
DR0=0000000000000000 DR1=0000000000000000 DR2=0000000000000000 DR3=0000000000000000 
DR6=00000000ffff0ff0 DR7=0000000000000400
CCS=0000000000000000 CCD=000000003fe65870 CCO=EFLAGS
EFER=0000000000000d00
Servicing hardware INT=0x20
   150: v=20 e=0000 i=0 cpl=0 IP=0038:000000003fe6662e pc=000000003fe6662e SP=0030:000000003fe65930 env->regs[R_EAX]=000000003e665818
RAX=000000003e665818 RBX=000000003e665820 RCX=0000000000000010 RDX=000000003fe8a110
RSI=000000003fe65b50 RDI=000000003ea10798 RBP=000000003fe65950 RSP=000000003fe65930
R8 =000000003fe65a98 R9 =000000003f4ecf98 R10=000000003fe8afc0 R11=000000003e73d980
R12=000000003ea10798 R13=000000003fe8a250 R14=000000003fe844d1 R15=000000003fe8a110
RIP=000000003fe6662e RFL=00000246 [---Z-P-] CPL=0 II=0 A20=1 SMM=0 HLT=0
ES =0030 0000000000000000 ffffffff 00cf9300 DPL=0 DS   [-WA]
CS =0038 0000000000000000 ffffffff 00af9a00 DPL=0 CS64 [-R-]
SS =0030 0000000000000000 ffffffff 00cf9300 DPL=0 DS   [-WA]
DS =0030 0000000000000000 ffffffff 00cf9300 DPL=0 DS   [-WA]
FS =0030 0000000000000000 ffffffff 00cf9300 DPL=0 DS   [-WA]
GS =0030 0000000000000000 ffffffff 00cf9300 DPL=0 DS   [-WA]
LDT=0000 0000000000000000 0000ffff 00008200 DPL=0 LDT
TR =0000 0000000000000000 0000ffff 00008b00 DPL=0 TSS64-busy
GDT=     000000003f5dc000 00000047
IDT=     000000003efa3018 00000fff
CR0=80010033 CR2=0000000000000000 CR3=000000003f801000 CR4=00000668
DR0=0000000000000000 DR1=0000000000000000 DR2=0000000000000000 DR3=0000000000000000 
DR6=00000000ffff0ff0 DR7=0000000000000400
CCS=0000000000000044 CCD=0000000000000000 CCO=EFLAGS
EFER=0000000000000d00
Servicing hardware INT=0x20
   151: v=20 e=0000 i=0 cpl=0 IP=0038:000000003fe697d0 pc=000000003fe697d0 SP=0030:000000003fe659b0 env->regs[R_EAX]=000000000000000a
RAX=000000000000000a RBX=0000000000000028 RCX=0000000000000002 RDX=0000000000000000
RSI=000000003e7b7318 RDI=0000000000000002 RBP=000000003fe65a10 RSP=000000003fe659b0
R8 =000000003fe659d8 R9 =000000003f4ecf98 R10=000000003fe8afc0 R11=000000003e73d980
R12=000000003df58998 R13=0000000000000000 R14=000000003fe65ac8 R15=000000003df58c18
RIP=000000003fe697d0 RFL=00000287 [--S--PC] CPL=0 II=0 A20=1 SMM=0 HLT=0
ES =0030 0000000000000000 ffffffff 00cf9300 DPL=0 DS   [-WA]
CS =0038 0000000000000000 ffffffff 00af9a00 DPL=0 CS64 [-R-]
SS =0030 0000000000000000 ffffffff 00cf9300 DPL=0 DS   [-WA]
DS =0030 0000000000000000 ffffffff 00cf9300 DPL=0 DS   [-WA]
FS =0030 0000000000000000 ffffffff 00cf9300 DPL=0 DS   [-WA]
GS =0030 0000000000000000 ffffffff 00cf9300 DPL=0 DS   [-WA]
LDT=0000 0000000000000000 0000ffff 00008200 DPL=0 LDT
TR =0000 0000000000000000 0000ffff 00008b00 DPL=0 TSS64-busy
GDT=     000000003f5dc000 00000047
IDT=     000000003efa3018 00000fff
CR0=80010033 CR2=0000000000000000 CR3=000000003f801000 CR4=00000668
DR0=0000000000000000 DR1=0000000000000000 DR2=0000000000000000 DR3=0000000000000000 
DR6=00000000ffff0ff0 DR7=0000000000000400
CCS=0000000000000085 CCD=ffffffffffff2800 CCO=EFLAGS
EFER=0000000000000d00
Servicing hardware INT=0x20
   152: v=20 e=0000 i=0 cpl=0 IP=0038:000000003fe773f6 pc=000000003fe773f6 SP=0030:000000003fe65880 env->regs[R_EAX]=9a02503f3eb2ec9e
RAX=9a02503f3eb2ec9e RBX=000000003e65fcd0 RCX=000000003e65fcd8 RDX=000000003e65fcd0
RSI=14ce2530ab75daba RDI=4f70e8d96a7a5cff RBP=000000003fe658c0 RSP=000000003fe65880
R8 =000000003fe659e8 R9 =000000003e673918 R10=0000000000000028 R11=000000003e73d980
R12=4ca568b84cf5b200 R13=000000003e66fe30 R14=000000003e65fcd0 R15=000000003fe844d1
RIP=000000003fe773f6 RFL=00000202 [-------] CPL=0 II=0 A20=1 SMM=0 HLT=0
ES =0030 0000000000000000 ffffffff 00cf9300 DPL=0 DS   [-WA]
CS =0038 0000000000000000 ffffffff 00af9a00 DPL=0 CS64 [-R-]
SS =0030 0000000000000000 ffffffff 00cf9300 DPL=0 DS   [-WA]
DS =0030 0000000000000000 ffffffff 00cf9300 DPL=0 DS   [-WA]
FS =0030 0000000000000000 ffffffff 00cf9300 DPL=0 DS   [-WA]
GS =0030 0000000000000000 ffffffff 00cf9300 DPL=0 DS   [-WA]
LDT=0000 0000000000000000 0000ffff 00008200 DPL=0 LDT
TR =0000 0000000000000000 0000ffff 00008b00 DPL=0 TSS64-busy
GDT=     000000003f5dc000 00000047
IDT=     000000003efa3018 00000fff
CR0=80010033 CR2=0000000000000000 CR3=000000003f801000 CR4=00000668
DR0=0000000000000000 DR1=0000000000000000 DR2=0000000000000000 DR3=0000000000000000 
DR6=00000000ffff0ff0 DR7=0000000000000400
CCS=0000000000000000 CCD=000000003fe65868 CCO=EFLAGS
EFER=0000000000000d00
Servicing hardware INT=0x20
   153: v=20 e=0000 i=0 cpl=0 IP=0038:000000003fe71ae6 pc=000000003fe71ae6 SP=0030:000000003fe65740 env->regs[R_EAX]=0000000000000038
RAX=0000000000000038 RBX=000000003fe8c0a0 RCX=0000000000000010 RDX=000000003fe86430
RSI=000000003fe6584c RDI=0000000000000004 RBP=000000003fe657b0 RSP=000000003fe65740
R8 =000000003df58298 R9 =0000000000000010 R10=000000000000001d R11=000000003e73d931
R12=0000000000000038 R13=000000003df58280 R14=000000003fe6584c R15=000000003df58298
RIP=000000003fe71ae6 RFL=00000202 [-------] CPL=0 II=0 A20=1 SMM=0 HLT=0
ES =0030 0000000000000000 ffffffff 00cf9300 DPL=0 DS   [-WA]
CS =0038 0000000000000000 ffffffff 00af9a00 DPL=0 CS64 [-R-]
SS =0030 0000000000000000 ffffffff 00cf9300 DPL=0 DS   [-WA]
DS =0030 0000000000000000 ffffffff 00cf9300 DPL=0 DS   [-WA]
FS =0030 0000000000000000 ffffffff 00cf9300 DPL=0 DS   [-WA]
GS =0030 0000000000000000 ffffffff 00cf9300 DPL=0 DS   [-WA]
LDT=0000 0000000000000000 0000ffff 00008200 DPL=0 LDT
TR =0000 0000000000000000 0000ffff 00008b00 DPL=0 TSS64-busy
GDT=     000000003f5dc000 00000047
IDT=     000000003efa3018 00000fff
CR0=80010033 CR2=0000000000000000 CR3=000000003f801000 CR4=00000668
DR0=0000000000000000 DR1=0000000000000000 DR2=0000000000000000 DR3=0000000000000000 
DR6=00000000ffff0ff0 DR7=0000000000000400
CCS=0000000000000000 CCD=000000003fe65720 CCO=EFLAGS
EFER=0000000000000d00
Servicing hardware INT=0x20
   154: v=20 e=0000 i=0 cpl=0 IP=0038:000000003e6d3862 pc=000000003e6d3862 SP=0030:000000003fe65210 env->regs[R_EAX]=00000000000002cc
RAX=00000000000002cc RBX=0000000000000190 RCX=000000000000b008 RDX=000000000092d2e2
RSI=000000000092d5ae RDI=000000003fe65368 RBP=000000003fe65240 RSP=000000003fe65210
R8 =000000003fe65260 R9 =0000000000000177 R10=0000000000000000 R11=0000000000000000
R12=00000000000493e1 R13=0000000000000000 R14=000000003e5b40a0 R15=00000000ffffff00
RIP=000000003e6d3862 RFL=00000206 [-----P-] CPL=0 II=0 A20=1 SMM=0 HLT=0
ES =0030 0000000000000000 ffffffff 00cf9300 DPL=0 DS   [-WA]
CS =0038 0000000000000000 ffffffff 00af9a00 DPL=0 CS64 [-R-]
SS =0030 0000000000000000 ffffffff 00cf9300 DPL=0 DS   [-WA]
DS =0030 0000000000000000 ffffffff 00cf9300 DPL=0 DS   [-WA]
FS =0030 0000000000000000 ffffffff 00cf9300 DPL=0 DS   [-WA]
GS =0030 0000000000000000 ffffffff 00cf9300 DPL=0 DS   [-WA]
LDT=0000 0000000000000000 0000ffff 00008200 DPL=0 LDT
TR =0000 0000000000000000 0000ffff 00008b00 DPL=0 TSS64-busy
GDT=     000000003f5dc000 00000047
IDT=     000000003efa3018 00000fff
CR0=80010033 CR2=0000000000000000 CR3=000000003f801000 CR4=00000668
DR0=0000000000000000 DR1=0000000000000000 DR2=0000000000000000 DR3=0000000000000000 
DR6=00000000ffff0ff0 DR7=0000000000000400
CCS=0000000000000004 CCD=00000000000002cc CCO=EFLAGS
EFER=0000000000000d00
Servicing hardware INT=0x20
   155: v=20 e=0000 i=0 cpl=0 IP=0038:000000003e6d3862 pc=000000003e6d3862 SP=0030:000000003fe65240 env->regs[R_EAX]=0000000000002f07
RAX=0000000000002f07 RBX=0000000000002710 RCX=000000000000b008 RDX=00000000009357c2
RSI=00000000009386c9 RDI=000000003e5b40d4 RBP=000000003fe65270 RSP=000000003fe65240
R8 =000000003fe65290 R9 =00000000000003f6 R10=0000000000000000 R11=0000000000000000
R12=000000000000c042 R13=0000000000000011 R14=000000000000c040 R15=0000000000000000
RIP=000000003e6d3862 RFL=00000202 [-------] CPL=0 II=0 A20=1 SMM=0 HLT=0
ES =0030 0000000000000000 ffffffff 00cf9300 DPL=0 DS   [-WA]
CS =0038 0000000000000000 ffffffff 00af9a00 DPL=0 CS64 [-R-]
SS =0030 0000000000000000 ffffffff 00cf9300 DPL=0 DS   [-WA]
DS =0030 0000000000000000 ffffffff 00cf9300 DPL=0 DS   [-WA]
FS =0030 0000000000000000 ffffffff 00cf9300 DPL=0 DS   [-WA]
GS =0030 0000000000000000 ffffffff 00cf9300 DPL=0 DS   [-WA]
LDT=0000 0000000000000000 0000ffff 00008200 DPL=0 LDT
TR =0000 0000000000000000 0000ffff 00008b00 DPL=0 TSS64-busy
GDT=     000000003f5dc000 00000047
IDT=     000000003efa3018 00000fff
CR0=80010033 CR2=0000000000000000 CR3=000000003f801000 CR4=00000668
DR0=0000000000000000 DR1=0000000000000000 DR2=0000000000000000 DR3=0000000000000000 
DR6=00000000ffff0ff0 DR7=0000000000000400
CCS=0000000000000000 CCD=0000000000002f07 CCO=EFLAGS
EFER=0000000000000d00
Servicing hardware INT=0x20
   156: v=20 e=0000 i=0 cpl=0 IP=0038:000000003e6d3862 pc=000000003e6d3862 SP=0030:000000003fe65090 env->regs[R_EAX]=000000000000381d
RAX=000000000000381d RBX=0000000000002710 RCX=000000000000b008 RDX=000000000093ea67
RSI=0000000000942284 RDI=000000003e5b40d4 RBP=000000003fe650c0 RSP=000000003fe65090
R8 =000000003fe650e0 R9 =00000000000003f6 R10=0000000000000000 R11=0000000000000000
R12=000000000000c042 R13=0000000000000011 R14=000000000000c040 R15=0000000000000000
RIP=000000003e6d3862 RFL=00000206 [-----P-] CPL=0 II=0 A20=1 SMM=0 HLT=0
ES =0030 0000000000000000 ffffffff 00cf9300 DPL=0 DS   [-WA]
CS =0038 0000000000000000 ffffffff 00af9a00 DPL=0 CS64 [-R-]
SS =0030 0000000000000000 ffffffff 00cf9300 DPL=0 DS   [-WA]
DS =0030 0000000000000000 ffffffff 00cf9300 DPL=0 DS   [-WA]
FS =0030 0000000000000000 ffffffff 00cf9300 DPL=0 DS   [-WA]
GS =0030 0000000000000000 ffffffff 00cf9300 DPL=0 DS   [-WA]
LDT=0000 0000000000000000 0000ffff 00008200 DPL=0 LDT
TR =0000 0000000000000000 0000ffff 00008b00 DPL=0 TSS64-busy
GDT=     000000003f5dc000 00000047
IDT=     000000003efa3018 00000fff
CR0=80010033 CR2=0000000000000000 CR3=000000003f801000 CR4=00000668
DR0=0000000000000000 DR1=0000000000000000 DR2=0000000000000000 DR3=0000000000000000 
DR6=00000000ffff0ff0 DR7=0000000000000400
CCS=0000000000000004 CCD=000000000000381d CCO=EFLAGS
EFER=0000000000000d00
Servicing hardware INT=0x20
   157: v=20 e=0000 i=0 cpl=0 IP=0038:000000003e6d3862 pc=000000003e6d3862 SP=0030:000000003fe65090 env->regs[R_EAX]=000000000000464a
RAX=000000000000464a RBX=0000000000002710 RCX=000000000000b008 RDX=0000000000947679
RSI=000000000094bcc3 RDI=000000003e5b40d4 RBP=000000003fe650c0 RSP=000000003fe65090
R8 =000000003fe650e0 R9 =00000000000003f6 R10=0000000000000000 R11=0000000000000000
R12=000000000000c042 R13=0000000000000011 R14=000000000000c040 R15=0000000000000000
RIP=000000003e6d3862 RFL=00000202 [-------] CPL=0 II=0 A20=1 SMM=0 HLT=0
ES =0030 0000000000000000 ffffffff 00cf9300 DPL=0 DS   [-WA]
CS =0038 0000000000000000 ffffffff 00af9a00 DPL=0 CS64 [-R-]
SS =0030 0000000000000000 ffffffff 00cf9300 DPL=0 DS   [-WA]
DS =0030 0000000000000000 ffffffff 00cf9300 DPL=0 DS   [-WA]
FS =0030 0000000000000000 ffffffff 00cf9300 DPL=0 DS   [-WA]
GS =0030 0000000000000000 ffffffff 00cf9300 DPL=0 DS   [-WA]
LDT=0000 0000000000000000 0000ffff 00008200 DPL=0 LDT
TR =0000 0000000000000000 0000ffff 00008b00 DPL=0 TSS64-busy
GDT=     000000003f5dc000 00000047
IDT=     000000003efa3018 00000fff
CR0=80010033 CR2=0000000000000000 CR3=000000003f801000 CR4=00000668
DR0=0000000000000000 DR1=0000000000000000 DR2=0000000000000000 DR3=0000000000000000 
DR6=00000000ffff0ff0 DR7=0000000000000400
CCS=0000000000000000 CCD=000000000000464a CCO=EFLAGS
EFER=0000000000000d00
Servicing hardware INT=0x20
   158: v=20 e=0000 i=0 cpl=0 IP=0038:000000003e6d3862 pc=000000003e6d3862 SP=0030:000000003fe65230 env->regs[R_EAX]=0000000000005aa0
RAX=0000000000005aa0 RBX=0000000000002710 RCX=000000000000b008 RDX=000000000094fbf2
RSI=0000000000955692 RDI=000000003e5b40d4 RBP=000000003fe65260 RSP=000000003fe65230
R8 =000000003fe65280 R9 =00000000000003f6 R10=0000000000000000 R11=0000000000000000
R12=000000000000c042 R13=0000000000000011 R14=000000000000c040 R15=0000000000000000
RIP=000000003e6d3862 RFL=00000206 [-----P-] CPL=0 II=0 A20=1 SMM=0 HLT=0
ES =0030 0000000000000000 ffffffff 00cf9300 DPL=0 DS   [-WA]
CS =0038 0000000000000000 ffffffff 00af9a00 DPL=0 CS64 [-R-]
SS =0030 0000000000000000 ffffffff 00cf9300 DPL=0 DS   [-WA]
DS =0030 0000000000000000 ffffffff 00cf9300 DPL=0 DS   [-WA]
FS =0030 0000000000000000 ffffffff 00cf9300 DPL=0 DS   [-WA]
GS =0030 0000000000000000 ffffffff 00cf9300 DPL=0 DS   [-WA]
LDT=0000 0000000000000000 0000ffff 00008200 DPL=0 LDT
TR =0000 0000000000000000 0000ffff 00008b00 DPL=0 TSS64-busy
GDT=     000000003f5dc000 00000047
IDT=     000000003efa3018 00000fff
CR0=80010033 CR2=0000000000000000 CR3=000000003f801000 CR4=00000668
DR0=0000000000000000 DR1=0000000000000000 DR2=0000000000000000 DR3=0000000000000000 
DR6=00000000ffff0ff0 DR7=0000000000000400
CCS=0000000000000004 CCD=0000000000005aa0 CCO=EFLAGS
EFER=0000000000000d00
Servicing hardware INT=0x20
   159: v=20 e=0000 i=0 cpl=0 IP=0038:000000003fe773d3 pc=000000003fe773d3 SP=0030:000000003fe65700 env->regs[R_EAX]=453fb1d419df145a
RAX=453fb1d419df145a RBX=000000003fe8a120 RCX=000000003e5b4ab0 RDX=000000003fe8a120
RSI=000000003e5b4ab0 RDI=000000003fe8a120 RBP=000000003fe65740 RSP=000000003fe65700
R8 =000000003fe658c0 R9 =000000003df58c18 R10=0000000000000000 R11=000000003e73d980
R12=000000003e5b4a98 R13=0000000000000000 R14=000000003fe8a0e0 R15=000000003fe844d1
RIP=000000003fe773d3 RFL=00000206 [-----P-] CPL=0 II=0 A20=1 SMM=0 HLT=0
ES =0030 0000000000000000 ffffffff 00cf9300 DPL=0 DS   [-WA]
CS =0038 0000000000000000 ffffffff 00af9a00 DPL=0 CS64 [-R-]
SS =0030 0000000000000000 ffffffff 00cf9300 DPL=0 DS   [-WA]
DS =0030 0000000000000000 ffffffff 00cf9300 DPL=0 DS   [-WA]
FS =0030 0000000000000000 ffffffff 00cf9300 DPL=0 DS   [-WA]
GS =0030 0000000000000000 ffffffff 00cf9300 DPL=0 DS   [-WA]
LDT=0000 0000000000000000 0000ffff 00008200 DPL=0 LDT
TR =0000 0000000000000000 0000ffff 00008b00 DPL=0 TSS64-busy
GDT=     000000003f5dc000 00000047
IDT=     000000003efa3018 00000fff
CR0=80010033 CR2=0000000000000000 CR3=000000003f801000 CR4=00000668
DR0=0000000000000000 DR1=0000000000000000 DR2=0000000000000000 DR3=0000000000000000 
DR6=00000000ffff0ff0 DR7=0000000000000400
CCS=0000000000000004 CCD=000000003fe656e8 CCO=EFLAGS
EFER=0000000000000d00
Servicing hardware INT=0x20
   160: v=20 e=0000 i=0 cpl=0 IP=0038:000000003eb57266 pc=000000003eb57266 SP=0030:000000003fe65738 env->regs[R_EAX]=000000003eb6ca80
RAX=000000003eb6ca80 RBX=0000000000000010 RCX=000000003eb6ca80 RDX=000000003df58188
RSI=000000003fe658cc RDI=0000000000000001 RBP=000000003fe65770 RSP=000000003fe65738
R8 =00000000000000af R9 =0000000000000030 R10=0000000000000023 R11=0000000000000000
R12=0000000000000010 R13=000000003fe658cc R14=000000003fe8ab90 R15=0000000000000000
RIP=000000003eb57266 RFL=00000202 [-------] CPL=0 II=0 A20=1 SMM=0 HLT=0
ES =0030 0000000000000000 ffffffff 00cf9300 DPL=0 DS   [-WA]
CS =0038 0000000000000000 ffffffff 00af9a00 DPL=0 CS64 [-R-]
SS =0030 0000000000000000 ffffffff 00cf9300 DPL=0 DS   [-WA]
DS =0030 0000000000000000 ffffffff 00cf9300 DPL=0 DS   [-WA]
FS =0030 0000000000000000 ffffffff 00cf9300 DPL=0 DS   [-WA]
GS =0030 0000000000000000 ffffffff 00cf9300 DPL=0 DS   [-WA]
LDT=0000 0000000000000000 0000ffff 00008200 DPL=0 LDT
TR =0000 0000000000000000 0000ffff 00008b00 DPL=0 TSS64-busy
GDT=     000000003f5dc000 00000047
IDT=     000000003efa3018 00000fff
CR0=80010033 CR2=0000000000000000 CR3=000000003f801000 CR4=00000668
DR0=0000000000000000 DR1=0000000000000000 DR2=0000000000000000 DR3=0000000000000000 
DR6=00000000ffff0ff0 DR7=0000000000000400
CCS=0000000000000000 CCD=000000003fe65740 CCO=EFLAGS
EFER=0000000000000d00
Servicing hardware INT=0x20
   161: v=20 e=0000 i=0 cpl=0 IP=0038:000000003e6d3862 pc=000000003e6d3862 SP=0030:000000003fe65340 env->regs[R_EAX]=0000000000000147
RAX=0000000000000147 RBX=0000000000000064 RCX=000000000000b008 RDX=000000000096a1f9
RSI=000000000096a340 RDI=000000003e5b40d4 RBP=000000003fe65370 RSP=000000003fe65340
R8 =000000003fe6535f R9 =000000000000c042 R10=0000000000000000 R11=0000000000000000
R12=000000000004baf1 R13=0000000000000011 R14=000000000000c040 R15=0000000000000000
RIP=000000003e6d3862 RFL=00000206 [-----P-] CPL=0 II=0 A20=1 SMM=0 HLT=0
ES =0030 0000000000000000 ffffffff 00cf9300 DPL=0 DS   [-WA]
CS =0038 0000000000000000 ffffffff 00af9a00 DPL=0 CS64 [-R-]
SS =0030 0000000000000000 ffffffff 00cf9300 DPL=0 DS   [-WA]
DS =0030 0000000000000000 ffffffff 00cf9300 DPL=0 DS   [-WA]
FS =0030 0000000000000000 ffffffff 00cf9300 DPL=0 DS   [-WA]
GS =0030 0000000000000000 ffffffff 00cf9300 DPL=0 DS   [-WA]
LDT=0000 0000000000000000 0000ffff 00008200 DPL=0 LDT
TR =0000 0000000000000000 0000ffff 00008b00 DPL=0 TSS64-busy
GDT=     000000003f5dc000 00000047
IDT=     000000003efa3018 00000fff
CR0=80010033 CR2=0000000000000000 CR3=000000003f801000 CR4=00000668
DR0=0000000000000000 DR1=0000000000000000 DR2=0000000000000000 DR3=0000000000000000 
DR6=00000000ffff0ff0 DR7=0000000000000400
CCS=0000000000000004 CCD=0000000000000147 CCO=EFLAGS
EFER=0000000000000d00
Servicing hardware INT=0x20
   162: v=20 e=0000 i=0 cpl=0 IP=0038:000000003e6d3862 pc=000000003e6d3862 SP=0030:000000003fe65340 env->regs[R_EAX]=00000000000004c8
RAX=00000000000004c8 RBX=0000000000002710 RCX=000000000000b008 RDX=0000000000972c00
RSI=00000000009730c8 RDI=000000003e5b40d4 RBP=000000003fe65370 RSP=000000003fe65340
R8 =000000003fe65390 R9 =00000000000003f6 R10=0000000000000000 R11=0000000000000000
R12=000000000000c042 R13=0000000000000011 R14=000000000000c040 R15=0000000000000000
RIP=000000003e6d3862 RFL=00000202 [-------] CPL=0 II=0 A20=1 SMM=0 HLT=0
ES =0030 0000000000000000 ffffffff 00cf9300 DPL=0 DS   [-WA]
CS =0038 0000000000000000 ffffffff 00af9a00 DPL=0 CS64 [-R-]
SS =0030 0000000000000000 ffffffff 00cf9300 DPL=0 DS   [-WA]
DS =0030 0000000000000000 ffffffff 00cf9300 DPL=0 DS   [-WA]
FS =0030 0000000000000000 ffffffff 00cf9300 DPL=0 DS   [-WA]
GS =0030 0000000000000000 ffffffff 00cf9300 DPL=0 DS   [-WA]
LDT=0000 0000000000000000 0000ffff 00008200 DPL=0 LDT
TR =0000 0000000000000000 0000ffff 00008b00 DPL=0 TSS64-busy
GDT=     000000003f5dc000 00000047
IDT=     000000003efa3018 00000fff
CR0=80010033 CR2=0000000000000000 CR3=000000003f801000 CR4=00000668
DR0=0000000000000000 DR1=0000000000000000 DR2=0000000000000000 DR3=0000000000000000 
DR6=00000000ffff0ff0 DR7=0000000000000400
CCS=0000000000000000 CCD=00000000000004c8 CCO=EFLAGS
EFER=0000000000000d00
Servicing hardware INT=0x20
   163: v=20 e=0000 i=0 cpl=0 IP=0038:000000003eb57266 pc=000000003eb57266 SP=0030:000000003fe64f58 env->regs[R_EAX]=000000003eb6ca80
RAX=000000003eb6ca80 RBX=0000000000000010 RCX=000000003eb6ca80 RDX=abd7f02e4201db00
RSI=000000003df36000 RDI=0000000000000001 RBP=000000003fe64f90 RSP=000000003fe64f58
R8 =000000003df36000 R9 =000000003df46fff R10=0000000000000000 R11=0000000000000000
R12=000000000000001f R13=0000000000000007 R14=000000000002600f R15=000000003df46fff
RIP=000000003eb57266 RFL=00000206 [-----P-] CPL=0 II=0 A20=1 SMM=0 HLT=0
ES =0030 0000000000000000 ffffffff 00cf9300 DPL=0 DS   [-WA]
CS =0038 0000000000000000 ffffffff 00af9a00 DPL=0 CS64 [-R-]
SS =0030 0000000000000000 ffffffff 00cf9300 DPL=0 DS   [-WA]
DS =0030 0000000000000000 ffffffff 00cf9300 DPL=0 DS   [-WA]
FS =0030 0000000000000000 ffffffff 00cf9300 DPL=0 DS   [-WA]
GS =0030 0000000000000000 ffffffff 00cf9300 DPL=0 DS   [-WA]
LDT=0000 0000000000000000 0000ffff 00008200 DPL=0 LDT
TR =0000 0000000000000000 0000ffff 00008b00 DPL=0 TSS64-busy
GDT=     000000003f5dc000 00000047
IDT=     000000003efa3018 00000fff
CR0=80010033 CR2=0000000000000000 CR3=000000003f801000 CR4=00000668
DR0=0000000000000000 DR1=0000000000000000 DR2=0000000000000000 DR3=0000000000000000 
DR6=00000000ffff0ff0 DR7=0000000000000400
CCS=0000000000000004 CCD=000000003fe64f60 CCO=EFLAGS
EFER=0000000000000d00
Servicing hardware INT=0x20
   164: v=20 e=0000 i=0 cpl=0 IP=0038:000000003e6d3862 pc=000000003e6d3862 SP=0030:000000003fe65330 env->regs[R_EAX]=00000000000000d8
RAX=00000000000000d8 RBX=0000000000000064 RCX=000000000000b008 RDX=000000000098747d
RSI=0000000000987555 RDI=000000003e5b40d4 RBP=000000003fe65360 RSP=000000003fe65330
R8 =000000003fe6534f R9 =000000000000c042 R10=0000000000000000 R11=0000000000000000
R12=000000000004baf1 R13=0000000000000011 R14=000000000000c040 R15=0000000000000000
RIP=000000003e6d3862 RFL=00000206 [-----P-] CPL=0 II=0 A20=1 SMM=0 HLT=0
ES =0030 0000000000000000 ffffffff 00cf9300 DPL=0 DS   [-WA]
CS =0038 0000000000000000 ffffffff 00af9a00 DPL=0 CS64 [-R-]
SS =0030 0000000000000000 ffffffff 00cf9300 DPL=0 DS   [-WA]
DS =0030 0000000000000000 ffffffff 00cf9300 DPL=0 DS   [-WA]
FS =0030 0000000000000000 ffffffff 00cf9300 DPL=0 DS   [-WA]
GS =0030 0000000000000000 ffffffff 00cf9300 DPL=0 DS   [-WA]
LDT=0000 0000000000000000 0000ffff 00008200 DPL=0 LDT
TR =0000 0000000000000000 0000ffff 00008b00 DPL=0 TSS64-busy
GDT=     000000003f5dc000 00000047
IDT=     000000003efa3018 00000fff
CR0=80010033 CR2=0000000000000000 CR3=000000003f801000 CR4=00000668
DR0=0000000000000000 DR1=0000000000000000 DR2=0000000000000000 DR3=0000000000000000 
DR6=00000000ffff0ff0 DR7=0000000000000400
CCS=0000000000000004 CCD=00000000000000d8 CCO=EFLAGS
EFER=0000000000000d00
Servicing hardware INT=0x20
   165: v=20 e=0000 i=0 cpl=0 IP=0038:000000003e6d3862 pc=000000003e6d3862 SP=0030:000000003fe65330 env->regs[R_EAX]=00000000000006df
RAX=00000000000006df RBX=0000000000002710 RCX=000000000000b008 RDX=000000000098fc61
RSI=0000000000990340 RDI=000000003e5b40d4 RBP=000000003fe65360 RSP=000000003fe65330
R8 =000000003fe65380 R9 =00000000000003f6 R10=0000000000000000 R11=0000000000000000
R12=000000000000c042 R13=0000000000000011 R14=000000000000c040 R15=0000000000000000
RIP=000000003e6d3862 RFL=00000202 [-------] CPL=0 II=0 A20=1 SMM=0 HLT=0
ES =0030 0000000000000000 ffffffff 00cf9300 DPL=0 DS   [-WA]
CS =0038 0000000000000000 ffffffff 00af9a00 DPL=0 CS64 [-R-]
SS =0030 0000000000000000 ffffffff 00cf9300 DPL=0 DS   [-WA]
DS =0030 0000000000000000 ffffffff 00cf9300 DPL=0 DS   [-WA]
FS =0030 0000000000000000 ffffffff 00cf9300 DPL=0 DS   [-WA]
GS =0030 0000000000000000 ffffffff 00cf9300 DPL=0 DS   [-WA]
LDT=0000 0000000000000000 0000ffff 00008200 DPL=0 LDT
TR =0000 0000000000000000 0000ffff 00008b00 DPL=0 TSS64-busy
GDT=     000000003f5dc000 00000047
IDT=     000000003efa3018 00000fff
CR0=80010033 CR2=0000000000000000 CR3=000000003f801000 CR4=00000668
DR0=0000000000000000 DR1=0000000000000000 DR2=0000000000000000 DR3=0000000000000000 
DR6=00000000ffff0ff0 DR7=0000000000000400
CCS=0000000000000000 CCD=00000000000006df CCO=EFLAGS
EFER=0000000000000d00
Servicing hardware INT=0x20
   166: v=20 e=0000 i=0 cpl=0 IP=0038:000000003e78aacb pc=000000003e78aacb SP=0030:000000003fe65830 env->regs[R_EAX]=0000000000000000
RAX=0000000000000000 RBX=000000003e5b3d18 RCX=000000003eb6ca80 RDX=000000003df582a0
RSI=800000000000000e RDI=000000003e5b3d18 RBP=000000003fe65a50 RSP=000000003fe65830
R8 =0000000000000004 R9 =000000003df58298 R10=000000003fe8afc0 R11=000000003e73d980
R12=000000003e79ff50 R13=0000000000000000 R14=0000000000000001 R15=000000003e5b3d18
RIP=000000003e78aacb RFL=00000246 [---Z-P-] CPL=0 II=0 A20=1 SMM=0 HLT=0
ES =0030 0000000000000000 ffffffff 00cf9300 DPL=0 DS   [-WA]
CS =0038 0000000000000000 ffffffff 00af9a00 DPL=0 CS64 [-R-]
SS =0030 0000000000000000 ffffffff 00cf9300 DPL=0 DS   [-WA]
DS =0030 0000000000000000 ffffffff 00cf9300 DPL=0 DS   [-WA]
FS =0030 0000000000000000 ffffffff 00cf9300 DPL=0 DS   [-WA]
GS =0030 0000000000000000 ffffffff 00cf9300 DPL=0 DS   [-WA]
LDT=0000 0000000000000000 0000ffff 00008200 DPL=0 LDT
TR =0000 0000000000000000 0000ffff 00008b00 DPL=0 TSS64-busy
GDT=     000000003f5dc000 00000047
IDT=     000000003efa3018 00000fff
CR0=80010033 CR2=0000000000000000 CR3=000000003f801000 CR4=00000668
DR0=0000000000000000 DR1=0000000000000000 DR2=0000000000000000 DR3=0000000000000000 
DR6=00000000ffff0ff0 DR7=0000000000000400
CCS=0000000000000044 CCD=0000000000000000 CCO=EFLAGS
EFER=0000000000000d00
Servicing hardware INT=0x20
   167: v=20 e=0000 i=0 cpl=0 IP=0038:000000003e6d3862 pc=000000003e6d3862 SP=0030:000000003fe64f80 env->regs[R_EAX]=000000000000005e
RAX=000000000000005e RBX=0000000000000064 RCX=000000000000b008 RDX=00000000009a0c5b
RSI=00000000009a0cb9 RDI=000000003e5b40d4 RBP=000000003fe64fb0 RSP=000000003fe64f80
R8 =000000003fe64f9f R9 =000000000000c042 R10=0000000000000000 R11=0000000000000000
R12=000000000004baf1 R13=0000000000000011 R14=000000000000c040 R15=0000000000000000
RIP=000000003e6d3862 RFL=00000202 [-------] CPL=0 II=0 A20=1 SMM=0 HLT=0
ES =0030 0000000000000000 ffffffff 00cf9300 DPL=0 DS   [-WA]
CS =0038 0000000000000000 ffffffff 00af9a00 DPL=0 CS64 [-R-]
SS =0030 0000000000000000 ffffffff 00cf9300 DPL=0 DS   [-WA]
DS =0030 0000000000000000 ffffffff 00cf9300 DPL=0 DS   [-WA]
FS =0030 0000000000000000 ffffffff 00cf9300 DPL=0 DS   [-WA]
GS =0030 0000000000000000 ffffffff 00cf9300 DPL=0 DS   [-WA]
LDT=0000 0000000000000000 0000ffff 00008200 DPL=0 LDT
TR =0000 0000000000000000 0000ffff 00008b00 DPL=0 TSS64-busy
GDT=     000000003f5dc000 00000047
IDT=     000000003efa3018 00000fff
CR0=80010033 CR2=0000000000000000 CR3=000000003f801000 CR4=00000668
DR0=0000000000000000 DR1=0000000000000000 DR2=0000000000000000 DR3=0000000000000000 
DR6=00000000ffff0ff0 DR7=0000000000000400
CCS=0000000000000000 CCD=000000000000005e CCO=EFLAGS
EFER=0000000000000d00
Servicing hardware INT=0x20
   168: v=20 e=0000 i=0 cpl=0 IP=0038:000000003e6d3862 pc=000000003e6d3862 SP=0030:000000003fe64f80 env->regs[R_EAX]=0000000000003292
RAX=0000000000003292 RBX=0000000000002710 RCX=000000000000b008 RDX=00000000009ab9f8
RSI=00000000009aec8a RDI=000000003e5b40d4 RBP=000000003fe64fb0 RSP=000000003fe64f80
R8 =000000003fe64fd0 R9 =00000000000003f6 R10=0000000000000000 R11=0000000000000000
R12=000000000000c042 R13=0000000000000011 R14=000000000000c040 R15=0000000000000000
RIP=000000003e6d3862 RFL=00000202 [-------] CPL=0 II=0 A20=1 SMM=0 HLT=0
ES =0030 0000000000000000 ffffffff 00cf9300 DPL=0 DS   [-WA]
CS =0038 0000000000000000 ffffffff 00af9a00 DPL=0 CS64 [-R-]
SS =0030 0000000000000000 ffffffff 00cf9300 DPL=0 DS   [-WA]
DS =0030 0000000000000000 ffffffff 00cf9300 DPL=0 DS   [-WA]
FS =0030 0000000000000000 ffffffff 00cf9300 DPL=0 DS   [-WA]
GS =0030 0000000000000000 ffffffff 00cf9300 DPL=0 DS   [-WA]
LDT=0000 0000000000000000 0000ffff 00008200 DPL=0 LDT
TR =0000 0000000000000000 0000ffff 00008b00 DPL=0 TSS64-busy
GDT=     000000003f5dc000 00000047
IDT=     000000003efa3018 00000fff
CR0=80010033 CR2=0000000000000000 CR3=000000003f801000 CR4=00000668
DR0=0000000000000000 DR1=0000000000000000 DR2=0000000000000000 DR3=0000000000000000 
DR6=00000000ffff0ff0 DR7=0000000000000400
CCS=0000000000000000 CCD=0000000000003292 CCO=EFLAGS
EFER=0000000000000d00
Servicing hardware INT=0x20
   169: v=20 e=0000 i=0 cpl=0 IP=0038:000000003e6d3862 pc=000000003e6d3862 SP=0030:000000003fe64f80 env->regs[R_EAX]=00000000000000fa
RAX=00000000000000fa RBX=0000000000000064 RCX=000000000000b008 RDX=00000000009af9e3
RSI=00000000009afadd RDI=000000003e5b40d4 RBP=000000003fe64fb0 RSP=000000003fe64f80
R8 =000000003fe64f9f R9 =000000000000c042 R10=0000000000000000 R11=0000000000000000
R12=000000000004baf1 R13=0000000000000011 R14=000000000000c040 R15=0000000000000000
RIP=000000003e6d3862 RFL=00000206 [-----P-] CPL=0 II=0 A20=1 SMM=0 HLT=0
ES =0030 0000000000000000 ffffffff 00cf9300 DPL=0 DS   [-WA]
CS =0038 0000000000000000 ffffffff 00af9a00 DPL=0 CS64 [-R-]
SS =0030 0000000000000000 ffffffff 00cf9300 DPL=0 DS   [-WA]
DS =0030 0000000000000000 ffffffff 00cf9300 DPL=0 DS   [-WA]
FS =0030 0000000000000000 ffffffff 00cf9300 DPL=0 DS   [-WA]
GS =0030 0000000000000000 ffffffff 00cf9300 DPL=0 DS   [-WA]
LDT=0000 0000000000000000 0000ffff 00008200 DPL=0 LDT
TR =0000 0000000000000000 0000ffff 00008b00 DPL=0 TSS64-busy
GDT=     000000003f5dc000 00000047
IDT=     000000003efa3018 00000fff
CR0=80010033 CR2=0000000000000000 CR3=000000003f801000 CR4=00000668
DR0=0000000000000000 DR1=0000000000000000 DR2=0000000000000000 DR3=0000000000000000 
DR6=00000000ffff0ff0 DR7=0000000000000400
CCS=0000000000000004 CCD=00000000000000fa CCO=EFLAGS
EFER=0000000000000d00
Servicing hardware INT=0x20
   170: v=20 e=0000 i=0 cpl=0 IP=0038:000000003e6d3862 pc=000000003e6d3862 SP=0030:000000003fe64f80 env->regs[R_EAX]=0000000000004694
RAX=0000000000004694 RBX=0000000000002710 RCX=000000000000b008 RDX=00000000009b94e2
RSI=00000000009bdb76 RDI=000000003e5b40d4 RBP=000000003fe64fb0 RSP=000000003fe64f80
R8 =000000003fe64fd0 R9 =00000000000003f6 R10=0000000000000000 R11=0000000000000000
R12=000000000000c042 R13=0000000000000011 R14=000000000000c040 R15=0000000000000000
RIP=000000003e6d3862 RFL=00000202 [-------] CPL=0 II=0 A20=1 SMM=0 HLT=0
ES =0030 0000000000000000 ffffffff 00cf9300 DPL=0 DS   [-WA]
CS =0038 0000000000000000 ffffffff 00af9a00 DPL=0 CS64 [-R-]
SS =0030 0000000000000000 ffffffff 00cf9300 DPL=0 DS   [-WA]
DS =0030 0000000000000000 ffffffff 00cf9300 DPL=0 DS   [-WA]
FS =0030 0000000000000000 ffffffff 00cf9300 DPL=0 DS   [-WA]
GS =0030 0000000000000000 ffffffff 00cf9300 DPL=0 DS   [-WA]
LDT=0000 0000000000000000 0000ffff 00008200 DPL=0 LDT
TR =0000 0000000000000000 0000ffff 00008b00 DPL=0 TSS64-busy
GDT=     000000003f5dc000 00000047
IDT=     000000003efa3018 00000fff
CR0=80010033 CR2=0000000000000000 CR3=000000003f801000 CR4=00000668
DR0=0000000000000000 DR1=0000000000000000 DR2=0000000000000000 DR3=0000000000000000 
DR6=00000000ffff0ff0 DR7=0000000000000400
CCS=0000000000000000 CCD=0000000000004694 CCO=EFLAGS
EFER=0000000000000d00
Servicing hardware INT=0x20
   171: v=20 e=0000 i=0 cpl=0 IP=0038:000000003e6d3862 pc=000000003e6d3862 SP=0030:000000003fe64f80 env->regs[R_EAX]=00000000000000ef
RAX=00000000000000ef RBX=0000000000000064 RCX=000000000000b008 RDX=00000000009c11e5
RSI=00000000009c12d4 RDI=000000003e5b40d4 RBP=000000003fe64fb0 RSP=000000003fe64f80
R8 =000000003fe64f9f R9 =000000000000c042 R10=0000000000000000 R11=0000000000000000
R12=000000000004bad8 R13=0000000000000011 R14=000000000000c040 R15=0000000000000000
RIP=000000003e6d3862 RFL=00000202 [-------] CPL=0 II=0 A20=1 SMM=0 HLT=0
ES =0030 0000000000000000 ffffffff 00cf9300 DPL=0 DS   [-WA]
CS =0038 0000000000000000 ffffffff 00af9a00 DPL=0 CS64 [-R-]
SS =0030 0000000000000000 ffffffff 00cf9300 DPL=0 DS   [-WA]
DS =0030 0000000000000000 ffffffff 00cf9300 DPL=0 DS   [-WA]
FS =0030 0000000000000000 ffffffff 00cf9300 DPL=0 DS   [-WA]
GS =0030 0000000000000000 ffffffff 00cf9300 DPL=0 DS   [-WA]
LDT=0000 0000000000000000 0000ffff 00008200 DPL=0 LDT
TR =0000 0000000000000000 0000ffff 00008b00 DPL=0 TSS64-busy
GDT=     000000003f5dc000 00000047
IDT=     000000003efa3018 00000fff
CR0=80010033 CR2=0000000000000000 CR3=000000003f801000 CR4=00000668
DR0=0000000000000000 DR1=0000000000000000 DR2=0000000000000000 DR3=0000000000000000 
DR6=00000000ffff0ff0 DR7=0000000000000400
CCS=0000000000000000 CCD=00000000000000ef CCO=EFLAGS
EFER=0000000000000d00
Servicing hardware INT=0x20
   172: v=20 e=0000 i=0 cpl=0 IP=0038:000000003e6d3862 pc=000000003e6d3862 SP=0030:000000003fe64fc0 env->regs[R_EAX]=0000000000000065
RAX=0000000000000065 RBX=0000000000000064 RCX=000000000000b008 RDX=00000000009cf7a8
RSI=00000000009cf80d RDI=000000003e5b40d4 RBP=000000003fe64ff0 RSP=000000003fe64fc0
R8 =000000003fe64fdf R9 =000000000000c042 R10=0000000000000000 R11=0000000000000000
R12=000000000004baf1 R13=0000000000000011 R14=000000000000c040 R15=0000000000000000
RIP=000000003e6d3862 RFL=00000206 [-----P-] CPL=0 II=0 A20=1 SMM=0 HLT=0
ES =0030 0000000000000000 ffffffff 00cf9300 DPL=0 DS   [-WA]
CS =0038 0000000000000000 ffffffff 00af9a00 DPL=0 CS64 [-R-]
SS =0030 0000000000000000 ffffffff 00cf9300 DPL=0 DS   [-WA]
DS =0030 0000000000000000 ffffffff 00cf9300 DPL=0 DS   [-WA]
FS =0030 0000000000000000 ffffffff 00cf9300 DPL=0 DS   [-WA]
GS =0030 0000000000000000 ffffffff 00cf9300 DPL=0 DS   [-WA]
LDT=0000 0000000000000000 0000ffff 00008200 DPL=0 LDT
TR =0000 0000000000000000 0000ffff 00008b00 DPL=0 TSS64-busy
GDT=     000000003f5dc000 00000047
IDT=     000000003efa3018 00000fff
CR0=80010033 CR2=0000000000000000 CR3=000000003f801000 CR4=00000668
DR0=0000000000000000 DR1=0000000000000000 DR2=0000000000000000 DR3=0000000000000000 
DR6=00000000ffff0ff0 DR7=0000000000000400
CCS=0000000000000004 CCD=0000000000000065 CCO=EFLAGS
EFER=0000000000000d00
Servicing hardware INT=0x20
   173: v=20 e=0000 i=0 cpl=0 IP=0038:000000003e6d3862 pc=000000003e6d3862 SP=0030:000000003fe64fc0 env->regs[R_EAX]=00000000000000a2
RAX=00000000000000a2 RBX=0000000000000064 RCX=000000000000b008 RDX=00000000009d2989
RSI=00000000009d2a2b RDI=000000003e5b40d4 RBP=000000003fe64ff0 RSP=000000003fe64fc0
R8 =000000003fe64fdf R9 =000000000000c042 R10=0000000000000000 R11=0000000000000000
R12=000000000004bad8 R13=0000000000000011 R14=000000000000c040 R15=0000000000000000
RIP=000000003e6d3862 RFL=00000202 [-------] CPL=0 II=0 A20=1 SMM=0 HLT=0
ES =0030 0000000000000000 ffffffff 00cf9300 DPL=0 DS   [-WA]
CS =0038 0000000000000000 ffffffff 00af9a00 DPL=0 CS64 [-R-]
SS =0030 0000000000000000 ffffffff 00cf9300 DPL=0 DS   [-WA]
DS =0030 0000000000000000 ffffffff 00cf9300 DPL=0 DS   [-WA]
FS =0030 0000000000000000 ffffffff 00cf9300 DPL=0 DS   [-WA]
GS =0030 0000000000000000 ffffffff 00cf9300 DPL=0 DS   [-WA]
LDT=0000 0000000000000000 0000ffff 00008200 DPL=0 LDT
TR =0000 0000000000000000 0000ffff 00008b00 DPL=0 TSS64-busy
GDT=     000000003f5dc000 00000047
IDT=     000000003efa3018 00000fff
CR0=80010033 CR2=0000000000000000 CR3=000000003f801000 CR4=00000668
DR0=0000000000000000 DR1=0000000000000000 DR2=0000000000000000 DR3=0000000000000000 
DR6=00000000ffff0ff0 DR7=0000000000000400
CCS=0000000000000000 CCD=00000000000000a2 CCO=EFLAGS
EFER=0000000000000d00
Servicing hardware INT=0x20
   174: v=20 e=0000 i=0 cpl=0 IP=0038:000000003e6d3862 pc=000000003e6d3862 SP=0030:000000003fe64fc0 env->regs[R_EAX]=00000000000000df
RAX=00000000000000df RBX=0000000000000064 RCX=000000000000b008 RDX=00000000009dfa03
RSI=00000000009dfae2 RDI=000000003e5b40d4 RBP=000000003fe64ff0 RSP=000000003fe64fc0
R8 =000000003fe64fdf R9 =000000000000c042 R10=0000000000000000 R11=0000000000000000
R12=000000000004baf1 R13=0000000000000011 R14=000000000000c040 R15=0000000000000000
RIP=000000003e6d3862 RFL=00000202 [-------] CPL=0 II=0 A20=1 SMM=0 HLT=0
ES =0030 0000000000000000 ffffffff 00cf9300 DPL=0 DS   [-WA]
CS =0038 0000000000000000 ffffffff 00af9a00 DPL=0 CS64 [-R-]
SS =0030 0000000000000000 ffffffff 00cf9300 DPL=0 DS   [-WA]
DS =0030 0000000000000000 ffffffff 00cf9300 DPL=0 DS   [-WA]
FS =0030 0000000000000000 ffffffff 00cf9300 DPL=0 DS   [-WA]
GS =0030 0000000000000000 ffffffff 00cf9300 DPL=0 DS   [-WA]
LDT=0000 0000000000000000 0000ffff 00008200 DPL=0 LDT
TR =0000 0000000000000000 0000ffff 00008b00 DPL=0 TSS64-busy
GDT=     000000003f5dc000 00000047
IDT=     000000003efa3018 00000fff
CR0=80010033 CR2=0000000000000000 CR3=000000003f801000 CR4=00000668
DR0=0000000000000000 DR1=0000000000000000 DR2=0000000000000000 DR3=0000000000000000 
DR6=00000000ffff0ff0 DR7=0000000000000400
CCS=0000000000000000 CCD=00000000000000df CCO=EFLAGS
EFER=0000000000000d00
Servicing hardware INT=0x20
   175: v=20 e=0000 i=0 cpl=0 IP=0038:000000003e6d3862 pc=000000003e6d3862 SP=0030:000000003fe64fc0 env->regs[R_EAX]=000000000000015e
RAX=000000000000015e RBX=0000000000000064 RCX=000000000000b008 RDX=00000000009e3863
RSI=00000000009e39c1 RDI=000000003e5b40d4 RBP=000000003fe64ff0 RSP=000000003fe64fc0
R8 =000000003fe64fdf R9 =000000000000c042 R10=0000000000000000 R11=0000000000000000
R12=000000000004bace R13=0000000000000011 R14=000000000000c040 R15=0000000000000000
RIP=000000003e6d3862 RFL=00000202 [-------] CPL=0 II=0 A20=1 SMM=0 HLT=0
ES =0030 0000000000000000 ffffffff 00cf9300 DPL=0 DS   [-WA]
CS =0038 0000000000000000 ffffffff 00af9a00 DPL=0 CS64 [-R-]
SS =0030 0000000000000000 ffffffff 00cf9300 DPL=0 DS   [-WA]
DS =0030 0000000000000000 ffffffff 00cf9300 DPL=0 DS   [-WA]
FS =0030 0000000000000000 ffffffff 00cf9300 DPL=0 DS   [-WA]
GS =0030 0000000000000000 ffffffff 00cf9300 DPL=0 DS   [-WA]
LDT=0000 0000000000000000 0000ffff 00008200 DPL=0 LDT
TR =0000 0000000000000000 0000ffff 00008b00 DPL=0 TSS64-busy
GDT=     000000003f5dc000 00000047
IDT=     000000003efa3018 00000fff
CR0=80010033 CR2=0000000000000000 CR3=000000003f801000 CR4=00000668
DR0=0000000000000000 DR1=0000000000000000 DR2=0000000000000000 DR3=0000000000000000 
DR6=00000000ffff0ff0 DR7=0000000000000400
CCS=0000000000000000 CCD=000000000000015e CCO=EFLAGS
EFER=0000000000000d00
Servicing hardware INT=0x20
   176: v=20 e=0000 i=0 cpl=0 IP=0038:000000003e6d3862 pc=000000003e6d3862 SP=0030:000000003fe64fc0 env->regs[R_EAX]=00000000000000ed
RAX=00000000000000ed RBX=0000000000000064 RCX=000000000000b008 RDX=00000000009f03e5
RSI=00000000009f04d2 RDI=000000003e5b40d4 RBP=000000003fe64ff0 RSP=000000003fe64fc0
R8 =000000003fe64fdf R9 =000000000000c042 R10=0000000000000000 R11=0000000000000000
R12=000000000004baf1 R13=0000000000000011 R14=000000000000c040 R15=0000000000000000
RIP=000000003e6d3862 RFL=00000206 [-----P-] CPL=0 II=0 A20=1 SMM=0 HLT=0
ES =0030 0000000000000000 ffffffff 00cf9300 DPL=0 DS   [-WA]
CS =0038 0000000000000000 ffffffff 00af9a00 DPL=0 CS64 [-R-]
SS =0030 0000000000000000 ffffffff 00cf9300 DPL=0 DS   [-WA]
DS =0030 0000000000000000 ffffffff 00cf9300 DPL=0 DS   [-WA]
FS =0030 0000000000000000 ffffffff 00cf9300 DPL=0 DS   [-WA]
GS =0030 0000000000000000 ffffffff 00cf9300 DPL=0 DS   [-WA]
LDT=0000 0000000000000000 0000ffff 00008200 DPL=0 LDT
TR =0000 0000000000000000 0000ffff 00008b00 DPL=0 TSS64-busy
GDT=     000000003f5dc000 00000047
IDT=     000000003efa3018 00000fff
CR0=80010033 CR2=0000000000000000 CR3=000000003f801000 CR4=00000668
DR0=0000000000000000 DR1=0000000000000000 DR2=0000000000000000 DR3=0000000000000000 
DR6=00000000ffff0ff0 DR7=0000000000000400
CCS=0000000000000004 CCD=00000000000000ed CCO=EFLAGS
EFER=0000000000000d00
Servicing hardware INT=0x20
   177: v=20 e=0000 i=0 cpl=0 IP=0038:000000003e6d3862 pc=000000003e6d3862 SP=0030:000000003fe64fc0 env->regs[R_EAX]=000000000000015c
RAX=000000000000015c RBX=0000000000000064 RCX=000000000000b008 RDX=00000000009f58e1
RSI=00000000009f5a3d RDI=000000003e5b40d4 RBP=000000003fe64ff0 RSP=000000003fe64fc0
R8 =000000003fe64fdf R9 =000000000000c042 R10=0000000000000000 R11=0000000000000000
R12=000000000004bac2 R13=0000000000000011 R14=000000000000c040 R15=0000000000000000
RIP=000000003e6d3862 RFL=00000206 [-----P-] CPL=0 II=0 A20=1 SMM=0 HLT=0
ES =0030 0000000000000000 ffffffff 00cf9300 DPL=0 DS   [-WA]
CS =0038 0000000000000000 ffffffff 00af9a00 DPL=0 CS64 [-R-]
SS =0030 0000000000000000 ffffffff 00cf9300 DPL=0 DS   [-WA]
DS =0030 0000000000000000 ffffffff 00cf9300 DPL=0 DS   [-WA]
FS =0030 0000000000000000 ffffffff 00cf9300 DPL=0 DS   [-WA]
GS =0030 0000000000000000 ffffffff 00cf9300 DPL=0 DS   [-WA]
LDT=0000 0000000000000000 0000ffff 00008200 DPL=0 LDT
TR =0000 0000000000000000 0000ffff 00008b00 DPL=0 TSS64-busy
GDT=     000000003f5dc000 00000047
IDT=     000000003efa3018 00000fff
CR0=80010033 CR2=0000000000000000 CR3=000000003f801000 CR4=00000668
DR0=0000000000000000 DR1=0000000000000000 DR2=0000000000000000 DR3=0000000000000000 
DR6=00000000ffff0ff0 DR7=0000000000000400
CCS=0000000000000004 CCD=000000000000015c CCO=EFLAGS
EFER=0000000000000d00
Servicing hardware INT=0x20
   178: v=20 e=0000 i=0 cpl=0 IP=0038:000000003e6d3862 pc=000000003e6d3862 SP=0030:000000003fe64fc0 env->regs[R_EAX]=0000000000002fea
RAX=0000000000002fea RBX=0000000000002710 RCX=000000000000b008 RDX=00000000009feed9
RSI=0000000000a01ec3 RDI=000000003e5b40d4 RBP=000000003fe64ff0 RSP=000000003fe64fc0
R8 =000000003fe65010 R9 =00000000000003f6 R10=0000000000000000 R11=0000000000000000
R12=000000000000c042 R13=0000000000000011 R14=000000000000c040 R15=0000000000000000
RIP=000000003e6d3862 RFL=00000202 [-------] CPL=0 II=0 A20=1 SMM=0 HLT=0
ES =0030 0000000000000000 ffffffff 00cf9300 DPL=0 DS   [-WA]
CS =0038 0000000000000000 ffffffff 00af9a00 DPL=0 CS64 [-R-]
SS =0030 0000000000000000 ffffffff 00cf9300 DPL=0 DS   [-WA]
DS =0030 0000000000000000 ffffffff 00cf9300 DPL=0 DS   [-WA]
FS =0030 0000000000000000 ffffffff 00cf9300 DPL=0 DS   [-WA]
GS =0030 0000000000000000 ffffffff 00cf9300 DPL=0 DS   [-WA]
LDT=0000 0000000000000000 0000ffff 00008200 DPL=0 LDT
TR =0000 0000000000000000 0000ffff 00008b00 DPL=0 TSS64-busy
GDT=     000000003f5dc000 00000047
IDT=     000000003efa3018 00000fff
CR0=80010033 CR2=0000000000000000 CR3=000000003f801000 CR4=00000668
DR0=0000000000000000 DR1=0000000000000000 DR2=0000000000000000 DR3=0000000000000000 
DR6=00000000ffff0ff0 DR7=0000000000000400
CCS=0000000000000000 CCD=0000000000002fea CCO=EFLAGS
EFER=0000000000000d00
Servicing hardware INT=0x20
   179: v=20 e=0000 i=0 cpl=0 IP=0038:000000003e6d3862 pc=000000003e6d3862 SP=0030:000000003fe64fc0 env->regs[R_EAX]=0000000000000025
RAX=0000000000000025 RBX=0000000000000064 RCX=000000000000b008 RDX=0000000000a070a5
RSI=0000000000a070ca RDI=000000003e5b40d4 RBP=000000003fe64ff0 RSP=000000003fe64fc0
R8 =000000003fe64fdf R9 =000000000000c042 R10=0000000000000000 R11=0000000000000000
R12=000000000004bacc R13=0000000000000011 R14=000000000000c040 R15=0000000000000000
RIP=000000003e6d3862 RFL=00000202 [-------] CPL=0 II=0 A20=1 SMM=0 HLT=0
ES =0030 0000000000000000 ffffffff 00cf9300 DPL=0 DS   [-WA]
CS =0038 0000000000000000 ffffffff 00af9a00 DPL=0 CS64 [-R-]
SS =0030 0000000000000000 ffffffff 00cf9300 DPL=0 DS   [-WA]
DS =0030 0000000000000000 ffffffff 00cf9300 DPL=0 DS   [-WA]
FS =0030 0000000000000000 ffffffff 00cf9300 DPL=0 DS   [-WA]
GS =0030 0000000000000000 ffffffff 00cf9300 DPL=0 DS   [-WA]
LDT=0000 0000000000000000 0000ffff 00008200 DPL=0 LDT
TR =0000 0000000000000000 0000ffff 00008b00 DPL=0 TSS64-busy
GDT=     000000003f5dc000 00000047
IDT=     000000003efa3018 00000fff
CR0=80010033 CR2=0000000000000000 CR3=000000003f801000 CR4=00000668
DR0=0000000000000000 DR1=0000000000000000 DR2=0000000000000000 DR3=0000000000000000 
DR6=00000000ffff0ff0 DR7=0000000000000400
CCS=0000000000000000 CCD=0000000000000025 CCO=EFLAGS
EFER=0000000000000d00
Servicing hardware INT=0x20
   180: v=20 e=0000 i=0 cpl=0 IP=0038:000000003e6d3862 pc=000000003e6d3862 SP=0030:000000003fe64eb0 env->regs[R_EAX]=00000000000000df
RAX=00000000000000df RBX=0000000000000064 RCX=000000000000b008 RDX=0000000000a180be
RSI=0000000000a1819d RDI=000000003e5b40d4 RBP=000000003fe64ee0 RSP=000000003fe64eb0
R8 =000000003fe64ecf R9 =000000000000c042 R10=0000000000000000 R11=0000000000000000
R12=000000000004baf1 R13=0000000000000011 R14=000000000000c040 R15=0000000000000000
RIP=000000003e6d3862 RFL=00000202 [-------] CPL=0 II=0 A20=1 SMM=0 HLT=0
ES =0030 0000000000000000 ffffffff 00cf9300 DPL=0 DS   [-WA]
CS =0038 0000000000000000 ffffffff 00af9a00 DPL=0 CS64 [-R-]
SS =0030 0000000000000000 ffffffff 00cf9300 DPL=0 DS   [-WA]
DS =0030 0000000000000000 ffffffff 00cf9300 DPL=0 DS   [-WA]
FS =0030 0000000000000000 ffffffff 00cf9300 DPL=0 DS   [-WA]
GS =0030 0000000000000000 ffffffff 00cf9300 DPL=0 DS   [-WA]
LDT=0000 0000000000000000 0000ffff 00008200 DPL=0 LDT
TR =0000 0000000000000000 0000ffff 00008b00 DPL=0 TSS64-busy
GDT=     000000003f5dc000 00000047
IDT=     000000003efa3018 00000fff
CR0=80010033 CR2=0000000000000000 CR3=000000003f801000 CR4=00000668
DR0=0000000000000000 DR1=0000000000000000 DR2=0000000000000000 DR3=0000000000000000 
DR6=00000000ffff0ff0 DR7=0000000000000400
CCS=0000000000000000 CCD=00000000000000df CCO=EFLAGS
EFER=0000000000000d00
Servicing hardware INT=0x20
   181: v=20 e=0000 i=0 cpl=0 IP=0038:000000003e6d3862 pc=000000003e6d3862 SP=0030:000000003fe64eb0 env->regs[R_EAX]=0000000000000156
RAX=0000000000000156 RBX=0000000000000064 RCX=000000000000b008 RDX=0000000000a1880d
RSI=0000000000a18963 RDI=000000003e5b40d4 RBP=000000003fe64ee0 RSP=000000003fe64eb0
R8 =000000003fe64ecf R9 =000000000000c042 R10=0000000000000000 R11=0000000000000000
R12=000000000004baef R13=0000000000000011 R14=000000000000c040 R15=0000000000000000
RIP=000000003e6d3862 RFL=00000206 [-----P-] CPL=0 II=0 A20=1 SMM=0 HLT=0
ES =0030 0000000000000000 ffffffff 00cf9300 DPL=0 DS   [-WA]
CS =0038 0000000000000000 ffffffff 00af9a00 DPL=0 CS64 [-R-]
SS =0030 0000000000000000 ffffffff 00cf9300 DPL=0 DS   [-WA]
DS =0030 0000000000000000 ffffffff 00cf9300 DPL=0 DS   [-WA]
FS =0030 0000000000000000 ffffffff 00cf9300 DPL=0 DS   [-WA]
GS =0030 0000000000000000 ffffffff 00cf9300 DPL=0 DS   [-WA]
LDT=0000 0000000000000000 0000ffff 00008200 DPL=0 LDT
TR =0000 0000000000000000 0000ffff 00008b00 DPL=0 TSS64-busy
GDT=     000000003f5dc000 00000047
IDT=     000000003efa3018 00000fff
CR0=80010033 CR2=0000000000000000 CR3=000000003f801000 CR4=00000668
DR0=0000000000000000 DR1=0000000000000000 DR2=0000000000000000 DR3=0000000000000000 
DR6=00000000ffff0ff0 DR7=0000000000000400
CCS=0000000000000004 CCD=0000000000000156 CCO=EFLAGS
EFER=0000000000000d00
Servicing hardware INT=0x20
   182: v=20 e=0000 i=0 cpl=0 IP=0038:000000003ea3068a pc=000000003ea3068a SP=0030:000000003fe64d50 env->regs[R_EAX]=0000000000000001
RAX=0000000000000001 RBX=0000000080000900 RCX=0000000000000001 RDX=0000000000000cf8
RSI=0000000000000001 RDI=0000000000000002 RBP=000000003fe64db0 RSP=000000003fe64d50
R8 =0000000000000000 R9 =0000000000000cf8 R10=000000003df62018 R11=0000000000000000
R12=0000000000000000 R13=0000000000000001 R14=000000000000902a R15=0000000000000001
RIP=000000003ea3068a RFL=00000202 [-------] CPL=0 II=0 A20=1 SMM=0 HLT=0
ES =0030 0000000000000000 ffffffff 00cf9300 DPL=0 DS   [-WA]
CS =0038 0000000000000000 ffffffff 00af9a00 DPL=0 CS64 [-R-]
SS =0030 0000000000000000 ffffffff 00cf9300 DPL=0 DS   [-WA]
DS =0030 0000000000000000 ffffffff 00cf9300 DPL=0 DS   [-WA]
FS =0030 0000000000000000 ffffffff 00cf9300 DPL=0 DS   [-WA]
GS =0030 0000000000000000 ffffffff 00cf9300 DPL=0 DS   [-WA]
LDT=0000 0000000000000000 0000ffff 00008200 DPL=0 LDT
TR =0000 0000000000000000 0000ffff 00008b00 DPL=0 TSS64-busy
GDT=     000000003f5dc000 00000047
IDT=     000000003efa3018 00000fff
CR0=80010033 CR2=0000000000000000 CR3=000000003f801000 CR4=00000668
DR0=0000000000000000 DR1=0000000000000000 DR2=0000000000000000 DR3=0000000000000000 
DR6=00000000ffff0ff0 DR7=0000000000000400
CCS=0000000000000038 CCD=0000000000000001 CCO=LOGICB
EFER=0000000000000d00
Servicing hardware INT=0x20
   183: v=20 e=0000 i=0 cpl=0 IP=0038:000000003e6d3862 pc=000000003e6d3862 SP=0030:000000003fe64eb0 env->regs[R_EAX]=0000000000000015
RAX=0000000000000015 RBX=0000000000000064 RCX=000000000000b008 RDX=0000000000a29fd6
RSI=0000000000a29feb RDI=000000003e5b40d4 RBP=000000003fe64ee0 RSP=000000003fe64eb0
R8 =000000003fe64ecf R9 =000000000000c042 R10=0000000000000000 R11=0000000000000000
R12=000000000004baec R13=0000000000000011 R14=000000000000c040 R15=0000000000000000
RIP=000000003e6d3862 RFL=00000202 [-------] CPL=0 II=0 A20=1 SMM=0 HLT=0
ES =0030 0000000000000000 ffffffff 00cf9300 DPL=0 DS   [-WA]
CS =0038 0000000000000000 ffffffff 00af9a00 DPL=0 CS64 [-R-]
SS =0030 0000000000000000 ffffffff 00cf9300 DPL=0 DS   [-WA]
DS =0030 0000000000000000 ffffffff 00cf9300 DPL=0 DS   [-WA]
FS =0030 0000000000000000 ffffffff 00cf9300 DPL=0 DS   [-WA]
GS =0030 0000000000000000 ffffffff 00cf9300 DPL=0 DS   [-WA]
LDT=0000 0000000000000000 0000ffff 00008200 DPL=0 LDT
TR =0000 0000000000000000 0000ffff 00008b00 DPL=0 TSS64-busy
GDT=     000000003f5dc000 00000047
IDT=     000000003efa3018 00000fff
CR0=80010033 CR2=0000000000000000 CR3=000000003f801000 CR4=00000668
DR0=0000000000000000 DR1=0000000000000000 DR2=0000000000000000 DR3=0000000000000000 
DR6=00000000ffff0ff0 DR7=0000000000000400
CCS=0000000000000000 CCD=0000000000000015 CCO=EFLAGS
EFER=0000000000000d00
Servicing hardware INT=0x20
   184: v=20 e=0000 i=0 cpl=0 IP=0038:000000003e6d3862 pc=000000003e6d3862 SP=0030:000000003fe64eb0 env->regs[R_EAX]=00000000000037a8
RAX=00000000000037a8 RBX=0000000000002710 RCX=000000000000b008 RDX=0000000000a35f6b
RSI=0000000000a39713 RDI=000000003e5b40d4 RBP=000000003fe64ee0 RSP=000000003fe64eb0
R8 =000000003fe64f00 R9 =00000000000003f6 R10=0000000000000000 R11=0000000000000000
R12=000000000000c042 R13=0000000000000011 R14=000000000000c040 R15=0000000000000000
RIP=000000003e6d3862 RFL=00000202 [-------] CPL=0 II=0 A20=1 SMM=0 HLT=0
ES =0030 0000000000000000 ffffffff 00cf9300 DPL=0 DS   [-WA]
CS =0038 0000000000000000 ffffffff 00af9a00 DPL=0 CS64 [-R-]
SS =0030 0000000000000000 ffffffff 00cf9300 DPL=0 DS   [-WA]
DS =0030 0000000000000000 ffffffff 00cf9300 DPL=0 DS   [-WA]
FS =0030 0000000000000000 ffffffff 00cf9300 DPL=0 DS   [-WA]
GS =0030 0000000000000000 ffffffff 00cf9300 DPL=0 DS   [-WA]
LDT=0000 0000000000000000 0000ffff 00008200 DPL=0 LDT
TR =0000 0000000000000000 0000ffff 00008b00 DPL=0 TSS64-busy
GDT=     000000003f5dc000 00000047
IDT=     000000003efa3018 00000fff
CR0=80010033 CR2=0000000000000000 CR3=000000003f801000 CR4=00000668
DR0=0000000000000000 DR1=0000000000000000 DR2=0000000000000000 DR3=0000000000000000 
DR6=00000000ffff0ff0 DR7=0000000000000400
CCS=0000000000000000 CCD=00000000000037a8 CCO=EFLAGS
EFER=0000000000000d00
Servicing hardware INT=0x20
   185: v=20 e=0000 i=0 cpl=0 IP=0038:000000003e6d3862 pc=000000003e6d3862 SP=0030:000000003fe64eb0 env->regs[R_EAX]=0000000000000004
RAX=0000000000000004 RBX=0000000000000064 RCX=000000000000b008 RDX=0000000000a3b73a
RSI=0000000000a3b73e RDI=000000003e5b40d4 RBP=000000003fe64ee0 RSP=000000003fe64eb0
R8 =000000003fe64ecf R9 =000000000000c042 R10=0000000000000000 R11=0000000000000000
R12=000000000004bae7 R13=0000000000000011 R14=000000000000c040 R15=0000000000000000
RIP=000000003e6d3862 RFL=00000202 [-------] CPL=0 II=0 A20=1 SMM=0 HLT=0
ES =0030 0000000000000000 ffffffff 00cf9300 DPL=0 DS   [-WA]
CS =0038 0000000000000000 ffffffff 00af9a00 DPL=0 CS64 [-R-]
SS =0030 0000000000000000 ffffffff 00cf9300 DPL=0 DS   [-WA]
DS =0030 0000000000000000 ffffffff 00cf9300 DPL=0 DS   [-WA]
FS =0030 0000000000000000 ffffffff 00cf9300 DPL=0 DS   [-WA]
GS =0030 0000000000000000 ffffffff 00cf9300 DPL=0 DS   [-WA]
LDT=0000 0000000000000000 0000ffff 00008200 DPL=0 LDT
TR =0000 0000000000000000 0000ffff 00008b00 DPL=0 TSS64-busy
GDT=     000000003f5dc000 00000047
IDT=     000000003efa3018 00000fff
CR0=80010033 CR2=0000000000000000 CR3=000000003f801000 CR4=00000668
DR0=0000000000000000 DR1=0000000000000000 DR2=0000000000000000 DR3=0000000000000000 
DR6=00000000ffff0ff0 DR7=0000000000000400
CCS=0000000000000000 CCD=0000000000000004 CCO=EFLAGS
EFER=0000000000000d00
Servicing hardware INT=0x20
   186: v=20 e=0000 i=0 cpl=0 IP=0038:000000003e6d3862 pc=000000003e6d3862 SP=0030:000000003fe64ef0 env->regs[R_EAX]=0000000000000040
RAX=0000000000000040 RBX=0000000000000064 RCX=000000000000b008 RDX=0000000000a4bb76
RSI=0000000000a4bbb6 RDI=000000003e5b40d4 RBP=000000003fe64f20 RSP=000000003fe64ef0
R8 =000000003fe64f0f R9 =000000000000c042 R10=0000000000000000 R11=0000000000000000
R12=000000000004baf1 R13=0000000000000011 R14=000000000000c040 R15=0000000000000000
RIP=000000003e6d3862 RFL=00000202 [-------] CPL=0 II=0 A20=1 SMM=0 HLT=0
ES =0030 0000000000000000 ffffffff 00cf9300 DPL=0 DS   [-WA]
CS =0038 0000000000000000 ffffffff 00af9a00 DPL=0 CS64 [-R-]
SS =0030 0000000000000000 ffffffff 00cf9300 DPL=0 DS   [-WA]
DS =0030 0000000000000000 ffffffff 00cf9300 DPL=0 DS   [-WA]
FS =0030 0000000000000000 ffffffff 00cf9300 DPL=0 DS   [-WA]
GS =0030 0000000000000000 ffffffff 00cf9300 DPL=0 DS   [-WA]
LDT=0000 0000000000000000 0000ffff 00008200 DPL=0 LDT
TR =0000 0000000000000000 0000ffff 00008b00 DPL=0 TSS64-busy
GDT=     000000003f5dc000 00000047
IDT=     000000003efa3018 00000fff
CR0=80010033 CR2=0000000000000000 CR3=000000003f801000 CR4=00000668
DR0=0000000000000000 DR1=0000000000000000 DR2=0000000000000000 DR3=0000000000000000 
DR6=00000000ffff0ff0 DR7=0000000000000400
CCS=0000000000000000 CCD=0000000000000040 CCO=EFLAGS
EFER=0000000000000d00
Servicing hardware INT=0x20
   187: v=20 e=0000 i=0 cpl=0 IP=0038:000000003e6d3862 pc=000000003e6d3862 SP=0030:000000003fe64ef0 env->regs[R_EAX]=000000000000014d
RAX=000000000000014d RBX=0000000000000064 RCX=000000000000b008 RDX=0000000000a4cf29
RSI=0000000000a4d076 RDI=000000003e5b40d4 RBP=000000003fe64f20 RSP=000000003fe64ef0
R8 =000000003fe64f0f R9 =000000000000c042 R10=0000000000000000 R11=0000000000000000
R12=000000000004bae7 R13=0000000000000011 R14=000000000000c040 R15=0000000000000000
RIP=000000003e6d3862 RFL=00000206 [-----P-] CPL=0 II=0 A20=1 SMM=0 HLT=0
ES =0030 0000000000000000 ffffffff 00cf9300 DPL=0 DS   [-WA]
CS =0038 0000000000000000 ffffffff 00af9a00 DPL=0 CS64 [-R-]
SS =0030 0000000000000000 ffffffff 00cf9300 DPL=0 DS   [-WA]
DS =0030 0000000000000000 ffffffff 00cf9300 DPL=0 DS   [-WA]
FS =0030 0000000000000000 ffffffff 00cf9300 DPL=0 DS   [-WA]
GS =0030 0000000000000000 ffffffff 00cf9300 DPL=0 DS   [-WA]
LDT=0000 0000000000000000 0000ffff 00008200 DPL=0 LDT
TR =0000 0000000000000000 0000ffff 00008b00 DPL=0 TSS64-busy
GDT=     000000003f5dc000 00000047
IDT=     000000003efa3018 00000fff
CR0=80010033 CR2=0000000000000000 CR3=000000003f801000 CR4=00000668
DR0=0000000000000000 DR1=0000000000000000 DR2=0000000000000000 DR3=0000000000000000 
DR6=00000000ffff0ff0 DR7=0000000000000400
CCS=0000000000000004 CCD=000000000000014d CCO=EFLAGS
EFER=0000000000000d00
Servicing hardware INT=0x20
   188: v=20 e=0000 i=0 cpl=0 IP=0038:000000003e6d3862 pc=000000003e6d3862 SP=0030:000000003fe64ef0 env->regs[R_EAX]=00000000000000b5
RAX=00000000000000b5 RBX=0000000000000064 RCX=000000000000b008 RDX=0000000000a5b591
RSI=0000000000a5b646 RDI=000000003e5b40d4 RBP=000000003fe64f20 RSP=000000003fe64ef0
R8 =000000003fe64f0f R9 =000000000000c042 R10=0000000000000000 R11=0000000000000000
R12=000000000004baf1 R13=0000000000000011 R14=000000000000c040 R15=0000000000000000
RIP=000000003e6d3862 RFL=00000202 [-------] CPL=0 II=0 A20=1 SMM=0 HLT=0
ES =0030 0000000000000000 ffffffff 00cf9300 DPL=0 DS   [-WA]
CS =0038 0000000000000000 ffffffff 00af9a00 DPL=0 CS64 [-R-]
SS =0030 0000000000000000 ffffffff 00cf9300 DPL=0 DS   [-WA]
DS =0030 0000000000000000 ffffffff 00cf9300 DPL=0 DS   [-WA]
FS =0030 0000000000000000 ffffffff 00cf9300 DPL=0 DS   [-WA]
GS =0030 0000000000000000 ffffffff 00cf9300 DPL=0 DS   [-WA]
LDT=0000 0000000000000000 0000ffff 00008200 DPL=0 LDT
TR =0000 0000000000000000 0000ffff 00008b00 DPL=0 TSS64-busy
GDT=     000000003f5dc000 00000047
IDT=     000000003efa3018 00000fff
CR0=80010033 CR2=0000000000000000 CR3=000000003f801000 CR4=00000668
DR0=0000000000000000 DR1=0000000000000000 DR2=0000000000000000 DR3=0000000000000000 
DR6=00000000ffff0ff0 DR7=0000000000000400
CCS=0000000000000000 CCD=00000000000000b5 CCO=EFLAGS
EFER=0000000000000d00
Servicing hardware INT=0x20
   189: v=20 e=0000 i=0 cpl=0 IP=0038:000000003e6d3862 pc=000000003e6d3862 SP=0030:000000003fe64ef0 env->regs[R_EAX]=000000000000014f
RAX=000000000000014f RBX=0000000000000064 RCX=000000000000b008 RDX=0000000000a5e6ab
RSI=0000000000a5e7fa RDI=000000003e5b40d4 RBP=000000003fe64f20 RSP=000000003fe64ef0
R8 =000000003fe64f0f R9 =000000000000c042 R10=0000000000000000 R11=0000000000000000
R12=000000000004bad5 R13=0000000000000011 R14=000000000000c040 R15=0000000000000000
RIP=000000003e6d3862 RFL=00000202 [-------] CPL=0 II=0 A20=1 SMM=0 HLT=0
ES =0030 0000000000000000 ffffffff 00cf9300 DPL=0 DS   [-WA]
CS =0038 0000000000000000 ffffffff 00af9a00 DPL=0 CS64 [-R-]
SS =0030 0000000000000000 ffffffff 00cf9300 DPL=0 DS   [-WA]
DS =0030 0000000000000000 ffffffff 00cf9300 DPL=0 DS   [-WA]
FS =0030 0000000000000000 ffffffff 00cf9300 DPL=0 DS   [-WA]
GS =0030 0000000000000000 ffffffff 00cf9300 DPL=0 DS   [-WA]
LDT=0000 0000000000000000 0000ffff 00008200 DPL=0 LDT
TR =0000 0000000000000000 0000ffff 00008b00 DPL=0 TSS64-busy
GDT=     000000003f5dc000 00000047
IDT=     000000003efa3018 00000fff
CR0=80010033 CR2=0000000000000000 CR3=000000003f801000 CR4=00000668
DR0=0000000000000000 DR1=0000000000000000 DR2=0000000000000000 DR3=0000000000000000 
DR6=00000000ffff0ff0 DR7=0000000000000400
CCS=0000000000000000 CCD=000000000000014f CCO=EFLAGS
EFER=0000000000000d00
Servicing hardware INT=0x20
   190: v=20 e=0000 i=0 cpl=0 IP=0038:000000003e6d3862 pc=000000003e6d3862 SP=0030:000000003fe64ef0 env->regs[R_EAX]=00000000000000bc
RAX=00000000000000bc RBX=0000000000000064 RCX=000000000000b008 RDX=0000000000a6b0da
RSI=0000000000a6b196 RDI=000000003e5b40d4 RBP=000000003fe64f20 RSP=000000003fe64ef0
R8 =000000003fe64f0f R9 =000000000000c042 R10=0000000000000000 R11=0000000000000000
R12=000000000004baf1 R13=0000000000000011 R14=000000000000c040 R15=0000000000000000
RIP=000000003e6d3862 RFL=00000202 [-------] CPL=0 II=0 A20=1 SMM=0 HLT=0
ES =0030 0000000000000000 ffffffff 00cf9300 DPL=0 DS   [-WA]
CS =0038 0000000000000000 ffffffff 00af9a00 DPL=0 CS64 [-R-]
SS =0030 0000000000000000 ffffffff 00cf9300 DPL=0 DS   [-WA]
DS =0030 0000000000000000 ffffffff 00cf9300 DPL=0 DS   [-WA]
FS =0030 0000000000000000 ffffffff 00cf9300 DPL=0 DS   [-WA]
GS =0030 0000000000000000 ffffffff 00cf9300 DPL=0 DS   [-WA]
LDT=0000 0000000000000000 0000ffff 00008200 DPL=0 LDT
TR =0000 0000000000000000 0000ffff 00008b00 DPL=0 TSS64-busy
GDT=     000000003f5dc000 00000047
IDT=     000000003efa3018 00000fff
CR0=80010033 CR2=0000000000000000 CR3=000000003f801000 CR4=00000668
DR0=0000000000000000 DR1=0000000000000000 DR2=0000000000000000 DR3=0000000000000000 
DR6=00000000ffff0ff0 DR7=0000000000000400
CCS=0000000000000000 CCD=00000000000000bc CCO=EFLAGS
EFER=0000000000000d00
Servicing hardware INT=0x20
   191: v=20 e=0000 i=0 cpl=0 IP=0038:000000003e6d3862 pc=000000003e6d3862 SP=0030:000000003fe64ef0 env->regs[R_EAX]=0000000000000142
RAX=0000000000000142 RBX=0000000000000064 RCX=000000000000b008 RDX=0000000000a6fe6f
RSI=0000000000a6ffb1 RDI=000000003e5b40d4 RBP=000000003fe64f20 RSP=000000003fe64ef0
R8 =000000003fe64f0f R9 =000000000000c042 R10=0000000000000000 R11=0000000000000000
R12=000000000004bac4 R13=0000000000000011 R14=000000000000c040 R15=0000000000000000
RIP=000000003e6d3862 RFL=00000206 [-----P-] CPL=0 II=0 A20=1 SMM=0 HLT=0
ES =0030 0000000000000000 ffffffff 00cf9300 DPL=0 DS   [-WA]
CS =0038 0000000000000000 ffffffff 00af9a00 DPL=0 CS64 [-R-]
SS =0030 0000000000000000 ffffffff 00cf9300 DPL=0 DS   [-WA]
DS =0030 0000000000000000 ffffffff 00cf9300 DPL=0 DS   [-WA]
FS =0030 0000000000000000 ffffffff 00cf9300 DPL=0 DS   [-WA]
GS =0030 0000000000000000 ffffffff 00cf9300 DPL=0 DS   [-WA]
LDT=0000 0000000000000000 0000ffff 00008200 DPL=0 LDT
TR =0000 0000000000000000 0000ffff 00008b00 DPL=0 TSS64-busy
GDT=     000000003f5dc000 00000047
IDT=     000000003efa3018 00000fff
CR0=80010033 CR2=0000000000000000 CR3=000000003f801000 CR4=00000668
DR0=0000000000000000 DR1=0000000000000000 DR2=0000000000000000 DR3=0000000000000000 
DR6=00000000ffff0ff0 DR7=0000000000000400
CCS=0000000000000004 CCD=0000000000000142 CCO=EFLAGS
EFER=0000000000000d00
Servicing hardware INT=0x20
   192: v=20 e=0000 i=0 cpl=0 IP=0038:000000003fe82e8c pc=000000003fe82e8c SP=0030:000000003fe64de0 env->regs[R_EAX]=00000000000000af
RAX=00000000000000af RBX=000000003df36000 RCX=0000000000000000 RDX=000000003df36000
RSI=000000003fe8bb60 RDI=000000003df47000 RBP=000000003fe64e70 RSP=000000003fe64de0
R8 =00000000000000af R9 =000000003df46fff R10=0000000000000000 R11=0000000000000000
R12=000000003df46fff R13=000000003df47000 R14=000000003ea12700 R15=000000003df46fff
RIP=000000003fe82e8c RFL=00000202 [-------] CPL=0 II=0 A20=1 SMM=0 HLT=0
ES =0030 0000000000000000 ffffffff 00cf9300 DPL=0 DS   [-WA]
CS =0038 0000000000000000 ffffffff 00af9a00 DPL=0 CS64 [-R-]
SS =0030 0000000000000000 ffffffff 00cf9300 DPL=0 DS   [-WA]
DS =0030 0000000000000000 ffffffff 00cf9300 DPL=0 DS   [-WA]
FS =0030 0000000000000000 ffffffff 00cf9300 DPL=0 DS   [-WA]
GS =0030 0000000000000000 ffffffff 00cf9300 DPL=0 DS   [-WA]
LDT=0000 0000000000000000 0000ffff 00008200 DPL=0 LDT
TR =0000 0000000000000000 0000ffff 00008b00 DPL=0 TSS64-busy
GDT=     000000003f5dc000 00000047
IDT=     000000003efa3018 00000fff
CR0=80010033 CR2=0000000000000000 CR3=000000003f801000 CR4=00000668
DR0=0000000000000000 DR1=0000000000000000 DR2=0000000000000000 DR3=0000000000000000 
DR6=00000000ffff0ff0 DR7=0000000000000400
CCS=0000000000000000 CCD=000000003fe64dc8 CCO=EFLAGS
EFER=0000000000000d00
Servicing hardware INT=0x20
   193: v=20 e=0000 i=0 cpl=0 IP=0038:000000003e6d3862 pc=000000003e6d3862 SP=0030:000000003fe64ef0 env->regs[R_EAX]=0000000000000164
RAX=0000000000000164 RBX=0000000000000064 RCX=000000000000b008 RDX=0000000000a815e2
RSI=0000000000a81746 RDI=000000003e5b40d4 RBP=000000003fe64f20 RSP=000000003fe64ef0
R8 =000000003fe64f0f R9 =000000000000c042 R10=0000000000000000 R11=0000000000000000
R12=000000000004bac7 R13=0000000000000011 R14=000000000000c040 R15=0000000000000000
RIP=000000003e6d3862 RFL=00000202 [-------] CPL=0 II=0 A20=1 SMM=0 HLT=0
ES =0030 0000000000000000 ffffffff 00cf9300 DPL=0 DS   [-WA]
CS =0038 0000000000000000 ffffffff 00af9a00 DPL=0 CS64 [-R-]
SS =0030 0000000000000000 ffffffff 00cf9300 DPL=0 DS   [-WA]
DS =0030 0000000000000000 ffffffff 00cf9300 DPL=0 DS   [-WA]
FS =0030 0000000000000000 ffffffff 00cf9300 DPL=0 DS   [-WA]
GS =0030 0000000000000000 ffffffff 00cf9300 DPL=0 DS   [-WA]
LDT=0000 0000000000000000 0000ffff 00008200 DPL=0 LDT
TR =0000 0000000000000000 0000ffff 00008b00 DPL=0 TSS64-busy
GDT=     000000003f5dc000 00000047
IDT=     000000003efa3018 00000fff
CR0=80010033 CR2=0000000000000000 CR3=000000003f801000 CR4=00000668
DR0=0000000000000000 DR1=0000000000000000 DR2=0000000000000000 DR3=0000000000000000 
DR6=00000000ffff0ff0 DR7=0000000000000400
CCS=0000000000000000 CCD=0000000000000164 CCO=EFLAGS
EFER=0000000000000d00
Servicing hardware INT=0x20
   194: v=20 e=0000 i=0 cpl=0 IP=0038:000000003e6d3862 pc=000000003e6d3862 SP=0030:000000003fe64f70 env->regs[R_EAX]=00000000000000c4
RAX=00000000000000c4 RBX=0000000000000064 RCX=000000000000b008 RDX=0000000000a91985
RSI=0000000000a91a49 RDI=000000003e5b40d4 RBP=000000003fe64fa0 RSP=000000003fe64f70
R8 =000000003fe64f8f R9 =000000000000c042 R10=0000000000000000 R11=0000000000000000
R12=000000000004baf1 R13=0000000000000011 R14=000000000000c040 R15=0000000000000000
RIP=000000003e6d3862 RFL=00000202 [-------] CPL=0 II=0 A20=1 SMM=0 HLT=0
ES =0030 0000000000000000 ffffffff 00cf9300 DPL=0 DS   [-WA]
CS =0038 0000000000000000 ffffffff 00af9a00 DPL=0 CS64 [-R-]
SS =0030 0000000000000000 ffffffff 00cf9300 DPL=0 DS   [-WA]
DS =0030 0000000000000000 ffffffff 00cf9300 DPL=0 DS   [-WA]
FS =0030 0000000000000000 ffffffff 00cf9300 DPL=0 DS   [-WA]
GS =0030 0000000000000000 ffffffff 00cf9300 DPL=0 DS   [-WA]
LDT=0000 0000000000000000 0000ffff 00008200 DPL=0 LDT
TR =0000 0000000000000000 0000ffff 00008b00 DPL=0 TSS64-busy
GDT=     000000003f5dc000 00000047
IDT=     000000003efa3018 00000fff
CR0=80010033 CR2=0000000000000000 CR3=000000003f801000 CR4=00000668
DR0=0000000000000000 DR1=0000000000000000 DR2=0000000000000000 DR3=0000000000000000 
DR6=00000000ffff0ff0 DR7=0000000000000400
CCS=0000000000000000 CCD=00000000000000c4 CCO=EFLAGS
EFER=0000000000000d00
Servicing hardware INT=0x20
   195: v=20 e=0000 i=0 cpl=0 IP=0038:000000003ef9f419 pc=000000003ef9f419 SP=0030:000000003fe64e00 env->regs[R_EAX]=0000000000000058
RAX=0000000000000058 RBX=00000000000001f7 RCX=00000000000001f7 RDX=00000000000001f7
RSI=0000000000000000 RDI=0000000000000000 RBP=000000003fe64e20 RSP=000000003fe64e00
R8 =000000003fe64f4f R9 =00000000000001f7 R10=0000000000000000 R11=0000000000000000
R12=000000003fe64f4f R13=0000000000000001 R14=0000000000000001 R15=0000000000000001
RIP=000000003ef9f419 RFL=00000246 [---Z-P-] CPL=0 II=0 A20=1 SMM=0 HLT=0
ES =0030 0000000000000000 ffffffff 00cf9300 DPL=0 DS   [-WA]
CS =0038 0000000000000000 ffffffff 00af9a00 DPL=0 CS64 [-R-]
SS =0030 0000000000000000 ffffffff 00cf9300 DPL=0 DS   [-WA]
DS =0030 0000000000000000 ffffffff 00cf9300 DPL=0 DS   [-WA]
FS =0030 0000000000000000 ffffffff 00cf9300 DPL=0 DS   [-WA]
GS =0030 0000000000000000 ffffffff 00cf9300 DPL=0 DS   [-WA]
LDT=0000 0000000000000000 0000ffff 00008200 DPL=0 LDT
TR =0000 0000000000000000 0000ffff 00008b00 DPL=0 TSS64-busy
GDT=     000000003f5dc000 00000047
IDT=     000000003efa3018 00000fff
CR0=80010033 CR2=0000000000000000 CR3=000000003f801000 CR4=00000668
DR0=0000000000000000 DR1=0000000000000000 DR2=0000000000000000 DR3=0000000000000000 
DR6=00000000ffff0ff0 DR7=0000000000000400
CCS=0000000000000044 CCD=0000000000000000 CCO=EFLAGS
EFER=0000000000000d00
Servicing hardware INT=0x20
   196: v=20 e=0000 i=0 cpl=0 IP=0038:000000003e6d3862 pc=000000003e6d3862 SP=0030:000000003fe64f70 env->regs[R_EAX]=00000000000000b9
RAX=00000000000000b9 RBX=0000000000000064 RCX=000000000000b008 RDX=0000000000aa2103
RSI=0000000000aa21bc RDI=000000003e5b40d4 RBP=000000003fe64fa0 RSP=000000003fe64f70
R8 =000000003fe64f8f R9 =000000000000c042 R10=0000000000000000 R11=0000000000000000
R12=000000000004baf1 R13=0000000000000011 R14=000000000000c040 R15=0000000000000000
RIP=000000003e6d3862 RFL=00000202 [-------] CPL=0 II=0 A20=1 SMM=0 HLT=0
ES =0030 0000000000000000 ffffffff 00cf9300 DPL=0 DS   [-WA]
CS =0038 0000000000000000 ffffffff 00af9a00 DPL=0 CS64 [-R-]
SS =0030 0000000000000000 ffffffff 00cf9300 DPL=0 DS   [-WA]
DS =0030 0000000000000000 ffffffff 00cf9300 DPL=0 DS   [-WA]
FS =0030 0000000000000000 ffffffff 00cf9300 DPL=0 DS   [-WA]
GS =0030 0000000000000000 ffffffff 00cf9300 DPL=0 DS   [-WA]
LDT=0000 0000000000000000 0000ffff 00008200 DPL=0 LDT
TR =0000 0000000000000000 0000ffff 00008b00 DPL=0 TSS64-busy
GDT=     000000003f5dc000 00000047
IDT=     000000003efa3018 00000fff
CR0=80010033 CR2=0000000000000000 CR3=000000003f801000 CR4=00000668
DR0=0000000000000000 DR1=0000000000000000 DR2=0000000000000000 DR3=0000000000000000 
DR6=00000000ffff0ff0 DR7=0000000000000400
CCS=0000000000000000 CCD=00000000000000b9 CCO=EFLAGS
EFER=0000000000000d00
Servicing hardware INT=0x20
   197: v=20 e=0000 i=0 cpl=0 IP=0038:000000003e6d3862 pc=000000003e6d3862 SP=0030:000000003fe64f70 env->regs[R_EAX]=00000000000000a9
RAX=00000000000000a9 RBX=0000000000000064 RCX=000000000000b008 RDX=0000000000aa4518
RSI=0000000000aa45c1 RDI=000000003e5b40d4 RBP=000000003fe64fa0 RSP=000000003fe64f70
R8 =000000003fe64f8f R9 =000000000000c042 R10=0000000000000000 R11=0000000000000000
R12=000000000004bae0 R13=0000000000000011 R14=000000000000c040 R15=0000000000000000
RIP=000000003e6d3862 RFL=00000206 [-----P-] CPL=0 II=0 A20=1 SMM=0 HLT=0
ES =0030 0000000000000000 ffffffff 00cf9300 DPL=0 DS   [-WA]
CS =0038 0000000000000000 ffffffff 00af9a00 DPL=0 CS64 [-R-]
SS =0030 0000000000000000 ffffffff 00cf9300 DPL=0 DS   [-WA]
DS =0030 0000000000000000 ffffffff 00cf9300 DPL=0 DS   [-WA]
FS =0030 0000000000000000 ffffffff 00cf9300 DPL=0 DS   [-WA]
GS =0030 0000000000000000 ffffffff 00cf9300 DPL=0 DS   [-WA]
LDT=0000 0000000000000000 0000ffff 00008200 DPL=0 LDT
TR =0000 0000000000000000 0000ffff 00008b00 DPL=0 TSS64-busy
GDT=     000000003f5dc000 00000047
IDT=     000000003efa3018 00000fff
CR0=80010033 CR2=0000000000000000 CR3=000000003f801000 CR4=00000668
DR0=0000000000000000 DR1=0000000000000000 DR2=0000000000000000 DR3=0000000000000000 
DR6=00000000ffff0ff0 DR7=0000000000000400
CCS=0000000000000004 CCD=00000000000000a9 CCO=EFLAGS
EFER=0000000000000d00
Servicing hardware INT=0x20
   198: v=20 e=0000 i=0 cpl=0 IP=0038:000000003e6d3862 pc=000000003e6d3862 SP=0030:000000003fe64f00 env->regs[R_EAX]=000000000000035a
RAX=000000000000035a RBX=0000000000000190 RCX=000000000000b008 RDX=0000000000ab36ed
RSI=0000000000ab3a47 RDI=000000003e5b3140 RBP=000000003fe64f30 RSP=000000003fe64f00
R8 =000000003fe64f50 R9 =00000000000001f7 R10=0000000000000000 R11=0000000000000000
R12=000000000004baf1 R13=0000000000000000 R14=000000000000c0ca R15=00000000ffffff00
RIP=000000003e6d3862 RFL=00000206 [-----P-] CPL=0 II=0 A20=1 SMM=0 HLT=0
ES =0030 0000000000000000 ffffffff 00cf9300 DPL=0 DS   [-WA]
CS =0038 0000000000000000 ffffffff 00af9a00 DPL=0 CS64 [-R-]
SS =0030 0000000000000000 ffffffff 00cf9300 DPL=0 DS   [-WA]
DS =0030 0000000000000000 ffffffff 00cf9300 DPL=0 DS   [-WA]
FS =0030 0000000000000000 ffffffff 00cf9300 DPL=0 DS   [-WA]
GS =0030 0000000000000000 ffffffff 00cf9300 DPL=0 DS   [-WA]
LDT=0000 0000000000000000 0000ffff 00008200 DPL=0 LDT
TR =0000 0000000000000000 0000ffff 00008b00 DPL=0 TSS64-busy
GDT=     000000003f5dc000 00000047
IDT=     000000003efa3018 00000fff
CR0=80010033 CR2=0000000000000000 CR3=000000003f801000 CR4=00000668
DR0=0000000000000000 DR1=0000000000000000 DR2=0000000000000000 DR3=0000000000000000 
DR6=00000000ffff0ff0 DR7=0000000000000400
CCS=0000000000000004 CCD=000000000000035a CCO=EFLAGS
EFER=0000000000000d00
Servicing hardware INT=0x20
   199: v=20 e=0000 i=0 cpl=0 IP=0038:000000003e6d3862 pc=000000003e6d3862 SP=0030:000000003fe64f70 env->regs[R_EAX]=00000000000000b7
RAX=00000000000000b7 RBX=0000000000000064 RCX=000000000000b008 RDX=0000000000ab5cda
RSI=0000000000ab5d91 RDI=000000003e5b40d4 RBP=000000003fe64fa0 RSP=000000003fe64f70
R8 =000000003fe64f8f R9 =000000000000c042 R10=0000000000000000 R11=0000000000000000
R12=000000000004badf R13=0000000000000011 R14=000000000000c040 R15=0000000000000000
RIP=000000003e6d3862 RFL=00000206 [-----P-] CPL=0 II=0 A20=1 SMM=0 HLT=0
ES =0030 0000000000000000 ffffffff 00cf9300 DPL=0 DS   [-WA]
CS =0038 0000000000000000 ffffffff 00af9a00 DPL=0 CS64 [-R-]
SS =0030 0000000000000000 ffffffff 00cf9300 DPL=0 DS   [-WA]
DS =0030 0000000000000000 ffffffff 00cf9300 DPL=0 DS   [-WA]
FS =0030 0000000000000000 ffffffff 00cf9300 DPL=0 DS   [-WA]
GS =0030 0000000000000000 ffffffff 00cf9300 DPL=0 DS   [-WA]
LDT=0000 0000000000000000 0000ffff 00008200 DPL=0 LDT
TR =0000 0000000000000000 0000ffff 00008b00 DPL=0 TSS64-busy
GDT=     000000003f5dc000 00000047
IDT=     000000003efa3018 00000fff
CR0=80010033 CR2=0000000000000000 CR3=000000003f801000 CR4=00000668
DR0=0000000000000000 DR1=0000000000000000 DR2=0000000000000000 DR3=0000000000000000 
DR6=00000000ffff0ff0 DR7=0000000000000400
CCS=0000000000000004 CCD=00000000000000b7 CCO=EFLAGS
EFER=0000000000000d00
Servicing hardware INT=0x20
   200: v=20 e=0000 i=0 cpl=0 IP=0038:000000003e6d3862 pc=000000003e6d3862 SP=0030:000000003fe64f70 env->regs[R_EAX]=0000000000004bce
RAX=0000000000004bce RBX=0000000000002710 RCX=000000000000b008 RDX=0000000000ac121e
RSI=0000000000ac5dec RDI=000000003e5b40d4 RBP=000000003fe64fa0 RSP=000000003fe64f70
R8 =000000003fe64fc0 R9 =00000000000003f6 R10=0000000000000000 R11=0000000000000000
R12=000000000000c042 R13=0000000000000011 R14=000000000000c040 R15=0000000000000000
RIP=000000003e6d3862 RFL=00000202 [-------] CPL=0 II=0 A20=1 SMM=0 HLT=0
ES =0030 0000000000000000 ffffffff 00cf9300 DPL=0 DS   [-WA]
CS =0038 0000000000000000 ffffffff 00af9a00 DPL=0 CS64 [-R-]
SS =0030 0000000000000000 ffffffff 00cf9300 DPL=0 DS   [-WA]
DS =0030 0000000000000000 ffffffff 00cf9300 DPL=0 DS   [-WA]
FS =0030 0000000000000000 ffffffff 00cf9300 DPL=0 DS   [-WA]
GS =0030 0000000000000000 ffffffff 00cf9300 DPL=0 DS   [-WA]
LDT=0000 0000000000000000 0000ffff 00008200 DPL=0 LDT
TR =0000 0000000000000000 0000ffff 00008b00 DPL=0 TSS64-busy
GDT=     000000003f5dc000 00000047
IDT=     000000003efa3018 00000fff
CR0=80010033 CR2=0000000000000000 CR3=000000003f801000 CR4=00000668
DR0=0000000000000000 DR1=0000000000000000 DR2=0000000000000000 DR3=0000000000000000 
DR6=00000000ffff0ff0 DR7=0000000000000400
CCS=0000000000000000 CCD=0000000000004bce CCO=EFLAGS
EFER=0000000000000d00
Servicing hardware INT=0x20
   201: v=20 e=0000 i=0 cpl=0 IP=0038:000000003e6d3862 pc=000000003e6d3862 SP=0030:000000003fe64fb0 env->regs[R_EAX]=00000000000000c5
RAX=00000000000000c5 RBX=0000000000000064 RCX=000000000000b008 RDX=0000000000ac747b
RSI=0000000000ac7540 RDI=000000003e5b40d4 RBP=000000003fe64fe0 RSP=000000003fe64fb0
R8 =000000003fe64fcf R9 =000000000000c042 R10=0000000000000000 R11=0000000000000000
R12=000000000004baed R13=0000000000000011 R14=000000000000c040 R15=0000000000000000
RIP=000000003e6d3862 RFL=00000206 [-----P-] CPL=0 II=0 A20=1 SMM=0 HLT=0
ES =0030 0000000000000000 ffffffff 00cf9300 DPL=0 DS   [-WA]
CS =0038 0000000000000000 ffffffff 00af9a00 DPL=0 CS64 [-R-]
SS =0030 0000000000000000 ffffffff 00cf9300 DPL=0 DS   [-WA]
DS =0030 0000000000000000 ffffffff 00cf9300 DPL=0 DS   [-WA]
FS =0030 0000000000000000 ffffffff 00cf9300 DPL=0 DS   [-WA]
GS =0030 0000000000000000 ffffffff 00cf9300 DPL=0 DS   [-WA]
LDT=0000 0000000000000000 0000ffff 00008200 DPL=0 LDT
TR =0000 0000000000000000 0000ffff 00008b00 DPL=0 TSS64-busy
GDT=     000000003f5dc000 00000047
IDT=     000000003efa3018 00000fff
CR0=80010033 CR2=0000000000000000 CR3=000000003f801000 CR4=00000668
DR0=0000000000000000 DR1=0000000000000000 DR2=0000000000000000 DR3=0000000000000000 
DR6=00000000ffff0ff0 DR7=0000000000000400
CCS=0000000000000004 CCD=00000000000000c5 CCO=EFLAGS
EFER=0000000000000d00
Servicing hardware INT=0x20
   202: v=20 e=0000 i=0 cpl=0 IP=0038:000000003e6d3862 pc=000000003e6d3862 SP=0030:000000003fe64fb0 env->regs[R_EAX]=00000000000000aa
RAX=00000000000000aa RBX=0000000000000064 RCX=000000000000b008 RDX=0000000000ad7624
RSI=0000000000ad76ce RDI=000000003e5b40d4 RBP=000000003fe64fe0 RSP=000000003fe64fb0
R8 =000000003fe64fcf R9 =000000000000c042 R10=0000000000000000 R11=0000000000000000
R12=000000000004baf1 R13=0000000000000011 R14=000000000000c040 R15=0000000000000000
RIP=000000003e6d3862 RFL=00000206 [-----P-] CPL=0 II=0 A20=1 SMM=0 HLT=0
ES =0030 0000000000000000 ffffffff 00cf9300 DPL=0 DS   [-WA]
CS =0038 0000000000000000 ffffffff 00af9a00 DPL=0 CS64 [-R-]
SS =0030 0000000000000000 ffffffff 00cf9300 DPL=0 DS   [-WA]
DS =0030 0000000000000000 ffffffff 00cf9300 DPL=0 DS   [-WA]
FS =0030 0000000000000000 ffffffff 00cf9300 DPL=0 DS   [-WA]
GS =0030 0000000000000000 ffffffff 00cf9300 DPL=0 DS   [-WA]
LDT=0000 0000000000000000 0000ffff 00008200 DPL=0 LDT
TR =0000 0000000000000000 0000ffff 00008b00 DPL=0 TSS64-busy
GDT=     000000003f5dc000 00000047
IDT=     000000003efa3018 00000fff
CR0=80010033 CR2=0000000000000000 CR3=000000003f801000 CR4=00000668
DR0=0000000000000000 DR1=0000000000000000 DR2=0000000000000000 DR3=0000000000000000 
DR6=00000000ffff0ff0 DR7=0000000000000400
CCS=0000000000000004 CCD=00000000000000aa CCO=EFLAGS
EFER=0000000000000d00
Servicing hardware INT=0x20
   203: v=20 e=0000 i=0 cpl=0 IP=0038:000000003ef9f419 pc=000000003ef9f419 SP=0030:000000003fe64e80 env->regs[R_EAX]=0000000000000001
RAX=0000000000000001 RBX=000000000000c042 RCX=000000000000c042 RDX=000000000000c042
RSI=0000000000000000 RDI=0000000000000000 RBP=000000003fe64ea0 RSP=000000003fe64e80
R8 =000000003fe64fcf R9 =000000000000c042 R10=0000000000000000 R11=0000000000000000
R12=000000003fe64fcf R13=0000000000000001 R14=0000000000000001 R15=0000000000000001
RIP=000000003ef9f419 RFL=00000246 [---Z-P-] CPL=0 II=0 A20=1 SMM=0 HLT=0
ES =0030 0000000000000000 ffffffff 00cf9300 DPL=0 DS   [-WA]
CS =0038 0000000000000000 ffffffff 00af9a00 DPL=0 CS64 [-R-]
SS =0030 0000000000000000 ffffffff 00cf9300 DPL=0 DS   [-WA]
DS =0030 0000000000000000 ffffffff 00cf9300 DPL=0 DS   [-WA]
FS =0030 0000000000000000 ffffffff 00cf9300 DPL=0 DS   [-WA]
GS =0030 0000000000000000 ffffffff 00cf9300 DPL=0 DS   [-WA]
LDT=0000 0000000000000000 0000ffff 00008200 DPL=0 LDT
TR =0000 0000000000000000 0000ffff 00008b00 DPL=0 TSS64-busy
GDT=     000000003f5dc000 00000047
IDT=     000000003efa3018 00000fff
CR0=80010033 CR2=0000000000000000 CR3=000000003f801000 CR4=00000668
DR0=0000000000000000 DR1=0000000000000000 DR2=0000000000000000 DR3=0000000000000000 
DR6=00000000ffff0ff0 DR7=0000000000000400
CCS=0000000000000044 CCD=0000000000000000 CCO=EFLAGS
EFER=0000000000000d00
Servicing hardware INT=0x20
   204: v=20 e=0000 i=0 cpl=0 IP=0038:000000003e6d3862 pc=000000003e6d3862 SP=0030:000000003fe64fb0 env->regs[R_EAX]=00000000000000d3
RAX=00000000000000d3 RBX=0000000000000064 RCX=000000000000b008 RDX=0000000000ae8668
RSI=0000000000ae873b RDI=000000003e5b40d4 RBP=000000003fe64fe0 RSP=000000003fe64fb0
R8 =000000003fe64fcf R9 =000000000000c042 R10=0000000000000000 R11=0000000000000000
R12=000000000004baf1 R13=0000000000000011 R14=000000000000c040 R15=0000000000000000
RIP=000000003e6d3862 RFL=00000202 [-------] CPL=0 II=0 A20=1 SMM=0 HLT=0
ES =0030 0000000000000000 ffffffff 00cf9300 DPL=0 DS   [-WA]
CS =0038 0000000000000000 ffffffff 00af9a00 DPL=0 CS64 [-R-]
SS =0030 0000000000000000 ffffffff 00cf9300 DPL=0 DS   [-WA]
DS =0030 0000000000000000 ffffffff 00cf9300 DPL=0 DS   [-WA]
FS =0030 0000000000000000 ffffffff 00cf9300 DPL=0 DS   [-WA]
GS =0030 0000000000000000 ffffffff 00cf9300 DPL=0 DS   [-WA]
LDT=0000 0000000000000000 0000ffff 00008200 DPL=0 LDT
TR =0000 0000000000000000 0000ffff 00008b00 DPL=0 TSS64-busy
GDT=     000000003f5dc000 00000047
IDT=     000000003efa3018 00000fff
CR0=80010033 CR2=0000000000000000 CR3=000000003f801000 CR4=00000668
DR0=0000000000000000 DR1=0000000000000000 DR2=0000000000000000 DR3=0000000000000000 
DR6=00000000ffff0ff0 DR7=0000000000000400
CCS=0000000000000000 CCD=00000000000000d3 CCO=EFLAGS
EFER=0000000000000d00
Servicing hardware INT=0x20
   205: v=20 e=0000 i=0 cpl=0 IP=0038:000000003e6d3862 pc=000000003e6d3862 SP=0030:000000003fe64fb0 env->regs[R_EAX]=0000000000000013
RAX=0000000000000013 RBX=0000000000000064 RCX=000000000000b008 RDX=0000000000aea3f3
RSI=0000000000aea406 RDI=000000003e5b40d4 RBP=000000003fe64fe0 RSP=000000003fe64fb0
R8 =000000003fe64fcf R9 =000000000000c042 R10=0000000000000000 R11=0000000000000000
R12=000000000004bae2 R13=0000000000000011 R14=000000000000c040 R15=0000000000000000
RIP=000000003e6d3862 RFL=00000202 [-------] CPL=0 II=0 A20=1 SMM=0 HLT=0
ES =0030 0000000000000000 ffffffff 00cf9300 DPL=0 DS   [-WA]
CS =0038 0000000000000000 ffffffff 00af9a00 DPL=0 CS64 [-R-]
SS =0030 0000000000000000 ffffffff 00cf9300 DPL=0 DS   [-WA]
DS =0030 0000000000000000 ffffffff 00cf9300 DPL=0 DS   [-WA]
FS =0030 0000000000000000 ffffffff 00cf9300 DPL=0 DS   [-WA]
GS =0030 0000000000000000 ffffffff 00cf9300 DPL=0 DS   [-WA]
LDT=0000 0000000000000000 0000ffff 00008200 DPL=0 LDT
TR =0000 0000000000000000 0000ffff 00008b00 DPL=0 TSS64-busy
GDT=     000000003f5dc000 00000047
IDT=     000000003efa3018 00000fff
CR0=80010033 CR2=0000000000000000 CR3=000000003f801000 CR4=00000668
DR0=0000000000000000 DR1=0000000000000000 DR2=0000000000000000 DR3=0000000000000000 
DR6=00000000ffff0ff0 DR7=0000000000000400
CCS=0000000000000000 CCD=0000000000000013 CCO=EFLAGS
EFER=0000000000000d00
Servicing hardware INT=0x20
   206: v=20 e=0000 i=0 cpl=0 IP=0038:000000003e6d3862 pc=000000003e6d3862 SP=0030:000000003fe64fb0 env->regs[R_EAX]=0000000000002ab8
RAX=0000000000002ab8 RBX=0000000000002710 RCX=000000000000b008 RDX=0000000000af8cad
RSI=0000000000afb765 RDI=000000003e5b40d4 RBP=000000003fe64fe0 RSP=000000003fe64fb0
R8 =000000003fe65000 R9 =00000000000003f6 R10=0000000000000000 R11=0000000000000000
R12=000000000000c042 R13=0000000000000011 R14=000000000000c040 R15=0000000000000000
RIP=000000003e6d3862 RFL=00000206 [-----P-] CPL=0 II=0 A20=1 SMM=0 HLT=0
ES =0030 0000000000000000 ffffffff 00cf9300 DPL=0 DS   [-WA]
CS =0038 0000000000000000 ffffffff 00af9a00 DPL=0 CS64 [-R-]
SS =0030 0000000000000000 ffffffff 00cf9300 DPL=0 DS   [-WA]
DS =0030 0000000000000000 ffffffff 00cf9300 DPL=0 DS   [-WA]
FS =0030 0000000000000000 ffffffff 00cf9300 DPL=0 DS   [-WA]
GS =0030 0000000000000000 ffffffff 00cf9300 DPL=0 DS   [-WA]
LDT=0000 0000000000000000 0000ffff 00008200 DPL=0 LDT
TR =0000 0000000000000000 0000ffff 00008b00 DPL=0 TSS64-busy
GDT=     000000003f5dc000 00000047
IDT=     000000003efa3018 00000fff
CR0=80010033 CR2=0000000000000000 CR3=000000003f801000 CR4=00000668
DR0=0000000000000000 DR1=0000000000000000 DR2=0000000000000000 DR3=0000000000000000 
DR6=00000000ffff0ff0 DR7=0000000000000400
CCS=0000000000000004 CCD=0000000000002ab8 CCO=EFLAGS
EFER=0000000000000d00
Servicing hardware INT=0x20
   207: v=20 e=0000 i=0 cpl=0 IP=0038:000000003e6d3862 pc=000000003e6d3862 SP=0030:000000003fe64fb0 env->regs[R_EAX]=0000000000000021
RAX=0000000000000021 RBX=0000000000000064 RCX=000000000000b008 RDX=0000000000afc51d
RSI=0000000000afc53e RDI=000000003e5b40d4 RBP=000000003fe64fe0 RSP=000000003fe64fb0
R8 =000000003fe64fcf R9 =000000000000c042 R10=0000000000000000 R11=0000000000000000
R12=000000000004baf1 R13=0000000000000011 R14=000000000000c040 R15=0000000000000000
RIP=000000003e6d3862 RFL=00000206 [-----P-] CPL=0 II=0 A20=1 SMM=0 HLT=0
ES =0030 0000000000000000 ffffffff 00cf9300 DPL=0 DS   [-WA]
CS =0038 0000000000000000 ffffffff 00af9a00 DPL=0 CS64 [-R-]
SS =0030 0000000000000000 ffffffff 00cf9300 DPL=0 DS   [-WA]
DS =0030 0000000000000000 ffffffff 00cf9300 DPL=0 DS   [-WA]
FS =0030 0000000000000000 ffffffff 00cf9300 DPL=0 DS   [-WA]
GS =0030 0000000000000000 ffffffff 00cf9300 DPL=0 DS   [-WA]
LDT=0000 0000000000000000 0000ffff 00008200 DPL=0 LDT
TR =0000 0000000000000000 0000ffff 00008b00 DPL=0 TSS64-busy
GDT=     000000003f5dc000 00000047
IDT=     000000003efa3018 00000fff
CR0=80010033 CR2=0000000000000000 CR3=000000003f801000 CR4=00000668
DR0=0000000000000000 DR1=0000000000000000 DR2=0000000000000000 DR3=0000000000000000 
DR6=00000000ffff0ff0 DR7=0000000000000400
CCS=0000000000000004 CCD=0000000000000021 CCO=EFLAGS
EFER=0000000000000d00
Servicing hardware INT=0x20
   208: v=20 e=0000 i=0 cpl=0 IP=0038:000000003e6d3862 pc=000000003e6d3862 SP=0030:000000003fe64fb0 env->regs[R_EAX]=000000000000001e
RAX=000000000000001e RBX=0000000000000064 RCX=000000000000b008 RDX=0000000000b04479
RSI=0000000000b04497 RDI=000000003e5b40d4 RBP=000000003fe64fe0 RSP=000000003fe64fb0
R8 =000000003fe64fcf R9 =000000000000c042 R10=0000000000000000 R11=0000000000000000
R12=000000000004baad R13=0000000000000011 R14=000000000000c040 R15=0000000000000000
RIP=000000003e6d3862 RFL=00000206 [-----P-] CPL=0 II=0 A20=1 SMM=0 HLT=0
ES =0030 0000000000000000 ffffffff 00cf9300 DPL=0 DS   [-WA]
CS =0038 0000000000000000 ffffffff 00af9a00 DPL=0 CS64 [-R-]
SS =0030 0000000000000000 ffffffff 00cf9300 DPL=0 DS   [-WA]
DS =0030 0000000000000000 ffffffff 00cf9300 DPL=0 DS   [-WA]
FS =0030 0000000000000000 ffffffff 00cf9300 DPL=0 DS   [-WA]
GS =0030 0000000000000000 ffffffff 00cf9300 DPL=0 DS   [-WA]
LDT=0000 0000000000000000 0000ffff 00008200 DPL=0 LDT
TR =0000 0000000000000000 0000ffff 00008b00 DPL=0 TSS64-busy
GDT=     000000003f5dc000 00000047
IDT=     000000003efa3018 00000fff
CR0=80010033 CR2=0000000000000000 CR3=000000003f801000 CR4=00000668
DR0=0000000000000000 DR1=0000000000000000 DR2=0000000000000000 DR3=0000000000000000 
DR6=00000000ffff0ff0 DR7=0000000000000400
CCS=0000000000000004 CCD=000000000000001e CCO=EFLAGS
EFER=0000000000000d00
Servicing hardware INT=0x20
   209: v=20 e=0000 i=0 cpl=0 IP=0038:000000003e6d3862 pc=000000003e6d3862 SP=0030:000000003fe64ea0 env->regs[R_EAX]=00000000000000ad
RAX=00000000000000ad RBX=0000000000000064 RCX=000000000000b008 RDX=0000000000b10789
RSI=0000000000b10836 RDI=000000003e5b40d4 RBP=000000003fe64ed0 RSP=000000003fe64ea0
R8 =000000003fe64ebf R9 =000000000000c042 R10=0000000000000000 R11=0000000000000000
R12=000000000004baf1 R13=0000000000000011 R14=000000000000c040 R15=0000000000000000
RIP=000000003e6d3862 RFL=00000202 [-------] CPL=0 II=0 A20=1 SMM=0 HLT=0
ES =0030 0000000000000000 ffffffff 00cf9300 DPL=0 DS   [-WA]
CS =0038 0000000000000000 ffffffff 00af9a00 DPL=0 CS64 [-R-]
SS =0030 0000000000000000 ffffffff 00cf9300 DPL=0 DS   [-WA]
DS =0030 0000000000000000 ffffffff 00cf9300 DPL=0 DS   [-WA]
FS =0030 0000000000000000 ffffffff 00cf9300 DPL=0 DS   [-WA]
GS =0030 0000000000000000 ffffffff 00cf9300 DPL=0 DS   [-WA]
LDT=0000 0000000000000000 0000ffff 00008200 DPL=0 LDT
TR =0000 0000000000000000 0000ffff 00008b00 DPL=0 TSS64-busy
GDT=     000000003f5dc000 00000047
IDT=     000000003efa3018 00000fff
CR0=80010033 CR2=0000000000000000 CR3=000000003f801000 CR4=00000668
DR0=0000000000000000 DR1=0000000000000000 DR2=0000000000000000 DR3=0000000000000000 
DR6=00000000ffff0ff0 DR7=0000000000000400
CCS=0000000000000000 CCD=00000000000000ad CCO=EFLAGS
EFER=0000000000000d00
Servicing hardware INT=0x20
   210: v=20 e=0000 i=0 cpl=0 IP=0038:000000003e6d3862 pc=000000003e6d3862 SP=0030:000000003fe64ea0 env->regs[R_EAX]=000000000000015c
RAX=000000000000015c RBX=0000000000000064 RCX=000000000000b008 RDX=0000000000b15ee6
RSI=0000000000b16042 RDI=000000003e5b40d4 RBP=000000003fe64ed0 RSP=000000003fe64ea0
R8 =000000003fe64ebf R9 =000000000000c042 R10=0000000000000000 R11=0000000000000000
R12=000000000004bac2 R13=0000000000000011 R14=000000000000c040 R15=0000000000000000
RIP=000000003e6d3862 RFL=00000206 [-----P-] CPL=0 II=0 A20=1 SMM=0 HLT=0
ES =0030 0000000000000000 ffffffff 00cf9300 DPL=0 DS   [-WA]
CS =0038 0000000000000000 ffffffff 00af9a00 DPL=0 CS64 [-R-]
SS =0030 0000000000000000 ffffffff 00cf9300 DPL=0 DS   [-WA]
DS =0030 0000000000000000 ffffffff 00cf9300 DPL=0 DS   [-WA]
FS =0030 0000000000000000 ffffffff 00cf9300 DPL=0 DS   [-WA]
GS =0030 0000000000000000 ffffffff 00cf9300 DPL=0 DS   [-WA]
LDT=0000 0000000000000000 0000ffff 00008200 DPL=0 LDT
TR =0000 0000000000000000 0000ffff 00008b00 DPL=0 TSS64-busy
GDT=     000000003f5dc000 00000047
IDT=     000000003efa3018 00000fff
CR0=80010033 CR2=0000000000000000 CR3=000000003f801000 CR4=00000668
DR0=0000000000000000 DR1=0000000000000000 DR2=0000000000000000 DR3=0000000000000000 
DR6=00000000ffff0ff0 DR7=0000000000000400
CCS=0000000000000004 CCD=000000000000015c CCO=EFLAGS
EFER=0000000000000d00
Servicing hardware INT=0x20
   211: v=20 e=0000 i=0 cpl=0 IP=0038:000000003e6d3862 pc=000000003e6d3862 SP=0030:000000003fe64ea0 env->regs[R_EAX]=0000000000000044
RAX=0000000000000044 RBX=0000000000000064 RCX=000000000000b008 RDX=0000000000b206f5
RSI=0000000000b20739 RDI=000000003e5b40d4 RBP=000000003fe64ed0 RSP=000000003fe64ea0
R8 =000000003fe64ebf R9 =000000000000c042 R10=0000000000000000 R11=0000000000000000
R12=000000000004baf1 R13=0000000000000011 R14=000000000000c040 R15=0000000000000000
RIP=000000003e6d3862 RFL=00000206 [-----P-] CPL=0 II=0 A20=1 SMM=0 HLT=0
ES =0030 0000000000000000 ffffffff 00cf9300 DPL=0 DS   [-WA]
CS =0038 0000000000000000 ffffffff 00af9a00 DPL=0 CS64 [-R-]
SS =0030 0000000000000000 ffffffff 00cf9300 DPL=0 DS   [-WA]
DS =0030 0000000000000000 ffffffff 00cf9300 DPL=0 DS   [-WA]
FS =0030 0000000000000000 ffffffff 00cf9300 DPL=0 DS   [-WA]
GS =0030 0000000000000000 ffffffff 00cf9300 DPL=0 DS   [-WA]
LDT=0000 0000000000000000 0000ffff 00008200 DPL=0 LDT
TR =0000 0000000000000000 0000ffff 00008b00 DPL=0 TSS64-busy
GDT=     000000003f5dc000 00000047
IDT=     000000003efa3018 00000fff
CR0=80010033 CR2=0000000000000000 CR3=000000003f801000 CR4=00000668
DR0=0000000000000000 DR1=0000000000000000 DR2=0000000000000000 DR3=0000000000000000 
DR6=00000000ffff0ff0 DR7=0000000000000400
CCS=0000000000000004 CCD=0000000000000044 CCO=EFLAGS
EFER=0000000000000d00
Servicing hardware INT=0x20
   212: v=20 e=0000 i=0 cpl=0 IP=0038:000000003ef9f419 pc=000000003ef9f419 SP=0030:000000003fe64d30 env->regs[R_EAX]=0000000000000058
RAX=0000000000000058 RBX=00000000000001f7 RCX=00000000000001f7 RDX=00000000000001f7
RSI=0000000000000000 RDI=0000000000000000 RBP=000000003fe64d50 RSP=000000003fe64d30
R8 =000000003fe64e7f R9 =00000000000001f7 R10=0000000000000000 R11=0000000000000000
R12=000000003fe64e7f R13=0000000000000001 R14=0000000000000001 R15=0000000000000001
RIP=000000003ef9f419 RFL=00000246 [---Z-P-] CPL=0 II=0 A20=1 SMM=0 HLT=0
ES =0030 0000000000000000 ffffffff 00cf9300 DPL=0 DS   [-WA]
CS =0038 0000000000000000 ffffffff 00af9a00 DPL=0 CS64 [-R-]
SS =0030 0000000000000000 ffffffff 00cf9300 DPL=0 DS   [-WA]
DS =0030 0000000000000000 ffffffff 00cf9300 DPL=0 DS   [-WA]
FS =0030 0000000000000000 ffffffff 00cf9300 DPL=0 DS   [-WA]
GS =0030 0000000000000000 ffffffff 00cf9300 DPL=0 DS   [-WA]
LDT=0000 0000000000000000 0000ffff 00008200 DPL=0 LDT
TR =0000 0000000000000000 0000ffff 00008b00 DPL=0 TSS64-busy
GDT=     000000003f5dc000 00000047
IDT=     000000003efa3018 00000fff
CR0=80010033 CR2=0000000000000000 CR3=000000003f801000 CR4=00000668
DR0=0000000000000000 DR1=0000000000000000 DR2=0000000000000000 DR3=0000000000000000 
DR6=00000000ffff0ff0 DR7=0000000000000400
CCS=0000000000000044 CCD=0000000000000000 CCO=EFLAGS
EFER=0000000000000d00
Servicing hardware INT=0x20
   213: v=20 e=0000 i=0 cpl=0 IP=0038:000000003e6d3862 pc=000000003e6d3862 SP=0030:000000003fe64ea0 env->regs[R_EAX]=0000000000003054
RAX=0000000000003054 RBX=0000000000002710 RCX=000000000000b008 RDX=0000000000b3dc9f
RSI=0000000000b40cf3 RDI=000000003e5b40d4 RBP=000000003fe64ed0 RSP=000000003fe64ea0
R8 =000000003fe64ef0 R9 =00000000000003f6 R10=0000000000000000 R11=0000000000000000
R12=000000000000c042 R13=0000000000000011 R14=000000000000c040 R15=0000000000000000
RIP=000000003e6d3862 RFL=00000202 [-------] CPL=0 II=0 A20=1 SMM=0 HLT=0
ES =0030 0000000000000000 ffffffff 00cf9300 DPL=0 DS   [-WA]
CS =0038 0000000000000000 ffffffff 00af9a00 DPL=0 CS64 [-R-]
SS =0030 0000000000000000 ffffffff 00cf9300 DPL=0 DS   [-WA]
DS =0030 0000000000000000 ffffffff 00cf9300 DPL=0 DS   [-WA]
FS =0030 0000000000000000 ffffffff 00cf9300 DPL=0 DS   [-WA]
GS =0030 0000000000000000 ffffffff 00cf9300 DPL=0 DS   [-WA]
LDT=0000 0000000000000000 0000ffff 00008200 DPL=0 LDT
TR =0000 0000000000000000 0000ffff 00008b00 DPL=0 TSS64-busy
GDT=     000000003f5dc000 00000047
IDT=     000000003efa3018 00000fff
CR0=80010033 CR2=0000000000000000 CR3=000000003f801000 CR4=00000668
DR0=0000000000000000 DR1=0000000000000000 DR2=0000000000000000 DR3=0000000000000000 
DR6=00000000ffff0ff0 DR7=0000000000000400
CCS=0000000000000000 CCD=0000000000003054 CCO=EFLAGS
EFER=0000000000000d00
Servicing hardware INT=0x20
   214: v=20 e=0000 i=0 cpl=0 IP=0038:000000003e6d3862 pc=000000003e6d3862 SP=0030:000000003fe64ee0 env->regs[R_EAX]=00000000000000e9
RAX=00000000000000e9 RBX=0000000000000064 RCX=000000000000b008 RDX=0000000000b41bd8
RSI=0000000000b41cc1 RDI=000000003e5b40d4 RBP=000000003fe64f10 RSP=000000003fe64ee0
R8 =000000003fe64eff R9 =000000000000c042 R10=0000000000000000 R11=0000000000000000
R12=000000000004baf1 R13=0000000000000011 R14=000000000000c040 R15=0000000000000000
RIP=000000003e6d3862 RFL=00000202 [-------] CPL=0 II=0 A20=1 SMM=0 HLT=0
ES =0030 0000000000000000 ffffffff 00cf9300 DPL=0 DS   [-WA]
CS =0038 0000000000000000 ffffffff 00af9a00 DPL=0 CS64 [-R-]
SS =0030 0000000000000000 ffffffff 00cf9300 DPL=0 DS   [-WA]
DS =0030 0000000000000000 ffffffff 00cf9300 DPL=0 DS   [-WA]
FS =0030 0000000000000000 ffffffff 00cf9300 DPL=0 DS   [-WA]
GS =0030 0000000000000000 ffffffff 00cf9300 DPL=0 DS   [-WA]
LDT=0000 0000000000000000 0000ffff 00008200 DPL=0 LDT
TR =0000 0000000000000000 0000ffff 00008b00 DPL=0 TSS64-busy
GDT=     000000003f5dc000 00000047
IDT=     000000003efa3018 00000fff
CR0=80010033 CR2=0000000000000000 CR3=000000003f801000 CR4=00000668
DR0=0000000000000000 DR1=0000000000000000 DR2=0000000000000000 DR3=0000000000000000 
DR6=00000000ffff0ff0 DR7=0000000000000400
CCS=0000000000000000 CCD=00000000000000e9 CCO=EFLAGS
EFER=0000000000000d00
Servicing hardware INT=0x20
   215: v=20 e=0000 i=0 cpl=0 IP=0038:000000003e6d3862 pc=000000003e6d3862 SP=0030:000000003fe64ee0 env->regs[R_EAX]=0000000000004d6f
RAX=0000000000004d6f RBX=0000000000002710 RCX=000000000000b008 RDX=0000000000b4b9d3
RSI=0000000000b50742 RDI=000000003e5b40d4 RBP=000000003fe64f10 RSP=000000003fe64ee0
R8 =000000003fe64f30 R9 =00000000000003f6 R10=0000000000000000 R11=0000000000000000
R12=000000000000c042 R13=0000000000000011 R14=000000000000c040 R15=0000000000000000
RIP=000000003e6d3862 RFL=00000206 [-----P-] CPL=0 II=0 A20=1 SMM=0 HLT=0
ES =0030 0000000000000000 ffffffff 00cf9300 DPL=0 DS   [-WA]
CS =0038 0000000000000000 ffffffff 00af9a00 DPL=0 CS64 [-R-]
SS =0030 0000000000000000 ffffffff 00cf9300 DPL=0 DS   [-WA]
DS =0030 0000000000000000 ffffffff 00cf9300 DPL=0 DS   [-WA]
FS =0030 0000000000000000 ffffffff 00cf9300 DPL=0 DS   [-WA]
GS =0030 0000000000000000 ffffffff 00cf9300 DPL=0 DS   [-WA]
LDT=0000 0000000000000000 0000ffff 00008200 DPL=0 LDT
TR =0000 0000000000000000 0000ffff 00008b00 DPL=0 TSS64-busy
GDT=     000000003f5dc000 00000047
IDT=     000000003efa3018 00000fff
CR0=80010033 CR2=0000000000000000 CR3=000000003f801000 CR4=00000668
DR0=0000000000000000 DR1=0000000000000000 DR2=0000000000000000 DR3=0000000000000000 
DR6=00000000ffff0ff0 DR7=0000000000000400
CCS=0000000000000004 CCD=0000000000004d6f CCO=EFLAGS
EFER=0000000000000d00
Servicing hardware INT=0x20
   216: v=20 e=0000 i=0 cpl=0 IP=0038:000000003e6d3862 pc=000000003e6d3862 SP=0030:000000003fe64ee0 env->regs[R_EAX]=00000000000000da
RAX=00000000000000da RBX=0000000000000064 RCX=000000000000b008 RDX=0000000000b53200
RSI=0000000000b532da RDI=000000003e5b40d4 RBP=000000003fe64f10 RSP=000000003fe64ee0
R8 =000000003fe64eff R9 =000000000000c042 R10=0000000000000000 R11=0000000000000000
R12=000000000004badf R13=0000000000000011 R14=000000000000c040 R15=0000000000000000
RIP=000000003e6d3862 RFL=00000202 [-------] CPL=0 II=0 A20=1 SMM=0 HLT=0
ES =0030 0000000000000000 ffffffff 00cf9300 DPL=0 DS   [-WA]
CS =0038 0000000000000000 ffffffff 00af9a00 DPL=0 CS64 [-R-]
SS =0030 0000000000000000 ffffffff 00cf9300 DPL=0 DS   [-WA]
DS =0030 0000000000000000 ffffffff 00cf9300 DPL=0 DS   [-WA]
FS =0030 0000000000000000 ffffffff 00cf9300 DPL=0 DS   [-WA]
GS =0030 0000000000000000 ffffffff 00cf9300 DPL=0 DS   [-WA]
LDT=0000 0000000000000000 0000ffff 00008200 DPL=0 LDT
TR =0000 0000000000000000 0000ffff 00008b00 DPL=0 TSS64-busy
GDT=     000000003f5dc000 00000047
IDT=     000000003efa3018 00000fff
CR0=80010033 CR2=0000000000000000 CR3=000000003f801000 CR4=00000668
DR0=0000000000000000 DR1=0000000000000000 DR2=0000000000000000 DR3=0000000000000000 
DR6=00000000ffff0ff0 DR7=0000000000000400
CCS=0000000000000000 CCD=00000000000000da CCO=EFLAGS
EFER=0000000000000d00
Servicing hardware INT=0x20
   217: v=20 e=0000 i=0 cpl=0 IP=0038:000000003e6d3862 pc=000000003e6d3862 SP=0030:000000003fe64ee0 env->regs[R_EAX]=00000000000000e6
RAX=00000000000000e6 RBX=0000000000000064 RCX=000000000000b008 RDX=0000000000b60d38
RSI=0000000000b60e1e RDI=000000003e5b40d4 RBP=000000003fe64f10 RSP=000000003fe64ee0
R8 =000000003fe64eff R9 =000000000000c042 R10=0000000000000000 R11=0000000000000000
R12=000000000004baf1 R13=0000000000000011 R14=000000000000c040 R15=0000000000000000
RIP=000000003e6d3862 RFL=00000202 [-------] CPL=0 II=0 A20=1 SMM=0 HLT=0
ES =0030 0000000000000000 ffffffff 00cf9300 DPL=0 DS   [-WA]
CS =0038 0000000000000000 ffffffff 00af9a00 DPL=0 CS64 [-R-]
SS =0030 0000000000000000 ffffffff 00cf9300 DPL=0 DS   [-WA]
DS =0030 0000000000000000 ffffffff 00cf9300 DPL=0 DS   [-WA]
FS =0030 0000000000000000 ffffffff 00cf9300 DPL=0 DS   [-WA]
GS =0030 0000000000000000 ffffffff 00cf9300 DPL=0 DS   [-WA]
LDT=0000 0000000000000000 0000ffff 00008200 DPL=0 LDT
TR =0000 0000000000000000 0000ffff 00008b00 DPL=0 TSS64-busy
GDT=     000000003f5dc000 00000047
IDT=     000000003efa3018 00000fff
CR0=80010033 CR2=0000000000000000 CR3=000000003f801000 CR4=00000668
DR0=0000000000000000 DR1=0000000000000000 DR2=0000000000000000 DR3=0000000000000000 
DR6=00000000ffff0ff0 DR7=0000000000000400
CCS=0000000000000000 CCD=00000000000000e6 CCO=EFLAGS
EFER=0000000000000d00
Servicing hardware INT=0x20
   218: v=20 e=0000 i=0 cpl=0 IP=0038:000000003e6d3862 pc=000000003e6d3862 SP=0030:000000003fe64ee0 env->regs[R_EAX]=0000000000000102
RAX=0000000000000102 RBX=0000000000000064 RCX=000000000000b008 RDX=0000000000b6498b
RSI=0000000000b64a8d RDI=000000003e5b40d4 RBP=000000003fe64f10 RSP=000000003fe64ee0
R8 =000000003fe64eff R9 =000000000000c042 R10=0000000000000000 R11=0000000000000000
R12=000000000004bacd R13=0000000000000011 R14=000000000000c040 R15=0000000000000000
RIP=000000003e6d3862 RFL=00000202 [-------] CPL=0 II=0 A20=1 SMM=0 HLT=0
ES =0030 0000000000000000 ffffffff 00cf9300 DPL=0 DS   [-WA]
CS =0038 0000000000000000 ffffffff 00af9a00 DPL=0 CS64 [-R-]
SS =0030 0000000000000000 ffffffff 00cf9300 DPL=0 DS   [-WA]
DS =0030 0000000000000000 ffffffff 00cf9300 DPL=0 DS   [-WA]
FS =0030 0000000000000000 ffffffff 00cf9300 DPL=0 DS   [-WA]
GS =0030 0000000000000000 ffffffff 00cf9300 DPL=0 DS   [-WA]
LDT=0000 0000000000000000 0000ffff 00008200 DPL=0 LDT
TR =0000 0000000000000000 0000ffff 00008b00 DPL=0 TSS64-busy
GDT=     000000003f5dc000 00000047
IDT=     000000003efa3018 00000fff
CR0=80010033 CR2=0000000000000000 CR3=000000003f801000 CR4=00000668
DR0=0000000000000000 DR1=0000000000000000 DR2=0000000000000000 DR3=0000000000000000 
DR6=00000000ffff0ff0 DR7=0000000000000400
CCS=0000000000000000 CCD=0000000000000102 CCO=EFLAGS
EFER=0000000000000d00
Servicing hardware INT=0x20
   219: v=20 e=0000 i=0 cpl=0 IP=0038:000000003e6d3862 pc=000000003e6d3862 SP=0030:000000003fe64ee0 env->regs[R_EAX]=00000000000000b1
RAX=00000000000000b1 RBX=0000000000000064 RCX=000000000000b008 RDX=0000000000b71f32
RSI=0000000000b71fe3 RDI=000000003e5b40d4 RBP=000000003fe64f10 RSP=000000003fe64ee0
R8 =000000003fe64eff R9 =000000000000c042 R10=0000000000000000 R11=0000000000000000
R12=000000000004baf1 R13=0000000000000011 R14=000000000000c040 R15=0000000000000000
RIP=000000003e6d3862 RFL=00000206 [-----P-] CPL=0 II=0 A20=1 SMM=0 HLT=0
ES =0030 0000000000000000 ffffffff 00cf9300 DPL=0 DS   [-WA]
CS =0038 0000000000000000 ffffffff 00af9a00 DPL=0 CS64 [-R-]
SS =0030 0000000000000000 ffffffff 00cf9300 DPL=0 DS   [-WA]
DS =0030 0000000000000000 ffffffff 00cf9300 DPL=0 DS   [-WA]
FS =0030 0000000000000000 ffffffff 00cf9300 DPL=0 DS   [-WA]
GS =0030 0000000000000000 ffffffff 00cf9300 DPL=0 DS   [-WA]
LDT=0000 0000000000000000 0000ffff 00008200 DPL=0 LDT
TR =0000 0000000000000000 0000ffff 00008b00 DPL=0 TSS64-busy
GDT=     000000003f5dc000 00000047
IDT=     000000003efa3018 00000fff
CR0=80010033 CR2=0000000000000000 CR3=000000003f801000 CR4=00000668
DR0=0000000000000000 DR1=0000000000000000 DR2=0000000000000000 DR3=0000000000000000 
DR6=00000000ffff0ff0 DR7=0000000000000400
CCS=0000000000000004 CCD=00000000000000b1 CCO=EFLAGS
EFER=0000000000000d00
Servicing hardware INT=0x20
   220: v=20 e=0000 i=0 cpl=0 IP=0038:000000003e6d3862 pc=000000003e6d3862 SP=0030:000000003fe64ee0 env->regs[R_EAX]=0000000000000013
RAX=0000000000000013 RBX=0000000000000064 RCX=000000000000b008 RDX=0000000000b7613b
RSI=0000000000b7614e RDI=000000003e5b40d4 RBP=000000003fe64f10 RSP=000000003fe64ee0
R8 =000000003fe64eff R9 =000000000000c042 R10=0000000000000000 R11=0000000000000000
R12=000000000004bacd R13=0000000000000011 R14=000000000000c040 R15=0000000000000000
RIP=000000003e6d3862 RFL=00000202 [-------] CPL=0 II=0 A20=1 SMM=0 HLT=0
ES =0030 0000000000000000 ffffffff 00cf9300 DPL=0 DS   [-WA]
CS =0038 0000000000000000 ffffffff 00af9a00 DPL=0 CS64 [-R-]
SS =0030 0000000000000000 ffffffff 00cf9300 DPL=0 DS   [-WA]
DS =0030 0000000000000000 ffffffff 00cf9300 DPL=0 DS   [-WA]
FS =0030 0000000000000000 ffffffff 00cf9300 DPL=0 DS   [-WA]
GS =0030 0000000000000000 ffffffff 00cf9300 DPL=0 DS   [-WA]
LDT=0000 0000000000000000 0000ffff 00008200 DPL=0 LDT
TR =0000 0000000000000000 0000ffff 00008b00 DPL=0 TSS64-busy
GDT=     000000003f5dc000 00000047
IDT=     000000003efa3018 00000fff
CR0=80010033 CR2=0000000000000000 CR3=000000003f801000 CR4=00000668
DR0=0000000000000000 DR1=0000000000000000 DR2=0000000000000000 DR3=0000000000000000 
DR6=00000000ffff0ff0 DR7=0000000000000400
CCS=0000000000000000 CCD=0000000000000013 CCO=EFLAGS
EFER=0000000000000d00
Servicing hardware INT=0x20
   221: v=20 e=0000 i=0 cpl=0 IP=0038:000000003e6d3862 pc=000000003e6d3862 SP=0030:000000003fe64ee0 env->regs[R_EAX]=0000000000000e1b
RAX=0000000000000e1b RBX=0000000000002710 RCX=000000000000b008 RDX=0000000000b8396c
RSI=0000000000b84787 RDI=000000003e5b40d4 RBP=000000003fe64f10 RSP=000000003fe64ee0
R8 =000000003fe64f30 R9 =00000000000003f6 R10=0000000000000000 R11=0000000000000000
R12=000000000000c042 R13=0000000000000011 R14=000000000000c040 R15=0000000000000000
RIP=000000003e6d3862 RFL=00000206 [-----P-] CPL=0 II=0 A20=1 SMM=0 HLT=0
ES =0030 0000000000000000 ffffffff 00cf9300 DPL=0 DS   [-WA]
CS =0038 0000000000000000 ffffffff 00af9a00 DPL=0 CS64 [-R-]
SS =0030 0000000000000000 ffffffff 00cf9300 DPL=0 DS   [-WA]
DS =0030 0000000000000000 ffffffff 00cf9300 DPL=0 DS   [-WA]
FS =0030 0000000000000000 ffffffff 00cf9300 DPL=0 DS   [-WA]
GS =0030 0000000000000000 ffffffff 00cf9300 DPL=0 DS   [-WA]
LDT=0000 0000000000000000 0000ffff 00008200 DPL=0 LDT
TR =0000 0000000000000000 0000ffff 00008b00 DPL=0 TSS64-busy
GDT=     000000003f5dc000 00000047
IDT=     000000003efa3018 00000fff
CR0=80010033 CR2=0000000000000000 CR3=000000003f801000 CR4=00000668
DR0=0000000000000000 DR1=0000000000000000 DR2=0000000000000000 DR3=0000000000000000 
DR6=00000000ffff0ff0 DR7=0000000000000400
CCS=0000000000000004 CCD=0000000000000e1b CCO=EFLAGS
EFER=0000000000000d00
Servicing hardware INT=0x20
   222: v=20 e=0000 i=0 cpl=0 IP=0038:000000003e6d3862 pc=000000003e6d3862 SP=0030:000000003fe64f70 env->regs[R_EAX]=0000000000000065
RAX=0000000000000065 RBX=0000000000000064 RCX=000000000000b008 RDX=0000000000b87912
RSI=0000000000b87977 RDI=000000003e5b40d4 RBP=000000003fe64fa0 RSP=000000003fe64f70
R8 =000000003fe64f8f R9 =000000000000c042 R10=0000000000000000 R11=0000000000000000
R12=000000000004baf0 R13=0000000000000011 R14=000000000000c040 R15=0000000000000000
RIP=000000003e6d3862 RFL=00000206 [-----P-] CPL=0 II=0 A20=1 SMM=0 HLT=0
ES =0030 0000000000000000 ffffffff 00cf9300 DPL=0 DS   [-WA]
CS =0038 0000000000000000 ffffffff 00af9a00 DPL=0 CS64 [-R-]
SS =0030 0000000000000000 ffffffff 00cf9300 DPL=0 DS   [-WA]
DS =0030 0000000000000000 ffffffff 00cf9300 DPL=0 DS   [-WA]
FS =0030 0000000000000000 ffffffff 00cf9300 DPL=0 DS   [-WA]
GS =0030 0000000000000000 ffffffff 00cf9300 DPL=0 DS   [-WA]
LDT=0000 0000000000000000 0000ffff 00008200 DPL=0 LDT
TR =0000 0000000000000000 0000ffff 00008b00 DPL=0 TSS64-busy
GDT=     000000003f5dc000 00000047
IDT=     000000003efa3018 00000fff
CR0=80010033 CR2=0000000000000000 CR3=000000003f801000 CR4=00000668
DR0=0000000000000000 DR1=0000000000000000 DR2=0000000000000000 DR3=0000000000000000 
DR6=00000000ffff0ff0 DR7=0000000000000400
CCS=0000000000000004 CCD=0000000000000065 CCO=EFLAGS
EFER=0000000000000d00
Servicing hardware INT=0x20
   223: v=20 e=0000 i=0 cpl=0 IP=0038:000000003e6d3862 pc=000000003e6d3862 SP=0030:000000003fe64f70 env->regs[R_EAX]=0000000000006244
RAX=0000000000006244 RBX=0000000000002710 RCX=000000000000b008 RDX=0000000000b9196e
RSI=0000000000b97bb2 RDI=000000003e5b40d4 RBP=000000003fe64fa0 RSP=000000003fe64f70
R8 =000000003fe64fc0 R9 =00000000000003f6 R10=0000000000000000 R11=0000000000000000
R12=000000000000c042 R13=0000000000000011 R14=000000000000c040 R15=0000000000000000
RIP=000000003e6d3862 RFL=00000206 [-----P-] CPL=0 II=0 A20=1 SMM=0 HLT=0
ES =0030 0000000000000000 ffffffff 00cf9300 DPL=0 DS   [-WA]
CS =0038 0000000000000000 ffffffff 00af9a00 DPL=0 CS64 [-R-]
SS =0030 0000000000000000 ffffffff 00cf9300 DPL=0 DS   [-WA]
DS =0030 0000000000000000 ffffffff 00cf9300 DPL=0 DS   [-WA]
FS =0030 0000000000000000 ffffffff 00cf9300 DPL=0 DS   [-WA]
GS =0030 0000000000000000 ffffffff 00cf9300 DPL=0 DS   [-WA]
LDT=0000 0000000000000000 0000ffff 00008200 DPL=0 LDT
TR =0000 0000000000000000 0000ffff 00008b00 DPL=0 TSS64-busy
GDT=     000000003f5dc000 00000047
IDT=     000000003efa3018 00000fff
CR0=80010033 CR2=0000000000000000 CR3=000000003f801000 CR4=00000668
DR0=0000000000000000 DR1=0000000000000000 DR2=0000000000000000 DR3=0000000000000000 
DR6=00000000ffff0ff0 DR7=0000000000000400
CCS=0000000000000004 CCD=0000000000006244 CCO=EFLAGS
EFER=0000000000000d00
Servicing hardware INT=0x20
   224: v=20 e=0000 i=0 cpl=0 IP=0038:000000003e6d3862 pc=000000003e6d3862 SP=0030:000000003fe64f70 env->regs[R_EAX]=0000000000000155
RAX=0000000000000155 RBX=0000000000000064 RCX=000000000000b008 RDX=0000000000b990f0
RSI=0000000000b99245 RDI=000000003e5b40d4 RBP=000000003fe64fa0 RSP=000000003fe64f70
R8 =000000003fe64f8f R9 =000000000000c042 R10=0000000000000000 R11=0000000000000000
R12=000000000004baed R13=0000000000000011 R14=000000000000c040 R15=0000000000000000
RIP=000000003e6d3862 RFL=00000206 [-----P-] CPL=0 II=0 A20=1 SMM=0 HLT=0
ES =0030 0000000000000000 ffffffff 00cf9300 DPL=0 DS   [-WA]
CS =0038 0000000000000000 ffffffff 00af9a00 DPL=0 CS64 [-R-]
SS =0030 0000000000000000 ffffffff 00cf9300 DPL=0 DS   [-WA]
DS =0030 0000000000000000 ffffffff 00cf9300 DPL=0 DS   [-WA]
FS =0030 0000000000000000 ffffffff 00cf9300 DPL=0 DS   [-WA]
GS =0030 0000000000000000 ffffffff 00cf9300 DPL=0 DS   [-WA]
LDT=0000 0000000000000000 0000ffff 00008200 DPL=0 LDT
TR =0000 0000000000000000 0000ffff 00008b00 DPL=0 TSS64-busy
GDT=     000000003f5dc000 00000047
IDT=     000000003efa3018 00000fff
CR0=80010033 CR2=0000000000000000 CR3=000000003f801000 CR4=00000668
DR0=0000000000000000 DR1=0000000000000000 DR2=0000000000000000 DR3=0000000000000000 
DR6=00000000ffff0ff0 DR7=0000000000000400
CCS=0000000000000004 CCD=0000000000000155 CCO=EFLAGS
EFER=0000000000000d00
Servicing hardware INT=0x20
   225: v=20 e=0000 i=0 cpl=0 IP=0038:000000003e6d3862 pc=000000003e6d3862 SP=0030:000000003fe64f70 env->regs[R_EAX]=0000000000000091
RAX=0000000000000091 RBX=0000000000000064 RCX=000000000000b008 RDX=0000000000ba9cef
RSI=0000000000ba9d80 RDI=000000003e5b40d4 RBP=000000003fe64fa0 RSP=000000003fe64f70
R8 =000000003fe64f8f R9 =000000000000c042 R10=0000000000000000 R11=0000000000000000
R12=000000000004baf1 R13=0000000000000011 R14=000000000000c040 R15=0000000000000000
RIP=000000003e6d3862 RFL=00000202 [-------] CPL=0 II=0 A20=1 SMM=0 HLT=0
ES =0030 0000000000000000 ffffffff 00cf9300 DPL=0 DS   [-WA]
CS =0038 0000000000000000 ffffffff 00af9a00 DPL=0 CS64 [-R-]
SS =0030 0000000000000000 ffffffff 00cf9300 DPL=0 DS   [-WA]
DS =0030 0000000000000000 ffffffff 00cf9300 DPL=0 DS   [-WA]
FS =0030 0000000000000000 ffffffff 00cf9300 DPL=0 DS   [-WA]
GS =0030 0000000000000000 ffffffff 00cf9300 DPL=0 DS   [-WA]
LDT=0000 0000000000000000 0000ffff 00008200 DPL=0 LDT
TR =0000 0000000000000000 0000ffff 00008b00 DPL=0 TSS64-busy
GDT=     000000003f5dc000 00000047
IDT=     000000003efa3018 00000fff
CR0=80010033 CR2=0000000000000000 CR3=000000003f801000 CR4=00000668
DR0=0000000000000000 DR1=0000000000000000 DR2=0000000000000000 DR3=0000000000000000 
DR6=00000000ffff0ff0 DR7=0000000000000400
CCS=0000000000000000 CCD=0000000000000091 CCO=EFLAGS
EFER=0000000000000d00
Servicing hardware INT=0x20
   226: v=20 e=0000 i=0 cpl=0 IP=0038:000000003e6d3862 pc=000000003e6d3862 SP=0030:000000003fe64f70 env->regs[R_EAX]=00000000000000bc
RAX=00000000000000bc RBX=0000000000000064 RCX=000000000000b008 RDX=0000000000baa805
RSI=0000000000baa8c1 RDI=000000003e5b40d4 RBP=000000003fe64fa0 RSP=000000003fe64f70
R8 =000000003fe64f8f R9 =000000000000c042 R10=0000000000000000 R11=0000000000000000
R12=000000000004baed R13=0000000000000011 R14=000000000000c040 R15=0000000000000000
RIP=000000003e6d3862 RFL=00000202 [-------] CPL=0 II=0 A20=1 SMM=0 HLT=0
ES =0030 0000000000000000 ffffffff 00cf9300 DPL=0 DS   [-WA]
CS =0038 0000000000000000 ffffffff 00af9a00 DPL=0 CS64 [-R-]
SS =0030 0000000000000000 ffffffff 00cf9300 DPL=0 DS   [-WA]
DS =0030 0000000000000000 ffffffff 00cf9300 DPL=0 DS   [-WA]
FS =0030 0000000000000000 ffffffff 00cf9300 DPL=0 DS   [-WA]
GS =0030 0000000000000000 ffffffff 00cf9300 DPL=0 DS   [-WA]
LDT=0000 0000000000000000 0000ffff 00008200 DPL=0 LDT
TR =0000 0000000000000000 0000ffff 00008b00 DPL=0 TSS64-busy
GDT=     000000003f5dc000 00000047
IDT=     000000003efa3018 00000fff
CR0=80010033 CR2=0000000000000000 CR3=000000003f801000 CR4=00000668
DR0=0000000000000000 DR1=0000000000000000 DR2=0000000000000000 DR3=0000000000000000 
DR6=00000000ffff0ff0 DR7=0000000000000400
CCS=0000000000000000 CCD=00000000000000bc CCO=EFLAGS
EFER=0000000000000d00
Servicing hardware INT=0x20
   227: v=20 e=0000 i=0 cpl=0 IP=0038:000000003e6d3862 pc=000000003e6d3862 SP=0030:000000003fe64f70 env->regs[R_EAX]=000000000000003f
RAX=000000000000003f RBX=0000000000000064 RCX=000000000000b008 RDX=0000000000bb33f8
RSI=0000000000bb3437 RDI=000000003e5b40d4 RBP=000000003fe64fa0 RSP=000000003fe64f70
R8 =000000003fe64f8f R9 =000000000000c042 R10=0000000000000000 R11=0000000000000000
R12=000000000004baa6 R13=0000000000000011 R14=000000000000c040 R15=0000000000000000
RIP=000000003e6d3862 RFL=00000206 [-----P-] CPL=0 II=0 A20=1 SMM=0 HLT=0
ES =0030 0000000000000000 ffffffff 00cf9300 DPL=0 DS   [-WA]
CS =0038 0000000000000000 ffffffff 00af9a00 DPL=0 CS64 [-R-]
SS =0030 0000000000000000 ffffffff 00cf9300 DPL=0 DS   [-WA]
DS =0030 0000000000000000 ffffffff 00cf9300 DPL=0 DS   [-WA]
FS =0030 0000000000000000 ffffffff 00cf9300 DPL=0 DS   [-WA]
GS =0030 0000000000000000 ffffffff 00cf9300 DPL=0 DS   [-WA]
LDT=0000 0000000000000000 0000ffff 00008200 DPL=0 LDT
TR =0000 0000000000000000 0000ffff 00008b00 DPL=0 TSS64-busy
GDT=     000000003f5dc000 00000047
IDT=     000000003efa3018 00000fff
CR0=80010033 CR2=0000000000000000 CR3=000000003f801000 CR4=00000668
DR0=0000000000000000 DR1=0000000000000000 DR2=0000000000000000 DR3=0000000000000000 
DR6=00000000ffff0ff0 DR7=0000000000000400
CCS=0000000000000004 CCD=000000000000003f CCO=EFLAGS
EFER=0000000000000d00
Servicing hardware INT=0x20
   228: v=20 e=0000 i=0 cpl=0 IP=0038:000000003e6d3862 pc=000000003e6d3862 SP=0030:000000003fe64fb0 env->regs[R_EAX]=00000000000000b9
RAX=00000000000000b9 RBX=0000000000000064 RCX=000000000000b008 RDX=0000000000bbe674
RSI=0000000000bbe72d RDI=000000003e5b40d4 RBP=000000003fe64fe0 RSP=000000003fe64fb0
R8 =000000003fe64fcf R9 =000000000000c042 R10=0000000000000000 R11=0000000000000000
R12=000000000004baf1 R13=0000000000000011 R14=000000000000c040 R15=0000000000000000
RIP=000000003e6d3862 RFL=00000202 [-------] CPL=0 II=0 A20=1 SMM=0 HLT=0
ES =0030 0000000000000000 ffffffff 00cf9300 DPL=0 DS   [-WA]
CS =0038 0000000000000000 ffffffff 00af9a00 DPL=0 CS64 [-R-]
SS =0030 0000000000000000 ffffffff 00cf9300 DPL=0 DS   [-WA]
DS =0030 0000000000000000 ffffffff 00cf9300 DPL=0 DS   [-WA]
FS =0030 0000000000000000 ffffffff 00cf9300 DPL=0 DS   [-WA]
GS =0030 0000000000000000 ffffffff 00cf9300 DPL=0 DS   [-WA]
LDT=0000 0000000000000000 0000ffff 00008200 DPL=0 LDT
TR =0000 0000000000000000 0000ffff 00008b00 DPL=0 TSS64-busy
GDT=     000000003f5dc000 00000047
IDT=     000000003efa3018 00000fff
CR0=80010033 CR2=0000000000000000 CR3=000000003f801000 CR4=00000668
DR0=0000000000000000 DR1=0000000000000000 DR2=0000000000000000 DR3=0000000000000000 
DR6=00000000ffff0ff0 DR7=0000000000000400
CCS=0000000000000000 CCD=00000000000000b9 CCO=EFLAGS
EFER=0000000000000d00
Servicing hardware INT=0x20
   229: v=20 e=0000 i=0 cpl=0 IP=0038:000000003e6d3862 pc=000000003e6d3862 SP=0030:000000003fe64fb0 env->regs[R_EAX]=0000000000000023
RAX=0000000000000023 RBX=0000000000000064 RCX=000000000000b008 RDX=0000000000bc49dc
RSI=0000000000bc49ff RDI=000000003e5b40d4 RBP=000000003fe64fe0 RSP=000000003fe64fb0
R8 =000000003fe64fcf R9 =000000000000c042 R10=0000000000000000 R11=0000000000000000
R12=000000000004bac1 R13=0000000000000011 R14=000000000000c040 R15=0000000000000000
RIP=000000003e6d3862 RFL=00000202 [-------] CPL=0 II=0 A20=1 SMM=0 HLT=0
ES =0030 0000000000000000 ffffffff 00cf9300 DPL=0 DS   [-WA]
CS =0038 0000000000000000 ffffffff 00af9a00 DPL=0 CS64 [-R-]
SS =0030 0000000000000000 ffffffff 00cf9300 DPL=0 DS   [-WA]
DS =0030 0000000000000000 ffffffff 00cf9300 DPL=0 DS   [-WA]
FS =0030 0000000000000000 ffffffff 00cf9300 DPL=0 DS   [-WA]
GS =0030 0000000000000000 ffffffff 00cf9300 DPL=0 DS   [-WA]
LDT=0000 0000000000000000 0000ffff 00008200 DPL=0 LDT
TR =0000 0000000000000000 0000ffff 00008b00 DPL=0 TSS64-busy
GDT=     000000003f5dc000 00000047
IDT=     000000003efa3018 00000fff
CR0=80010033 CR2=0000000000000000 CR3=000000003f801000 CR4=00000668
DR0=0000000000000000 DR1=0000000000000000 DR2=0000000000000000 DR3=0000000000000000 
DR6=00000000ffff0ff0 DR7=0000000000000400
CCS=0000000000000000 CCD=0000000000000023 CCO=EFLAGS
EFER=0000000000000d00
Servicing hardware INT=0x20
   230: v=20 e=0000 i=0 cpl=0 IP=0038:000000003e6d3862 pc=000000003e6d3862 SP=0030:000000003fe64fb0 env->regs[R_EAX]=0000000000000098
RAX=0000000000000098 RBX=0000000000000064 RCX=000000000000b008 RDX=0000000000bcf517
RSI=0000000000bcf5af RDI=000000003e5b40d4 RBP=000000003fe64fe0 RSP=000000003fe64fb0
R8 =000000003fe64fcf R9 =000000000000c042 R10=0000000000000000 R11=0000000000000000
R12=000000000004baf1 R13=0000000000000011 R14=000000000000c040 R15=0000000000000000
RIP=000000003e6d3862 RFL=00000202 [-------] CPL=0 II=0 A20=1 SMM=0 HLT=0
ES =0030 0000000000000000 ffffffff 00cf9300 DPL=0 DS   [-WA]
CS =0038 0000000000000000 ffffffff 00af9a00 DPL=0 CS64 [-R-]
SS =0030 0000000000000000 ffffffff 00cf9300 DPL=0 DS   [-WA]
DS =0030 0000000000000000 ffffffff 00cf9300 DPL=0 DS   [-WA]
FS =0030 0000000000000000 ffffffff 00cf9300 DPL=0 DS   [-WA]
GS =0030 0000000000000000 ffffffff 00cf9300 DPL=0 DS   [-WA]
LDT=0000 0000000000000000 0000ffff 00008200 DPL=0 LDT
TR =0000 0000000000000000 0000ffff 00008b00 DPL=0 TSS64-busy
GDT=     000000003f5dc000 00000047
IDT=     000000003efa3018 00000fff
CR0=80010033 CR2=0000000000000000 CR3=000000003f801000 CR4=00000668
DR0=0000000000000000 DR1=0000000000000000 DR2=0000000000000000 DR3=0000000000000000 
DR6=00000000ffff0ff0 DR7=0000000000000400
CCS=0000000000000000 CCD=0000000000000098 CCO=EFLAGS
EFER=0000000000000d00
Servicing hardware INT=0x20
   231: v=20 e=0000 i=0 cpl=0 IP=0038:000000003e6d3862 pc=000000003e6d3862 SP=0030:000000003fe64fb0 env->regs[R_EAX]=00000000000031cc
RAX=00000000000031cc RBX=0000000000002710 RCX=000000000000b008 RDX=0000000000bdaf5f
RSI=0000000000bde12b RDI=000000003e5b40d4 RBP=000000003fe64fe0 RSP=000000003fe64fb0
R8 =000000003fe65000 R9 =00000000000003f6 R10=0000000000000000 R11=0000000000000000
R12=000000000000c042 R13=0000000000000011 R14=000000000000c040 R15=0000000000000000
RIP=000000003e6d3862 RFL=00000206 [-----P-] CPL=0 II=0 A20=1 SMM=0 HLT=0
ES =0030 0000000000000000 ffffffff 00cf9300 DPL=0 DS   [-WA]
CS =0038 0000000000000000 ffffffff 00af9a00 DPL=0 CS64 [-R-]
SS =0030 0000000000000000 ffffffff 00cf9300 DPL=0 DS   [-WA]
DS =0030 0000000000000000 ffffffff 00cf9300 DPL=0 DS   [-WA]
FS =0030 0000000000000000 ffffffff 00cf9300 DPL=0 DS   [-WA]
GS =0030 0000000000000000 ffffffff 00cf9300 DPL=0 DS   [-WA]
LDT=0000 0000000000000000 0000ffff 00008200 DPL=0 LDT
TR =0000 0000000000000000 0000ffff 00008b00 DPL=0 TSS64-busy
GDT=     000000003f5dc000 00000047
IDT=     000000003efa3018 00000fff
CR0=80010033 CR2=0000000000000000 CR3=000000003f801000 CR4=00000668
DR0=0000000000000000 DR1=0000000000000000 DR2=0000000000000000 DR3=0000000000000000 
DR6=00000000ffff0ff0 DR7=0000000000000400
CCS=0000000000000004 CCD=00000000000031cc CCO=EFLAGS
EFER=0000000000000d00
Servicing hardware INT=0x20
   232: v=20 e=0000 i=0 cpl=0 IP=0038:000000003e6d3862 pc=000000003e6d3862 SP=0030:000000003fe64fb0 env->regs[R_EAX]=0000000000000043
RAX=0000000000000043 RBX=0000000000000064 RCX=000000000000b008 RDX=0000000000bdeee9
RSI=0000000000bdef2c RDI=000000003e5b40d4 RBP=000000003fe64fe0 RSP=000000003fe64fb0
R8 =000000003fe64fcf R9 =000000000000c042 R10=0000000000000000 R11=0000000000000000
R12=000000000004baf1 R13=0000000000000011 R14=000000000000c040 R15=0000000000000000
RIP=000000003e6d3862 RFL=00000202 [-------] CPL=0 II=0 A20=1 SMM=0 HLT=0
ES =0030 0000000000000000 ffffffff 00cf9300 DPL=0 DS   [-WA]
CS =0038 0000000000000000 ffffffff 00af9a00 DPL=0 CS64 [-R-]
SS =0030 0000000000000000 ffffffff 00cf9300 DPL=0 DS   [-WA]
DS =0030 0000000000000000 ffffffff 00cf9300 DPL=0 DS   [-WA]
FS =0030 0000000000000000 ffffffff 00cf9300 DPL=0 DS   [-WA]
GS =0030 0000000000000000 ffffffff 00cf9300 DPL=0 DS   [-WA]
LDT=0000 0000000000000000 0000ffff 00008200 DPL=0 LDT
TR =0000 0000000000000000 0000ffff 00008b00 DPL=0 TSS64-busy
GDT=     000000003f5dc000 00000047
IDT=     000000003efa3018 00000fff
CR0=80010033 CR2=0000000000000000 CR3=000000003f801000 CR4=00000668
DR0=0000000000000000 DR1=0000000000000000 DR2=0000000000000000 DR3=0000000000000000 
DR6=00000000ffff0ff0 DR7=0000000000000400
CCS=0000000000000000 CCD=0000000000000043 CCO=EFLAGS
EFER=0000000000000d00
Servicing hardware INT=0x20
   233: v=20 e=0000 i=0 cpl=0 IP=0038:000000003e6d3862 pc=000000003e6d3862 SP=0030:000000003fe64fb0 env->regs[R_EAX]=000000000000692f
RAX=000000000000692f RBX=0000000000002710 RCX=000000000000b008 RDX=0000000000be8cd3
RSI=0000000000bef602 RDI=000000003e5b40d4 RBP=000000003fe64fe0 RSP=000000003fe64fb0
R8 =000000003fe65000 R9 =00000000000003f6 R10=0000000000000000 R11=0000000000000000
R12=000000000000c042 R13=0000000000000011 R14=000000000000c040 R15=0000000000000000
RIP=000000003e6d3862 RFL=00000202 [-------] CPL=0 II=0 A20=1 SMM=0 HLT=0
ES =0030 0000000000000000 ffffffff 00cf9300 DPL=0 DS   [-WA]
CS =0038 0000000000000000 ffffffff 00af9a00 DPL=0 CS64 [-R-]
SS =0030 0000000000000000 ffffffff 00cf9300 DPL=0 DS   [-WA]
DS =0030 0000000000000000 ffffffff 00cf9300 DPL=0 DS   [-WA]
FS =0030 0000000000000000 ffffffff 00cf9300 DPL=0 DS   [-WA]
GS =0030 0000000000000000 ffffffff 00cf9300 DPL=0 DS   [-WA]
LDT=0000 0000000000000000 0000ffff 00008200 DPL=0 LDT
TR =0000 0000000000000000 0000ffff 00008b00 DPL=0 TSS64-busy
GDT=     000000003f5dc000 00000047
IDT=     000000003efa3018 00000fff
CR0=80010033 CR2=0000000000000000 CR3=000000003f801000 CR4=00000668
DR0=0000000000000000 DR1=0000000000000000 DR2=0000000000000000 DR3=0000000000000000 
DR6=00000000ffff0ff0 DR7=0000000000000400
CCS=0000000000000000 CCD=000000000000692f CCO=EFLAGS
EFER=0000000000000d00
Servicing hardware INT=0x20
   234: v=20 e=0000 i=0 cpl=0 IP=0038:000000003e6d3862 pc=000000003e6d3862 SP=0030:000000003fe64fb0 env->regs[R_EAX]=0000000000000080
RAX=0000000000000080 RBX=0000000000000064 RCX=000000000000b008 RDX=0000000000bf06b4
RSI=0000000000bf0734 RDI=000000003e5b40d4 RBP=000000003fe64fe0 RSP=000000003fe64fb0
R8 =000000003fe64fcf R9 =000000000000c042 R10=0000000000000000 R11=0000000000000000
R12=000000000004baef R13=0000000000000011 R14=000000000000c040 R15=0000000000000000
RIP=000000003e6d3862 RFL=00000202 [-------] CPL=0 II=0 A20=1 SMM=0 HLT=0
ES =0030 0000000000000000 ffffffff 00cf9300 DPL=0 DS   [-WA]
CS =0038 0000000000000000 ffffffff 00af9a00 DPL=0 CS64 [-R-]
SS =0030 0000000000000000 ffffffff 00cf9300 DPL=0 DS   [-WA]
DS =0030 0000000000000000 ffffffff 00cf9300 DPL=0 DS   [-WA]
FS =0030 0000000000000000 ffffffff 00cf9300 DPL=0 DS   [-WA]
GS =0030 0000000000000000 ffffffff 00cf9300 DPL=0 DS   [-WA]
LDT=0000 0000000000000000 0000ffff 00008200 DPL=0 LDT
TR =0000 0000000000000000 0000ffff 00008b00 DPL=0 TSS64-busy
GDT=     000000003f5dc000 00000047
IDT=     000000003efa3018 00000fff
CR0=80010033 CR2=0000000000000000 CR3=000000003f801000 CR4=00000668
DR0=0000000000000000 DR1=0000000000000000 DR2=0000000000000000 DR3=0000000000000000 
DR6=00000000ffff0ff0 DR7=0000000000000400
CCS=0000000000000000 CCD=0000000000000080 CCO=EFLAGS
EFER=0000000000000d00
Servicing hardware INT=0x20
   235: v=20 e=0000 i=0 cpl=0 IP=0038:000000003e6d3862 pc=000000003e6d3862 SP=0030:000000003fe64ea0 env->regs[R_EAX]=00000000000000da
RAX=00000000000000da RBX=0000000000000064 RCX=000000000000b008 RDX=0000000000c0356a
RSI=0000000000c03644 RDI=000000003e5b40d4 RBP=000000003fe64ed0 RSP=000000003fe64ea0
R8 =000000003fe64ebf R9 =000000000000c042 R10=0000000000000000 R11=0000000000000000
R12=000000000004baf1 R13=0000000000000011 R14=000000000000c040 R15=0000000000000000
RIP=000000003e6d3862 RFL=00000202 [-------] CPL=0 II=0 A20=1 SMM=0 HLT=0
ES =0030 0000000000000000 ffffffff 00cf9300 DPL=0 DS   [-WA]
CS =0038 0000000000000000 ffffffff 00af9a00 DPL=0 CS64 [-R-]
SS =0030 0000000000000000 ffffffff 00cf9300 DPL=0 DS   [-WA]
DS =0030 0000000000000000 ffffffff 00cf9300 DPL=0 DS   [-WA]
FS =0030 0000000000000000 ffffffff 00cf9300 DPL=0 DS   [-WA]
GS =0030 0000000000000000 ffffffff 00cf9300 DPL=0 DS   [-WA]
LDT=0000 0000000000000000 0000ffff 00008200 DPL=0 LDT
TR =0000 0000000000000000 0000ffff 00008b00 DPL=0 TSS64-busy
GDT=     000000003f5dc000 00000047
IDT=     000000003efa3018 00000fff
CR0=80010033 CR2=0000000000000000 CR3=000000003f801000 CR4=00000668
DR0=0000000000000000 DR1=0000000000000000 DR2=0000000000000000 DR3=0000000000000000 
DR6=00000000ffff0ff0 DR7=0000000000000400
CCS=0000000000000000 CCD=00000000000000da CCO=EFLAGS
EFER=0000000000000d00
Servicing hardware INT=0x20
   236: v=20 e=0000 i=0 cpl=0 IP=0038:000000003e6d3862 pc=000000003e6d3862 SP=0030:000000003fe64ea0 env->regs[R_EAX]=00000000000004c6
RAX=00000000000004c6 RBX=0000000000002710 RCX=000000000000b008 RDX=0000000000c12a7e
RSI=0000000000c12f44 RDI=000000003e5b40d4 RBP=000000003fe64ed0 RSP=000000003fe64ea0
R8 =000000003fe64ef0 R9 =00000000000003f6 R10=0000000000000000 R11=0000000000000000
R12=000000000000c042 R13=0000000000000011 R14=000000000000c040 R15=0000000000000000
RIP=000000003e6d3862 RFL=00000206 [-----P-] CPL=0 II=0 A20=1 SMM=0 HLT=0
ES =0030 0000000000000000 ffffffff 00cf9300 DPL=0 DS   [-WA]
CS =0038 0000000000000000 ffffffff 00af9a00 DPL=0 CS64 [-R-]
SS =0030 0000000000000000 ffffffff 00cf9300 DPL=0 DS   [-WA]
DS =0030 0000000000000000 ffffffff 00cf9300 DPL=0 DS   [-WA]
FS =0030 0000000000000000 ffffffff 00cf9300 DPL=0 DS   [-WA]
GS =0030 0000000000000000 ffffffff 00cf9300 DPL=0 DS   [-WA]
LDT=0000 0000000000000000 0000ffff 00008200 DPL=0 LDT
TR =0000 0000000000000000 0000ffff 00008b00 DPL=0 TSS64-busy
GDT=     000000003f5dc000 00000047
IDT=     000000003efa3018 00000fff
CR0=80010033 CR2=0000000000000000 CR3=000000003f801000 CR4=00000668
DR0=0000000000000000 DR1=0000000000000000 DR2=0000000000000000 DR3=0000000000000000 
DR6=00000000ffff0ff0 DR7=0000000000000400
CCS=0000000000000004 CCD=00000000000004c6 CCO=EFLAGS
EFER=0000000000000d00
Servicing hardware INT=0x20
   237: v=20 e=0000 i=0 cpl=0 IP=0038:000000003e6d3862 pc=000000003e6d3862 SP=0030:000000003fe64ea0 env->regs[R_EAX]=0000000000000055
RAX=0000000000000055 RBX=0000000000000064 RCX=000000000000b008 RDX=0000000000c1400c
RSI=0000000000c14061 RDI=000000003e5b40d4 RBP=000000003fe64ed0 RSP=000000003fe64ea0
R8 =000000003fe64ebf R9 =000000000000c042 R10=0000000000000000 R11=0000000000000000
R12=000000000004baf1 R13=0000000000000011 R14=000000000000c040 R15=0000000000000000
RIP=000000003e6d3862 RFL=00000206 [-----P-] CPL=0 II=0 A20=1 SMM=0 HLT=0
ES =0030 0000000000000000 ffffffff 00cf9300 DPL=0 DS   [-WA]
CS =0038 0000000000000000 ffffffff 00af9a00 DPL=0 CS64 [-R-]
SS =0030 0000000000000000 ffffffff 00cf9300 DPL=0 DS   [-WA]
DS =0030 0000000000000000 ffffffff 00cf9300 DPL=0 DS   [-WA]
FS =0030 0000000000000000 ffffffff 00cf9300 DPL=0 DS   [-WA]
GS =0030 0000000000000000 ffffffff 00cf9300 DPL=0 DS   [-WA]
LDT=0000 0000000000000000 0000ffff 00008200 DPL=0 LDT
TR =0000 0000000000000000 0000ffff 00008b00 DPL=0 TSS64-busy
GDT=     000000003f5dc000 00000047
IDT=     000000003efa3018 00000fff
CR0=80010033 CR2=0000000000000000 CR3=000000003f801000 CR4=00000668
DR0=0000000000000000 DR1=0000000000000000 DR2=0000000000000000 DR3=0000000000000000 
DR6=00000000ffff0ff0 DR7=0000000000000400
CCS=0000000000000004 CCD=0000000000000055 CCO=EFLAGS
EFER=0000000000000d00
Servicing hardware INT=0x20
   238: v=20 e=0000 i=0 cpl=0 IP=0038:000000003e6d3862 pc=000000003e6d3862 SP=0030:000000003fe64ea0 env->regs[R_EAX]=0000000000001e55
RAX=0000000000001e55 RBX=0000000000002710 RCX=000000000000b008 RDX=0000000000c20a26
RSI=0000000000c2287b RDI=000000003e5b40d4 RBP=000000003fe64ed0 RSP=000000003fe64ea0
R8 =000000003fe64ef0 R9 =00000000000003f6 R10=0000000000000000 R11=0000000000000000
R12=000000000000c042 R13=0000000000000011 R14=000000000000c040 R15=0000000000000000
RIP=000000003e6d3862 RFL=00000206 [-----P-] CPL=0 II=0 A20=1 SMM=0 HLT=0
ES =0030 0000000000000000 ffffffff 00cf9300 DPL=0 DS   [-WA]
CS =0038 0000000000000000 ffffffff 00af9a00 DPL=0 CS64 [-R-]
SS =0030 0000000000000000 ffffffff 00cf9300 DPL=0 DS   [-WA]
DS =0030 0000000000000000 ffffffff 00cf9300 DPL=0 DS   [-WA]
FS =0030 0000000000000000 ffffffff 00cf9300 DPL=0 DS   [-WA]
GS =0030 0000000000000000 ffffffff 00cf9300 DPL=0 DS   [-WA]
LDT=0000 0000000000000000 0000ffff 00008200 DPL=0 LDT
TR =0000 0000000000000000 0000ffff 00008b00 DPL=0 TSS64-busy
GDT=     000000003f5dc000 00000047
IDT=     000000003efa3018 00000fff
CR0=80010033 CR2=0000000000000000 CR3=000000003f801000 CR4=00000668
DR0=0000000000000000 DR1=0000000000000000 DR2=0000000000000000 DR3=0000000000000000 
DR6=00000000ffff0ff0 DR7=0000000000000400
CCS=0000000000000004 CCD=0000000000001e55 CCO=EFLAGS
EFER=0000000000000d00
Servicing hardware INT=0x20
   239: v=20 e=0000 i=0 cpl=0 IP=0038:000000003e6d3862 pc=000000003e6d3862 SP=0030:000000003fe64ea0 env->regs[R_EAX]=000000000000014b
RAX=000000000000014b RBX=0000000000000064 RCX=000000000000b008 RDX=0000000000c24d86
RSI=0000000000c24ed1 RDI=000000003e5b40d4 RBP=000000003fe64ed0 RSP=000000003fe64ea0
R8 =000000003fe64ebf R9 =000000000000c042 R10=0000000000000000 R11=0000000000000000
R12=000000000004bae2 R13=0000000000000011 R14=000000000000c040 R15=0000000000000000
RIP=000000003e6d3862 RFL=00000206 [-----P-] CPL=0 II=0 A20=1 SMM=0 HLT=0
ES =0030 0000000000000000 ffffffff 00cf9300 DPL=0 DS   [-WA]
CS =0038 0000000000000000 ffffffff 00af9a00 DPL=0 CS64 [-R-]
SS =0030 0000000000000000 ffffffff 00cf9300 DPL=0 DS   [-WA]
DS =0030 0000000000000000 ffffffff 00cf9300 DPL=0 DS   [-WA]
FS =0030 0000000000000000 ffffffff 00cf9300 DPL=0 DS   [-WA]
GS =0030 0000000000000000 ffffffff 00cf9300 DPL=0 DS   [-WA]
LDT=0000 0000000000000000 0000ffff 00008200 DPL=0 LDT
TR =0000 0000000000000000 0000ffff 00008b00 DPL=0 TSS64-busy
GDT=     000000003f5dc000 00000047
IDT=     000000003efa3018 00000fff
CR0=80010033 CR2=0000000000000000 CR3=000000003f801000 CR4=00000668
DR0=0000000000000000 DR1=0000000000000000 DR2=0000000000000000 DR3=0000000000000000 
DR6=00000000ffff0ff0 DR7=0000000000000400
CCS=0000000000000004 CCD=000000000000014b CCO=EFLAGS
EFER=0000000000000d00
Servicing hardware INT=0x20
   240: v=20 e=0000 i=0 cpl=0 IP=0038:000000003e6d3862 pc=000000003e6d3862 SP=0030:000000003fe64ea0 env->regs[R_EAX]=0000000000005532
RAX=0000000000005532 RBX=0000000000002710 RCX=000000000000b008 RDX=0000000000c2e939
RSI=0000000000c33e6b RDI=000000003e5b40d4 RBP=000000003fe64ed0 RSP=000000003fe64ea0
R8 =000000003fe64ef0 R9 =00000000000003f6 R10=0000000000000000 R11=0000000000000000
R12=000000000000c042 R13=0000000000000011 R14=000000000000c040 R15=0000000000000000
RIP=000000003e6d3862 RFL=00000202 [-------] CPL=0 II=0 A20=1 SMM=0 HLT=0
ES =0030 0000000000000000 ffffffff 00cf9300 DPL=0 DS   [-WA]
CS =0038 0000000000000000 ffffffff 00af9a00 DPL=0 CS64 [-R-]
SS =0030 0000000000000000 ffffffff 00cf9300 DPL=0 DS   [-WA]
DS =0030 0000000000000000 ffffffff 00cf9300 DPL=0 DS   [-WA]
FS =0030 0000000000000000 ffffffff 00cf9300 DPL=0 DS   [-WA]
GS =0030 0000000000000000 ffffffff 00cf9300 DPL=0 DS   [-WA]
LDT=0000 0000000000000000 0000ffff 00008200 DPL=0 LDT
TR =0000 0000000000000000 0000ffff 00008b00 DPL=0 TSS64-busy
GDT=     000000003f5dc000 00000047
IDT=     000000003efa3018 00000fff
CR0=80010033 CR2=0000000000000000 CR3=000000003f801000 CR4=00000668
DR0=0000000000000000 DR1=0000000000000000 DR2=0000000000000000 DR3=0000000000000000 
DR6=00000000ffff0ff0 DR7=0000000000000400
CCS=0000000000000000 CCD=0000000000005532 CCO=EFLAGS
EFER=0000000000000d00
Servicing hardware INT=0x20
   241: v=20 e=0000 i=0 cpl=0 IP=0038:000000003e6d3862 pc=000000003e6d3862 SP=0030:000000003fe64ee0 env->regs[R_EAX]=0000000000000067
RAX=0000000000000067 RBX=0000000000000064 RCX=000000000000b008 RDX=0000000000c3658e
RSI=0000000000c365f5 RDI=000000003e5b40d4 RBP=000000003fe64f10 RSP=000000003fe64ee0
R8 =000000003fe64eff R9 =000000000000c042 R10=0000000000000000 R11=0000000000000000
R12=000000000004bae3 R13=0000000000000011 R14=000000000000c040 R15=0000000000000000
RIP=000000003e6d3862 RFL=00000202 [-------] CPL=0 II=0 A20=1 SMM=0 HLT=0
ES =0030 0000000000000000 ffffffff 00cf9300 DPL=0 DS   [-WA]
CS =0038 0000000000000000 ffffffff 00af9a00 DPL=0 CS64 [-R-]
SS =0030 0000000000000000 ffffffff 00cf9300 DPL=0 DS   [-WA]
DS =0030 0000000000000000 ffffffff 00cf9300 DPL=0 DS   [-WA]
FS =0030 0000000000000000 ffffffff 00cf9300 DPL=0 DS   [-WA]
GS =0030 0000000000000000 ffffffff 00cf9300 DPL=0 DS   [-WA]
LDT=0000 0000000000000000 0000ffff 00008200 DPL=0 LDT
TR =0000 0000000000000000 0000ffff 00008b00 DPL=0 TSS64-busy
GDT=     000000003f5dc000 00000047
IDT=     000000003efa3018 00000fff
CR0=80010033 CR2=0000000000000000 CR3=000000003f801000 CR4=00000668
DR0=0000000000000000 DR1=0000000000000000 DR2=0000000000000000 DR3=0000000000000000 
DR6=00000000ffff0ff0 DR7=0000000000000400
CCS=0000000000000000 CCD=0000000000000067 CCO=EFLAGS
EFER=0000000000000d00
Servicing hardware INT=0x20
   242: v=20 e=0000 i=0 cpl=0 IP=0038:000000003e6d3862 pc=000000003e6d3862 SP=0030:000000003fe64ee0 env->regs[R_EAX]=00000000000000b5
RAX=00000000000000b5 RBX=0000000000000064 RCX=000000000000b008 RDX=0000000000c448c4
RSI=0000000000c44979 RDI=000000003e5b40d4 RBP=000000003fe64f10 RSP=000000003fe64ee0
R8 =000000003fe64eff R9 =000000000000c042 R10=0000000000000000 R11=0000000000000000
R12=000000000004baf1 R13=0000000000000011 R14=000000000000c040 R15=0000000000000000
RIP=000000003e6d3862 RFL=00000202 [-------] CPL=0 II=0 A20=1 SMM=0 HLT=0
ES =0030 0000000000000000 ffffffff 00cf9300 DPL=0 DS   [-WA]
CS =0038 0000000000000000 ffffffff 00af9a00 DPL=0 CS64 [-R-]
SS =0030 0000000000000000 ffffffff 00cf9300 DPL=0 DS   [-WA]
DS =0030 0000000000000000 ffffffff 00cf9300 DPL=0 DS   [-WA]
FS =0030 0000000000000000 ffffffff 00cf9300 DPL=0 DS   [-WA]
GS =0030 0000000000000000 ffffffff 00cf9300 DPL=0 DS   [-WA]
LDT=0000 0000000000000000 0000ffff 00008200 DPL=0 LDT
TR =0000 0000000000000000 0000ffff 00008b00 DPL=0 TSS64-busy
GDT=     000000003f5dc000 00000047
IDT=     000000003efa3018 00000fff
CR0=80010033 CR2=0000000000000000 CR3=000000003f801000 CR4=00000668
DR0=0000000000000000 DR1=0000000000000000 DR2=0000000000000000 DR3=0000000000000000 
DR6=00000000ffff0ff0 DR7=0000000000000400
CCS=0000000000000000 CCD=00000000000000b5 CCO=EFLAGS
EFER=0000000000000d00
Servicing hardware INT=0x20
   243: v=20 e=0000 i=0 cpl=0 IP=0038:000000003e6d3862 pc=000000003e6d3862 SP=0030:000000003fe64ee0 env->regs[R_EAX]=00000000000000bc
RAX=00000000000000bc RBX=0000000000000064 RCX=000000000000b008 RDX=0000000000c47d3a
RSI=0000000000c47df6 RDI=000000003e5b40d4 RBP=000000003fe64f10 RSP=000000003fe64ee0
R8 =000000003fe64eff R9 =000000000000c042 R10=0000000000000000 R11=0000000000000000
R12=000000000004bad4 R13=0000000000000011 R14=000000000000c040 R15=0000000000000000
RIP=000000003e6d3862 RFL=00000202 [-------] CPL=0 II=0 A20=1 SMM=0 HLT=0
ES =0030 0000000000000000 ffffffff 00cf9300 DPL=0 DS   [-WA]
CS =0038 0000000000000000 ffffffff 00af9a00 DPL=0 CS64 [-R-]
SS =0030 0000000000000000 ffffffff 00cf9300 DPL=0 DS   [-WA]
DS =0030 0000000000000000 ffffffff 00cf9300 DPL=0 DS   [-WA]
FS =0030 0000000000000000 ffffffff 00cf9300 DPL=0 DS   [-WA]
GS =0030 0000000000000000 ffffffff 00cf9300 DPL=0 DS   [-WA]
LDT=0000 0000000000000000 0000ffff 00008200 DPL=0 LDT
TR =0000 0000000000000000 0000ffff 00008b00 DPL=0 TSS64-busy
GDT=     000000003f5dc000 00000047
IDT=     000000003efa3018 00000fff
CR0=80010033 CR2=0000000000000000 CR3=000000003f801000 CR4=00000668
DR0=0000000000000000 DR1=0000000000000000 DR2=0000000000000000 DR3=0000000000000000 
DR6=00000000ffff0ff0 DR7=0000000000000400
CCS=0000000000000000 CCD=00000000000000bc CCO=EFLAGS
EFER=0000000000000d00
Servicing hardware INT=0x20
   244: v=20 e=0000 i=0 cpl=0 IP=0038:000000003e6d3862 pc=000000003e6d3862 SP=0030:000000003fe64ee0 env->regs[R_EAX]=00000000000000e3
RAX=00000000000000e3 RBX=0000000000000064 RCX=000000000000b008 RDX=0000000000c55641
RSI=0000000000c55724 RDI=000000003e5b40d4 RBP=000000003fe64f10 RSP=000000003fe64ee0
R8 =000000003fe64eff R9 =000000000000c042 R10=0000000000000000 R11=0000000000000000
R12=000000000004baf1 R13=0000000000000011 R14=000000000000c040 R15=0000000000000000
RIP=000000003e6d3862 RFL=00000202 [-------] CPL=0 II=0 A20=1 SMM=0 HLT=0
ES =0030 0000000000000000 ffffffff 00cf9300 DPL=0 DS   [-WA]
CS =0038 0000000000000000 ffffffff 00af9a00 DPL=0 CS64 [-R-]
SS =0030 0000000000000000 ffffffff 00cf9300 DPL=0 DS   [-WA]
DS =0030 0000000000000000 ffffffff 00cf9300 DPL=0 DS   [-WA]
FS =0030 0000000000000000 ffffffff 00cf9300 DPL=0 DS   [-WA]
GS =0030 0000000000000000 ffffffff 00cf9300 DPL=0 DS   [-WA]
LDT=0000 0000000000000000 0000ffff 00008200 DPL=0 LDT
TR =0000 0000000000000000 0000ffff 00008b00 DPL=0 TSS64-busy
GDT=     000000003f5dc000 00000047
IDT=     000000003efa3018 00000fff
CR0=80010033 CR2=0000000000000000 CR3=000000003f801000 CR4=00000668
DR0=0000000000000000 DR1=0000000000000000 DR2=0000000000000000 DR3=0000000000000000 
DR6=00000000ffff0ff0 DR7=0000000000000400
CCS=0000000000000000 CCD=00000000000000e3 CCO=EFLAGS
EFER=0000000000000d00
Servicing hardware INT=0x20
   245: v=20 e=0000 i=0 cpl=0 IP=0038:000000003e6d3862 pc=000000003e6d3862 SP=0030:000000003fe64ee0 env->regs[R_EAX]=00000000000000c6
RAX=00000000000000c6 RBX=0000000000000064 RCX=000000000000b008 RDX=0000000000c594c0
RSI=0000000000c59586 RDI=000000003e5b40d4 RBP=000000003fe64f10 RSP=000000003fe64ee0
R8 =000000003fe64eff R9 =000000000000c042 R10=0000000000000000 R11=0000000000000000
R12=000000000004bace R13=0000000000000011 R14=000000000000c040 R15=0000000000000000
RIP=000000003e6d3862 RFL=00000206 [-----P-] CPL=0 II=0 A20=1 SMM=0 HLT=0
ES =0030 0000000000000000 ffffffff 00cf9300 DPL=0 DS   [-WA]
CS =0038 0000000000000000 ffffffff 00af9a00 DPL=0 CS64 [-R-]
SS =0030 0000000000000000 ffffffff 00cf9300 DPL=0 DS   [-WA]
DS =0030 0000000000000000 ffffffff 00cf9300 DPL=0 DS   [-WA]
FS =0030 0000000000000000 ffffffff 00cf9300 DPL=0 DS   [-WA]
GS =0030 0000000000000000 ffffffff 00cf9300 DPL=0 DS   [-WA]
LDT=0000 0000000000000000 0000ffff 00008200 DPL=0 LDT
TR =0000 0000000000000000 0000ffff 00008b00 DPL=0 TSS64-busy
GDT=     000000003f5dc000 00000047
IDT=     000000003efa3018 00000fff
CR0=80010033 CR2=0000000000000000 CR3=000000003f801000 CR4=00000668
DR0=0000000000000000 DR1=0000000000000000 DR2=0000000000000000 DR3=0000000000000000 
DR6=00000000ffff0ff0 DR7=0000000000000400
CCS=0000000000000004 CCD=00000000000000c6 CCO=EFLAGS
EFER=0000000000000d00
Servicing hardware INT=0x20
   246: v=20 e=0000 i=0 cpl=0 IP=0038:000000003e6d3862 pc=000000003e6d3862 SP=0030:000000003fe64ee0 env->regs[R_EAX]=0000000000002869
RAX=0000000000002869 RBX=0000000000002710 RCX=000000000000b008 RDX=0000000000c652dd
RSI=0000000000c67b46 RDI=000000003e5b40d4 RBP=000000003fe64f10 RSP=000000003fe64ee0
R8 =000000003fe64f30 R9 =00000000000003f6 R10=0000000000000000 R11=0000000000000000
R12=000000000000c042 R13=0000000000000011 R14=000000000000c040 R15=0000000000000000
RIP=000000003e6d3862 RFL=00000206 [-----P-] CPL=0 II=0 A20=1 SMM=0 HLT=0
ES =0030 0000000000000000 ffffffff 00cf9300 DPL=0 DS   [-WA]
CS =0038 0000000000000000 ffffffff 00af9a00 DPL=0 CS64 [-R-]
SS =0030 0000000000000000 ffffffff 00cf9300 DPL=0 DS   [-WA]
DS =0030 0000000000000000 ffffffff 00cf9300 DPL=0 DS   [-WA]
FS =0030 0000000000000000 ffffffff 00cf9300 DPL=0 DS   [-WA]
GS =0030 0000000000000000 ffffffff 00cf9300 DPL=0 DS   [-WA]
LDT=0000 0000000000000000 0000ffff 00008200 DPL=0 LDT
TR =0000 0000000000000000 0000ffff 00008b00 DPL=0 TSS64-busy
GDT=     000000003f5dc000 00000047
IDT=     000000003efa3018 00000fff
CR0=80010033 CR2=0000000000000000 CR3=000000003f801000 CR4=00000668
DR0=0000000000000000 DR1=0000000000000000 DR2=0000000000000000 DR3=0000000000000000 
DR6=00000000ffff0ff0 DR7=0000000000000400
CCS=0000000000000004 CCD=0000000000002869 CCO=EFLAGS
EFER=0000000000000d00
Servicing hardware INT=0x20
   247: v=20 e=0000 i=0 cpl=0 IP=0038:000000003ef9f419 pc=000000003ef9f419 SP=0030:000000003fe64db0 env->regs[R_EAX]=0000000000000001
RAX=0000000000000001 RBX=000000000000c042 RCX=000000000000c042 RDX=000000000000c042
RSI=0000000000000000 RDI=0000000000000000 RBP=000000003fe64dd0 RSP=000000003fe64db0
R8 =000000003fe64eff R9 =000000000000c042 R10=0000000000000000 R11=0000000000000000
R12=000000003fe64eff R13=0000000000000001 R14=0000000000000001 R15=0000000000000001
RIP=000000003ef9f419 RFL=00000246 [---Z-P-] CPL=0 II=0 A20=1 SMM=0 HLT=0
ES =0030 0000000000000000 ffffffff 00cf9300 DPL=0 DS   [-WA]
CS =0038 0000000000000000 ffffffff 00af9a00 DPL=0 CS64 [-R-]
SS =0030 0000000000000000 ffffffff 00cf9300 DPL=0 DS   [-WA]
DS =0030 0000000000000000 ffffffff 00cf9300 DPL=0 DS   [-WA]
FS =0030 0000000000000000 ffffffff 00cf9300 DPL=0 DS   [-WA]
GS =0030 0000000000000000 ffffffff 00cf9300 DPL=0 DS   [-WA]
LDT=0000 0000000000000000 0000ffff 00008200 DPL=0 LDT
TR =0000 0000000000000000 0000ffff 00008b00 DPL=0 TSS64-busy
GDT=     000000003f5dc000 00000047
IDT=     000000003efa3018 00000fff
CR0=80010033 CR2=0000000000000000 CR3=000000003f801000 CR4=00000668
DR0=0000000000000000 DR1=0000000000000000 DR2=0000000000000000 DR3=0000000000000000 
DR6=00000000ffff0ff0 DR7=0000000000000400
CCS=0000000000000044 CCD=0000000000000000 CCO=EFLAGS
EFER=0000000000000d00
Servicing hardware INT=0x20
   248: v=20 e=0000 i=0 cpl=0 IP=0038:000000003e6d3862 pc=000000003e6d3862 SP=0030:000000003fe65050 env->regs[R_EAX]=00000000000000d8
RAX=00000000000000d8 RBX=0000000000000064 RCX=000000000000b008 RDX=0000000000c7e40d
RSI=0000000000c7e4e5 RDI=000000003e5b40d4 RBP=000000003fe65080 RSP=000000003fe65050
R8 =000000003fe6506f R9 =000000000000c042 R10=0000000000000000 R11=0000000000000000
R12=000000000004baf1 R13=0000000000000011 R14=000000000000c040 R15=0000000000000000
RIP=000000003e6d3862 RFL=00000206 [-----P-] CPL=0 II=0 A20=1 SMM=0 HLT=0
ES =0030 0000000000000000 ffffffff 00cf9300 DPL=0 DS   [-WA]
CS =0038 0000000000000000 ffffffff 00af9a00 DPL=0 CS64 [-R-]
SS =0030 0000000000000000 ffffffff 00cf9300 DPL=0 DS   [-WA]
DS =0030 0000000000000000 ffffffff 00cf9300 DPL=0 DS   [-WA]
FS =0030 0000000000000000 ffffffff 00cf9300 DPL=0 DS   [-WA]
GS =0030 0000000000000000 ffffffff 00cf9300 DPL=0 DS   [-WA]
LDT=0000 0000000000000000 0000ffff 00008200 DPL=0 LDT
TR =0000 0000000000000000 0000ffff 00008b00 DPL=0 TSS64-busy
GDT=     000000003f5dc000 00000047
IDT=     000000003efa3018 00000fff
CR0=80010033 CR2=0000000000000000 CR3=000000003f801000 CR4=00000668
DR0=0000000000000000 DR1=0000000000000000 DR2=0000000000000000 DR3=0000000000000000 
DR6=00000000ffff0ff0 DR7=0000000000000400
CCS=0000000000000004 CCD=00000000000000d8 CCO=EFLAGS
EFER=0000000000000d00
Servicing hardware INT=0x20
   249: v=20 e=0000 i=0 cpl=0 IP=0038:000000003e6d3862 pc=000000003e6d3862 SP=0030:000000003fe65050 env->regs[R_EAX]=00000000000000eb
RAX=00000000000000eb RBX=0000000000000064 RCX=000000000000b008 RDX=0000000000c8d6cd
RSI=0000000000c8d7b8 RDI=000000003e5b40d4 RBP=000000003fe65080 RSP=000000003fe65050
R8 =000000003fe6506f R9 =000000000000c042 R10=0000000000000000 R11=0000000000000000
R12=000000000004baf1 R13=0000000000000011 R14=000000000000c040 R15=0000000000000000
RIP=000000003e6d3862 RFL=00000206 [-----P-] CPL=0 II=0 A20=1 SMM=0 HLT=0
ES =0030 0000000000000000 ffffffff 00cf9300 DPL=0 DS   [-WA]
CS =0038 0000000000000000 ffffffff 00af9a00 DPL=0 CS64 [-R-]
SS =0030 0000000000000000 ffffffff 00cf9300 DPL=0 DS   [-WA]
DS =0030 0000000000000000 ffffffff 00cf9300 DPL=0 DS   [-WA]
FS =0030 0000000000000000 ffffffff 00cf9300 DPL=0 DS   [-WA]
GS =0030 0000000000000000 ffffffff 00cf9300 DPL=0 DS   [-WA]
LDT=0000 0000000000000000 0000ffff 00008200 DPL=0 LDT
TR =0000 0000000000000000 0000ffff 00008b00 DPL=0 TSS64-busy
GDT=     000000003f5dc000 00000047
IDT=     000000003efa3018 00000fff
CR0=80010033 CR2=0000000000000000 CR3=000000003f801000 CR4=00000668
DR0=0000000000000000 DR1=0000000000000000 DR2=0000000000000000 DR3=0000000000000000 
DR6=00000000ffff0ff0 DR7=0000000000000400
CCS=0000000000000004 CCD=00000000000000eb CCO=EFLAGS
EFER=0000000000000d00
Servicing hardware INT=0x20
   250: v=20 e=0000 i=0 cpl=0 IP=0038:000000003e6d3862 pc=000000003e6d3862 SP=0030:000000003fe65050 env->regs[R_EAX]=0000000000000087
RAX=0000000000000087 RBX=0000000000000064 RCX=000000000000b008 RDX=0000000000c8dbcc
RSI=0000000000c8dc53 RDI=000000003e5b40d4 RBP=000000003fe65080 RSP=000000003fe65050
R8 =000000003fe6506f R9 =000000000000c042 R10=0000000000000000 R11=0000000000000000
R12=000000000004baf0 R13=0000000000000011 R14=000000000000c040 R15=0000000000000000
RIP=000000003e6d3862 RFL=00000206 [-----P-] CPL=0 II=0 A20=1 SMM=0 HLT=0
ES =0030 0000000000000000 ffffffff 00cf9300 DPL=0 DS   [-WA]
CS =0038 0000000000000000 ffffffff 00af9a00 DPL=0 CS64 [-R-]
SS =0030 0000000000000000 ffffffff 00cf9300 DPL=0 DS   [-WA]
DS =0030 0000000000000000 ffffffff 00cf9300 DPL=0 DS   [-WA]
FS =0030 0000000000000000 ffffffff 00cf9300 DPL=0 DS   [-WA]
GS =0030 0000000000000000 ffffffff 00cf9300 DPL=0 DS   [-WA]
LDT=0000 0000000000000000 0000ffff 00008200 DPL=0 LDT
TR =0000 0000000000000000 0000ffff 00008b00 DPL=0 TSS64-busy
GDT=     000000003f5dc000 00000047
IDT=     000000003efa3018 00000fff
CR0=80010033 CR2=0000000000000000 CR3=000000003f801000 CR4=00000668
DR0=0000000000000000 DR1=0000000000000000 DR2=0000000000000000 DR3=0000000000000000 
DR6=00000000ffff0ff0 DR7=0000000000000400
CCS=0000000000000004 CCD=0000000000000087 CCO=EFLAGS
EFER=0000000000000d00
Servicing hardware INT=0x20
   251: v=20 e=0000 i=0 cpl=0 IP=0038:000000003e6d3862 pc=000000003e6d3862 SP=0030:000000003fe65050 env->regs[R_EAX]=00000000000000cb
RAX=00000000000000cb RBX=0000000000000064 RCX=000000000000b008 RDX=0000000000c9ca82
RSI=0000000000c9cb4d RDI=000000003e5b40d4 RBP=000000003fe65080 RSP=000000003fe65050
R8 =000000003fe6506f R9 =000000000000c042 R10=0000000000000000 R11=0000000000000000
R12=000000000004baf1 R13=0000000000000011 R14=000000000000c040 R15=0000000000000000
RIP=000000003e6d3862 RFL=00000202 [-------] CPL=0 II=0 A20=1 SMM=0 HLT=0
ES =0030 0000000000000000 ffffffff 00cf9300 DPL=0 DS   [-WA]
CS =0038 0000000000000000 ffffffff 00af9a00 DPL=0 CS64 [-R-]
SS =0030 0000000000000000 ffffffff 00cf9300 DPL=0 DS   [-WA]
DS =0030 0000000000000000 ffffffff 00cf9300 DPL=0 DS   [-WA]
FS =0030 0000000000000000 ffffffff 00cf9300 DPL=0 DS   [-WA]
GS =0030 0000000000000000 ffffffff 00cf9300 DPL=0 DS   [-WA]
LDT=0000 0000000000000000 0000ffff 00008200 DPL=0 LDT
TR =0000 0000000000000000 0000ffff 00008b00 DPL=0 TSS64-busy
GDT=     000000003f5dc000 00000047
IDT=     000000003efa3018 00000fff
CR0=80010033 CR2=0000000000000000 CR3=000000003f801000 CR4=00000668
DR0=0000000000000000 DR1=0000000000000000 DR2=0000000000000000 DR3=0000000000000000 
DR6=00000000ffff0ff0 DR7=0000000000000400
CCS=0000000000000000 CCD=00000000000000cb CCO=EFLAGS
EFER=0000000000000d00
Servicing hardware INT=0x20
   252: v=20 e=0000 i=0 cpl=0 IP=0038:000000003ef9f419 pc=000000003ef9f419 SP=0030:000000003fe64ee0 env->regs[R_EAX]=0000000000000058
RAX=0000000000000058 RBX=00000000000001f7 RCX=00000000000001f7 RDX=00000000000001f7
RSI=0000000000000000 RDI=0000000000000000 RBP=000000003fe64f00 RSP=000000003fe64ee0
R8 =000000003fe6502f R9 =00000000000001f7 R10=0000000000000000 R11=0000000000000000
R12=000000003fe6502f R13=0000000000000001 R14=0000000000000001 R15=0000000000000001
RIP=000000003ef9f419 RFL=00000246 [---Z-P-] CPL=0 II=0 A20=1 SMM=0 HLT=0
ES =0030 0000000000000000 ffffffff 00cf9300 DPL=0 DS   [-WA]
CS =0038 0000000000000000 ffffffff 00af9a00 DPL=0 CS64 [-R-]
SS =0030 0000000000000000 ffffffff 00cf9300 DPL=0 DS   [-WA]
DS =0030 0000000000000000 ffffffff 00cf9300 DPL=0 DS   [-WA]
FS =0030 0000000000000000 ffffffff 00cf9300 DPL=0 DS   [-WA]
GS =0030 0000000000000000 ffffffff 00cf9300 DPL=0 DS   [-WA]
LDT=0000 0000000000000000 0000ffff 00008200 DPL=0 LDT
TR =0000 0000000000000000 0000ffff 00008b00 DPL=0 TSS64-busy
GDT=     000000003f5dc000 00000047
IDT=     000000003efa3018 00000fff
CR0=80010033 CR2=0000000000000000 CR3=000000003f801000 CR4=00000668
DR0=0000000000000000 DR1=0000000000000000 DR2=0000000000000000 DR3=0000000000000000 
DR6=00000000ffff0ff0 DR7=0000000000000400
CCS=0000000000000044 CCD=0000000000000000 CCO=EFLAGS
EFER=0000000000000d00
Servicing hardware INT=0x20
   253: v=20 e=0000 i=0 cpl=0 IP=0038:000000003e6d3862 pc=000000003e6d3862 SP=0030:000000003fe65050 env->regs[R_EAX]=0000000000002398
RAX=0000000000002398 RBX=0000000000002710 RCX=000000000000b008 RDX=0000000000cab371
RSI=0000000000cad709 RDI=000000003e5b40d4 RBP=000000003fe65080 RSP=000000003fe65050
R8 =000000003fe650a0 R9 =00000000000003f6 R10=0000000000000000 R11=0000000000000000
R12=000000000000c042 R13=0000000000000011 R14=000000000000c040 R15=0000000000000000
RIP=000000003e6d3862 RFL=00000202 [-------] CPL=0 II=0 A20=1 SMM=0 HLT=0
ES =0030 0000000000000000 ffffffff 00cf9300 DPL=0 DS   [-WA]
CS =0038 0000000000000000 ffffffff 00af9a00 DPL=0 CS64 [-R-]
SS =0030 0000000000000000 ffffffff 00cf9300 DPL=0 DS   [-WA]
DS =0030 0000000000000000 ffffffff 00cf9300 DPL=0 DS   [-WA]
FS =0030 0000000000000000 ffffffff 00cf9300 DPL=0 DS   [-WA]
GS =0030 0000000000000000 ffffffff 00cf9300 DPL=0 DS   [-WA]
LDT=0000 0000000000000000 0000ffff 00008200 DPL=0 LDT
TR =0000 0000000000000000 0000ffff 00008b00 DPL=0 TSS64-busy
GDT=     000000003f5dc000 00000047
IDT=     000000003efa3018 00000fff
CR0=80010033 CR2=0000000000000000 CR3=000000003f801000 CR4=00000668
DR0=0000000000000000 DR1=0000000000000000 DR2=0000000000000000 DR3=0000000000000000 
DR6=00000000ffff0ff0 DR7=0000000000000400
CCS=0000000000000000 CCD=0000000000002398 CCO=EFLAGS
EFER=0000000000000d00
Servicing hardware INT=0x20
   254: v=20 e=0000 i=0 cpl=0 IP=0038:000000003e6d3862 pc=000000003e6d3862 SP=0030:000000003fe65090 env->regs[R_EAX]=0000000000000153
RAX=0000000000000153 RBX=0000000000000064 RCX=000000000000b008 RDX=0000000000cb0ad2
RSI=0000000000cb0c25 RDI=000000003e5b40d4 RBP=000000003fe650c0 RSP=000000003fe65090
R8 =000000003fe650af R9 =000000000000c042 R10=0000000000000000 R11=0000000000000000
R12=000000000004bada R13=0000000000000011 R14=000000000000c040 R15=0000000000000000
RIP=000000003e6d3862 RFL=00000206 [-----P-] CPL=0 II=0 A20=1 SMM=0 HLT=0
ES =0030 0000000000000000 ffffffff 00cf9300 DPL=0 DS   [-WA]
CS =0038 0000000000000000 ffffffff 00af9a00 DPL=0 CS64 [-R-]
SS =0030 0000000000000000 ffffffff 00cf9300 DPL=0 DS   [-WA]
DS =0030 0000000000000000 ffffffff 00cf9300 DPL=0 DS   [-WA]
FS =0030 0000000000000000 ffffffff 00cf9300 DPL=0 DS   [-WA]
GS =0030 0000000000000000 ffffffff 00cf9300 DPL=0 DS   [-WA]
LDT=0000 0000000000000000 0000ffff 00008200 DPL=0 LDT
TR =0000 0000000000000000 0000ffff 00008b00 DPL=0 TSS64-busy
GDT=     000000003f5dc000 00000047
IDT=     000000003efa3018 00000fff
CR0=80010033 CR2=0000000000000000 CR3=000000003f801000 CR4=00000668
DR0=0000000000000000 DR1=0000000000000000 DR2=0000000000000000 DR3=0000000000000000 
DR6=00000000ffff0ff0 DR7=0000000000000400
CCS=0000000000000004 CCD=0000000000000153 CCO=EFLAGS
EFER=0000000000000d00
Servicing hardware INT=0x20
   255: v=20 e=0000 i=0 cpl=0 IP=0038:000000003e6d3862 pc=000000003e6d3862 SP=0030:000000003fe65090 env->regs[R_EAX]=00000000000000b6
RAX=00000000000000b6 RBX=0000000000000064 RCX=000000000000b008 RDX=0000000000cbdfad
RSI=0000000000cbe063 RDI=000000003e5b40d4 RBP=000000003fe650c0 RSP=000000003fe65090
R8 =000000003fe650af R9 =000000000000c042 R10=0000000000000000 R11=0000000000000000
R12=000000000004baf1 R13=0000000000000011 R14=000000000000c040 R15=0000000000000000
RIP=000000003e6d3862 RFL=00000202 [-------] CPL=0 II=0 A20=1 SMM=0 HLT=0
ES =0030 0000000000000000 ffffffff 00cf9300 DPL=0 DS   [-WA]
CS =0038 0000000000000000 ffffffff 00af9a00 DPL=0 CS64 [-R-]
SS =0030 0000000000000000 ffffffff 00cf9300 DPL=0 DS   [-WA]
DS =0030 0000000000000000 ffffffff 00cf9300 DPL=0 DS   [-WA]
FS =0030 0000000000000000 ffffffff 00cf9300 DPL=0 DS   [-WA]
GS =0030 0000000000000000 ffffffff 00cf9300 DPL=0 DS   [-WA]
LDT=0000 0000000000000000 0000ffff 00008200 DPL=0 LDT
TR =0000 0000000000000000 0000ffff 00008b00 DPL=0 TSS64-busy
GDT=     000000003f5dc000 00000047
IDT=     000000003efa3018 00000fff
CR0=80010033 CR2=0000000000000000 CR3=000000003f801000 CR4=00000668
DR0=0000000000000000 DR1=0000000000000000 DR2=0000000000000000 DR3=0000000000000000 
DR6=00000000ffff0ff0 DR7=0000000000000400
CCS=0000000000000000 CCD=00000000000000b6 CCO=EFLAGS
EFER=0000000000000d00
Servicing hardware INT=0x20
   256: v=20 e=0000 i=0 cpl=0 IP=0038:000000003e6d3862 pc=000000003e6d3862 SP=0030:000000003fe65090 env->regs[R_EAX]=0000000000000163
RAX=0000000000000163 RBX=0000000000000064 RCX=000000000000b008 RDX=0000000000cc1feb
RSI=0000000000cc214e RDI=000000003e5b40d4 RBP=000000003fe650c0 RSP=000000003fe65090
R8 =000000003fe650af R9 =000000000000c042 R10=0000000000000000 R11=0000000000000000
R12=000000000004baca R13=0000000000000011 R14=000000000000c040 R15=0000000000000000
RIP=000000003e6d3862 RFL=00000206 [-----P-] CPL=0 II=0 A20=1 SMM=0 HLT=0
ES =0030 0000000000000000 ffffffff 00cf9300 DPL=0 DS   [-WA]
CS =0038 0000000000000000 ffffffff 00af9a00 DPL=0 CS64 [-R-]
SS =0030 0000000000000000 ffffffff 00cf9300 DPL=0 DS   [-WA]
DS =0030 0000000000000000 ffffffff 00cf9300 DPL=0 DS   [-WA]
FS =0030 0000000000000000 ffffffff 00cf9300 DPL=0 DS   [-WA]
GS =0030 0000000000000000 ffffffff 00cf9300 DPL=0 DS   [-WA]
LDT=0000 0000000000000000 0000ffff 00008200 DPL=0 LDT
TR =0000 0000000000000000 0000ffff 00008b00 DPL=0 TSS64-busy
GDT=     000000003f5dc000 00000047
IDT=     000000003efa3018 00000fff
CR0=80010033 CR2=0000000000000000 CR3=000000003f801000 CR4=00000668
DR0=0000000000000000 DR1=0000000000000000 DR2=0000000000000000 DR3=0000000000000000 
DR6=00000000ffff0ff0 DR7=0000000000000400
CCS=0000000000000004 CCD=0000000000000163 CCO=EFLAGS
EFER=0000000000000d00
Servicing hardware INT=0x20
   257: v=20 e=0000 i=0 cpl=0 IP=0038:000000003e6d3862 pc=000000003e6d3862 SP=0030:000000003fe65090 env->regs[R_EAX]=0000000000000053
RAX=0000000000000053 RBX=0000000000000064 RCX=000000000000b008 RDX=0000000000cce215
RSI=0000000000cce268 RDI=000000003e5b40d4 RBP=000000003fe650c0 RSP=000000003fe65090
R8 =000000003fe650af R9 =000000000000c042 R10=0000000000000000 R11=0000000000000000
R12=000000000004baf1 R13=0000000000000011 R14=000000000000c040 R15=0000000000000000
RIP=000000003e6d3862 RFL=00000206 [-----P-] CPL=0 II=0 A20=1 SMM=0 HLT=0
ES =0030 0000000000000000 ffffffff 00cf9300 DPL=0 DS   [-WA]
CS =0038 0000000000000000 ffffffff 00af9a00 DPL=0 CS64 [-R-]
SS =0030 0000000000000000 ffffffff 00cf9300 DPL=0 DS   [-WA]
DS =0030 0000000000000000 ffffffff 00cf9300 DPL=0 DS   [-WA]
FS =0030 0000000000000000 ffffffff 00cf9300 DPL=0 DS   [-WA]
GS =0030 0000000000000000 ffffffff 00cf9300 DPL=0 DS   [-WA]
LDT=0000 0000000000000000 0000ffff 00008200 DPL=0 LDT
TR =0000 0000000000000000 0000ffff 00008b00 DPL=0 TSS64-busy
GDT=     000000003f5dc000 00000047
IDT=     000000003efa3018 00000fff
CR0=80010033 CR2=0000000000000000 CR3=000000003f801000 CR4=00000668
DR0=0000000000000000 DR1=0000000000000000 DR2=0000000000000000 DR3=0000000000000000 
DR6=00000000ffff0ff0 DR7=0000000000000400
CCS=0000000000000004 CCD=0000000000000053 CCO=EFLAGS
EFER=0000000000000d00
Servicing hardware INT=0x20
   258: v=20 e=0000 i=0 cpl=0 IP=0038:000000003e6d3862 pc=000000003e6d3862 SP=0030:000000003fe65090 env->regs[R_EAX]=00000000000000cd
RAX=00000000000000cd RBX=0000000000000064 RCX=000000000000b008 RDX=0000000000cd3a64
RSI=0000000000cd3b31 RDI=000000003e5b40d4 RBP=000000003fe650c0 RSP=000000003fe65090
R8 =000000003fe650af R9 =000000000000c042 R10=0000000000000000 R11=0000000000000000
R12=000000000004babf R13=0000000000000011 R14=000000000000c040 R15=0000000000000000
RIP=000000003e6d3862 RFL=00000202 [-------] CPL=0 II=0 A20=1 SMM=0 HLT=0
ES =0030 0000000000000000 ffffffff 00cf9300 DPL=0 DS   [-WA]
CS =0038 0000000000000000 ffffffff 00af9a00 DPL=0 CS64 [-R-]
SS =0030 0000000000000000 ffffffff 00cf9300 DPL=0 DS   [-WA]
DS =0030 0000000000000000 ffffffff 00cf9300 DPL=0 DS   [-WA]
FS =0030 0000000000000000 ffffffff 00cf9300 DPL=0 DS   [-WA]
GS =0030 0000000000000000 ffffffff 00cf9300 DPL=0 DS   [-WA]
LDT=0000 0000000000000000 0000ffff 00008200 DPL=0 LDT
TR =0000 0000000000000000 0000ffff 00008b00 DPL=0 TSS64-busy
GDT=     000000003f5dc000 00000047
IDT=     000000003efa3018 00000fff
CR0=80010033 CR2=0000000000000000 CR3=000000003f801000 CR4=00000668
DR0=0000000000000000 DR1=0000000000000000 DR2=0000000000000000 DR3=0000000000000000 
DR6=00000000ffff0ff0 DR7=0000000000000400
CCS=0000000000000000 CCD=00000000000000cd CCO=EFLAGS
EFER=0000000000000d00
Servicing hardware INT=0x20
   259: v=20 e=0000 i=0 cpl=0 IP=0038:000000003e6d3862 pc=000000003e6d3862 SP=0030:000000003fe65090 env->regs[R_EAX]=0000000000000030
RAX=0000000000000030 RBX=0000000000000064 RCX=000000000000b008 RDX=0000000000ce12f8
RSI=0000000000ce1328 RDI=000000003e5b40d4 RBP=000000003fe650c0 RSP=000000003fe65090
R8 =000000003fe650af R9 =000000000000c042 R10=0000000000000000 R11=0000000000000000
R12=000000000004baf1 R13=0000000000000011 R14=000000000000c040 R15=0000000000000000
RIP=000000003e6d3862 RFL=00000206 [-----P-] CPL=0 II=0 A20=1 SMM=0 HLT=0
ES =0030 0000000000000000 ffffffff 00cf9300 DPL=0 DS   [-WA]
CS =0038 0000000000000000 ffffffff 00af9a00 DPL=0 CS64 [-R-]
SS =0030 0000000000000000 ffffffff 00cf9300 DPL=0 DS   [-WA]
DS =0030 0000000000000000 ffffffff 00cf9300 DPL=0 DS   [-WA]
FS =0030 0000000000000000 ffffffff 00cf9300 DPL=0 DS   [-WA]
GS =0030 0000000000000000 ffffffff 00cf9300 DPL=0 DS   [-WA]
LDT=0000 0000000000000000 0000ffff 00008200 DPL=0 LDT
TR =0000 0000000000000000 0000ffff 00008b00 DPL=0 TSS64-busy
GDT=     000000003f5dc000 00000047
IDT=     000000003efa3018 00000fff
CR0=80010033 CR2=0000000000000000 CR3=000000003f801000 CR4=00000668
DR0=0000000000000000 DR1=0000000000000000 DR2=0000000000000000 DR3=0000000000000000 
DR6=00000000ffff0ff0 DR7=0000000000000400
CCS=0000000000000004 CCD=0000000000000030 CCO=EFLAGS
EFER=0000000000000d00
Servicing hardware INT=0x20
   260: v=20 e=0000 i=0 cpl=0 IP=0038:000000003e6d3862 pc=000000003e6d3862 SP=0030:000000003fe65090 env->regs[R_EAX]=0000000000000003
RAX=0000000000000003 RBX=0000000000000064 RCX=000000000000b008 RDX=0000000000ce51cd
RSI=0000000000ce51d0 RDI=000000003e5b40d4 RBP=000000003fe650c0 RSP=000000003fe65090
R8 =000000003fe650af R9 =000000000000c042 R10=0000000000000000 R11=0000000000000000
R12=000000000004bad0 R13=0000000000000011 R14=000000000000c040 R15=0000000000000000
RIP=000000003e6d3862 RFL=00000206 [-----P-] CPL=0 II=0 A20=1 SMM=0 HLT=0
ES =0030 0000000000000000 ffffffff 00cf9300 DPL=0 DS   [-WA]
CS =0038 0000000000000000 ffffffff 00af9a00 DPL=0 CS64 [-R-]
SS =0030 0000000000000000 ffffffff 00cf9300 DPL=0 DS   [-WA]
DS =0030 0000000000000000 ffffffff 00cf9300 DPL=0 DS   [-WA]
FS =0030 0000000000000000 ffffffff 00cf9300 DPL=0 DS   [-WA]
GS =0030 0000000000000000 ffffffff 00cf9300 DPL=0 DS   [-WA]
LDT=0000 0000000000000000 0000ffff 00008200 DPL=0 LDT
TR =0000 0000000000000000 0000ffff 00008b00 DPL=0 TSS64-busy
GDT=     000000003f5dc000 00000047
IDT=     000000003efa3018 00000fff
CR0=80010033 CR2=0000000000000000 CR3=000000003f801000 CR4=00000668
DR0=0000000000000000 DR1=0000000000000000 DR2=0000000000000000 DR3=0000000000000000 
DR6=00000000ffff0ff0 DR7=0000000000000400
CCS=0000000000000004 CCD=0000000000000003 CCO=EFLAGS
EFER=0000000000000d00
Servicing hardware INT=0x20
   261: v=20 e=0000 i=0 cpl=0 IP=0038:000000003e6d3862 pc=000000003e6d3862 SP=0030:000000003fe65090 env->regs[R_EAX]=0000000000004ddb
RAX=0000000000004ddb RBX=0000000000002710 RCX=000000000000b008 RDX=0000000000cef590
RSI=0000000000cf436b RDI=000000003e5b40d4 RBP=000000003fe650c0 RSP=000000003fe65090
R8 =000000003fe650e0 R9 =00000000000003f6 R10=0000000000000000 R11=0000000000000000
R12=000000000000c042 R13=0000000000000011 R14=000000000000c040 R15=0000000000000000
RIP=000000003e6d3862 RFL=00000206 [-----P-] CPL=0 II=0 A20=1 SMM=0 HLT=0
ES =0030 0000000000000000 ffffffff 00cf9300 DPL=0 DS   [-WA]
CS =0038 0000000000000000 ffffffff 00af9a00 DPL=0 CS64 [-R-]
SS =0030 0000000000000000 ffffffff 00cf9300 DPL=0 DS   [-WA]
DS =0030 0000000000000000 ffffffff 00cf9300 DPL=0 DS   [-WA]
FS =0030 0000000000000000 ffffffff 00cf9300 DPL=0 DS   [-WA]
GS =0030 0000000000000000 ffffffff 00cf9300 DPL=0 DS   [-WA]
LDT=0000 0000000000000000 0000ffff 00008200 DPL=0 LDT
TR =0000 0000000000000000 0000ffff 00008b00 DPL=0 TSS64-busy
GDT=     000000003f5dc000 00000047
IDT=     000000003efa3018 00000fff
CR0=80010033 CR2=0000000000000000 CR3=000000003f801000 CR4=00000668
DR0=0000000000000000 DR1=0000000000000000 DR2=0000000000000000 DR3=0000000000000000 
DR6=00000000ffff0ff0 DR7=0000000000000400
CCS=0000000000000004 CCD=0000000000004ddb CCO=EFLAGS
EFER=0000000000000d00
Servicing hardware INT=0x20
   262: v=20 e=0000 i=0 cpl=0 IP=0038:000000003e6d3862 pc=000000003e6d3862 SP=0030:000000003fe65050 env->regs[R_EAX]=000000000000003b
RAX=000000000000003b RBX=0000000000000064 RCX=000000000000b008 RDX=0000000000cf7c9b
RSI=0000000000cf7cd6 RDI=000000003e5b40d4 RBP=000000003fe65080 RSP=000000003fe65050
R8 =000000003fe6506f R9 =000000000000c042 R10=0000000000000000 R11=0000000000000000
R12=000000000004baf1 R13=0000000000000011 R14=000000000000c040 R15=0000000000000000
RIP=000000003e6d3862 RFL=00000202 [-------] CPL=0 II=0 A20=1 SMM=0 HLT=0
ES =0030 0000000000000000 ffffffff 00cf9300 DPL=0 DS   [-WA]
CS =0038 0000000000000000 ffffffff 00af9a00 DPL=0 CS64 [-R-]
SS =0030 0000000000000000 ffffffff 00cf9300 DPL=0 DS   [-WA]
DS =0030 0000000000000000 ffffffff 00cf9300 DPL=0 DS   [-WA]
FS =0030 0000000000000000 ffffffff 00cf9300 DPL=0 DS   [-WA]
GS =0030 0000000000000000 ffffffff 00cf9300 DPL=0 DS   [-WA]
LDT=0000 0000000000000000 0000ffff 00008200 DPL=0 LDT
TR =0000 0000000000000000 0000ffff 00008b00 DPL=0 TSS64-busy
GDT=     000000003f5dc000 00000047
IDT=     000000003efa3018 00000fff
CR0=80010033 CR2=0000000000000000 CR3=000000003f801000 CR4=00000668
DR0=0000000000000000 DR1=0000000000000000 DR2=0000000000000000 DR3=0000000000000000 
DR6=00000000ffff0ff0 DR7=0000000000000400
CCS=0000000000000000 CCD=000000000000003b CCO=EFLAGS
EFER=0000000000000d00
Servicing hardware INT=0x20
   263: v=20 e=0000 i=0 cpl=0 IP=0038:000000003e6d3862 pc=000000003e6d3862 SP=0030:000000003fe65050 env->regs[R_EAX]=00000000000000a1
RAX=00000000000000a1 RBX=0000000000000064 RCX=000000000000b008 RDX=0000000000d083cd
RSI=0000000000d0846e RDI=000000003e5b40d4 RBP=000000003fe65080 RSP=000000003fe65050
R8 =000000003fe6506f R9 =000000000000c042 R10=0000000000000000 R11=0000000000000000
R12=000000000004baf1 R13=0000000000000011 R14=000000000000c040 R15=0000000000000000
RIP=000000003e6d3862 RFL=00000202 [-------] CPL=0 II=0 A20=1 SMM=0 HLT=0
ES =0030 0000000000000000 ffffffff 00cf9300 DPL=0 DS   [-WA]
CS =0038 0000000000000000 ffffffff 00af9a00 DPL=0 CS64 [-R-]
SS =0030 0000000000000000 ffffffff 00cf9300 DPL=0 DS   [-WA]
DS =0030 0000000000000000 ffffffff 00cf9300 DPL=0 DS   [-WA]
FS =0030 0000000000000000 ffffffff 00cf9300 DPL=0 DS   [-WA]
GS =0030 0000000000000000 ffffffff 00cf9300 DPL=0 DS   [-WA]
LDT=0000 0000000000000000 0000ffff 00008200 DPL=0 LDT
TR =0000 0000000000000000 0000ffff 00008b00 DPL=0 TSS64-busy
GDT=     000000003f5dc000 00000047
IDT=     000000003efa3018 00000fff
CR0=80010033 CR2=0000000000000000 CR3=000000003f801000 CR4=00000668
DR0=0000000000000000 DR1=0000000000000000 DR2=0000000000000000 DR3=0000000000000000 
DR6=00000000ffff0ff0 DR7=0000000000000400
CCS=0000000000000000 CCD=00000000000000a1 CCO=EFLAGS
EFER=0000000000000d00
Servicing hardware INT=0x20
   264: v=20 e=0000 i=0 cpl=0 IP=0038:000000003e6d3862 pc=000000003e6d3862 SP=0030:000000003fe65050 env->regs[R_EAX]=00000000000000b1
RAX=00000000000000b1 RBX=0000000000000064 RCX=000000000000b008 RDX=0000000000d18138
RSI=0000000000d181e9 RDI=000000003e5b40d4 RBP=000000003fe65080 RSP=000000003fe65050
R8 =000000003fe6506f R9 =000000000000c042 R10=0000000000000000 R11=0000000000000000
R12=000000000004baf1 R13=0000000000000011 R14=000000000000c040 R15=0000000000000000
RIP=000000003e6d3862 RFL=00000206 [-----P-] CPL=0 II=0 A20=1 SMM=0 HLT=0
ES =0030 0000000000000000 ffffffff 00cf9300 DPL=0 DS   [-WA]
CS =0038 0000000000000000 ffffffff 00af9a00 DPL=0 CS64 [-R-]
SS =0030 0000000000000000 ffffffff 00cf9300 DPL=0 DS   [-WA]
DS =0030 0000000000000000 ffffffff 00cf9300 DPL=0 DS   [-WA]
FS =0030 0000000000000000 ffffffff 00cf9300 DPL=0 DS   [-WA]
GS =0030 0000000000000000 ffffffff 00cf9300 DPL=0 DS   [-WA]
LDT=0000 0000000000000000 0000ffff 00008200 DPL=0 LDT
TR =0000 0000000000000000 0000ffff 00008b00 DPL=0 TSS64-busy
GDT=     000000003f5dc000 00000047
IDT=     000000003efa3018 00000fff
CR0=80010033 CR2=0000000000000000 CR3=000000003f801000 CR4=00000668
DR0=0000000000000000 DR1=0000000000000000 DR2=0000000000000000 DR3=0000000000000000 
DR6=00000000ffff0ff0 DR7=0000000000000400
CCS=0000000000000004 CCD=00000000000000b1 CCO=EFLAGS
EFER=0000000000000d00
Servicing hardware INT=0x20
   265: v=20 e=0000 i=0 cpl=0 IP=0038:000000003e6d3862 pc=000000003e6d3862 SP=0030:000000003fe65050 env->regs[R_EAX]=000000000000000d
RAX=000000000000000d RBX=0000000000000064 RCX=000000000000b008 RDX=0000000000d198f0
RSI=0000000000d198fd RDI=000000003e5b40d4 RBP=000000003fe65080 RSP=000000003fe65050
R8 =000000003fe6506f R9 =000000000000c042 R10=0000000000000000 R11=0000000000000000
R12=000000000004bae6 R13=0000000000000011 R14=000000000000c040 R15=0000000000000000
RIP=000000003e6d3862 RFL=00000202 [-------] CPL=0 II=0 A20=1 SMM=0 HLT=0
ES =0030 0000000000000000 ffffffff 00cf9300 DPL=0 DS   [-WA]
CS =0038 0000000000000000 ffffffff 00af9a00 DPL=0 CS64 [-R-]
SS =0030 0000000000000000 ffffffff 00cf9300 DPL=0 DS   [-WA]
DS =0030 0000000000000000 ffffffff 00cf9300 DPL=0 DS   [-WA]
FS =0030 0000000000000000 ffffffff 00cf9300 DPL=0 DS   [-WA]
GS =0030 0000000000000000 ffffffff 00cf9300 DPL=0 DS   [-WA]
LDT=0000 0000000000000000 0000ffff 00008200 DPL=0 LDT
TR =0000 0000000000000000 0000ffff 00008b00 DPL=0 TSS64-busy
GDT=     000000003f5dc000 00000047
IDT=     000000003efa3018 00000fff
CR0=80010033 CR2=0000000000000000 CR3=000000003f801000 CR4=00000668
DR0=0000000000000000 DR1=0000000000000000 DR2=0000000000000000 DR3=0000000000000000 
DR6=00000000ffff0ff0 DR7=0000000000000400
CCS=0000000000000000 CCD=000000000000000d CCO=EFLAGS
EFER=0000000000000d00
Servicing hardware INT=0x20
   266: v=20 e=0000 i=0 cpl=0 IP=0038:000000003e6d3862 pc=000000003e6d3862 SP=0030:000000003fe65050 env->regs[R_EAX]=000000000000003d
RAX=000000000000003d RBX=0000000000000064 RCX=000000000000b008 RDX=0000000000d224cc
RSI=0000000000d22509 RDI=000000003e5b40d4 RBP=000000003fe65080 RSP=000000003fe65050
R8 =000000003fe6506f R9 =000000000000c042 R10=0000000000000000 R11=0000000000000000
R12=000000000004baa7 R13=0000000000000011 R14=000000000000c040 R15=0000000000000000
RIP=000000003e6d3862 RFL=00000202 [-------] CPL=0 II=0 A20=1 SMM=0 HLT=0
ES =0030 0000000000000000 ffffffff 00cf9300 DPL=0 DS   [-WA]
CS =0038 0000000000000000 ffffffff 00af9a00 DPL=0 CS64 [-R-]
SS =0030 0000000000000000 ffffffff 00cf9300 DPL=0 DS   [-WA]
DS =0030 0000000000000000 ffffffff 00cf9300 DPL=0 DS   [-WA]
FS =0030 0000000000000000 ffffffff 00cf9300 DPL=0 DS   [-WA]
GS =0030 0000000000000000 ffffffff 00cf9300 DPL=0 DS   [-WA]
LDT=0000 0000000000000000 0000ffff 00008200 DPL=0 LDT
TR =0000 0000000000000000 0000ffff 00008b00 DPL=0 TSS64-busy
GDT=     000000003f5dc000 00000047
IDT=     000000003efa3018 00000fff
CR0=80010033 CR2=0000000000000000 CR3=000000003f801000 CR4=00000668
DR0=0000000000000000 DR1=0000000000000000 DR2=0000000000000000 DR3=0000000000000000 
DR6=00000000ffff0ff0 DR7=0000000000000400
CCS=0000000000000000 CCD=000000000000003d CCO=EFLAGS
EFER=0000000000000d00
Servicing hardware INT=0x20
   267: v=20 e=0000 i=0 cpl=0 IP=0038:000000003e6d3862 pc=000000003e6d3862 SP=0030:000000003fe65090 env->regs[R_EAX]=000000000000005e
RAX=000000000000005e RBX=0000000000000064 RCX=000000000000b008 RDX=0000000000d2cbfc
RSI=0000000000d2cc5a RDI=000000003e5b40d4 RBP=000000003fe650c0 RSP=000000003fe65090
R8 =000000003fe650af R9 =000000000000c042 R10=0000000000000000 R11=0000000000000000
R12=000000000004baf1 R13=0000000000000011 R14=000000000000c040 R15=0000000000000000
RIP=000000003e6d3862 RFL=00000202 [-------] CPL=0 II=0 A20=1 SMM=0 HLT=0
ES =0030 0000000000000000 ffffffff 00cf9300 DPL=0 DS   [-WA]
CS =0038 0000000000000000 ffffffff 00af9a00 DPL=0 CS64 [-R-]
SS =0030 0000000000000000 ffffffff 00cf9300 DPL=0 DS   [-WA]
DS =0030 0000000000000000 ffffffff 00cf9300 DPL=0 DS   [-WA]
FS =0030 0000000000000000 ffffffff 00cf9300 DPL=0 DS   [-WA]
GS =0030 0000000000000000 ffffffff 00cf9300 DPL=0 DS   [-WA]
LDT=0000 0000000000000000 0000ffff 00008200 DPL=0 LDT
TR =0000 0000000000000000 0000ffff 00008b00 DPL=0 TSS64-busy
GDT=     000000003f5dc000 00000047
IDT=     000000003efa3018 00000fff
CR0=80010033 CR2=0000000000000000 CR3=000000003f801000 CR4=00000668
DR0=0000000000000000 DR1=0000000000000000 DR2=0000000000000000 DR3=0000000000000000 
DR6=00000000ffff0ff0 DR7=0000000000000400
CCS=0000000000000000 CCD=000000000000005e CCO=EFLAGS
EFER=0000000000000d00
Servicing hardware INT=0x20
   268: v=20 e=0000 i=0 cpl=0 IP=0038:000000003e6d3862 pc=000000003e6d3862 SP=0030:000000003fe65090 env->regs[R_EAX]=000000000000005b
RAX=000000000000005b RBX=0000000000000064 RCX=000000000000b008 RDX=0000000000d33188
RSI=0000000000d331e3 RDI=000000003e5b40d4 RBP=000000003fe650c0 RSP=000000003fe65090
R8 =000000003fe650af R9 =000000000000c042 R10=0000000000000000 R11=0000000000000000
R12=000000000004babe R13=0000000000000011 R14=000000000000c040 R15=0000000000000000
RIP=000000003e6d3862 RFL=00000202 [-------] CPL=0 II=0 A20=1 SMM=0 HLT=0
ES =0030 0000000000000000 ffffffff 00cf9300 DPL=0 DS   [-WA]
CS =0038 0000000000000000 ffffffff 00af9a00 DPL=0 CS64 [-R-]
SS =0030 0000000000000000 ffffffff 00cf9300 DPL=0 DS   [-WA]
DS =0030 0000000000000000 ffffffff 00cf9300 DPL=0 DS   [-WA]
FS =0030 0000000000000000 ffffffff 00cf9300 DPL=0 DS   [-WA]
GS =0030 0000000000000000 ffffffff 00cf9300 DPL=0 DS   [-WA]
LDT=0000 0000000000000000 0000ffff 00008200 DPL=0 LDT
TR =0000 0000000000000000 0000ffff 00008b00 DPL=0 TSS64-busy
GDT=     000000003f5dc000 00000047
IDT=     000000003efa3018 00000fff
CR0=80010033 CR2=0000000000000000 CR3=000000003f801000 CR4=00000668
DR0=0000000000000000 DR1=0000000000000000 DR2=0000000000000000 DR3=0000000000000000 
DR6=00000000ffff0ff0 DR7=0000000000000400
CCS=0000000000000000 CCD=000000000000005b CCO=EFLAGS
EFER=0000000000000d00
Servicing hardware INT=0x20
   269: v=20 e=0000 i=0 cpl=0 IP=0038:000000003e6d3862 pc=000000003e6d3862 SP=0030:000000003fe65090 env->regs[R_EAX]=00000000000000dd
RAX=00000000000000dd RBX=0000000000000064 RCX=000000000000b008 RDX=0000000000d3ec60
RSI=0000000000d3ed3d RDI=000000003e5b40d4 RBP=000000003fe650c0 RSP=000000003fe65090
R8 =000000003fe650af R9 =000000000000c042 R10=0000000000000000 R11=0000000000000000
R12=000000000004baf1 R13=0000000000000011 R14=000000000000c040 R15=0000000000000000
RIP=000000003e6d3862 RFL=00000206 [-----P-] CPL=0 II=0 A20=1 SMM=0 HLT=0
ES =0030 0000000000000000 ffffffff 00cf9300 DPL=0 DS   [-WA]
CS =0038 0000000000000000 ffffffff 00af9a00 DPL=0 CS64 [-R-]
SS =0030 0000000000000000 ffffffff 00cf9300 DPL=0 DS   [-WA]
DS =0030 0000000000000000 ffffffff 00cf9300 DPL=0 DS   [-WA]
FS =0030 0000000000000000 ffffffff 00cf9300 DPL=0 DS   [-WA]
GS =0030 0000000000000000 ffffffff 00cf9300 DPL=0 DS   [-WA]
LDT=0000 0000000000000000 0000ffff 00008200 DPL=0 LDT
TR =0000 0000000000000000 0000ffff 00008b00 DPL=0 TSS64-busy
GDT=     000000003f5dc000 00000047
IDT=     000000003efa3018 00000fff
CR0=80010033 CR2=0000000000000000 CR3=000000003f801000 CR4=00000668
DR0=0000000000000000 DR1=0000000000000000 DR2=0000000000000000 DR3=0000000000000000 
DR6=00000000ffff0ff0 DR7=0000000000000400
CCS=0000000000000004 CCD=00000000000000dd CCO=EFLAGS
EFER=0000000000000d00
Servicing hardware INT=0x20
   270: v=20 e=0000 i=0 cpl=0 IP=0038:000000003e6d3862 pc=000000003e6d3862 SP=0030:000000003fe65090 env->regs[R_EAX]=0000000000000163
RAX=0000000000000163 RBX=0000000000000064 RCX=000000000000b008 RDX=0000000000d451c9
RSI=0000000000d4532c RDI=000000003e5b40d4 RBP=000000003fe650c0 RSP=000000003fe65090
R8 =000000003fe650af R9 =000000000000c042 R10=0000000000000000 R11=0000000000000000
R12=000000000004babe R13=0000000000000011 R14=000000000000c040 R15=0000000000000000
RIP=000000003e6d3862 RFL=00000206 [-----P-] CPL=0 II=0 A20=1 SMM=0 HLT=0
ES =0030 0000000000000000 ffffffff 00cf9300 DPL=0 DS   [-WA]
CS =0038 0000000000000000 ffffffff 00af9a00 DPL=0 CS64 [-R-]
SS =0030 0000000000000000 ffffffff 00cf9300 DPL=0 DS   [-WA]
DS =0030 0000000000000000 ffffffff 00cf9300 DPL=0 DS   [-WA]
FS =0030 0000000000000000 ffffffff 00cf9300 DPL=0 DS   [-WA]
GS =0030 0000000000000000 ffffffff 00cf9300 DPL=0 DS   [-WA]
LDT=0000 0000000000000000 0000ffff 00008200 DPL=0 LDT
TR =0000 0000000000000000 0000ffff 00008b00 DPL=0 TSS64-busy
GDT=     000000003f5dc000 00000047
IDT=     000000003efa3018 00000fff
CR0=80010033 CR2=0000000000000000 CR3=000000003f801000 CR4=00000668
DR0=0000000000000000 DR1=0000000000000000 DR2=0000000000000000 DR3=0000000000000000 
DR6=00000000ffff0ff0 DR7=0000000000000400
CCS=0000000000000004 CCD=0000000000000163 CCO=EFLAGS
EFER=0000000000000d00
Servicing hardware INT=0x20
   271: v=20 e=0000 i=0 cpl=0 IP=0038:000000003e6d3862 pc=000000003e6d3862 SP=0030:000000003fe65090 env->regs[R_EAX]=00000000000000c1
RAX=00000000000000c1 RBX=0000000000000064 RCX=000000000000b008 RDX=0000000000d50b79
RSI=0000000000d50c3a RDI=000000003e5b40d4 RBP=000000003fe650c0 RSP=000000003fe65090
R8 =000000003fe650af R9 =000000000000c042 R10=0000000000000000 R11=0000000000000000
R12=000000000004baf1 R13=0000000000000011 R14=000000000000c040 R15=0000000000000000
RIP=000000003e6d3862 RFL=00000202 [-------] CPL=0 II=0 A20=1 SMM=0 HLT=0
ES =0030 0000000000000000 ffffffff 00cf9300 DPL=0 DS   [-WA]
CS =0038 0000000000000000 ffffffff 00af9a00 DPL=0 CS64 [-R-]
SS =0030 0000000000000000 ffffffff 00cf9300 DPL=0 DS   [-WA]
DS =0030 0000000000000000 ffffffff 00cf9300 DPL=0 DS   [-WA]
FS =0030 0000000000000000 ffffffff 00cf9300 DPL=0 DS   [-WA]
GS =0030 0000000000000000 ffffffff 00cf9300 DPL=0 DS   [-WA]
LDT=0000 0000000000000000 0000ffff 00008200 DPL=0 LDT
TR =0000 0000000000000000 0000ffff 00008b00 DPL=0 TSS64-busy
GDT=     000000003f5dc000 00000047
IDT=     000000003efa3018 00000fff
CR0=80010033 CR2=0000000000000000 CR3=000000003f801000 CR4=00000668
DR0=0000000000000000 DR1=0000000000000000 DR2=0000000000000000 DR3=0000000000000000 
DR6=00000000ffff0ff0 DR7=0000000000000400
CCS=0000000000000000 CCD=00000000000000c1 CCO=EFLAGS
EFER=0000000000000d00
Servicing hardware INT=0x20
   272: v=20 e=0000 i=0 cpl=0 IP=0038:000000003e6d3862 pc=000000003e6d3862 SP=0030:000000003fe65090 env->regs[R_EAX]=0000000000000163
RAX=0000000000000163 RBX=0000000000000064 RCX=000000000000b008 RDX=0000000000d56b88
RSI=0000000000d56ceb RDI=000000003e5b40d4 RBP=000000003fe650c0 RSP=000000003fe65090
R8 =000000003fe650af R9 =000000000000c042 R10=0000000000000000 R11=0000000000000000
R12=000000000004babb R13=0000000000000011 R14=000000000000c040 R15=0000000000000000
RIP=000000003e6d3862 RFL=00000206 [-----P-] CPL=0 II=0 A20=1 SMM=0 HLT=0
ES =0030 0000000000000000 ffffffff 00cf9300 DPL=0 DS   [-WA]
CS =0038 0000000000000000 ffffffff 00af9a00 DPL=0 CS64 [-R-]
SS =0030 0000000000000000 ffffffff 00cf9300 DPL=0 DS   [-WA]
DS =0030 0000000000000000 ffffffff 00cf9300 DPL=0 DS   [-WA]
FS =0030 0000000000000000 ffffffff 00cf9300 DPL=0 DS   [-WA]
GS =0030 0000000000000000 ffffffff 00cf9300 DPL=0 DS   [-WA]
LDT=0000 0000000000000000 0000ffff 00008200 DPL=0 LDT
TR =0000 0000000000000000 0000ffff 00008b00 DPL=0 TSS64-busy
GDT=     000000003f5dc000 00000047
IDT=     000000003efa3018 00000fff
CR0=80010033 CR2=0000000000000000 CR3=000000003f801000 CR4=00000668
DR0=0000000000000000 DR1=0000000000000000 DR2=0000000000000000 DR3=0000000000000000 
DR6=00000000ffff0ff0 DR7=0000000000000400
CCS=0000000000000004 CCD=0000000000000163 CCO=EFLAGS
EFER=0000000000000d00
Servicing hardware INT=0x20
   273: v=20 e=0000 i=0 cpl=0 IP=0038:000000003e6d3862 pc=000000003e6d3862 SP=0030:000000003fe65090 env->regs[R_EAX]=00000000000000c0
RAX=00000000000000c0 RBX=0000000000000064 RCX=000000000000b008 RDX=0000000000d64df0
RSI=0000000000d64eb0 RDI=000000003e5b40d4 RBP=000000003fe650c0 RSP=000000003fe65090
R8 =000000003fe650af R9 =000000000000c042 R10=0000000000000000 R11=0000000000000000
R12=000000000004baf1 R13=0000000000000011 R14=000000000000c040 R15=0000000000000000
RIP=000000003e6d3862 RFL=00000206 [-----P-] CPL=0 II=0 A20=1 SMM=0 HLT=0
ES =0030 0000000000000000 ffffffff 00cf9300 DPL=0 DS   [-WA]
CS =0038 0000000000000000 ffffffff 00af9a00 DPL=0 CS64 [-R-]
SS =0030 0000000000000000 ffffffff 00cf9300 DPL=0 DS   [-WA]
DS =0030 0000000000000000 ffffffff 00cf9300 DPL=0 DS   [-WA]
FS =0030 0000000000000000 ffffffff 00cf9300 DPL=0 DS   [-WA]
GS =0030 0000000000000000 ffffffff 00cf9300 DPL=0 DS   [-WA]
LDT=0000 0000000000000000 0000ffff 00008200 DPL=0 LDT
TR =0000 0000000000000000 0000ffff 00008b00 DPL=0 TSS64-busy
GDT=     000000003f5dc000 00000047
IDT=     000000003efa3018 00000fff
CR0=80010033 CR2=0000000000000000 CR3=000000003f801000 CR4=00000668
DR0=0000000000000000 DR1=0000000000000000 DR2=0000000000000000 DR3=0000000000000000 
DR6=00000000ffff0ff0 DR7=0000000000000400
CCS=0000000000000004 CCD=00000000000000c0 CCO=EFLAGS
EFER=0000000000000d00
Servicing hardware INT=0x20
   274: v=20 e=0000 i=0 cpl=0 IP=0038:000000003e6d3862 pc=000000003e6d3862 SP=0030:000000003fe65090 env->regs[R_EAX]=000000000000015f
RAX=000000000000015f RBX=0000000000000064 RCX=000000000000b008 RDX=0000000000d6832f
RSI=0000000000d6848e RDI=000000003e5b40d4 RBP=000000003fe650c0 RSP=000000003fe65090
R8 =000000003fe650af R9 =000000000000c042 R10=0000000000000000 R11=0000000000000000
R12=000000000004bad4 R13=0000000000000011 R14=000000000000c040 R15=0000000000000000
RIP=000000003e6d3862 RFL=00000206 [-----P-] CPL=0 II=0 A20=1 SMM=0 HLT=0
ES =0030 0000000000000000 ffffffff 00cf9300 DPL=0 DS   [-WA]
CS =0038 0000000000000000 ffffffff 00af9a00 DPL=0 CS64 [-R-]
SS =0030 0000000000000000 ffffffff 00cf9300 DPL=0 DS   [-WA]
DS =0030 0000000000000000 ffffffff 00cf9300 DPL=0 DS   [-WA]
FS =0030 0000000000000000 ffffffff 00cf9300 DPL=0 DS   [-WA]
GS =0030 0000000000000000 ffffffff 00cf9300 DPL=0 DS   [-WA]
LDT=0000 0000000000000000 0000ffff 00008200 DPL=0 LDT
TR =0000 0000000000000000 0000ffff 00008b00 DPL=0 TSS64-busy
GDT=     000000003f5dc000 00000047
IDT=     000000003efa3018 00000fff
CR0=80010033 CR2=0000000000000000 CR3=000000003f801000 CR4=00000668
DR0=0000000000000000 DR1=0000000000000000 DR2=0000000000000000 DR3=0000000000000000 
DR6=00000000ffff0ff0 DR7=0000000000000400
CCS=0000000000000004 CCD=000000000000015f CCO=EFLAGS
EFER=0000000000000d00
Servicing hardware INT=0x20
   275: v=20 e=0000 i=0 cpl=0 IP=0038:000000003e782959 pc=000000003e782959 SP=0030:000000003fe659a0 env->regs[R_EAX]=000000003df58598
RAX=000000003df58598 RBX=000000003df58598 RCX=0000000000000000 RDX=000000003df58798
RSI=000000000000002e RDI=0000000000000004 RBP=000000003fe659f0 RSP=000000003fe659a0
R8 =0000000000000002 R9 =000000003df58799 R10=000000003ea42034 R11=000000003fe65b10
R12=000000000000002e R13=000000003df58798 R14=0000000000000002 R15=8000000000000005
RIP=000000003e782959 RFL=00000246 [---Z-P-] CPL=0 II=0 A20=1 SMM=0 HLT=0
ES =0030 0000000000000000 ffffffff 00cf9300 DPL=0 DS   [-WA]
CS =0038 0000000000000000 ffffffff 00af9a00 DPL=0 CS64 [-R-]
SS =0030 0000000000000000 ffffffff 00cf9300 DPL=0 DS   [-WA]
DS =0030 0000000000000000 ffffffff 00cf9300 DPL=0 DS   [-WA]
FS =0030 0000000000000000 ffffffff 00cf9300 DPL=0 DS   [-WA]
GS =0030 0000000000000000 ffffffff 00cf9300 DPL=0 DS   [-WA]
LDT=0000 0000000000000000 0000ffff 00008200 DPL=0 LDT
TR =0000 0000000000000000 0000ffff 00008b00 DPL=0 TSS64-busy
GDT=     000000003f5dc000 00000047
IDT=     000000003efa3018 00000fff
CR0=80010033 CR2=0000000000000000 CR3=000000003f801000 CR4=00000668
DR0=0000000000000000 DR1=0000000000000000 DR2=0000000000000000 DR3=0000000000000000 
DR6=00000000ffff0ff0 DR7=0000000000000400
CCS=0000000000000044 CCD=0000000000000000 CCO=EFLAGS
EFER=0000000000000d00
Servicing hardware INT=0x20
   276: v=20 e=0000 i=0 cpl=0 IP=0038:000000003e6d3862 pc=000000003e6d3862 SP=0030:000000003fe64f40 env->regs[R_EAX]=00000000000000f5
RAX=00000000000000f5 RBX=0000000000000064 RCX=000000000000b008 RDX=0000000000d87801
RSI=0000000000d878f6 RDI=000000003e5b40d4 RBP=000000003fe64f70 RSP=000000003fe64f40
R8 =000000003fe64f5f R9 =000000000000c042 R10=0000000000000000 R11=0000000000000000
R12=000000000004baf1 R13=0000000000000011 R14=000000000000c040 R15=0000000000000000
RIP=000000003e6d3862 RFL=00000206 [-----P-] CPL=0 II=0 A20=1 SMM=0 HLT=0
ES =0030 0000000000000000 ffffffff 00cf9300 DPL=0 DS   [-WA]
CS =0038 0000000000000000 ffffffff 00af9a00 DPL=0 CS64 [-R-]
SS =0030 0000000000000000 ffffffff 00cf9300 DPL=0 DS   [-WA]
DS =0030 0000000000000000 ffffffff 00cf9300 DPL=0 DS   [-WA]
FS =0030 0000000000000000 ffffffff 00cf9300 DPL=0 DS   [-WA]
GS =0030 0000000000000000 ffffffff 00cf9300 DPL=0 DS   [-WA]
LDT=0000 0000000000000000 0000ffff 00008200 DPL=0 LDT
TR =0000 0000000000000000 0000ffff 00008b00 DPL=0 TSS64-busy
GDT=     000000003f5dc000 00000047
IDT=     000000003efa3018 00000fff
CR0=80010033 CR2=0000000000000000 CR3=000000003f801000 CR4=00000668
DR0=0000000000000000 DR1=0000000000000000 DR2=0000000000000000 DR3=0000000000000000 
DR6=00000000ffff0ff0 DR7=0000000000000400
CCS=0000000000000004 CCD=00000000000000f5 CCO=EFLAGS
EFER=0000000000000d00
Servicing hardware INT=0x20
   277: v=20 e=0000 i=0 cpl=0 IP=0038:000000003e6d3862 pc=000000003e6d3862 SP=0030:000000003fe64f40 env->regs[R_EAX]=0000000000000155
RAX=0000000000000155 RBX=0000000000000064 RCX=000000000000b008 RDX=0000000000d8b2cf
RSI=0000000000d8b424 RDI=000000003e5b40d4 RBP=000000003fe64f70 RSP=000000003fe64f40
R8 =000000003fe64f5f R9 =000000000000c042 R10=0000000000000000 R11=0000000000000000
R12=000000000004bad1 R13=0000000000000011 R14=000000000000c040 R15=0000000000000000
RIP=000000003e6d3862 RFL=00000206 [-----P-] CPL=0 II=0 A20=1 SMM=0 HLT=0
ES =0030 0000000000000000 ffffffff 00cf9300 DPL=0 DS   [-WA]
CS =0038 0000000000000000 ffffffff 00af9a00 DPL=0 CS64 [-R-]
SS =0030 0000000000000000 ffffffff 00cf9300 DPL=0 DS   [-WA]
DS =0030 0000000000000000 ffffffff 00cf9300 DPL=0 DS   [-WA]
FS =0030 0000000000000000 ffffffff 00cf9300 DPL=0 DS   [-WA]
GS =0030 0000000000000000 ffffffff 00cf9300 DPL=0 DS   [-WA]
LDT=0000 0000000000000000 0000ffff 00008200 DPL=0 LDT
TR =0000 0000000000000000 0000ffff 00008b00 DPL=0 TSS64-busy
GDT=     000000003f5dc000 00000047
IDT=     000000003efa3018 00000fff
CR0=80010033 CR2=0000000000000000 CR3=000000003f801000 CR4=00000668
DR0=0000000000000000 DR1=0000000000000000 DR2=0000000000000000 DR3=0000000000000000 
DR6=00000000ffff0ff0 DR7=0000000000000400
CCS=0000000000000004 CCD=0000000000000155 CCO=EFLAGS
EFER=0000000000000d00
Servicing hardware INT=0x20
   278: v=20 e=0000 i=0 cpl=0 IP=0038:000000003e6d3862 pc=000000003e6d3862 SP=0030:000000003fe64f40 env->regs[R_EAX]=00000000000009f9
RAX=00000000000009f9 RBX=0000000000002710 RCX=000000000000b008 RDX=0000000000d96d0a
RSI=0000000000d97703 RDI=000000003e5b40d4 RBP=000000003fe64f70 RSP=000000003fe64f40
R8 =000000003fe64f90 R9 =00000000000003f6 R10=0000000000000000 R11=0000000000000000
R12=000000000000c042 R13=0000000000000011 R14=000000000000c040 R15=0000000000000000
RIP=000000003e6d3862 RFL=00000206 [-----P-] CPL=0 II=0 A20=1 SMM=0 HLT=0
ES =0030 0000000000000000 ffffffff 00cf9300 DPL=0 DS   [-WA]
CS =0038 0000000000000000 ffffffff 00af9a00 DPL=0 CS64 [-R-]
SS =0030 0000000000000000 ffffffff 00cf9300 DPL=0 DS   [-WA]
DS =0030 0000000000000000 ffffffff 00cf9300 DPL=0 DS   [-WA]
FS =0030 0000000000000000 ffffffff 00cf9300 DPL=0 DS   [-WA]
GS =0030 0000000000000000 ffffffff 00cf9300 DPL=0 DS   [-WA]
LDT=0000 0000000000000000 0000ffff 00008200 DPL=0 LDT
TR =0000 0000000000000000 0000ffff 00008b00 DPL=0 TSS64-busy
GDT=     000000003f5dc000 00000047
IDT=     000000003efa3018 00000fff
CR0=80010033 CR2=0000000000000000 CR3=000000003f801000 CR4=00000668
DR0=0000000000000000 DR1=0000000000000000 DR2=0000000000000000 DR3=0000000000000000 
DR6=00000000ffff0ff0 DR7=0000000000000400
CCS=0000000000000004 CCD=00000000000009f9 CCO=EFLAGS
EFER=0000000000000d00
Servicing hardware INT=0x20
   279: v=20 e=0000 i=0 cpl=0 IP=0038:000000003e6d3862 pc=000000003e6d3862 SP=0030:000000003fe64f40 env->regs[R_EAX]=0000000000000056
RAX=0000000000000056 RBX=0000000000000064 RCX=000000000000b008 RDX=0000000000d9ca1c
RSI=0000000000d9ca72 RDI=000000003e5b40d4 RBP=000000003fe64f70 RSP=000000003fe64f40
R8 =000000003fe64f5f R9 =000000000000c042 R10=0000000000000000 R11=0000000000000000
R12=000000000004baca R13=0000000000000011 R14=000000000000c040 R15=0000000000000000
RIP=000000003e6d3862 RFL=00000206 [-----P-] CPL=0 II=0 A20=1 SMM=0 HLT=0
ES =0030 0000000000000000 ffffffff 00cf9300 DPL=0 DS   [-WA]
CS =0038 0000000000000000 ffffffff 00af9a00 DPL=0 CS64 [-R-]
SS =0030 0000000000000000 ffffffff 00cf9300 DPL=0 DS   [-WA]
DS =0030 0000000000000000 ffffffff 00cf9300 DPL=0 DS   [-WA]
FS =0030 0000000000000000 ffffffff 00cf9300 DPL=0 DS   [-WA]
GS =0030 0000000000000000 ffffffff 00cf9300 DPL=0 DS   [-WA]
LDT=0000 0000000000000000 0000ffff 00008200 DPL=0 LDT
TR =0000 0000000000000000 0000ffff 00008b00 DPL=0 TSS64-busy
GDT=     000000003f5dc000 00000047
IDT=     000000003efa3018 00000fff
CR0=80010033 CR2=0000000000000000 CR3=000000003f801000 CR4=00000668
DR0=0000000000000000 DR1=0000000000000000 DR2=0000000000000000 DR3=0000000000000000 
DR6=00000000ffff0ff0 DR7=0000000000000400
CCS=0000000000000004 CCD=0000000000000056 CCO=EFLAGS
EFER=0000000000000d00
Servicing hardware INT=0x20
   280: v=20 e=0000 i=0 cpl=0 IP=0038:000000003e6d3862 pc=000000003e6d3862 SP=0030:000000003fe64f40 env->regs[R_EAX]=00000000000000d4
RAX=00000000000000d4 RBX=0000000000000064 RCX=000000000000b008 RDX=0000000000da98a6
RSI=0000000000da997a RDI=000000003e5b40d4 RBP=000000003fe64f70 RSP=000000003fe64f40
R8 =000000003fe64f5f R9 =000000000000c042 R10=0000000000000000 R11=0000000000000000
R12=000000000004baf1 R13=0000000000000011 R14=000000000000c040 R15=0000000000000000
RIP=000000003e6d3862 RFL=00000206 [-----P-] CPL=0 II=0 A20=1 SMM=0 HLT=0
ES =0030 0000000000000000 ffffffff 00cf9300 DPL=0 DS   [-WA]
CS =0038 0000000000000000 ffffffff 00af9a00 DPL=0 CS64 [-R-]
SS =0030 0000000000000000 ffffffff 00cf9300 DPL=0 DS   [-WA]
DS =0030 0000000000000000 ffffffff 00cf9300 DPL=0 DS   [-WA]
FS =0030 0000000000000000 ffffffff 00cf9300 DPL=0 DS   [-WA]
GS =0030 0000000000000000 ffffffff 00cf9300 DPL=0 DS   [-WA]
LDT=0000 0000000000000000 0000ffff 00008200 DPL=0 LDT
TR =0000 0000000000000000 0000ffff 00008b00 DPL=0 TSS64-busy
GDT=     000000003f5dc000 00000047
IDT=     000000003efa3018 00000fff
CR0=80010033 CR2=0000000000000000 CR3=000000003f801000 CR4=00000668
DR0=0000000000000000 DR1=0000000000000000 DR2=0000000000000000 DR3=0000000000000000 
DR6=00000000ffff0ff0 DR7=0000000000000400
CCS=0000000000000004 CCD=00000000000000d4 CCO=EFLAGS
EFER=0000000000000d00
Servicing hardware INT=0x20
   281: v=20 e=0000 i=0 cpl=0 IP=0038:000000003e6d3862 pc=000000003e6d3862 SP=0030:000000003fe64f40 env->regs[R_EAX]=00000000000000d5
RAX=00000000000000d5 RBX=0000000000000064 RCX=000000000000b008 RDX=0000000000dae1d8
RSI=0000000000dae2ad RDI=000000003e5b40d4 RBP=000000003fe64f70 RSP=000000003fe64f40
R8 =000000003fe64f5f R9 =000000000000c042 R10=0000000000000000 R11=0000000000000000
R12=000000000004bac6 R13=0000000000000011 R14=000000000000c040 R15=0000000000000000
RIP=000000003e6d3862 RFL=00000202 [-------] CPL=0 II=0 A20=1 SMM=0 HLT=0
ES =0030 0000000000000000 ffffffff 00cf9300 DPL=0 DS   [-WA]
CS =0038 0000000000000000 ffffffff 00af9a00 DPL=0 CS64 [-R-]
SS =0030 0000000000000000 ffffffff 00cf9300 DPL=0 DS   [-WA]
DS =0030 0000000000000000 ffffffff 00cf9300 DPL=0 DS   [-WA]
FS =0030 0000000000000000 ffffffff 00cf9300 DPL=0 DS   [-WA]
GS =0030 0000000000000000 ffffffff 00cf9300 DPL=0 DS   [-WA]
LDT=0000 0000000000000000 0000ffff 00008200 DPL=0 LDT
TR =0000 0000000000000000 0000ffff 00008b00 DPL=0 TSS64-busy
GDT=     000000003f5dc000 00000047
IDT=     000000003efa3018 00000fff
CR0=80010033 CR2=0000000000000000 CR3=000000003f801000 CR4=00000668
DR0=0000000000000000 DR1=0000000000000000 DR2=0000000000000000 DR3=0000000000000000 
DR6=00000000ffff0ff0 DR7=0000000000000400
CCS=0000000000000000 CCD=00000000000000d5 CCO=EFLAGS
EFER=0000000000000d00
Servicing hardware INT=0x20
   282: v=20 e=0000 i=0 cpl=0 IP=0038:000000003e6d3862 pc=000000003e6d3862 SP=0030:000000003fe64f80 env->regs[R_EAX]=00000000000000d8
RAX=00000000000000d8 RBX=0000000000000064 RCX=000000000000b008 RDX=0000000000dbcc7b
RSI=0000000000dbcd53 RDI=000000003e5b40d4 RBP=000000003fe64fb0 RSP=000000003fe64f80
R8 =000000003fe64f9f R9 =000000000000c042 R10=0000000000000000 R11=0000000000000000
R12=000000000004baf1 R13=0000000000000011 R14=000000000000c040 R15=0000000000000000
RIP=000000003e6d3862 RFL=00000206 [-----P-] CPL=0 II=0 A20=1 SMM=0 HLT=0
ES =0030 0000000000000000 ffffffff 00cf9300 DPL=0 DS   [-WA]
CS =0038 0000000000000000 ffffffff 00af9a00 DPL=0 CS64 [-R-]
SS =0030 0000000000000000 ffffffff 00cf9300 DPL=0 DS   [-WA]
DS =0030 0000000000000000 ffffffff 00cf9300 DPL=0 DS   [-WA]
FS =0030 0000000000000000 ffffffff 00cf9300 DPL=0 DS   [-WA]
GS =0030 0000000000000000 ffffffff 00cf9300 DPL=0 DS   [-WA]
LDT=0000 0000000000000000 0000ffff 00008200 DPL=0 LDT
TR =0000 0000000000000000 0000ffff 00008b00 DPL=0 TSS64-busy
GDT=     000000003f5dc000 00000047
IDT=     000000003efa3018 00000fff
CR0=80010033 CR2=0000000000000000 CR3=000000003f801000 CR4=00000668
DR0=0000000000000000 DR1=0000000000000000 DR2=0000000000000000 DR3=0000000000000000 
DR6=00000000ffff0ff0 DR7=0000000000000400
CCS=0000000000000004 CCD=00000000000000d8 CCO=EFLAGS
EFER=0000000000000d00
Servicing hardware INT=0x20
   283: v=20 e=0000 i=0 cpl=0 IP=0038:000000003e6d3862 pc=000000003e6d3862 SP=0030:000000003fe64f80 env->regs[R_EAX]=00000000000000d8
RAX=00000000000000d8 RBX=0000000000000064 RCX=000000000000b008 RDX=0000000000dbf957
RSI=0000000000dbfa2f RDI=000000003e5b40d4 RBP=000000003fe64fb0 RSP=000000003fe64f80
R8 =000000003fe64f9f R9 =000000000000c042 R10=0000000000000000 R11=0000000000000000
R12=000000000004bad7 R13=0000000000000011 R14=000000000000c040 R15=0000000000000000
RIP=000000003e6d3862 RFL=00000206 [-----P-] CPL=0 II=0 A20=1 SMM=0 HLT=0
ES =0030 0000000000000000 ffffffff 00cf9300 DPL=0 DS   [-WA]
CS =0038 0000000000000000 ffffffff 00af9a00 DPL=0 CS64 [-R-]
SS =0030 0000000000000000 ffffffff 00cf9300 DPL=0 DS   [-WA]
DS =0030 0000000000000000 ffffffff 00cf9300 DPL=0 DS   [-WA]
FS =0030 0000000000000000 ffffffff 00cf9300 DPL=0 DS   [-WA]
GS =0030 0000000000000000 ffffffff 00cf9300 DPL=0 DS   [-WA]
LDT=0000 0000000000000000 0000ffff 00008200 DPL=0 LDT
TR =0000 0000000000000000 0000ffff 00008b00 DPL=0 TSS64-busy
GDT=     000000003f5dc000 00000047
IDT=     000000003efa3018 00000fff
CR0=80010033 CR2=0000000000000000 CR3=000000003f801000 CR4=00000668
DR0=0000000000000000 DR1=0000000000000000 DR2=0000000000000000 DR3=0000000000000000 
DR6=00000000ffff0ff0 DR7=0000000000000400
CCS=0000000000000004 CCD=00000000000000d8 CCO=EFLAGS
EFER=0000000000000d00
Servicing hardware INT=0x20
   284: v=20 e=0000 i=0 cpl=0 IP=0038:000000003e6d3862 pc=000000003e6d3862 SP=0030:000000003fe64f80 env->regs[R_EAX]=00000000000000a1
RAX=00000000000000a1 RBX=0000000000000064 RCX=000000000000b008 RDX=0000000000dce325
RSI=0000000000dce3c6 RDI=000000003e5b40d4 RBP=000000003fe64fb0 RSP=000000003fe64f80
R8 =000000003fe64f9f R9 =000000000000c042 R10=0000000000000000 R11=0000000000000000
R12=000000000004baf1 R13=0000000000000011 R14=000000000000c040 R15=0000000000000000
RIP=000000003e6d3862 RFL=00000202 [-------] CPL=0 II=0 A20=1 SMM=0 HLT=0
ES =0030 0000000000000000 ffffffff 00cf9300 DPL=0 DS   [-WA]
CS =0038 0000000000000000 ffffffff 00af9a00 DPL=0 CS64 [-R-]
SS =0030 0000000000000000 ffffffff 00cf9300 DPL=0 DS   [-WA]
DS =0030 0000000000000000 ffffffff 00cf9300 DPL=0 DS   [-WA]
FS =0030 0000000000000000 ffffffff 00cf9300 DPL=0 DS   [-WA]
GS =0030 0000000000000000 ffffffff 00cf9300 DPL=0 DS   [-WA]
LDT=0000 0000000000000000 0000ffff 00008200 DPL=0 LDT
TR =0000 0000000000000000 0000ffff 00008b00 DPL=0 TSS64-busy
GDT=     000000003f5dc000 00000047
IDT=     000000003efa3018 00000fff
CR0=80010033 CR2=0000000000000000 CR3=000000003f801000 CR4=00000668
DR0=0000000000000000 DR1=0000000000000000 DR2=0000000000000000 DR3=0000000000000000 
DR6=00000000ffff0ff0 DR7=0000000000000400
CCS=0000000000000000 CCD=00000000000000a1 CCO=EFLAGS
EFER=0000000000000d00
Servicing hardware INT=0x20
   285: v=20 e=0000 i=0 cpl=0 IP=0038:000000003e6d3862 pc=000000003e6d3862 SP=0030:000000003fe64f80 env->regs[R_EAX]=0000000000000155
RAX=0000000000000155 RBX=0000000000000064 RCX=000000000000b008 RDX=0000000000dd1104
RSI=0000000000dd1259 RDI=000000003e5b40d4 RBP=000000003fe64fb0 RSP=000000003fe64f80
R8 =000000003fe64f9f R9 =000000000000c042 R10=0000000000000000 R11=0000000000000000
R12=000000000004badb R13=0000000000000011 R14=000000000000c040 R15=0000000000000000
RIP=000000003e6d3862 RFL=00000206 [-----P-] CPL=0 II=0 A20=1 SMM=0 HLT=0
ES =0030 0000000000000000 ffffffff 00cf9300 DPL=0 DS   [-WA]
CS =0038 0000000000000000 ffffffff 00af9a00 DPL=0 CS64 [-R-]
SS =0030 0000000000000000 ffffffff 00cf9300 DPL=0 DS   [-WA]
DS =0030 0000000000000000 ffffffff 00cf9300 DPL=0 DS   [-WA]
FS =0030 0000000000000000 ffffffff 00cf9300 DPL=0 DS   [-WA]
GS =0030 0000000000000000 ffffffff 00cf9300 DPL=0 DS   [-WA]
LDT=0000 0000000000000000 0000ffff 00008200 DPL=0 LDT
TR =0000 0000000000000000 0000ffff 00008b00 DPL=0 TSS64-busy
GDT=     000000003f5dc000 00000047
IDT=     000000003efa3018 00000fff
CR0=80010033 CR2=0000000000000000 CR3=000000003f801000 CR4=00000668
DR0=0000000000000000 DR1=0000000000000000 DR2=0000000000000000 DR3=0000000000000000 
DR6=00000000ffff0ff0 DR7=0000000000000400
CCS=0000000000000004 CCD=0000000000000155 CCO=EFLAGS
EFER=0000000000000d00
Servicing hardware INT=0x20
   286: v=20 e=0000 i=0 cpl=0 IP=0038:000000003e6d3862 pc=000000003e6d3862 SP=0030:000000003fe64f80 env->regs[R_EAX]=000000000000277a
RAX=000000000000277a RBX=0000000000002710 RCX=000000000000b008 RDX=0000000000ddc94d
RSI=0000000000ddf0c7 RDI=000000003e5b40d4 RBP=000000003fe64fb0 RSP=000000003fe64f80
R8 =000000003fe64fd0 R9 =00000000000003f6 R10=0000000000000000 R11=0000000000000000
R12=000000000000c042 R13=0000000000000011 R14=000000000000c040 R15=0000000000000000
RIP=000000003e6d3862 RFL=00000202 [-------] CPL=0 II=0 A20=1 SMM=0 HLT=0
ES =0030 0000000000000000 ffffffff 00cf9300 DPL=0 DS   [-WA]
CS =0038 0000000000000000 ffffffff 00af9a00 DPL=0 CS64 [-R-]
SS =0030 0000000000000000 ffffffff 00cf9300 DPL=0 DS   [-WA]
DS =0030 0000000000000000 ffffffff 00cf9300 DPL=0 DS   [-WA]
FS =0030 0000000000000000 ffffffff 00cf9300 DPL=0 DS   [-WA]
GS =0030 0000000000000000 ffffffff 00cf9300 DPL=0 DS   [-WA]
LDT=0000 0000000000000000 0000ffff 00008200 DPL=0 LDT
TR =0000 0000000000000000 0000ffff 00008b00 DPL=0 TSS64-busy
GDT=     000000003f5dc000 00000047
IDT=     000000003efa3018 00000fff
CR0=80010033 CR2=0000000000000000 CR3=000000003f801000 CR4=00000668
DR0=0000000000000000 DR1=0000000000000000 DR2=0000000000000000 DR3=0000000000000000 
DR6=00000000ffff0ff0 DR7=0000000000000400
CCS=0000000000000000 CCD=000000000000277a CCO=EFLAGS
EFER=0000000000000d00
Servicing hardware INT=0x20
   287: v=20 e=0000 i=0 cpl=0 IP=0038:000000003e6d3862 pc=000000003e6d3862 SP=0030:000000003fe64f80 env->regs[R_EAX]=0000000000000040
RAX=0000000000000040 RBX=0000000000000064 RCX=000000000000b008 RDX=0000000000de28be
RSI=0000000000de28fe RDI=000000003e5b40d4 RBP=000000003fe64fb0 RSP=000000003fe64f80
R8 =000000003fe64f9f R9 =000000000000c042 R10=0000000000000000 R11=0000000000000000
R12=000000000004badb R13=0000000000000011 R14=000000000000c040 R15=0000000000000000
RIP=000000003e6d3862 RFL=00000202 [-------] CPL=0 II=0 A20=1 SMM=0 HLT=0
ES =0030 0000000000000000 ffffffff 00cf9300 DPL=0 DS   [-WA]
CS =0038 0000000000000000 ffffffff 00af9a00 DPL=0 CS64 [-R-]
SS =0030 0000000000000000 ffffffff 00cf9300 DPL=0 DS   [-WA]
DS =0030 0000000000000000 ffffffff 00cf9300 DPL=0 DS   [-WA]
FS =0030 0000000000000000 ffffffff 00cf9300 DPL=0 DS   [-WA]
GS =0030 0000000000000000 ffffffff 00cf9300 DPL=0 DS   [-WA]
LDT=0000 0000000000000000 0000ffff 00008200 DPL=0 LDT
TR =0000 0000000000000000 0000ffff 00008b00 DPL=0 TSS64-busy
GDT=     000000003f5dc000 00000047
IDT=     000000003efa3018 00000fff
CR0=80010033 CR2=0000000000000000 CR3=000000003f801000 CR4=00000668
DR0=0000000000000000 DR1=0000000000000000 DR2=0000000000000000 DR3=0000000000000000 
DR6=00000000ffff0ff0 DR7=0000000000000400
CCS=0000000000000000 CCD=0000000000000040 CCO=EFLAGS
EFER=0000000000000d00
Servicing hardware INT=0x20
   288: v=20 e=0000 i=0 cpl=0 IP=0038:000000003e6d3862 pc=000000003e6d3862 SP=0030:000000003fe64f80 env->regs[R_EAX]=00000000000000b7
RAX=00000000000000b7 RBX=0000000000000064 RCX=000000000000b008 RDX=0000000000df40ce
RSI=0000000000df4185 RDI=000000003e5b40d4 RBP=000000003fe64fb0 RSP=000000003fe64f80
R8 =000000003fe64f9f R9 =000000000000c042 R10=0000000000000000 R11=0000000000000000
R12=000000000004baf1 R13=0000000000000011 R14=000000000000c040 R15=0000000000000000
RIP=000000003e6d3862 RFL=00000206 [-----P-] CPL=0 II=0 A20=1 SMM=0 HLT=0
ES =0030 0000000000000000 ffffffff 00cf9300 DPL=0 DS   [-WA]
CS =0038 0000000000000000 ffffffff 00af9a00 DPL=0 CS64 [-R-]
SS =0030 0000000000000000 ffffffff 00cf9300 DPL=0 DS   [-WA]
DS =0030 0000000000000000 ffffffff 00cf9300 DPL=0 DS   [-WA]
FS =0030 0000000000000000 ffffffff 00cf9300 DPL=0 DS   [-WA]
GS =0030 0000000000000000 ffffffff 00cf9300 DPL=0 DS   [-WA]
LDT=0000 0000000000000000 0000ffff 00008200 DPL=0 LDT
TR =0000 0000000000000000 0000ffff 00008b00 DPL=0 TSS64-busy
GDT=     000000003f5dc000 00000047
IDT=     000000003efa3018 00000fff
CR0=80010033 CR2=0000000000000000 CR3=000000003f801000 CR4=00000668
DR0=0000000000000000 DR1=0000000000000000 DR2=0000000000000000 DR3=0000000000000000 
DR6=00000000ffff0ff0 DR7=0000000000000400
CCS=0000000000000004 CCD=00000000000000b7 CCO=EFLAGS
EFER=0000000000000d00
Servicing hardware INT=0x20
   289: v=20 e=0000 i=0 cpl=0 IP=0038:000000003ef9f419 pc=000000003ef9f419 SP=0030:000000003fe64e10 env->regs[R_EAX]=0000000000000058
RAX=0000000000000058 RBX=00000000000001f7 RCX=00000000000001f7 RDX=00000000000001f7
RSI=0000000000000000 RDI=0000000000000000 RBP=000000003fe64e30 RSP=000000003fe64e10
R8 =000000003fe64f5f R9 =00000000000001f7 R10=0000000000000000 R11=0000000000000000
R12=000000003fe64f5f R13=0000000000000001 R14=0000000000000001 R15=0000000000000001
RIP=000000003ef9f419 RFL=00000246 [---Z-P-] CPL=0 II=0 A20=1 SMM=0 HLT=0
ES =0030 0000000000000000 ffffffff 00cf9300 DPL=0 DS   [-WA]
CS =0038 0000000000000000 ffffffff 00af9a00 DPL=0 CS64 [-R-]
SS =0030 0000000000000000 ffffffff 00cf9300 DPL=0 DS   [-WA]
DS =0030 0000000000000000 ffffffff 00cf9300 DPL=0 DS   [-WA]
FS =0030 0000000000000000 ffffffff 00cf9300 DPL=0 DS   [-WA]
GS =0030 0000000000000000 ffffffff 00cf9300 DPL=0 DS   [-WA]
LDT=0000 0000000000000000 0000ffff 00008200 DPL=0 LDT
TR =0000 0000000000000000 0000ffff 00008b00 DPL=0 TSS64-busy
GDT=     000000003f5dc000 00000047
IDT=     000000003efa3018 00000fff
CR0=80010033 CR2=0000000000000000 CR3=000000003f801000 CR4=00000668
DR0=0000000000000000 DR1=0000000000000000 DR2=0000000000000000 DR3=0000000000000000 
DR6=00000000ffff0ff0 DR7=0000000000000400
CCS=0000000000000044 CCD=0000000000000000 CCO=EFLAGS
EFER=0000000000000d00
Servicing hardware INT=0x20
   290: v=20 e=0000 i=0 cpl=0 IP=0038:000000003e6d3862 pc=000000003e6d3862 SP=0030:000000003fe64f80 env->regs[R_EAX]=0000000000000103
RAX=0000000000000103 RBX=0000000000002710 RCX=000000000000b008 RDX=0000000000e06c18
RSI=0000000000e06d1b RDI=000000003e5b40d4 RBP=000000003fe64fb0 RSP=000000003fe64f80
R8 =000000003fe64fd0 R9 =00000000000003f6 R10=0000000000000000 R11=0000000000000000
R12=000000000000c042 R13=0000000000000011 R14=000000000000c040 R15=0000000000000000
RIP=000000003e6d3862 RFL=00000206 [-----P-] CPL=0 II=0 A20=1 SMM=0 HLT=0
ES =0030 0000000000000000 ffffffff 00cf9300 DPL=0 DS   [-WA]
CS =0038 0000000000000000 ffffffff 00af9a00 DPL=0 CS64 [-R-]
SS =0030 0000000000000000 ffffffff 00cf9300 DPL=0 DS   [-WA]
DS =0030 0000000000000000 ffffffff 00cf9300 DPL=0 DS   [-WA]
FS =0030 0000000000000000 ffffffff 00cf9300 DPL=0 DS   [-WA]
GS =0030 0000000000000000 ffffffff 00cf9300 DPL=0 DS   [-WA]
LDT=0000 0000000000000000 0000ffff 00008200 DPL=0 LDT
TR =0000 0000000000000000 0000ffff 00008b00 DPL=0 TSS64-busy
GDT=     000000003f5dc000 00000047
IDT=     000000003efa3018 00000fff
CR0=80010033 CR2=0000000000000000 CR3=000000003f801000 CR4=00000668
DR0=0000000000000000 DR1=0000000000000000 DR2=0000000000000000 DR3=0000000000000000 
DR6=00000000ffff0ff0 DR7=0000000000000400
CCS=0000000000000004 CCD=0000000000000103 CCO=EFLAGS
EFER=0000000000000d00
Servicing hardware INT=0x20
   291: v=20 e=0000 i=0 cpl=0 IP=0038:000000003e6d3862 pc=000000003e6d3862 SP=0030:000000003fe64dd0 env->regs[R_EAX]=0000000000000065
RAX=0000000000000065 RBX=0000000000000190 RCX=000000000000b008 RDX=0000000000e148f5
RSI=0000000000e1495a RDI=000000003e5b3140 RBP=000000003fe64e00 RSP=000000003fe64dd0
R8 =000000003fe64e20 R9 =00000000000001f7 R10=0000000000000000 R11=0000000000000000
R12=000000000004baf1 R13=0000000000000000 R14=000000000000c0c8 R15=00000000ffffff00
RIP=000000003e6d3862 RFL=00000206 [-----P-] CPL=0 II=0 A20=1 SMM=0 HLT=0
ES =0030 0000000000000000 ffffffff 00cf9300 DPL=0 DS   [-WA]
CS =0038 0000000000000000 ffffffff 00af9a00 DPL=0 CS64 [-R-]
SS =0030 0000000000000000 ffffffff 00cf9300 DPL=0 DS   [-WA]
DS =0030 0000000000000000 ffffffff 00cf9300 DPL=0 DS   [-WA]
FS =0030 0000000000000000 ffffffff 00cf9300 DPL=0 DS   [-WA]
GS =0030 0000000000000000 ffffffff 00cf9300 DPL=0 DS   [-WA]
LDT=0000 0000000000000000 0000ffff 00008200 DPL=0 LDT
TR =0000 0000000000000000 0000ffff 00008b00 DPL=0 TSS64-busy
GDT=     000000003f5dc000 00000047
IDT=     000000003efa3018 00000fff
CR0=80010033 CR2=0000000000000000 CR3=000000003f801000 CR4=00000668
DR0=0000000000000000 DR1=0000000000000000 DR2=0000000000000000 DR3=0000000000000000 
DR6=00000000ffff0ff0 DR7=0000000000000400
CCS=0000000000000004 CCD=0000000000000065 CCO=EFLAGS
EFER=0000000000000d00
Servicing hardware INT=0x20
   292: v=20 e=0000 i=0 cpl=0 IP=0038:000000003e6d3862 pc=000000003e6d3862 SP=0030:000000003fe64e40 env->regs[R_EAX]=00000000000000cc
RAX=00000000000000cc RBX=0000000000000064 RCX=000000000000b008 RDX=0000000000e1eec7
RSI=0000000000e1ef93 RDI=000000003e5b40d4 RBP=000000003fe64e70 RSP=000000003fe64e40
R8 =000000003fe64e5f R9 =000000000000c042 R10=0000000000000000 R11=0000000000000000
R12=000000000004baf1 R13=0000000000000011 R14=000000000000c040 R15=0000000000000000
RIP=000000003e6d3862 RFL=00000206 [-----P-] CPL=0 II=0 A20=1 SMM=0 HLT=0
ES =0030 0000000000000000 ffffffff 00cf9300 DPL=0 DS   [-WA]
CS =0038 0000000000000000 ffffffff 00af9a00 DPL=0 CS64 [-R-]
SS =0030 0000000000000000 ffffffff 00cf9300 DPL=0 DS   [-WA]
DS =0030 0000000000000000 ffffffff 00cf9300 DPL=0 DS   [-WA]
FS =0030 0000000000000000 ffffffff 00cf9300 DPL=0 DS   [-WA]
GS =0030 0000000000000000 ffffffff 00cf9300 DPL=0 DS   [-WA]
LDT=0000 0000000000000000 0000ffff 00008200 DPL=0 LDT
TR =0000 0000000000000000 0000ffff 00008b00 DPL=0 TSS64-busy
GDT=     000000003f5dc000 00000047
IDT=     000000003efa3018 00000fff
CR0=80010033 CR2=0000000000000000 CR3=000000003f801000 CR4=00000668
DR0=0000000000000000 DR1=0000000000000000 DR2=0000000000000000 DR3=0000000000000000 
DR6=00000000ffff0ff0 DR7=0000000000000400
CCS=0000000000000004 CCD=00000000000000cc CCO=EFLAGS
EFER=0000000000000d00
Servicing hardware INT=0x20
   293: v=20 e=0000 i=0 cpl=0 IP=0038:000000003e6d3862 pc=000000003e6d3862 SP=0030:000000003fe64e40 env->regs[R_EAX]=0000000000005821
RAX=0000000000005821 RBX=0000000000002710 RCX=000000000000b008 RDX=0000000000e226c4
RSI=0000000000e27ee5 RDI=000000003e5b40d4 RBP=000000003fe64e70 RSP=000000003fe64e40
R8 =000000003fe64e90 R9 =00000000000003f6 R10=0000000000000000 R11=0000000000000000
R12=000000000000c042 R13=0000000000000011 R14=000000000000c040 R15=0000000000000000
RIP=000000003e6d3862 RFL=00000206 [-----P-] CPL=0 II=0 A20=1 SMM=0 HLT=0
ES =0030 0000000000000000 ffffffff 00cf9300 DPL=0 DS   [-WA]
CS =0038 0000000000000000 ffffffff 00af9a00 DPL=0 CS64 [-R-]
SS =0030 0000000000000000 ffffffff 00cf9300 DPL=0 DS   [-WA]
DS =0030 0000000000000000 ffffffff 00cf9300 DPL=0 DS   [-WA]
FS =0030 0000000000000000 ffffffff 00cf9300 DPL=0 DS   [-WA]
GS =0030 0000000000000000 ffffffff 00cf9300 DPL=0 DS   [-WA]
LDT=0000 0000000000000000 0000ffff 00008200 DPL=0 LDT
TR =0000 0000000000000000 0000ffff 00008b00 DPL=0 TSS64-busy
GDT=     000000003f5dc000 00000047
IDT=     000000003efa3018 00000fff
CR0=80010033 CR2=0000000000000000 CR3=000000003f801000 CR4=00000668
DR0=0000000000000000 DR1=0000000000000000 DR2=0000000000000000 DR3=0000000000000000 
DR6=00000000ffff0ff0 DR7=0000000000000400
CCS=0000000000000004 CCD=0000000000005821 CCO=EFLAGS
EFER=0000000000000d00
Servicing hardware INT=0x20
   294: v=20 e=0000 i=0 cpl=0 IP=0038:000000003e6d3862 pc=000000003e6d3862 SP=0030:000000003fe64fe0 env->regs[R_EAX]=0000000000000152
RAX=0000000000000152 RBX=0000000000000064 RCX=000000000000b008 RDX=0000000000e28faf
RSI=0000000000e29101 RDI=000000003e5b40d4 RBP=000000003fe65010 RSP=000000003fe64fe0
R8 =000000003fe64fff R9 =000000000000c042 R10=0000000000000000 R11=0000000000000000
R12=000000000004baf1 R13=0000000000000011 R14=000000000000c040 R15=0000000000000000
RIP=000000003e6d3862 RFL=00000202 [-------] CPL=0 II=0 A20=1 SMM=0 HLT=0
ES =0030 0000000000000000 ffffffff 00cf9300 DPL=0 DS   [-WA]
CS =0038 0000000000000000 ffffffff 00af9a00 DPL=0 CS64 [-R-]
SS =0030 0000000000000000 ffffffff 00cf9300 DPL=0 DS   [-WA]
DS =0030 0000000000000000 ffffffff 00cf9300 DPL=0 DS   [-WA]
FS =0030 0000000000000000 ffffffff 00cf9300 DPL=0 DS   [-WA]
GS =0030 0000000000000000 ffffffff 00cf9300 DPL=0 DS   [-WA]
LDT=0000 0000000000000000 0000ffff 00008200 DPL=0 LDT
TR =0000 0000000000000000 0000ffff 00008b00 DPL=0 TSS64-busy
GDT=     000000003f5dc000 00000047
IDT=     000000003efa3018 00000fff
CR0=80010033 CR2=0000000000000000 CR3=000000003f801000 CR4=00000668
DR0=0000000000000000 DR1=0000000000000000 DR2=0000000000000000 DR3=0000000000000000 
DR6=00000000ffff0ff0 DR7=0000000000000400
CCS=0000000000000000 CCD=0000000000000152 CCO=EFLAGS
EFER=0000000000000d00
Servicing hardware INT=0x20
   295: v=20 e=0000 i=0 cpl=0 IP=0038:000000003e6d3862 pc=000000003e6d3862 SP=0030:000000003fe65450 env->regs[R_EAX]=000000000000014d
RAX=000000000000014d RBX=0000000000000064 RCX=000000000000b008 RDX=0000000000e3374e
RSI=0000000000e3389b RDI=000000003e5b40d4 RBP=000000003fe65480 RSP=000000003fe65450
R8 =000000003fe6546f R9 =000000000000c042 R10=0000000000000000 R11=0000000000000000
R12=000000000004baf1 R13=0000000000000011 R14=000000000000c040 R15=0000000000000000
RIP=000000003e6d3862 RFL=00000206 [-----P-] CPL=0 II=0 A20=1 SMM=0 HLT=0
ES =0030 0000000000000000 ffffffff 00cf9300 DPL=0 DS   [-WA]
CS =0038 0000000000000000 ffffffff 00af9a00 DPL=0 CS64 [-R-]
SS =0030 0000000000000000 ffffffff 00cf9300 DPL=0 DS   [-WA]
DS =0030 0000000000000000 ffffffff 00cf9300 DPL=0 DS   [-WA]
FS =0030 0000000000000000 ffffffff 00cf9300 DPL=0 DS   [-WA]
GS =0030 0000000000000000 ffffffff 00cf9300 DPL=0 DS   [-WA]
LDT=0000 0000000000000000 0000ffff 00008200 DPL=0 LDT
TR =0000 0000000000000000 0000ffff 00008b00 DPL=0 TSS64-busy
GDT=     000000003f5dc000 00000047
IDT=     000000003efa3018 00000fff
CR0=80010033 CR2=0000000000000000 CR3=000000003f801000 CR4=00000668
DR0=0000000000000000 DR1=0000000000000000 DR2=0000000000000000 DR3=0000000000000000 
DR6=00000000ffff0ff0 DR7=0000000000000400
CCS=0000000000000004 CCD=000000000000014d CCO=EFLAGS
EFER=0000000000000d00
Servicing hardware INT=0x20
   296: v=20 e=0000 i=0 cpl=0 IP=0038:000000003e6d3862 pc=000000003e6d3862 SP=0030:000000003fe64ac0 env->regs[R_EAX]=0000000000000153
RAX=0000000000000153 RBX=0000000000000064 RCX=000000000000b008 RDX=0000000000e3e7a4
RSI=0000000000e3e8f7 RDI=000000003e5b40d4 RBP=000000003fe64af0 RSP=000000003fe64ac0
R8 =000000003fe64adf R9 =000000000000c042 R10=0000000000000000 R11=0000000000000000
R12=000000000004baf1 R13=0000000000000011 R14=000000000000c040 R15=0000000000000000
RIP=000000003e6d3862 RFL=00000206 [-----P-] CPL=0 II=0 A20=1 SMM=0 HLT=0
ES =0030 0000000000000000 ffffffff 00cf9300 DPL=0 DS   [-WA]
CS =0038 0000000000000000 ffffffff 00af9a00 DPL=0 CS64 [-R-]
SS =0030 0000000000000000 ffffffff 00cf9300 DPL=0 DS   [-WA]
DS =0030 0000000000000000 ffffffff 00cf9300 DPL=0 DS   [-WA]
FS =0030 0000000000000000 ffffffff 00cf9300 DPL=0 DS   [-WA]
GS =0030 0000000000000000 ffffffff 00cf9300 DPL=0 DS   [-WA]
LDT=0000 0000000000000000 0000ffff 00008200 DPL=0 LDT
TR =0000 0000000000000000 0000ffff 00008b00 DPL=0 TSS64-busy
GDT=     000000003f5dc000 00000047
IDT=     000000003efa3018 00000fff
CR0=80010033 CR2=0000000000000000 CR3=000000003f801000 CR4=00000668
DR0=0000000000000000 DR1=0000000000000000 DR2=0000000000000000 DR3=0000000000000000 
DR6=00000000ffff0ff0 DR7=0000000000000400
CCS=0000000000000004 CCD=0000000000000153 CCO=EFLAGS
EFER=0000000000000d00
Servicing hardware INT=0x20
   297: v=20 e=0000 i=0 cpl=0 IP=0038:000000003eb57266 pc=000000003eb57266 SP=0030:000000003fe65058 env->regs[R_EAX]=000000003eb6ca80
RAX=000000003eb6ca80 RBX=0000000000000010 RCX=000000003eb6ca80 RDX=abd7f02e4201db00
RSI=000000003de43000 RDI=0000000000000001 RBP=000000003fe65090 RSP=000000003fe65058
R8 =000000003de43000 R9 =000000003de44fff R10=000000003de44458 R11=000000003de44458
R12=000000000000001f R13=0000000000000007 R14=000000000002600f R15=000000003de44fff
RIP=000000003eb57266 RFL=00000206 [-----P-] CPL=0 II=0 A20=1 SMM=0 HLT=0
ES =0030 0000000000000000 ffffffff 00cf9300 DPL=0 DS   [-WA]
CS =0038 0000000000000000 ffffffff 00af9a00 DPL=0 CS64 [-R-]
SS =0030 0000000000000000 ffffffff 00cf9300 DPL=0 DS   [-WA]
DS =0030 0000000000000000 ffffffff 00cf9300 DPL=0 DS   [-WA]
FS =0030 0000000000000000 ffffffff 00cf9300 DPL=0 DS   [-WA]
GS =0030 0000000000000000 ffffffff 00cf9300 DPL=0 DS   [-WA]
LDT=0000 0000000000000000 0000ffff 00008200 DPL=0 LDT
TR =0000 0000000000000000 0000ffff 00008b00 DPL=0 TSS64-busy
GDT=     000000003f5dc000 00000047
IDT=     000000003efa3018 00000fff
CR0=80010033 CR2=0000000000000000 CR3=000000003f801000 CR4=00000668
DR0=0000000000000000 DR1=0000000000000000 DR2=0000000000000000 DR3=0000000000000000 
DR6=00000000ffff0ff0 DR7=0000000000000400
CCS=0000000000000020 CCD=000000003fe65060 CCO=SUBQ
EFER=0000000000000d00
Servicing hardware INT=0x20
   298: v=20 e=0000 i=0 cpl=0 IP=0038:000000003de3c519 pc=000000003de3c519 SP=0030:000000003fe65550 env->regs[R_EAX]=0000000000000000
RAX=0000000000000000 RBX=0000000000000000 RCX=0000000006290001 RDX=0000000000000000
RSI=000000003de51000 RDI=00000000358db76f RBP=000000003fe65619 RSP=000000003fe65550
R8 =000000000658c770 R9 =00000000355df000 R10=000000003fe7285c R11=0000000000000000
R12=0000000000100000 R13=000000003e660320 R14=0000000000000000 R15=000000000000658d
RIP=000000003de3c519 RFL=00010202 [-------] CPL=0 II=0 A20=1 SMM=0 HLT=0
ES =0030 0000000000000000 ffffffff 00cf9300 DPL=0 DS   [-WA]
CS =0038 0000000000000000 ffffffff 00af9a00 DPL=0 CS64 [-R-]
SS =0030 0000000000000000 ffffffff 00cf9300 DPL=0 DS   [-WA]
DS =0030 0000000000000000 ffffffff 00cf9300 DPL=0 DS   [-WA]
FS =0030 0000000000000000 ffffffff 00cf9300 DPL=0 DS   [-WA]
GS =0030 0000000000000000 ffffffff 00cf9300 DPL=0 DS   [-WA]
LDT=0000 0000000000000000 0000ffff 00008200 DPL=0 LDT
TR =0000 0000000000000000 0000ffff 00008b00 DPL=0 TSS64-busy
GDT=     000000003f5dc000 00000047
IDT=     000000003efa3018 00000fff
CR0=80010033 CR2=0000000000000000 CR3=000000003f801000 CR4=00000668
DR0=0000000000000000 DR1=0000000000000000 DR2=0000000000000000 DR3=0000000000000000 
DR6=00000000ffff0ff0 DR7=0000000000000400
CCS=0000000000000000 CCD=000000000658c770 CCO=EFLAGS
EFER=0000000000000d00
Servicing hardware INT=0x20
   299: v=20 e=0000 i=0 cpl=0 IP=0038:000000003de3c519 pc=000000003de3c519 SP=0030:000000003fe65550 env->regs[R_EAX]=0000000000000000
RAX=0000000000000000 RBX=0000000000000000 RCX=0000000005ce0001 RDX=0000000000000000
RSI=000000003de51000 RDI=0000000035e8b76f RBP=000000003fe65619 RSP=000000003fe65550
R8 =000000000658c770 R9 =00000000355df000 R10=000000003fe7285c R11=0000000000000000
R12=0000000000100000 R13=000000003e660320 R14=0000000000000000 R15=000000000000658d
RIP=000000003de3c519 RFL=00010202 [-------] CPL=0 II=0 A20=1 SMM=0 HLT=0
ES =0030 0000000000000000 ffffffff 00cf9300 DPL=0 DS   [-WA]
CS =0038 0000000000000000 ffffffff 00af9a00 DPL=0 CS64 [-R-]
SS =0030 0000000000000000 ffffffff 00cf9300 DPL=0 DS   [-WA]
DS =0030 0000000000000000 ffffffff 00cf9300 DPL=0 DS   [-WA]
FS =0030 0000000000000000 ffffffff 00cf9300 DPL=0 DS   [-WA]
GS =0030 0000000000000000 ffffffff 00cf9300 DPL=0 DS   [-WA]
LDT=0000 0000000000000000 0000ffff 00008200 DPL=0 LDT
TR =0000 0000000000000000 0000ffff 00008b00 DPL=0 TSS64-busy
GDT=     000000003f5dc000 00000047
IDT=     000000003efa3018 00000fff
CR0=80010033 CR2=0000000000000000 CR3=000000003f801000 CR4=00000668
DR0=0000000000000000 DR1=0000000000000000 DR2=0000000000000000 DR3=0000000000000000 
DR6=00000000ffff0ff0 DR7=0000000000000400
CCS=0000000000000000 CCD=0000000000000000 CCO=EFLAGS
EFER=0000000000000d00
Servicing hardware INT=0x20
   300: v=20 e=0000 i=0 cpl=0 IP=0038:000000003de3c519 pc=000000003de3c519 SP=0030:000000003fe65550 env->regs[R_EAX]=0000000000000000
RAX=0000000000000000 RBX=0000000000000000 RCX=0000000005730001 RDX=0000000000000000
RSI=000000003de51000 RDI=000000003643b76f RBP=000000003fe65619 RSP=000000003fe65550
R8 =000000000658c770 R9 =00000000355df000 R10=000000003fe7285c R11=0000000000000000
R12=0000000000100000 R13=000000003e660320 R14=0000000000000000 R15=000000000000658d
RIP=000000003de3c519 RFL=00010202 [-------] CPL=0 II=0 A20=1 SMM=0 HLT=0
ES =0030 0000000000000000 ffffffff 00cf9300 DPL=0 DS   [-WA]
CS =0038 0000000000000000 ffffffff 00af9a00 DPL=0 CS64 [-R-]
SS =0030 0000000000000000 ffffffff 00cf9300 DPL=0 DS   [-WA]
DS =0030 0000000000000000 ffffffff 00cf9300 DPL=0 DS   [-WA]
FS =0030 0000000000000000 ffffffff 00cf9300 DPL=0 DS   [-WA]
GS =0030 0000000000000000 ffffffff 00cf9300 DPL=0 DS   [-WA]
LDT=0000 0000000000000000 0000ffff 00008200 DPL=0 LDT
TR =0000 0000000000000000 0000ffff 00008b00 DPL=0 TSS64-busy
GDT=     000000003f5dc000 00000047
IDT=     000000003efa3018 00000fff
CR0=80010033 CR2=0000000000000000 CR3=000000003f801000 CR4=00000668
DR0=0000000000000000 DR1=0000000000000000 DR2=0000000000000000 DR3=0000000000000000 
DR6=00000000ffff0ff0 DR7=0000000000000400
CCS=0000000000000000 CCD=0000000000000000 CCO=EFLAGS
EFER=0000000000000d00
Servicing hardware INT=0x20
   301: v=20 e=0000 i=0 cpl=0 IP=0038:000000003de3c519 pc=000000003de3c519 SP=0030:000000003fe65550 env->regs[R_EAX]=0000000000000000
RAX=0000000000000000 RBX=0000000000000000 RCX=0000000004dd0001 RDX=0000000000000000
RSI=000000003de51000 RDI=0000000036d9b76f RBP=000000003fe65619 RSP=000000003fe65550
R8 =000000000658c770 R9 =00000000355df000 R10=000000003fe7285c R11=0000000000000000
R12=0000000000100000 R13=000000003e660320 R14=0000000000000000 R15=000000000000658d
RIP=000000003de3c519 RFL=00010202 [-------] CPL=0 II=0 A20=1 SMM=0 HLT=0
ES =0030 0000000000000000 ffffffff 00cf9300 DPL=0 DS   [-WA]
CS =0038 0000000000000000 ffffffff 00af9a00 DPL=0 CS64 [-R-]
SS =0030 0000000000000000 ffffffff 00cf9300 DPL=0 DS   [-WA]
DS =0030 0000000000000000 ffffffff 00cf9300 DPL=0 DS   [-WA]
FS =0030 0000000000000000 ffffffff 00cf9300 DPL=0 DS   [-WA]
GS =0030 0000000000000000 ffffffff 00cf9300 DPL=0 DS   [-WA]
LDT=0000 0000000000000000 0000ffff 00008200 DPL=0 LDT
TR =0000 0000000000000000 0000ffff 00008b00 DPL=0 TSS64-busy
GDT=     000000003f5dc000 00000047
IDT=     000000003efa3018 00000fff
CR0=80010033 CR2=0000000000000000 CR3=000000003f801000 CR4=00000668
DR0=0000000000000000 DR1=0000000000000000 DR2=0000000000000000 DR3=0000000000000000 
DR6=00000000ffff0ff0 DR7=0000000000000400
CCS=0000000000000000 CCD=0000000000000000 CCO=EFLAGS
EFER=0000000000000d00
Servicing hardware INT=0x20
   302: v=20 e=0000 i=0 cpl=0 IP=0038:000000003de3c519 pc=000000003de3c519 SP=0030:000000003fe65550 env->regs[R_EAX]=0000000000000000
RAX=0000000000000000 RBX=0000000000000000 RCX=00000000044e0001 RDX=0000000000000000
RSI=000000003de51000 RDI=000000003768b76f RBP=000000003fe65619 RSP=000000003fe65550
R8 =000000000658c770 R9 =00000000355df000 R10=000000003fe7285c R11=0000000000000000
R12=0000000000100000 R13=000000003e660320 R14=0000000000000000 R15=000000000000658d
RIP=000000003de3c519 RFL=00010202 [-------] CPL=0 II=0 A20=1 SMM=0 HLT=0
ES =0030 0000000000000000 ffffffff 00cf9300 DPL=0 DS   [-WA]
CS =0038 0000000000000000 ffffffff 00af9a00 DPL=0 CS64 [-R-]
SS =0030 0000000000000000 ffffffff 00cf9300 DPL=0 DS   [-WA]
DS =0030 0000000000000000 ffffffff 00cf9300 DPL=0 DS   [-WA]
FS =0030 0000000000000000 ffffffff 00cf9300 DPL=0 DS   [-WA]
GS =0030 0000000000000000 ffffffff 00cf9300 DPL=0 DS   [-WA]
LDT=0000 0000000000000000 0000ffff 00008200 DPL=0 LDT
TR =0000 0000000000000000 0000ffff 00008b00 DPL=0 TSS64-busy
GDT=     000000003f5dc000 00000047
IDT=     000000003efa3018 00000fff
CR0=80010033 CR2=0000000000000000 CR3=000000003f801000 CR4=00000668
DR0=0000000000000000 DR1=0000000000000000 DR2=0000000000000000 DR3=0000000000000000 
DR6=00000000ffff0ff0 DR7=0000000000000400
CCS=0000000000000000 CCD=0000000000000000 CCO=EFLAGS
EFER=0000000000000d00
Servicing hardware INT=0x20
   303: v=20 e=0000 i=0 cpl=0 IP=0038:000000003de3c519 pc=000000003de3c519 SP=0030:000000003fe65550 env->regs[R_EAX]=0000000000000000
RAX=0000000000000000 RBX=0000000000000000 RCX=0000000003b90001 RDX=0000000000000000
RSI=000000003de51000 RDI=0000000037fdb76f RBP=000000003fe65619 RSP=000000003fe65550
R8 =000000000658c770 R9 =00000000355df000 R10=000000003fe7285c R11=0000000000000000
R12=0000000000100000 R13=000000003e660320 R14=0000000000000000 R15=000000000000658d
RIP=000000003de3c519 RFL=00010202 [-------] CPL=0 II=0 A20=1 SMM=0 HLT=0
ES =0030 0000000000000000 ffffffff 00cf9300 DPL=0 DS   [-WA]
CS =0038 0000000000000000 ffffffff 00af9a00 DPL=0 CS64 [-R-]
SS =0030 0000000000000000 ffffffff 00cf9300 DPL=0 DS   [-WA]
DS =0030 0000000000000000 ffffffff 00cf9300 DPL=0 DS   [-WA]
FS =0030 0000000000000000 ffffffff 00cf9300 DPL=0 DS   [-WA]
GS =0030 0000000000000000 ffffffff 00cf9300 DPL=0 DS   [-WA]
LDT=0000 0000000000000000 0000ffff 00008200 DPL=0 LDT
TR =0000 0000000000000000 0000ffff 00008b00 DPL=0 TSS64-busy
GDT=     000000003f5dc000 00000047
IDT=     000000003efa3018 00000fff
CR0=80010033 CR2=0000000000000000 CR3=000000003f801000 CR4=00000668
DR0=0000000000000000 DR1=0000000000000000 DR2=0000000000000000 DR3=0000000000000000 
DR6=00000000ffff0ff0 DR7=0000000000000400
CCS=0000000000000000 CCD=0000000000000000 CCO=EFLAGS
EFER=0000000000000d00
Servicing hardware INT=0x20
   304: v=20 e=0000 i=0 cpl=0 IP=0038:000000003de3c519 pc=000000003de3c519 SP=0030:000000003fe65550 env->regs[R_EAX]=0000000000000000
RAX=0000000000000000 RBX=0000000000000000 RCX=0000000003270001 RDX=0000000000000000
RSI=000000003de51000 RDI=00000000388fb76f RBP=000000003fe65619 RSP=000000003fe65550
R8 =000000000658c770 R9 =00000000355df000 R10=000000003fe7285c R11=0000000000000000
R12=0000000000100000 R13=000000003e660320 R14=0000000000000000 R15=000000000000658d
RIP=000000003de3c519 RFL=00010202 [-------] CPL=0 II=0 A20=1 SMM=0 HLT=0
ES =0030 0000000000000000 ffffffff 00cf9300 DPL=0 DS   [-WA]
CS =0038 0000000000000000 ffffffff 00af9a00 DPL=0 CS64 [-R-]
SS =0030 0000000000000000 ffffffff 00cf9300 DPL=0 DS   [-WA]
DS =0030 0000000000000000 ffffffff 00cf9300 DPL=0 DS   [-WA]
FS =0030 0000000000000000 ffffffff 00cf9300 DPL=0 DS   [-WA]
GS =0030 0000000000000000 ffffffff 00cf9300 DPL=0 DS   [-WA]
LDT=0000 0000000000000000 0000ffff 00008200 DPL=0 LDT
TR =0000 0000000000000000 0000ffff 00008b00 DPL=0 TSS64-busy
GDT=     000000003f5dc000 00000047
IDT=     000000003efa3018 00000fff
CR0=80010033 CR2=0000000000000000 CR3=000000003f801000 CR4=00000668
DR0=0000000000000000 DR1=0000000000000000 DR2=0000000000000000 DR3=0000000000000000 
DR6=00000000ffff0ff0 DR7=0000000000000400
CCS=0000000000000000 CCD=0000000000000000 CCO=EFLAGS
EFER=0000000000000d00
Servicing hardware INT=0x20
   305: v=20 e=0000 i=0 cpl=0 IP=0038:000000003de3c519 pc=000000003de3c519 SP=0030:000000003fe65550 env->regs[R_EAX]=0000000000000000
RAX=0000000000000000 RBX=0000000000000000 RCX=0000000002920001 RDX=0000000000000000
RSI=000000003de51000 RDI=000000003924b76f RBP=000000003fe65619 RSP=000000003fe65550
R8 =000000000658c770 R9 =00000000355df000 R10=000000003fe7285c R11=0000000000000000
R12=0000000000100000 R13=000000003e660320 R14=0000000000000000 R15=000000000000658d
RIP=000000003de3c519 RFL=00010202 [-------] CPL=0 II=0 A20=1 SMM=0 HLT=0
ES =0030 0000000000000000 ffffffff 00cf9300 DPL=0 DS   [-WA]
CS =0038 0000000000000000 ffffffff 00af9a00 DPL=0 CS64 [-R-]
SS =0030 0000000000000000 ffffffff 00cf9300 DPL=0 DS   [-WA]
DS =0030 0000000000000000 ffffffff 00cf9300 DPL=0 DS   [-WA]
FS =0030 0000000000000000 ffffffff 00cf9300 DPL=0 DS   [-WA]
GS =0030 0000000000000000 ffffffff 00cf9300 DPL=0 DS   [-WA]
LDT=0000 0000000000000000 0000ffff 00008200 DPL=0 LDT
TR =0000 0000000000000000 0000ffff 00008b00 DPL=0 TSS64-busy
GDT=     000000003f5dc000 00000047
IDT=     000000003efa3018 00000fff
CR0=80010033 CR2=0000000000000000 CR3=000000003f801000 CR4=00000668
DR0=0000000000000000 DR1=0000000000000000 DR2=0000000000000000 DR3=0000000000000000 
DR6=00000000ffff0ff0 DR7=0000000000000400
CCS=0000000000000000 CCD=0000000000000000 CCO=EFLAGS
EFER=0000000000000d00
Servicing hardware INT=0x20
   306: v=20 e=0000 i=0 cpl=0 IP=0038:000000003de3c519 pc=000000003de3c519 SP=0030:000000003fe65550 env->regs[R_EAX]=0000000000000000
RAX=0000000000000000 RBX=0000000000000000 RCX=0000000002020001 RDX=0000000000000000
RSI=000000003de51000 RDI=0000000039b4b76f RBP=000000003fe65619 RSP=000000003fe65550
R8 =000000000658c770 R9 =00000000355df000 R10=000000003fe7285c R11=0000000000000000
R12=0000000000100000 R13=000000003e660320 R14=0000000000000000 R15=000000000000658d
RIP=000000003de3c519 RFL=00010202 [-------] CPL=0 II=0 A20=1 SMM=0 HLT=0
ES =0030 0000000000000000 ffffffff 00cf9300 DPL=0 DS   [-WA]
CS =0038 0000000000000000 ffffffff 00af9a00 DPL=0 CS64 [-R-]
SS =0030 0000000000000000 ffffffff 00cf9300 DPL=0 DS   [-WA]
DS =0030 0000000000000000 ffffffff 00cf9300 DPL=0 DS   [-WA]
FS =0030 0000000000000000 ffffffff 00cf9300 DPL=0 DS   [-WA]
GS =0030 0000000000000000 ffffffff 00cf9300 DPL=0 DS   [-WA]
LDT=0000 0000000000000000 0000ffff 00008200 DPL=0 LDT
TR =0000 0000000000000000 0000ffff 00008b00 DPL=0 TSS64-busy
GDT=     000000003f5dc000 00000047
IDT=     000000003efa3018 00000fff
CR0=80010033 CR2=0000000000000000 CR3=000000003f801000 CR4=00000668
DR0=0000000000000000 DR1=0000000000000000 DR2=0000000000000000 DR3=0000000000000000 
DR6=00000000ffff0ff0 DR7=0000000000000400
CCS=0000000000000000 CCD=0000000000000000 CCO=EFLAGS
EFER=0000000000000d00
Servicing hardware INT=0x20
   307: v=20 e=0000 i=0 cpl=0 IP=0038:000000003de3c519 pc=000000003de3c519 SP=0030:000000003fe65550 env->regs[R_EAX]=0000000000000000
RAX=0000000000000000 RBX=0000000000000000 RCX=0000000001700001 RDX=0000000000000000
RSI=000000003de51000 RDI=000000003a46b76f RBP=000000003fe65619 RSP=000000003fe65550
R8 =000000000658c770 R9 =00000000355df000 R10=000000003fe7285c R11=0000000000000000
R12=0000000000100000 R13=000000003e660320 R14=0000000000000000 R15=000000000000658d
RIP=000000003de3c519 RFL=00010202 [-------] CPL=0 II=0 A20=1 SMM=0 HLT=0
ES =0030 0000000000000000 ffffffff 00cf9300 DPL=0 DS   [-WA]
CS =0038 0000000000000000 ffffffff 00af9a00 DPL=0 CS64 [-R-]
SS =0030 0000000000000000 ffffffff 00cf9300 DPL=0 DS   [-WA]
DS =0030 0000000000000000 ffffffff 00cf9300 DPL=0 DS   [-WA]
FS =0030 0000000000000000 ffffffff 00cf9300 DPL=0 DS   [-WA]
GS =0030 0000000000000000 ffffffff 00cf9300 DPL=0 DS   [-WA]
LDT=0000 0000000000000000 0000ffff 00008200 DPL=0 LDT
TR =0000 0000000000000000 0000ffff 00008b00 DPL=0 TSS64-busy
GDT=     000000003f5dc000 00000047
IDT=     000000003efa3018 00000fff
CR0=80010033 CR2=0000000000000000 CR3=000000003f801000 CR4=00000668
DR0=0000000000000000 DR1=0000000000000000 DR2=0000000000000000 DR3=0000000000000000 
DR6=00000000ffff0ff0 DR7=0000000000000400
CCS=0000000000000000 CCD=0000000000000000 CCO=EFLAGS
EFER=0000000000000d00
Servicing hardware INT=0x20
   308: v=20 e=0000 i=0 cpl=0 IP=0038:000000003de3c519 pc=000000003de3c519 SP=0030:000000003fe65550 env->regs[R_EAX]=0000000000000000
RAX=0000000000000000 RBX=0000000000000000 RCX=0000000000df0001 RDX=0000000000000000
RSI=000000003de51000 RDI=000000003ad7b76f RBP=000000003fe65619 RSP=000000003fe65550
R8 =000000000658c770 R9 =00000000355df000 R10=000000003fe7285c R11=0000000000000000
R12=0000000000100000 R13=000000003e660320 R14=0000000000000000 R15=000000000000658d
RIP=000000003de3c519 RFL=00010202 [-------] CPL=0 II=0 A20=1 SMM=0 HLT=0
ES =0030 0000000000000000 ffffffff 00cf9300 DPL=0 DS   [-WA]
CS =0038 0000000000000000 ffffffff 00af9a00 DPL=0 CS64 [-R-]
SS =0030 0000000000000000 ffffffff 00cf9300 DPL=0 DS   [-WA]
DS =0030 0000000000000000 ffffffff 00cf9300 DPL=0 DS   [-WA]
FS =0030 0000000000000000 ffffffff 00cf9300 DPL=0 DS   [-WA]
GS =0030 0000000000000000 ffffffff 00cf9300 DPL=0 DS   [-WA]
LDT=0000 0000000000000000 0000ffff 00008200 DPL=0 LDT
TR =0000 0000000000000000 0000ffff 00008b00 DPL=0 TSS64-busy
GDT=     000000003f5dc000 00000047
IDT=     000000003efa3018 00000fff
CR0=80010033 CR2=0000000000000000 CR3=000000003f801000 CR4=00000668
DR0=0000000000000000 DR1=0000000000000000 DR2=0000000000000000 DR3=0000000000000000 
DR6=00000000ffff0ff0 DR7=0000000000000400
CCS=0000000000000000 CCD=0000000000000000 CCO=EFLAGS
EFER=0000000000000d00
Servicing hardware INT=0x20
   309: v=20 e=0000 i=0 cpl=0 IP=0038:000000003de3c519 pc=000000003de3c519 SP=0030:000000003fe65550 env->regs[R_EAX]=0000000000000000
RAX=0000000000000000 RBX=0000000000000000 RCX=0000000000560001 RDX=0000000000000000
RSI=000000003de51000 RDI=000000003b60b76f RBP=000000003fe65619 RSP=000000003fe65550
R8 =000000000658c770 R9 =00000000355df000 R10=000000003fe7285c R11=0000000000000000
R12=0000000000100000 R13=000000003e660320 R14=0000000000000000 R15=000000000000658d
RIP=000000003de3c519 RFL=00010202 [-------] CPL=0 II=0 A20=1 SMM=0 HLT=0
ES =0030 0000000000000000 ffffffff 00cf9300 DPL=0 DS   [-WA]
CS =0038 0000000000000000 ffffffff 00af9a00 DPL=0 CS64 [-R-]
SS =0030 0000000000000000 ffffffff 00cf9300 DPL=0 DS   [-WA]
DS =0030 0000000000000000 ffffffff 00cf9300 DPL=0 DS   [-WA]
FS =0030 0000000000000000 ffffffff 00cf9300 DPL=0 DS   [-WA]
GS =0030 0000000000000000 ffffffff 00cf9300 DPL=0 DS   [-WA]
LDT=0000 0000000000000000 0000ffff 00008200 DPL=0 LDT
TR =0000 0000000000000000 0000ffff 00008b00 DPL=0 TSS64-busy
GDT=     000000003f5dc000 00000047
IDT=     000000003efa3018 00000fff
CR0=80010033 CR2=0000000000000000 CR3=000000003f801000 CR4=00000668
DR0=0000000000000000 DR1=0000000000000000 DR2=0000000000000000 DR3=0000000000000000 
DR6=00000000ffff0ff0 DR7=0000000000000400
CCS=0000000000000000 CCD=0000000000000000 CCO=EFLAGS
EFER=0000000000000d00
Servicing hardware INT=0x20
   310: v=20 e=0000 i=0 cpl=0 IP=0038:000000003e6d3862 pc=000000003e6d3862 SP=0030:000000003fe64d70 env->regs[R_EAX]=000000000000015c
RAX=000000000000015c RBX=0000000000000064 RCX=000000000000b008 RDX=0000000000f02b71
RSI=0000000000f02ccd RDI=000000003e5b40d4 RBP=000000003fe64da0 RSP=000000003fe64d70
R8 =000000003fe64d8f R9 =000000000000c042 R10=0000000000000000 R11=0000000000000000
R12=000000000004baf1 R13=0000000000000011 R14=000000000000c040 R15=0000000000000000
RIP=000000003e6d3862 RFL=00000206 [-----P-] CPL=0 II=0 A20=1 SMM=0 HLT=0
ES =0030 0000000000000000 ffffffff 00cf9300 DPL=0 DS   [-WA]
CS =0038 0000000000000000 ffffffff 00af9a00 DPL=0 CS64 [-R-]
SS =0030 0000000000000000 ffffffff 00cf9300 DPL=0 DS   [-WA]
DS =0030 0000000000000000 ffffffff 00cf9300 DPL=0 DS   [-WA]
FS =0030 0000000000000000 ffffffff 00cf9300 DPL=0 DS   [-WA]
GS =0030 0000000000000000 ffffffff 00cf9300 DPL=0 DS   [-WA]
LDT=0000 0000000000000000 0000ffff 00008200 DPL=0 LDT
TR =0000 0000000000000000 0000ffff 00008b00 DPL=0 TSS64-busy
GDT=     000000003f5dc000 00000047
IDT=     000000003efa3018 00000fff
CR0=80010033 CR2=0000000000000000 CR3=000000003f801000 CR4=00000668
DR0=0000000000000000 DR1=0000000000000000 DR2=0000000000000000 DR3=0000000000000000 
DR6=00000000ffff0ff0 DR7=0000000000000400
CCS=0000000000000004 CCD=000000000000015c CCO=EFLAGS
EFER=0000000000000d00
Servicing hardware INT=0x20
   311: v=20 e=0000 i=0 cpl=0 IP=0038:000000003e6d3862 pc=000000003e6d3862 SP=0030:000000003fe64d70 env->regs[R_EAX]=0000000000008247
RAX=0000000000008247 RBX=0000000000002710 RCX=000000000000b008 RDX=0000000000f038a5
RSI=0000000000f0baec RDI=000000003e5b40d4 RBP=000000003fe64da0 RSP=000000003fe64d70
R8 =000000003fe64dc0 R9 =00000000000003f6 R10=0000000000000000 R11=0000000000000000
R12=000000000000c042 R13=0000000000000011 R14=000000000000c040 R15=0000000000000000
RIP=000000003e6d3862 RFL=00000206 [-----P-] CPL=0 II=0 A20=1 SMM=0 HLT=0
ES =0030 0000000000000000 ffffffff 00cf9300 DPL=0 DS   [-WA]
CS =0038 0000000000000000 ffffffff 00af9a00 DPL=0 CS64 [-R-]
SS =0030 0000000000000000 ffffffff 00cf9300 DPL=0 DS   [-WA]
DS =0030 0000000000000000 ffffffff 00cf9300 DPL=0 DS   [-WA]
FS =0030 0000000000000000 ffffffff 00cf9300 DPL=0 DS   [-WA]
GS =0030 0000000000000000 ffffffff 00cf9300 DPL=0 DS   [-WA]
LDT=0000 0000000000000000 0000ffff 00008200 DPL=0 LDT
TR =0000 0000000000000000 0000ffff 00008b00 DPL=0 TSS64-busy
GDT=     000000003f5dc000 00000047
IDT=     000000003efa3018 00000fff
CR0=80010033 CR2=0000000000000000 CR3=000000003f801000 CR4=00000668
DR0=0000000000000000 DR1=0000000000000000 DR2=0000000000000000 DR3=0000000000000000 
DR6=00000000ffff0ff0 DR7=0000000000000400
CCS=0000000000000004 CCD=0000000000008247 CCO=EFLAGS
EFER=0000000000000d00
Servicing hardware INT=0x20
   312: v=20 e=0000 i=0 cpl=0 IP=0038:000000003e6d3862 pc=000000003e6d3862 SP=0030:000000003fe64d70 env->regs[R_EAX]=0000000000000148
RAX=0000000000000148 RBX=0000000000000064 RCX=000000000000b008 RDX=0000000000f0cd82
RSI=0000000000f0ceca RDI=000000003e5b40d4 RBP=000000003fe64da0 RSP=000000003fe64d70
R8 =000000003fe64d8f R9 =000000000000c042 R10=0000000000000000 R11=0000000000000000
R12=000000000004baf1 R13=0000000000000011 R14=000000000000c040 R15=0000000000000000
RIP=000000003e6d3862 RFL=00000206 [-----P-] CPL=0 II=0 A20=1 SMM=0 HLT=0
ES =0030 0000000000000000 ffffffff 00cf9300 DPL=0 DS   [-WA]
CS =0038 0000000000000000 ffffffff 00af9a00 DPL=0 CS64 [-R-]
SS =0030 0000000000000000 ffffffff 00cf9300 DPL=0 DS   [-WA]
DS =0030 0000000000000000 ffffffff 00cf9300 DPL=0 DS   [-WA]
FS =0030 0000000000000000 ffffffff 00cf9300 DPL=0 DS   [-WA]
GS =0030 0000000000000000 ffffffff 00cf9300 DPL=0 DS   [-WA]
LDT=0000 0000000000000000 0000ffff 00008200 DPL=0 LDT
TR =0000 0000000000000000 0000ffff 00008b00 DPL=0 TSS64-busy
GDT=     000000003f5dc000 00000047
IDT=     000000003efa3018 00000fff
CR0=80010033 CR2=0000000000000000 CR3=000000003f801000 CR4=00000668
DR0=0000000000000000 DR1=0000000000000000 DR2=0000000000000000 DR3=0000000000000000 
DR6=00000000ffff0ff0 DR7=0000000000000400
CCS=0000000000000004 CCD=0000000000000148 CCO=EFLAGS
EFER=0000000000000d00
Servicing hardware INT=0x20
   313: v=20 e=0000 i=0 cpl=0 IP=0038:000000003e6d3862 pc=000000003e6d3862 SP=0030:000000003fe64d70 env->regs[R_EAX]=000000000000014f
RAX=000000000000014f RBX=0000000000000064 RCX=000000000000b008 RDX=0000000000f16aac
RSI=0000000000f16bfb RDI=000000003e5b40d4 RBP=000000003fe64da0 RSP=000000003fe64d70
R8 =000000003fe64d8f R9 =000000000000c042 R10=0000000000000000 R11=0000000000000000
R12=000000000004baf1 R13=0000000000000011 R14=000000000000c040 R15=0000000000000000
RIP=000000003e6d3862 RFL=00000202 [-------] CPL=0 II=0 A20=1 SMM=0 HLT=0
ES =0030 0000000000000000 ffffffff 00cf9300 DPL=0 DS   [-WA]
CS =0038 0000000000000000 ffffffff 00af9a00 DPL=0 CS64 [-R-]
SS =0030 0000000000000000 ffffffff 00cf9300 DPL=0 DS   [-WA]
DS =0030 0000000000000000 ffffffff 00cf9300 DPL=0 DS   [-WA]
FS =0030 0000000000000000 ffffffff 00cf9300 DPL=0 DS   [-WA]
GS =0030 0000000000000000 ffffffff 00cf9300 DPL=0 DS   [-WA]
LDT=0000 0000000000000000 0000ffff 00008200 DPL=0 LDT
TR =0000 0000000000000000 0000ffff 00008b00 DPL=0 TSS64-busy
GDT=     000000003f5dc000 00000047
IDT=     000000003efa3018 00000fff
CR0=80010033 CR2=0000000000000000 CR3=000000003f801000 CR4=00000668
DR0=0000000000000000 DR1=0000000000000000 DR2=0000000000000000 DR3=0000000000000000 
DR6=00000000ffff0ff0 DR7=0000000000000400
CCS=0000000000000000 CCD=000000000000014f CCO=EFLAGS
EFER=0000000000000d00
Servicing hardware INT=0x20
   314: v=20 e=0000 i=0 cpl=0 IP=0038:000000003e6d3862 pc=000000003e6d3862 SP=0030:000000003fe64d70 env->regs[R_EAX]=00000000000006c7
RAX=00000000000006c7 RBX=0000000000002710 RCX=000000000000b008 RDX=0000000000f1f334
RSI=0000000000f1f9fb RDI=000000003e5b40d4 RBP=000000003fe64da0 RSP=000000003fe64d70
R8 =000000003fe64dc0 R9 =00000000000003f6 R10=0000000000000000 R11=0000000000000000
R12=000000000000c042 R13=0000000000000011 R14=000000000000c040 R15=0000000000000000
RIP=000000003e6d3862 RFL=00000202 [-------] CPL=0 II=0 A20=1 SMM=0 HLT=0
ES =0030 0000000000000000 ffffffff 00cf9300 DPL=0 DS   [-WA]
CS =0038 0000000000000000 ffffffff 00af9a00 DPL=0 CS64 [-R-]
SS =0030 0000000000000000 ffffffff 00cf9300 DPL=0 DS   [-WA]
DS =0030 0000000000000000 ffffffff 00cf9300 DPL=0 DS   [-WA]
FS =0030 0000000000000000 ffffffff 00cf9300 DPL=0 DS   [-WA]
GS =0030 0000000000000000 ffffffff 00cf9300 DPL=0 DS   [-WA]
LDT=0000 0000000000000000 0000ffff 00008200 DPL=0 LDT
TR =0000 0000000000000000 0000ffff 00008b00 DPL=0 TSS64-busy
GDT=     000000003f5dc000 00000047
IDT=     000000003efa3018 00000fff
CR0=80010033 CR2=0000000000000000 CR3=000000003f801000 CR4=00000668
DR0=0000000000000000 DR1=0000000000000000 DR2=0000000000000000 DR3=0000000000000000 
DR6=00000000ffff0ff0 DR7=0000000000000400
CCS=0000000000000000 CCD=00000000000006c7 CCO=EFLAGS
EFER=0000000000000d00
Servicing hardware INT=0x20
   315: v=20 e=0000 i=0 cpl=0 IP=0038:000000003e6d3862 pc=000000003e6d3862 SP=0030:000000003fe64d70 env->regs[R_EAX]=000000000000014d
RAX=000000000000014d RBX=0000000000000064 RCX=000000000000b008 RDX=0000000000f2a1c2
RSI=0000000000f2a30f RDI=000000003e5b40d4 RBP=000000003fe64da0 RSP=000000003fe64d70
R8 =000000003fe64d8f R9 =000000000000c042 R10=0000000000000000 R11=0000000000000000
R12=000000000004baf1 R13=0000000000000011 R14=000000000000c040 R15=0000000000000000
RIP=000000003e6d3862 RFL=00000206 [-----P-] CPL=0 II=0 A20=1 SMM=0 HLT=0
ES =0030 0000000000000000 ffffffff 00cf9300 DPL=0 DS   [-WA]
CS =0038 0000000000000000 ffffffff 00af9a00 DPL=0 CS64 [-R-]
SS =0030 0000000000000000 ffffffff 00cf9300 DPL=0 DS   [-WA]
DS =0030 0000000000000000 ffffffff 00cf9300 DPL=0 DS   [-WA]
FS =0030 0000000000000000 ffffffff 00cf9300 DPL=0 DS   [-WA]
GS =0030 0000000000000000 ffffffff 00cf9300 DPL=0 DS   [-WA]
LDT=0000 0000000000000000 0000ffff 00008200 DPL=0 LDT
TR =0000 0000000000000000 0000ffff 00008b00 DPL=0 TSS64-busy
GDT=     000000003f5dc000 00000047
IDT=     000000003efa3018 00000fff
CR0=80010033 CR2=0000000000000000 CR3=000000003f801000 CR4=00000668
DR0=0000000000000000 DR1=0000000000000000 DR2=0000000000000000 DR3=0000000000000000 
DR6=00000000ffff0ff0 DR7=0000000000000400
CCS=0000000000000004 CCD=000000000000014d CCO=EFLAGS
EFER=0000000000000d00
Servicing hardware INT=0x20
   316: v=20 e=0000 i=0 cpl=0 IP=0038:000000003e6d3862 pc=000000003e6d3862 SP=0030:000000003fe64d70 env->regs[R_EAX]=0000000000000123
RAX=0000000000000123 RBX=0000000000000064 RCX=000000000000b008 RDX=0000000000f33ee3
RSI=0000000000f34006 RDI=000000003e5b40d4 RBP=000000003fe64da0 RSP=000000003fe64d70
R8 =000000003fe64d8f R9 =000000000000c042 R10=0000000000000000 R11=0000000000000000
R12=000000000004baf1 R13=0000000000000011 R14=000000000000c040 R15=0000000000000000
RIP=000000003e6d3862 RFL=00000202 [-------] CPL=0 II=0 A20=1 SMM=0 HLT=0
ES =0030 0000000000000000 ffffffff 00cf9300 DPL=0 DS   [-WA]
CS =0038 0000000000000000 ffffffff 00af9a00 DPL=0 CS64 [-R-]
SS =0030 0000000000000000 ffffffff 00cf9300 DPL=0 DS   [-WA]
DS =0030 0000000000000000 ffffffff 00cf9300 DPL=0 DS   [-WA]
FS =0030 0000000000000000 ffffffff 00cf9300 DPL=0 DS   [-WA]
GS =0030 0000000000000000 ffffffff 00cf9300 DPL=0 DS   [-WA]
LDT=0000 0000000000000000 0000ffff 00008200 DPL=0 LDT
TR =0000 0000000000000000 0000ffff 00008b00 DPL=0 TSS64-busy
GDT=     000000003f5dc000 00000047
IDT=     000000003efa3018 00000fff
CR0=80010033 CR2=0000000000000000 CR3=000000003f801000 CR4=00000668
DR0=0000000000000000 DR1=0000000000000000 DR2=0000000000000000 DR3=0000000000000000 
DR6=00000000ffff0ff0 DR7=0000000000000400
CCS=0000000000000000 CCD=0000000000000123 CCO=EFLAGS
EFER=0000000000000d00
Servicing hardware INT=0x20
   317: v=20 e=0000 i=0 cpl=0 IP=0038:000000003e6d3862 pc=000000003e6d3862 SP=0030:000000003fe64d70 env->regs[R_EAX]=0000000000002372
RAX=0000000000002372 RBX=0000000000002710 RCX=000000000000b008 RDX=0000000000f3aabe
RSI=0000000000f3ce30 RDI=000000003e5b40d4 RBP=000000003fe64da0 RSP=000000003fe64d70
R8 =000000003fe64dc0 R9 =00000000000003f6 R10=0000000000000000 R11=0000000000000000
R12=000000000000c042 R13=0000000000000011 R14=000000000000c040 R15=0000000000000000
RIP=000000003e6d3862 RFL=00000206 [-----P-] CPL=0 II=0 A20=1 SMM=0 HLT=0
ES =0030 0000000000000000 ffffffff 00cf9300 DPL=0 DS   [-WA]
CS =0038 0000000000000000 ffffffff 00af9a00 DPL=0 CS64 [-R-]
SS =0030 0000000000000000 ffffffff 00cf9300 DPL=0 DS   [-WA]
DS =0030 0000000000000000 ffffffff 00cf9300 DPL=0 DS   [-WA]
FS =0030 0000000000000000 ffffffff 00cf9300 DPL=0 DS   [-WA]
GS =0030 0000000000000000 ffffffff 00cf9300 DPL=0 DS   [-WA]
LDT=0000 0000000000000000 0000ffff 00008200 DPL=0 LDT
TR =0000 0000000000000000 0000ffff 00008b00 DPL=0 TSS64-busy
GDT=     000000003f5dc000 00000047
IDT=     000000003efa3018 00000fff
CR0=80010033 CR2=0000000000000000 CR3=000000003f801000 CR4=00000668
DR0=0000000000000000 DR1=0000000000000000 DR2=0000000000000000 DR3=0000000000000000 
DR6=00000000ffff0ff0 DR7=0000000000000400
CCS=0000000000000004 CCD=0000000000002372 CCO=EFLAGS
EFER=0000000000000d00
Servicing hardware INT=0x20
   318: v=20 e=0000 i=0 cpl=0 IP=0038:000000003e6d3862 pc=000000003e6d3862 SP=0030:000000003fe64d70 env->regs[R_EAX]=0000000000000151
RAX=0000000000000151 RBX=0000000000000064 RCX=000000000000b008 RDX=0000000000f476ea
RSI=0000000000f4783b RDI=000000003e5b40d4 RBP=000000003fe64da0 RSP=000000003fe64d70
R8 =000000003fe64d8f R9 =000000000000c042 R10=0000000000000000 R11=0000000000000000
R12=000000000004baf1 R13=0000000000000011 R14=000000000000c040 R15=0000000000000000
RIP=000000003e6d3862 RFL=00000202 [-------] CPL=0 II=0 A20=1 SMM=0 HLT=0
ES =0030 0000000000000000 ffffffff 00cf9300 DPL=0 DS   [-WA]
CS =0038 0000000000000000 ffffffff 00af9a00 DPL=0 CS64 [-R-]
SS =0030 0000000000000000 ffffffff 00cf9300 DPL=0 DS   [-WA]
DS =0030 0000000000000000 ffffffff 00cf9300 DPL=0 DS   [-WA]
FS =0030 0000000000000000 ffffffff 00cf9300 DPL=0 DS   [-WA]
GS =0030 0000000000000000 ffffffff 00cf9300 DPL=0 DS   [-WA]
LDT=0000 0000000000000000 0000ffff 00008200 DPL=0 LDT
TR =0000 0000000000000000 0000ffff 00008b00 DPL=0 TSS64-busy
GDT=     000000003f5dc000 00000047
IDT=     000000003efa3018 00000fff
CR0=80010033 CR2=0000000000000000 CR3=000000003f801000 CR4=00000668
DR0=0000000000000000 DR1=0000000000000000 DR2=0000000000000000 DR3=0000000000000000 
DR6=00000000ffff0ff0 DR7=0000000000000400
CCS=0000000000000000 CCD=0000000000000151 CCO=EFLAGS
EFER=0000000000000d00
Servicing hardware INT=0x20
   319: v=20 e=0000 i=0 cpl=0 IP=0038:000000003e6d3862 pc=000000003e6d3862 SP=0030:000000003fe64d70 env->regs[R_EAX]=0000000000000147
RAX=0000000000000147 RBX=0000000000000064 RCX=000000000000b008 RDX=0000000000f51452
RSI=0000000000f51599 RDI=000000003e5b40d4 RBP=000000003fe64da0 RSP=000000003fe64d70
R8 =000000003fe64d8f R9 =000000000000c042 R10=0000000000000000 R11=0000000000000000
R12=000000000004baf1 R13=0000000000000011 R14=000000000000c040 R15=0000000000000000
RIP=000000003e6d3862 RFL=00000206 [-----P-] CPL=0 II=0 A20=1 SMM=0 HLT=0
ES =0030 0000000000000000 ffffffff 00cf9300 DPL=0 DS   [-WA]
CS =0038 0000000000000000 ffffffff 00af9a00 DPL=0 CS64 [-R-]
SS =0030 0000000000000000 ffffffff 00cf9300 DPL=0 DS   [-WA]
DS =0030 0000000000000000 ffffffff 00cf9300 DPL=0 DS   [-WA]
FS =0030 0000000000000000 ffffffff 00cf9300 DPL=0 DS   [-WA]
GS =0030 0000000000000000 ffffffff 00cf9300 DPL=0 DS   [-WA]
LDT=0000 0000000000000000 0000ffff 00008200 DPL=0 LDT
TR =0000 0000000000000000 0000ffff 00008b00 DPL=0 TSS64-busy
GDT=     000000003f5dc000 00000047
IDT=     000000003efa3018 00000fff
CR0=80010033 CR2=0000000000000000 CR3=000000003f801000 CR4=00000668
DR0=0000000000000000 DR1=0000000000000000 DR2=0000000000000000 DR3=0000000000000000 
DR6=00000000ffff0ff0 DR7=0000000000000400
CCS=0000000000000004 CCD=0000000000000147 CCO=EFLAGS
EFER=0000000000000d00
Servicing hardware INT=0x20
   320: v=20 e=0000 i=0 cpl=0 IP=0038:000000003e6d3862 pc=000000003e6d3862 SP=0030:000000003fe64d70 env->regs[R_EAX]=0000000000003ae2
RAX=0000000000003ae2 RBX=0000000000002710 RCX=000000000000b008 RDX=0000000000f5683b
RSI=0000000000f5a31d RDI=000000003e5b40d4 RBP=000000003fe64da0 RSP=000000003fe64d70
R8 =000000003fe64dc0 R9 =00000000000003f6 R10=0000000000000000 R11=0000000000000000
R12=000000000000c042 R13=0000000000000011 R14=000000000000c040 R15=0000000000000000
RIP=000000003e6d3862 RFL=00000206 [-----P-] CPL=0 II=0 A20=1 SMM=0 HLT=0
ES =0030 0000000000000000 ffffffff 00cf9300 DPL=0 DS   [-WA]
CS =0038 0000000000000000 ffffffff 00af9a00 DPL=0 CS64 [-R-]
SS =0030 0000000000000000 ffffffff 00cf9300 DPL=0 DS   [-WA]
DS =0030 0000000000000000 ffffffff 00cf9300 DPL=0 DS   [-WA]
FS =0030 0000000000000000 ffffffff 00cf9300 DPL=0 DS   [-WA]
GS =0030 0000000000000000 ffffffff 00cf9300 DPL=0 DS   [-WA]
LDT=0000 0000000000000000 0000ffff 00008200 DPL=0 LDT
TR =0000 0000000000000000 0000ffff 00008b00 DPL=0 TSS64-busy
GDT=     000000003f5dc000 00000047
IDT=     000000003efa3018 00000fff
CR0=80010033 CR2=0000000000000000 CR3=000000003f801000 CR4=00000668
DR0=0000000000000000 DR1=0000000000000000 DR2=0000000000000000 DR3=0000000000000000 
DR6=00000000ffff0ff0 DR7=0000000000000400
CCS=0000000000000004 CCD=0000000000003ae2 CCO=EFLAGS
EFER=0000000000000d00
Servicing hardware INT=0x20
   321: v=20 e=0000 i=0 cpl=0 IP=0038:000000003e6d3862 pc=000000003e6d3862 SP=0030:000000003fe64d70 env->regs[R_EAX]=000000000000015c
RAX=000000000000015c RBX=0000000000000064 RCX=000000000000b008 RDX=0000000000f5b056
RSI=0000000000f5b1b2 RDI=000000003e5b40d4 RBP=000000003fe64da0 RSP=000000003fe64d70
R8 =000000003fe64d8f R9 =000000000000c042 R10=0000000000000000 R11=0000000000000000
R12=000000000004baf1 R13=0000000000000011 R14=000000000000c040 R15=0000000000000000
RIP=000000003e6d3862 RFL=00000206 [-----P-] CPL=0 II=0 A20=1 SMM=0 HLT=0
ES =0030 0000000000000000 ffffffff 00cf9300 DPL=0 DS   [-WA]
CS =0038 0000000000000000 ffffffff 00af9a00 DPL=0 CS64 [-R-]
SS =0030 0000000000000000 ffffffff 00cf9300 DPL=0 DS   [-WA]
DS =0030 0000000000000000 ffffffff 00cf9300 DPL=0 DS   [-WA]
FS =0030 0000000000000000 ffffffff 00cf9300 DPL=0 DS   [-WA]
GS =0030 0000000000000000 ffffffff 00cf9300 DPL=0 DS   [-WA]
LDT=0000 0000000000000000 0000ffff 00008200 DPL=0 LDT
TR =0000 0000000000000000 0000ffff 00008b00 DPL=0 TSS64-busy
GDT=     000000003f5dc000 00000047
IDT=     000000003efa3018 00000fff
CR0=80010033 CR2=0000000000000000 CR3=000000003f801000 CR4=00000668
DR0=0000000000000000 DR1=0000000000000000 DR2=0000000000000000 DR3=0000000000000000 
DR6=00000000ffff0ff0 DR7=0000000000000400
CCS=0000000000000004 CCD=000000000000015c CCO=EFLAGS
EFER=0000000000000d00
Servicing hardware INT=0x20
   322: v=20 e=0000 i=0 cpl=0 IP=0038:000000003e6d3862 pc=000000003e6d3862 SP=0030:000000003fe64d00 env->regs[R_EAX]=00000000000004b8
RAX=00000000000004b8 RBX=0000000000000190 RCX=000000000000b008 RDX=0000000000f644b8
RSI=0000000000f64970 RDI=000000003e5b3140 RBP=000000003fe64d30 RSP=000000003fe64d00
R8 =000000003fe64d50 R9 =00000000000001f7 R10=0000000000000000 R11=0000000000000000
R12=000000000004baf1 R13=0000000000000000 R14=000000000000c0c8 R15=00000000ffffff00
RIP=000000003e6d3862 RFL=00000206 [-----P-] CPL=0 II=0 A20=1 SMM=0 HLT=0
ES =0030 0000000000000000 ffffffff 00cf9300 DPL=0 DS   [-WA]
CS =0038 0000000000000000 ffffffff 00af9a00 DPL=0 CS64 [-R-]
SS =0030 0000000000000000 ffffffff 00cf9300 DPL=0 DS   [-WA]
DS =0030 0000000000000000 ffffffff 00cf9300 DPL=0 DS   [-WA]
FS =0030 0000000000000000 ffffffff 00cf9300 DPL=0 DS   [-WA]
GS =0030 0000000000000000 ffffffff 00cf9300 DPL=0 DS   [-WA]
LDT=0000 0000000000000000 0000ffff 00008200 DPL=0 LDT
TR =0000 0000000000000000 0000ffff 00008b00 DPL=0 TSS64-busy
GDT=     000000003f5dc000 00000047
IDT=     000000003efa3018 00000fff
CR0=80010033 CR2=0000000000000000 CR3=000000003f801000 CR4=00000668
DR0=0000000000000000 DR1=0000000000000000 DR2=0000000000000000 DR3=0000000000000000 
DR6=00000000ffff0ff0 DR7=0000000000000400
CCS=0000000000000004 CCD=00000000000004b8 CCO=EFLAGS
EFER=0000000000000d00
Servicing hardware INT=0x20
   323: v=20 e=0000 i=0 cpl=0 IP=0038:000000003e6d3862 pc=000000003e6d3862 SP=0030:000000003fe64d70 env->regs[R_EAX]=0000000000000151
RAX=0000000000000151 RBX=0000000000000064 RCX=000000000000b008 RDX=0000000000f6e72a
RSI=0000000000f6e87b RDI=000000003e5b40d4 RBP=000000003fe64da0 RSP=000000003fe64d70
R8 =000000003fe64d8f R9 =000000000000c042 R10=0000000000000000 R11=0000000000000000
R12=000000000004baf1 R13=0000000000000011 R14=000000000000c040 R15=0000000000000000
RIP=000000003e6d3862 RFL=00000202 [-------] CPL=0 II=0 A20=1 SMM=0 HLT=0
ES =0030 0000000000000000 ffffffff 00cf9300 DPL=0 DS   [-WA]
CS =0038 0000000000000000 ffffffff 00af9a00 DPL=0 CS64 [-R-]
SS =0030 0000000000000000 ffffffff 00cf9300 DPL=0 DS   [-WA]
DS =0030 0000000000000000 ffffffff 00cf9300 DPL=0 DS   [-WA]
FS =0030 0000000000000000 ffffffff 00cf9300 DPL=0 DS   [-WA]
GS =0030 0000000000000000 ffffffff 00cf9300 DPL=0 DS   [-WA]
LDT=0000 0000000000000000 0000ffff 00008200 DPL=0 LDT
TR =0000 0000000000000000 0000ffff 00008b00 DPL=0 TSS64-busy
GDT=     000000003f5dc000 00000047
IDT=     000000003efa3018 00000fff
CR0=80010033 CR2=0000000000000000 CR3=000000003f801000 CR4=00000668
DR0=0000000000000000 DR1=0000000000000000 DR2=0000000000000000 DR3=0000000000000000 
DR6=00000000ffff0ff0 DR7=0000000000000400
CCS=0000000000000000 CCD=0000000000000151 CCO=EFLAGS
EFER=0000000000000d00
Servicing hardware INT=0x20
   324: v=20 e=0000 i=0 cpl=0 IP=0038:000000003e6d3862 pc=000000003e6d3862 SP=0030:000000003fe64d70 env->regs[R_EAX]=000000000000012e
RAX=000000000000012e RBX=0000000000000064 RCX=000000000000b008 RDX=0000000000f782f5
RSI=0000000000f78423 RDI=000000003e5b40d4 RBP=000000003fe64da0 RSP=000000003fe64d70
R8 =000000003fe64d8f R9 =000000000000c042 R10=0000000000000000 R11=0000000000000000
R12=000000000004baf1 R13=0000000000000011 R14=000000000000c040 R15=0000000000000000
RIP=000000003e6d3862 RFL=00000206 [-----P-] CPL=0 II=0 A20=1 SMM=0 HLT=0
ES =0030 0000000000000000 ffffffff 00cf9300 DPL=0 DS   [-WA]
CS =0038 0000000000000000 ffffffff 00af9a00 DPL=0 CS64 [-R-]
SS =0030 0000000000000000 ffffffff 00cf9300 DPL=0 DS   [-WA]
DS =0030 0000000000000000 ffffffff 00cf9300 DPL=0 DS   [-WA]
FS =0030 0000000000000000 ffffffff 00cf9300 DPL=0 DS   [-WA]
GS =0030 0000000000000000 ffffffff 00cf9300 DPL=0 DS   [-WA]
LDT=0000 0000000000000000 0000ffff 00008200 DPL=0 LDT
TR =0000 0000000000000000 0000ffff 00008b00 DPL=0 TSS64-busy
GDT=     000000003f5dc000 00000047
IDT=     000000003efa3018 00000fff
CR0=80010033 CR2=0000000000000000 CR3=000000003f801000 CR4=00000668
DR0=0000000000000000 DR1=0000000000000000 DR2=0000000000000000 DR3=0000000000000000 
DR6=00000000ffff0ff0 DR7=0000000000000400
CCS=0000000000000004 CCD=000000000000012e CCO=EFLAGS
EFER=0000000000000d00
Servicing hardware INT=0x20
   325: v=20 e=0000 i=0 cpl=0 IP=0038:000000003e6d3862 pc=000000003e6d3862 SP=0030:000000003fe64d70 env->regs[R_EAX]=00000000000007ff
RAX=00000000000007ff RBX=0000000000002710 RCX=000000000000b008 RDX=0000000000f80a95
RSI=0000000000f81294 RDI=000000003e5b40d4 RBP=000000003fe64da0 RSP=000000003fe64d70
R8 =000000003fe64dc0 R9 =00000000000003f6 R10=0000000000000000 R11=0000000000000000
R12=000000000000c042 R13=0000000000000011 R14=000000000000c040 R15=0000000000000000
RIP=000000003e6d3862 RFL=00000206 [-----P-] CPL=0 II=0 A20=1 SMM=0 HLT=0
ES =0030 0000000000000000 ffffffff 00cf9300 DPL=0 DS   [-WA]
CS =0038 0000000000000000 ffffffff 00af9a00 DPL=0 CS64 [-R-]
SS =0030 0000000000000000 ffffffff 00cf9300 DPL=0 DS   [-WA]
DS =0030 0000000000000000 ffffffff 00cf9300 DPL=0 DS   [-WA]
FS =0030 0000000000000000 ffffffff 00cf9300 DPL=0 DS   [-WA]
GS =0030 0000000000000000 ffffffff 00cf9300 DPL=0 DS   [-WA]
LDT=0000 0000000000000000 0000ffff 00008200 DPL=0 LDT
TR =0000 0000000000000000 0000ffff 00008b00 DPL=0 TSS64-busy
GDT=     000000003f5dc000 00000047
IDT=     000000003efa3018 00000fff
CR0=80010033 CR2=0000000000000000 CR3=000000003f801000 CR4=00000668
DR0=0000000000000000 DR1=0000000000000000 DR2=0000000000000000 DR3=0000000000000000 
DR6=00000000ffff0ff0 DR7=0000000000000400
CCS=0000000000000004 CCD=00000000000007ff CCO=EFLAGS
EFER=0000000000000d00
Servicing hardware INT=0x20
   326: v=20 e=0000 i=0 cpl=0 IP=0038:000000003e6d3862 pc=000000003e6d3862 SP=0030:000000003fe64d70 env->regs[R_EAX]=0000000000000152
RAX=0000000000000152 RBX=0000000000000064 RCX=000000000000b008 RDX=0000000000f8da0d
RSI=0000000000f8db5f RDI=000000003e5b40d4 RBP=000000003fe64da0 RSP=000000003fe64d70
R8 =000000003fe64d8f R9 =000000000000c042 R10=0000000000000000 R11=0000000000000000
R12=000000000004baf1 R13=0000000000000011 R14=000000000000c040 R15=0000000000000000
RIP=000000003e6d3862 RFL=00000202 [-------] CPL=0 II=0 A20=1 SMM=0 HLT=0
ES =0030 0000000000000000 ffffffff 00cf9300 DPL=0 DS   [-WA]
CS =0038 0000000000000000 ffffffff 00af9a00 DPL=0 CS64 [-R-]
SS =0030 0000000000000000 ffffffff 00cf9300 DPL=0 DS   [-WA]
DS =0030 0000000000000000 ffffffff 00cf9300 DPL=0 DS   [-WA]
FS =0030 0000000000000000 ffffffff 00cf9300 DPL=0 DS   [-WA]
GS =0030 0000000000000000 ffffffff 00cf9300 DPL=0 DS   [-WA]
LDT=0000 0000000000000000 0000ffff 00008200 DPL=0 LDT
TR =0000 0000000000000000 0000ffff 00008b00 DPL=0 TSS64-busy
GDT=     000000003f5dc000 00000047
IDT=     000000003efa3018 00000fff
CR0=80010033 CR2=0000000000000000 CR3=000000003f801000 CR4=00000668
DR0=0000000000000000 DR1=0000000000000000 DR2=0000000000000000 DR3=0000000000000000 
DR6=00000000ffff0ff0 DR7=0000000000000400
CCS=0000000000000000 CCD=0000000000000152 CCO=EFLAGS
EFER=0000000000000d00
Servicing hardware INT=0x20
   327: v=20 e=0000 i=0 cpl=0 IP=0038:000000003e6d3862 pc=000000003e6d3862 SP=0030:000000003fe64d70 env->regs[R_EAX]=0000000000000132
RAX=0000000000000132 RBX=0000000000000064 RCX=000000000000b008 RDX=0000000000f977ff
RSI=0000000000f97931 RDI=000000003e5b40d4 RBP=000000003fe64da0 RSP=000000003fe64d70
R8 =000000003fe64d8f R9 =000000000000c042 R10=0000000000000000 R11=0000000000000000
R12=000000000004baf1 R13=0000000000000011 R14=000000000000c040 R15=0000000000000000
RIP=000000003e6d3862 RFL=00000202 [-------] CPL=0 II=0 A20=1 SMM=0 HLT=0
ES =0030 0000000000000000 ffffffff 00cf9300 DPL=0 DS   [-WA]
CS =0038 0000000000000000 ffffffff 00af9a00 DPL=0 CS64 [-R-]
SS =0030 0000000000000000 ffffffff 00cf9300 DPL=0 DS   [-WA]
DS =0030 0000000000000000 ffffffff 00cf9300 DPL=0 DS   [-WA]
FS =0030 0000000000000000 ffffffff 00cf9300 DPL=0 DS   [-WA]
GS =0030 0000000000000000 ffffffff 00cf9300 DPL=0 DS   [-WA]
LDT=0000 0000000000000000 0000ffff 00008200 DPL=0 LDT
TR =0000 0000000000000000 0000ffff 00008b00 DPL=0 TSS64-busy
GDT=     000000003f5dc000 00000047
IDT=     000000003efa3018 00000fff
CR0=80010033 CR2=0000000000000000 CR3=000000003f801000 CR4=00000668
DR0=0000000000000000 DR1=0000000000000000 DR2=0000000000000000 DR3=0000000000000000 
DR6=00000000ffff0ff0 DR7=0000000000000400
CCS=0000000000000000 CCD=0000000000000132 CCO=EFLAGS
EFER=0000000000000d00
Servicing hardware INT=0x20
   328: v=20 e=0000 i=0 cpl=0 IP=0038:000000003e6d3862 pc=000000003e6d3862 SP=0030:000000003fe64d70 env->regs[R_EAX]=00000000000000eb
RAX=00000000000000eb RBX=0000000000000064 RCX=000000000000b008 RDX=0000000000fa15d3
RSI=0000000000fa16be RDI=000000003e5b40d4 RBP=000000003fe64da0 RSP=000000003fe64d70
R8 =000000003fe64d8f R9 =000000000000c042 R10=0000000000000000 R11=0000000000000000
R12=000000000004baf1 R13=0000000000000011 R14=000000000000c040 R15=0000000000000000
RIP=000000003e6d3862 RFL=00000206 [-----P-] CPL=0 II=0 A20=1 SMM=0 HLT=0
ES =0030 0000000000000000 ffffffff 00cf9300 DPL=0 DS   [-WA]
CS =0038 0000000000000000 ffffffff 00af9a00 DPL=0 CS64 [-R-]
SS =0030 0000000000000000 ffffffff 00cf9300 DPL=0 DS   [-WA]
DS =0030 0000000000000000 ffffffff 00cf9300 DPL=0 DS   [-WA]
FS =0030 0000000000000000 ffffffff 00cf9300 DPL=0 DS   [-WA]
GS =0030 0000000000000000 ffffffff 00cf9300 DPL=0 DS   [-WA]
LDT=0000 0000000000000000 0000ffff 00008200 DPL=0 LDT
TR =0000 0000000000000000 0000ffff 00008b00 DPL=0 TSS64-busy
GDT=     000000003f5dc000 00000047
IDT=     000000003efa3018 00000fff
CR0=80010033 CR2=0000000000000000 CR3=000000003f801000 CR4=00000668
DR0=0000000000000000 DR1=0000000000000000 DR2=0000000000000000 DR3=0000000000000000 
DR6=00000000ffff0ff0 DR7=0000000000000400
CCS=0000000000000004 CCD=00000000000000eb CCO=EFLAGS
EFER=0000000000000d00
Servicing hardware INT=0x20
   329: v=20 e=0000 i=0 cpl=0 IP=0038:000000003e6d3862 pc=000000003e6d3862 SP=0030:000000003fe64d70 env->regs[R_EAX]=0000000000000148
RAX=0000000000000148 RBX=0000000000002710 RCX=000000000000b008 RDX=0000000000faa33a
RSI=0000000000faa482 RDI=000000003e5b40d4 RBP=000000003fe64da0 RSP=000000003fe64d70
R8 =000000003fe64dc0 R9 =00000000000003f6 R10=0000000000000000 R11=0000000000000000
R12=000000000000c042 R13=0000000000000011 R14=000000000000c040 R15=0000000000000000
RIP=000000003e6d3862 RFL=00000206 [-----P-] CPL=0 II=0 A20=1 SMM=0 HLT=0
ES =0030 0000000000000000 ffffffff 00cf9300 DPL=0 DS   [-WA]
CS =0038 0000000000000000 ffffffff 00af9a00 DPL=0 CS64 [-R-]
SS =0030 0000000000000000 ffffffff 00cf9300 DPL=0 DS   [-WA]
DS =0030 0000000000000000 ffffffff 00cf9300 DPL=0 DS   [-WA]
FS =0030 0000000000000000 ffffffff 00cf9300 DPL=0 DS   [-WA]
GS =0030 0000000000000000 ffffffff 00cf9300 DPL=0 DS   [-WA]
LDT=0000 0000000000000000 0000ffff 00008200 DPL=0 LDT
TR =0000 0000000000000000 0000ffff 00008b00 DPL=0 TSS64-busy
GDT=     000000003f5dc000 00000047
IDT=     000000003efa3018 00000fff
CR0=80010033 CR2=0000000000000000 CR3=000000003f801000 CR4=00000668
DR0=0000000000000000 DR1=0000000000000000 DR2=0000000000000000 DR3=0000000000000000 
DR6=00000000ffff0ff0 DR7=0000000000000400
CCS=0000000000000004 CCD=0000000000000148 CCO=EFLAGS
EFER=0000000000000d00
Servicing hardware INT=0x20
   330: v=20 e=0000 i=0 cpl=0 IP=0038:000000003e6d3862 pc=000000003e6d3862 SP=0030:000000003fe64d70 env->regs[R_EAX]=00000000000000d9
RAX=00000000000000d9 RBX=0000000000000064 RCX=000000000000b008 RDX=0000000000fb4f52
RSI=0000000000fb502b RDI=000000003e5b40d4 RBP=000000003fe64da0 RSP=000000003fe64d70
R8 =000000003fe64d8f R9 =000000000000c042 R10=0000000000000000 R11=0000000000000000
R12=000000000004baf1 R13=0000000000000011 R14=000000000000c040 R15=0000000000000000
RIP=000000003e6d3862 RFL=00000202 [-------] CPL=0 II=0 A20=1 SMM=0 HLT=0
ES =0030 0000000000000000 ffffffff 00cf9300 DPL=0 DS   [-WA]
CS =0038 0000000000000000 ffffffff 00af9a00 DPL=0 CS64 [-R-]
SS =0030 0000000000000000 ffffffff 00cf9300 DPL=0 DS   [-WA]
DS =0030 0000000000000000 ffffffff 00cf9300 DPL=0 DS   [-WA]
FS =0030 0000000000000000 ffffffff 00cf9300 DPL=0 DS   [-WA]
GS =0030 0000000000000000 ffffffff 00cf9300 DPL=0 DS   [-WA]
LDT=0000 0000000000000000 0000ffff 00008200 DPL=0 LDT
TR =0000 0000000000000000 0000ffff 00008b00 DPL=0 TSS64-busy
GDT=     000000003f5dc000 00000047
IDT=     000000003efa3018 00000fff
CR0=80010033 CR2=0000000000000000 CR3=000000003f801000 CR4=00000668
DR0=0000000000000000 DR1=0000000000000000 DR2=0000000000000000 DR3=0000000000000000 
DR6=00000000ffff0ff0 DR7=0000000000000400
CCS=0000000000000000 CCD=00000000000000d9 CCO=EFLAGS
EFER=0000000000000d00
Servicing hardware INT=0x20
   331: v=20 e=0000 i=0 cpl=0 IP=0038:000000003e6d3862 pc=000000003e6d3862 SP=0030:000000003fe64d70 env->regs[R_EAX]=00000000000000e8
RAX=00000000000000e8 RBX=0000000000000064 RCX=000000000000b008 RDX=0000000000fbec15
RSI=0000000000fbecfd RDI=000000003e5b40d4 RBP=000000003fe64da0 RSP=000000003fe64d70
R8 =000000003fe64d8f R9 =000000000000c042 R10=0000000000000000 R11=0000000000000000
R12=000000000004baf1 R13=0000000000000011 R14=000000000000c040 R15=0000000000000000
RIP=000000003e6d3862 RFL=00000206 [-----P-] CPL=0 II=0 A20=1 SMM=0 HLT=0
ES =0030 0000000000000000 ffffffff 00cf9300 DPL=0 DS   [-WA]
CS =0038 0000000000000000 ffffffff 00af9a00 DPL=0 CS64 [-R-]
SS =0030 0000000000000000 ffffffff 00cf9300 DPL=0 DS   [-WA]
DS =0030 0000000000000000 ffffffff 00cf9300 DPL=0 DS   [-WA]
FS =0030 0000000000000000 ffffffff 00cf9300 DPL=0 DS   [-WA]
GS =0030 0000000000000000 ffffffff 00cf9300 DPL=0 DS   [-WA]
LDT=0000 0000000000000000 0000ffff 00008200 DPL=0 LDT
TR =0000 0000000000000000 0000ffff 00008b00 DPL=0 TSS64-busy
GDT=     000000003f5dc000 00000047
IDT=     000000003efa3018 00000fff
CR0=80010033 CR2=0000000000000000 CR3=000000003f801000 CR4=00000668
DR0=0000000000000000 DR1=0000000000000000 DR2=0000000000000000 DR3=0000000000000000 
DR6=00000000ffff0ff0 DR7=0000000000000400
CCS=0000000000000004 CCD=00000000000000e8 CCO=EFLAGS
EFER=0000000000000d00
Servicing hardware INT=0x20
   332: v=20 e=0000 i=0 cpl=0 IP=0038:000000003e6d3862 pc=000000003e6d3862 SP=0030:000000003fe64d70 env->regs[R_EAX]=0000000000001af0
RAX=0000000000001af0 RBX=0000000000002710 RCX=000000000000b008 RDX=0000000000fc5fb8
RSI=0000000000fc7aa8 RDI=000000003e5b40d4 RBP=000000003fe64da0 RSP=000000003fe64d70
R8 =000000003fe64dc0 R9 =00000000000003f6 R10=0000000000000000 R11=0000000000000000
R12=000000000000c042 R13=0000000000000011 R14=000000000000c040 R15=0000000000000000
RIP=000000003e6d3862 RFL=00000206 [-----P-] CPL=0 II=0 A20=1 SMM=0 HLT=0
ES =0030 0000000000000000 ffffffff 00cf9300 DPL=0 DS   [-WA]
CS =0038 0000000000000000 ffffffff 00af9a00 DPL=0 CS64 [-R-]
SS =0030 0000000000000000 ffffffff 00cf9300 DPL=0 DS   [-WA]
DS =0030 0000000000000000 ffffffff 00cf9300 DPL=0 DS   [-WA]
FS =0030 0000000000000000 ffffffff 00cf9300 DPL=0 DS   [-WA]
GS =0030 0000000000000000 ffffffff 00cf9300 DPL=0 DS   [-WA]
LDT=0000 0000000000000000 0000ffff 00008200 DPL=0 LDT
TR =0000 0000000000000000 0000ffff 00008b00 DPL=0 TSS64-busy
GDT=     000000003f5dc000 00000047
IDT=     000000003efa3018 00000fff
CR0=80010033 CR2=0000000000000000 CR3=000000003f801000 CR4=00000668
DR0=0000000000000000 DR1=0000000000000000 DR2=0000000000000000 DR3=0000000000000000 
DR6=00000000ffff0ff0 DR7=0000000000000400
CCS=0000000000000004 CCD=0000000000001af0 CCO=EFLAGS
EFER=0000000000000d00
Servicing hardware INT=0x20
   333: v=20 e=0000 i=0 cpl=0 IP=0038:000000003e6d3862 pc=000000003e6d3862 SP=0030:000000003fe64d70 env->regs[R_EAX]=0000000000000154
RAX=0000000000000154 RBX=0000000000000064 RCX=000000000000b008 RDX=0000000000fd2329
RSI=0000000000fd247d RDI=000000003e5b40d4 RBP=000000003fe64da0 RSP=000000003fe64d70
R8 =000000003fe64d8f R9 =000000000000c042 R10=0000000000000000 R11=0000000000000000
R12=000000000004baf1 R13=0000000000000011 R14=000000000000c040 R15=0000000000000000
RIP=000000003e6d3862 RFL=00000202 [-------] CPL=0 II=0 A20=1 SMM=0 HLT=0
ES =0030 0000000000000000 ffffffff 00cf9300 DPL=0 DS   [-WA]
CS =0038 0000000000000000 ffffffff 00af9a00 DPL=0 CS64 [-R-]
SS =0030 0000000000000000 ffffffff 00cf9300 DPL=0 DS   [-WA]
DS =0030 0000000000000000 ffffffff 00cf9300 DPL=0 DS   [-WA]
FS =0030 0000000000000000 ffffffff 00cf9300 DPL=0 DS   [-WA]
GS =0030 0000000000000000 ffffffff 00cf9300 DPL=0 DS   [-WA]
LDT=0000 0000000000000000 0000ffff 00008200 DPL=0 LDT
TR =0000 0000000000000000 0000ffff 00008b00 DPL=0 TSS64-busy
GDT=     000000003f5dc000 00000047
IDT=     000000003efa3018 00000fff
CR0=80010033 CR2=0000000000000000 CR3=000000003f801000 CR4=00000668
DR0=0000000000000000 DR1=0000000000000000 DR2=0000000000000000 DR3=0000000000000000 
DR6=00000000ffff0ff0 DR7=0000000000000400
CCS=0000000000000000 CCD=0000000000000154 CCO=EFLAGS
EFER=0000000000000d00
Servicing hardware INT=0x20
   334: v=20 e=0000 i=0 cpl=0 IP=0038:000000003e6d3862 pc=000000003e6d3862 SP=0030:000000003fe64d70 env->regs[R_EAX]=00000000000000e4
RAX=00000000000000e4 RBX=0000000000000064 RCX=000000000000b008 RDX=0000000000fdc01e
RSI=0000000000fdc102 RDI=000000003e5b40d4 RBP=000000003fe64da0 RSP=000000003fe64d70
R8 =000000003fe64d8f R9 =000000000000c042 R10=0000000000000000 R11=0000000000000000
R12=000000000004baf1 R13=0000000000000011 R14=000000000000c040 R15=0000000000000000
RIP=000000003e6d3862 RFL=00000206 [-----P-] CPL=0 II=0 A20=1 SMM=0 HLT=0
ES =0030 0000000000000000 ffffffff 00cf9300 DPL=0 DS   [-WA]
CS =0038 0000000000000000 ffffffff 00af9a00 DPL=0 CS64 [-R-]
SS =0030 0000000000000000 ffffffff 00cf9300 DPL=0 DS   [-WA]
DS =0030 0000000000000000 ffffffff 00cf9300 DPL=0 DS   [-WA]
FS =0030 0000000000000000 ffffffff 00cf9300 DPL=0 DS   [-WA]
GS =0030 0000000000000000 ffffffff 00cf9300 DPL=0 DS   [-WA]
LDT=0000 0000000000000000 0000ffff 00008200 DPL=0 LDT
TR =0000 0000000000000000 0000ffff 00008b00 DPL=0 TSS64-busy
GDT=     000000003f5dc000 00000047
IDT=     000000003efa3018 00000fff
CR0=80010033 CR2=0000000000000000 CR3=000000003f801000 CR4=00000668
DR0=0000000000000000 DR1=0000000000000000 DR2=0000000000000000 DR3=0000000000000000 
DR6=00000000ffff0ff0 DR7=0000000000000400
CCS=0000000000000004 CCD=00000000000000e4 CCO=EFLAGS
EFER=0000000000000d00
Servicing hardware INT=0x20
   335: v=20 e=0000 i=0 cpl=0 IP=0038:000000003e6d3862 pc=000000003e6d3862 SP=0030:000000003fe64d70 env->regs[R_EAX]=0000000000003085
RAX=0000000000003085 RBX=0000000000002710 RCX=000000000000b008 RDX=0000000000fe1e71
RSI=0000000000fe4ef6 RDI=000000003e5b40d4 RBP=000000003fe64da0 RSP=000000003fe64d70
R8 =000000003fe64dc0 R9 =00000000000003f6 R10=0000000000000000 R11=0000000000000000
R12=000000000000c042 R13=0000000000000011 R14=000000000000c040 R15=0000000000000000
RIP=000000003e6d3862 RFL=00000202 [-------] CPL=0 II=0 A20=1 SMM=0 HLT=0
ES =0030 0000000000000000 ffffffff 00cf9300 DPL=0 DS   [-WA]
CS =0038 0000000000000000 ffffffff 00af9a00 DPL=0 CS64 [-R-]
SS =0030 0000000000000000 ffffffff 00cf9300 DPL=0 DS   [-WA]
DS =0030 0000000000000000 ffffffff 00cf9300 DPL=0 DS   [-WA]
FS =0030 0000000000000000 ffffffff 00cf9300 DPL=0 DS   [-WA]
GS =0030 0000000000000000 ffffffff 00cf9300 DPL=0 DS   [-WA]
LDT=0000 0000000000000000 0000ffff 00008200 DPL=0 LDT
TR =0000 0000000000000000 0000ffff 00008b00 DPL=0 TSS64-busy
GDT=     000000003f5dc000 00000047
IDT=     000000003efa3018 00000fff
CR0=80010033 CR2=0000000000000000 CR3=000000003f801000 CR4=00000668
DR0=0000000000000000 DR1=0000000000000000 DR2=0000000000000000 DR3=0000000000000000 
DR6=00000000ffff0ff0 DR7=0000000000000400
CCS=0000000000000000 CCD=0000000000003085 CCO=EFLAGS
EFER=0000000000000d00
Servicing hardware INT=0x20
   336: v=20 e=0000 i=0 cpl=0 IP=0038:000000003e6d3862 pc=000000003e6d3862 SP=0030:000000003fe64ca0 env->regs[R_EAX]=00000000000000de
RAX=00000000000000de RBX=0000000000000064 RCX=000000000000b008 RDX=0000000000fef563
RSI=0000000000fef641 RDI=000000003e5b40d4 RBP=000000003fe64cd0 RSP=000000003fe64ca0
R8 =000000003fe64cbf R9 =000000000000c042 R10=0000000000000000 R11=0000000000000000
R12=000000000004baf1 R13=0000000000000011 R14=000000000000c040 R15=0000000000000000
RIP=000000003e6d3862 RFL=00000206 [-----P-] CPL=0 II=0 A20=1 SMM=0 HLT=0
ES =0030 0000000000000000 ffffffff 00cf9300 DPL=0 DS   [-WA]
CS =0038 0000000000000000 ffffffff 00af9a00 DPL=0 CS64 [-R-]
SS =0030 0000000000000000 ffffffff 00cf9300 DPL=0 DS   [-WA]
DS =0030 0000000000000000 ffffffff 00cf9300 DPL=0 DS   [-WA]
FS =0030 0000000000000000 ffffffff 00cf9300 DPL=0 DS   [-WA]
GS =0030 0000000000000000 ffffffff 00cf9300 DPL=0 DS   [-WA]
LDT=0000 0000000000000000 0000ffff 00008200 DPL=0 LDT
TR =0000 0000000000000000 0000ffff 00008b00 DPL=0 TSS64-busy
GDT=     000000003f5dc000 00000047
IDT=     000000003efa3018 00000fff
CR0=80010033 CR2=0000000000000000 CR3=000000003f801000 CR4=00000668
DR0=0000000000000000 DR1=0000000000000000 DR2=0000000000000000 DR3=0000000000000000 
DR6=00000000ffff0ff0 DR7=0000000000000400
CCS=0000000000000004 CCD=00000000000000de CCO=EFLAGS
EFER=0000000000000d00
Servicing hardware INT=0x20
   337: v=20 e=0000 i=0 cpl=0 IP=0038:000000003eb29b60 pc=000000003eb29b60 SP=0030:000000003fe64948 env->regs[R_EAX]=000000003fe649df
RAX=000000003fe649df RBX=000000003de510c8 RCX=000000003fe649ca RDX=000000003e72d16a
RSI=0000000000000061 RDI=00000000000000f2 RBP=000000003fe64a40 RSP=000000003fe64948
R8 =0000000000000016 R9 =000000000000000f R10=000000003e7a1218 R11=000000003e7a1a98
R12=000000003de51cf4 R13=000000003e6602ae R14=000000003e7a1ab8 R15=000000003e7a1228
RIP=000000003eb29b60 RFL=00000202 [-------] CPL=0 II=0 A20=1 SMM=0 HLT=0
ES =0030 0000000000000000 ffffffff 00cf9300 DPL=0 DS   [-WA]
CS =0038 0000000000000000 ffffffff 00af9a00 DPL=0 CS64 [-R-]
SS =0030 0000000000000000 ffffffff 00cf9300 DPL=0 DS   [-WA]
DS =0030 0000000000000000 ffffffff 00cf9300 DPL=0 DS   [-WA]
FS =0030 0000000000000000 ffffffff 00cf9300 DPL=0 DS   [-WA]
GS =0030 0000000000000000 ffffffff 00cf9300 DPL=0 DS   [-WA]
LDT=0000 0000000000000000 0000ffff 00008200 DPL=0 LDT
TR =0000 0000000000000000 0000ffff 00008b00 DPL=0 TSS64-busy
GDT=     000000003f5dc000 00000047
IDT=     000000003efa3018 00000fff
CR0=80010033 CR2=0000000000000000 CR3=000000003f801000 CR4=00000668
DR0=0000000000000000 DR1=0000000000000000 DR2=0000000000000000 DR3=0000000000000000 
DR6=00000000ffff0ff0 DR7=0000000000000400
CCS=0000000000000000 CCD=000000003fe64920 CCO=EFLAGS
EFER=0000000000000d00
Servicing hardware INT=0x20
   338: v=20 e=0000 i=0 cpl=0 IP=0038:000000003e6ba9b6 pc=000000003e6ba9b6 SP=0030:000000003fe64ba0 env->regs[R_EAX]=0000000000000020
RAX=0000000000000020 RBX=000000003e639318 RCX=00000000000003fd RDX=00000000000003f8
RSI=0000000000000000 RDI=000000003e639318 RBP=000000003fe64bb0 RSP=000000003fe64ba0
R8 =000000000000000a R9 =00000000000003f8 R10=000000003de4f358 R11=000000000000001e
R12=0000000000000020 R13=0000000000000000 R14=000000003fe64bdf R15=0000000000000000
RIP=000000003e6ba9b6 RFL=00000293 [--S-A-C] CPL=0 II=0 A20=1 SMM=0 HLT=0
ES =0030 0000000000000000 ffffffff 00cf9300 DPL=0 DS   [-WA]
CS =0038 0000000000000000 ffffffff 00af9a00 DPL=0 CS64 [-R-]
SS =0030 0000000000000000 ffffffff 00cf9300 DPL=0 DS   [-WA]
DS =0030 0000000000000000 ffffffff 00cf9300 DPL=0 DS   [-WA]
FS =0030 0000000000000000 ffffffff 00cf9300 DPL=0 DS   [-WA]
GS =0030 0000000000000000 ffffffff 00cf9300 DPL=0 DS   [-WA]
LDT=0000 0000000000000000 0000ffff 00008200 DPL=0 LDT
TR =0000 0000000000000000 0000ffff 00008b00 DPL=0 TSS64-busy
GDT=     000000003f5dc000 00000047
IDT=     000000003efa3018 00000fff
CR0=80010033 CR2=0000000000000000 CR3=000000003f801000 CR4=00000668
DR0=0000000000000000 DR1=0000000000000000 DR2=0000000000000000 DR3=0000000000000000 
DR6=00000000ffff0ff0 DR7=0000000000000400
CCS=0000000000000091 CCD=fffffffffffffffe CCO=EFLAGS
EFER=0000000000000d00
Servicing hardware INT=0x20
   339: v=20 e=0000 i=0 cpl=0 IP=0038:000000003de3c519 pc=000000003de3c519 SP=0030:000000003fe65660 env->regs[R_EAX]=0000000000000000
RAX=0000000000000000 RBX=0000000000000000 RCX=0000000000e40001 RDX=0000000000000000
RSI=0000000000000000 RDI=000000003cfb2fff RBP=000000003fe65770 RSP=000000003fe65660
R8 =0000000001000000 R9 =000000003cdf3000 R10=000000003fe7285c R11=0000000000000000
R12=0000000000001000 R13=0000000081040000 R14=0000000000000000 R15=000000003f5ec018
RIP=000000003de3c519 RFL=00010206 [-----P-] CPL=0 II=0 A20=1 SMM=0 HLT=0
ES =0030 0000000000000000 ffffffff 00cf9300 DPL=0 DS   [-WA]
CS =0038 0000000000000000 ffffffff 00af9a00 DPL=0 CS64 [-R-]
SS =0030 0000000000000000 ffffffff 00cf9300 DPL=0 DS   [-WA]
DS =0030 0000000000000000 ffffffff 00cf9300 DPL=0 DS   [-WA]
FS =0030 0000000000000000 ffffffff 00cf9300 DPL=0 DS   [-WA]
GS =0030 0000000000000000 ffffffff 00cf9300 DPL=0 DS   [-WA]
LDT=0000 0000000000000000 0000ffff 00008200 DPL=0 LDT
TR =0000 0000000000000000 0000ffff 00008b00 DPL=0 TSS64-busy
GDT=     000000003f5dc000 00000047
IDT=     000000003efa3018 00000fff
CR0=80010033 CR2=0000000000000000 CR3=000000003f801000 CR4=00000668
DR0=0000000000000000 DR1=0000000000000000 DR2=0000000000000000 DR3=0000000000000000 
DR6=00000000ffff0ff0 DR7=0000000000000400
CCS=0000000000000004 CCD=0000000001000000 CCO=EFLAGS
EFER=0000000000000d00
Servicing hardware INT=0x20
   340: v=20 e=0000 i=0 cpl=0 IP=0038:000000003de3c519 pc=000000003de3c519 SP=0030:000000003fe65660 env->regs[R_EAX]=0000000000000000
RAX=0000000000000000 RBX=0000000000000000 RCX=0000000000510001 RDX=0000000000000000
RSI=0000000000000000 RDI=000000003d8e2fff RBP=000000003fe65770 RSP=000000003fe65660
R8 =0000000001000000 R9 =000000003cdf3000 R10=000000003fe7285c R11=0000000000000000
R12=0000000000001000 R13=0000000081040000 R14=0000000000000000 R15=000000003f5ec018
RIP=000000003de3c519 RFL=00010206 [-----P-] CPL=0 II=0 A20=1 SMM=0 HLT=0
ES =0030 0000000000000000 ffffffff 00cf9300 DPL=0 DS   [-WA]
CS =0038 0000000000000000 ffffffff 00af9a00 DPL=0 CS64 [-R-]
SS =0030 0000000000000000 ffffffff 00cf9300 DPL=0 DS   [-WA]
DS =0030 0000000000000000 ffffffff 00cf9300 DPL=0 DS   [-WA]
FS =0030 0000000000000000 ffffffff 00cf9300 DPL=0 DS   [-WA]
GS =0030 0000000000000000 ffffffff 00cf9300 DPL=0 DS   [-WA]
LDT=0000 0000000000000000 0000ffff 00008200 DPL=0 LDT
TR =0000 0000000000000000 0000ffff 00008b00 DPL=0 TSS64-busy
GDT=     000000003f5dc000 00000047
IDT=     000000003efa3018 00000fff
CR0=80010033 CR2=0000000000000000 CR3=000000003f801000 CR4=00000668
DR0=0000000000000000 DR1=0000000000000000 DR2=0000000000000000 DR3=0000000000000000 
DR6=00000000ffff0ff0 DR7=0000000000000400
CCS=0000000000000004 CCD=0000000000000000 CCO=EFLAGS
EFER=0000000000000d00
Servicing hardware INT=0x20
   341: v=20 e=0000 i=0 cpl=0 IP=0038:000000003eb1d801 pc=000000003eb1d801 SP=0030:000000003fe64998 env->regs[R_EAX]=000000003e72d020
RAX=000000003e72d020 RBX=000000003de50168 RCX=000000003fe64a1a RDX=000000003e72d272
RSI=000000000000007a RDI=00000000000000f2 RBP=000000003fe64a90 RSP=000000003fe64998
R8 =0000000000000016 R9 =000000000000001b R10=000000003e7a1218 R11=000000003e7a1a98
R12=000000003de50ebc R13=000000003de50fc2 R14=000000003e7a1ab8 R15=000000003e7a1228
RIP=000000003eb1d801 RFL=00000206 [-----P-] CPL=0 II=0 A20=1 SMM=0 HLT=0
ES =0030 0000000000000000 ffffffff 00cf9300 DPL=0 DS   [-WA]
CS =0038 0000000000000000 ffffffff 00af9a00 DPL=0 CS64 [-R-]
SS =0030 0000000000000000 ffffffff 00cf9300 DPL=0 DS   [-WA]
DS =0030 0000000000000000 ffffffff 00cf9300 DPL=0 DS   [-WA]
FS =0030 0000000000000000 ffffffff 00cf9300 DPL=0 DS   [-WA]
GS =0030 0000000000000000 ffffffff 00cf9300 DPL=0 DS   [-WA]
LDT=0000 0000000000000000 0000ffff 00008200 DPL=0 LDT
TR =0000 0000000000000000 0000ffff 00008b00 DPL=0 TSS64-busy
GDT=     000000003f5dc000 00000047
IDT=     000000003efa3018 00000fff
CR0=80010033 CR2=0000000000000000 CR3=000000003f801000 CR4=00000668
DR0=0000000000000000 DR1=0000000000000000 DR2=0000000000000000 DR3=0000000000000000 
DR6=00000000ffff0ff0 DR7=0000000000000400
CCS=0000000000000004 CCD=000000003e72d272 CCO=EFLAGS
EFER=0000000000000d00
Servicing hardware INT=0x20
   342: v=20 e=0000 i=0 cpl=0 IP=0038:000000003fe7060b pc=000000003fe7060b SP=0030:000000003fe65410 env->regs[R_EAX]=000000003fe8ab30
RAX=000000003fe8ab30 RBX=000000003cdcb000 RCX=000000003df47000 RDX=000000003df47fff
RSI=000000003de33000 RDI=000000003f7ff740 RBP=000000003fe65450 RSP=000000003fe65410
R8 =000000003cdcb000 R9 =000000003cdcbfff R10=000000003fe7285c R11=0000000000000000
R12=000000003de32fff R13=0000000000000002 R14=000000000002600f R15=000000003ea12d48
RIP=000000003fe7060b RFL=00000206 [-----P-] CPL=0 II=0 A20=1 SMM=0 HLT=0
ES =0030 0000000000000000 ffffffff 00cf9300 DPL=0 DS   [-WA]
CS =0038 0000000000000000 ffffffff 00af9a00 DPL=0 CS64 [-R-]
SS =0030 0000000000000000 ffffffff 00cf9300 DPL=0 DS   [-WA]
DS =0030 0000000000000000 ffffffff 00cf9300 DPL=0 DS   [-WA]
FS =0030 0000000000000000 ffffffff 00cf9300 DPL=0 DS   [-WA]
GS =0030 0000000000000000 ffffffff 00cf9300 DPL=0 DS   [-WA]
LDT=0000 0000000000000000 0000ffff 00008200 DPL=0 LDT
TR =0000 0000000000000000 0000ffff 00008b00 DPL=0 TSS64-busy
GDT=     000000003f5dc000 00000047
IDT=     000000003efa3018 00000fff
CR0=80010033 CR2=0000000000000000 CR3=000000003f801000 CR4=00000668
DR0=0000000000000000 DR1=0000000000000000 DR2=0000000000000000 DR3=0000000000000000 
DR6=00000000ffff0ff0 DR7=0000000000000400
CCS=0000000000000004 CCD=0000000000000005 CCO=EFLAGS
EFER=0000000000000d00
Servicing hardware INT=0x20
   343: v=20 e=0000 i=0 cpl=0 IP=0008:00000000001a9309 pc=00000000001a9309 SP=0010:0000000004e87ba0 env->regs[R_EAX]=00000000002b5120
RAX=00000000002b5120 RBX=00000000100e7000 RCX=00000000002b5000 RDX=000000000037f000
RSI=0000000000000002 RDI=0000000010000000 RBP=00000000003e6070 RSP=0000000004e87ba0
R8 =0000000004e87c58 R9 =000000001025f000 R10=00000000000499fc R11=0000000004e87c50
R12=000000001025f000 R13=0000000000000008 R14=0000000000000004 R15=00000000002b5040
RIP=00000000001a9309 RFL=00000287 [--S--PC] CPL=0 II=0 A20=1 SMM=0 HLT=0
ES =0010 0000000000000000 000fffff 000f9300 DPL=0 DS   [-WA]
CS =0008 0000000000000000 000fffff 002f9a00 DPL=0 CS64 [-R-]
SS =0010 0000000000000000 000fffff 000f9300 DPL=0 DS   [-WA]
DS =0010 0000000000000000 000fffff 000f9300 DPL=0 DS   [-WA]
FS =0010 0000000000000000 000fffff 000f9300 DPL=0 DS   [-WA]
GS =0010 0000000000000000 000fffff 000f9300 DPL=0 DS   [-WA]
LDT=0000 0000000000000000 0000ffff 00008200 DPL=0 LDT
TR =0000 0000000000000000 0000ffff 00008b00 DPL=0 TSS64-busy
GDT=     00000000036eecf0 00000017
IDT=     00000000036edce0 00000fff
CR0=80010033 CR2=0000000000000000 CR3=000000003de50000 CR4=00000668
DR0=0000000000000000 DR1=0000000000000000 DR2=0000000000000000 DR3=0000000000000000 
DR6=00000000ffff0ff0 DR7=0000000000000400
CCS=0000000000053400 CCD=ffffffffffff65fc CCO=SUBQ
EFER=0000000000000d00
Servicing hardware INT=0x20
   344: v=20 e=0000 i=0 cpl=0 IP=0008:0000000010046865 pc=0000000010046865 SP=0010:0000000004e87a30 env->regs[R_EAX]=0000000000000000
RAX=0000000000000000 RBX=0000000000000000 RCX=ffffffffffffffff RDX=0000000000001000
RSI=0000000000012a80 RDI=0000000000100000 RBP=0000000104000000 RSP=0000000004e87a30
R8 =fffffffffff00000 R9 =0000000100000000 R10=0000000103e00040 R11=000000001013b4a0
R12=0000000000000000 R13=0000000000000000 R14=0000000100000000 R15=0000000000000000
RIP=0000000010046865 RFL=00000286 [--S--P-] CPL=0 II=0 A20=1 SMM=0 HLT=0
ES =0010 0000000000000000 000fffff 000f9300 DPL=0 DS   [-WA]
CS =0008 0000000000000000 000fffff 002f9a00 DPL=0 CS64 [-R-]
SS =0010 0000000000000000 000fffff 000f9300 DPL=0 DS   [-WA]
DS =0010 0000000000000000 000fffff 000f9300 DPL=0 DS   [-WA]
FS =0010 0000000000000000 000fffff 000f9300 DPL=0 DS   [-WA]
GS =0010 0000000000000000 000fffff 000f9300 DPL=0 DS   [-WA]
LDT=0000 0000000000000000 0000ffff 00008200 DPL=0 LDT
TR =0000 0000000000000000 0000ffff 00008b00 DPL=0 TSS64-busy
GDT=     00000000036eecf0 00000017
IDT=     00000000036edce0 00000fff
CR0=80010033 CR2=0000000000000000 CR3=000000003de50000 CR4=00000668
DR0=0000000000000000 DR1=0000000000000000 DR2=0000000000000000 DR3=0000000000000000 
DR6=00000000ffff0ff0 DR7=0000000000000400
CCS=0000000000000084 CCD=ffffffffffff8000 CCO=EFLAGS
EFER=0000000000000d00
Servicing hardware INT=0x20
   345: v=20 e=0000 i=0 cpl=0 IP=0008:0000000010057030 pc=0000000010057030 SP=0010:0000000004e874e0 env->regs[R_EAX]=000000001013e308
RAX=000000001013e308 RBX=0000000000000000 RCX=0000000000000001 RDX=00000000ffffffff
RSI=0000000000000001 RDI=0000000000000000 RBP=0000000000000020 RSP=0000000004e874e0
R8 =000000000394bc00 R9 =0000000000000000 R10=0000000000000000 R11=0000000000000022
R12=0000000010000000 R13=000000000394bc00 R14=0000000000000000 R15=0000000000000000
RIP=0000000010057030 RFL=00000246 [---Z-P-] CPL=0 II=0 A20=1 SMM=0 HLT=0
ES =0010 0000000000000000 000fffff 000f9300 DPL=0 DS   [-WA]
CS =0008 0000000000000000 000fffff 002f9a00 DPL=0 CS64 [-R-]
SS =0010 0000000000000000 000fffff 000f9300 DPL=0 DS   [-WA]
DS =0010 0000000000000000 000fffff 000f9300 DPL=0 DS   [-WA]
FS =0010 0000000000000000 000fffff 000f9300 DPL=0 DS   [-WA]
GS =0010 000000000394bce0 000fffff 000f9300 DPL=0 DS   [-WA]
LDT=0000 0000000000000000 0000ffff 00008200 DPL=0 LDT
TR =0000 0000000000000000 0000ffff 00008b00 DPL=0 TSS64-busy
GDT=     00000000036eecf0 00000017
IDT=     00000000036edce0 00000fff
CR0=80010033 CR2=0000000000000000 CR3=000000003de50000 CR4=00000668
DR0=0000000000000000 DR1=0000000000000000 DR2=0000000000000000 DR3=0000000000000000 
DR6=00000000ffff0ff0 DR7=0000000000000400
CCS=0000000000000044 CCD=0000000000000000 CCO=EFLAGS
EFER=0000000000000d00
Servicing hardware INT=0x20
   346: v=20 e=0000 i=0 cpl=0 IP=0008:0000000010013286 pc=0000000010013286 SP=0010:0000000004e87660 env->regs[R_EAX]=0000000000000060
RAX=0000000000000060 RBX=0000000000000001 RCX=0000000000000001 RDX=00000000000003fd
RSI=0000000000000001 RDI=0000000000000001 RBP=0000000000000000 RSP=0000000004e87660
R8 =0000000010119680 R9 =000000000000000a R10=0000000000000000 R11=0000000004e87ae0
R12=0000000000000000 R13=0000000000000000 R14=0000000000000000 R15=0000000000000000
RIP=0000000010013286 RFL=00000246 [---Z-P-] CPL=0 II=0 A20=1 SMM=0 HLT=0
ES =0010 0000000000000000 000fffff 000f9300 DPL=0 DS   [-WA]
CS =0008 0000000000000000 000fffff 002f9a00 DPL=0 CS64 [-R-]
SS =0010 0000000000000000 000fffff 000f9300 DPL=0 DS   [-WA]
DS =0010 0000000000000000 000fffff 000f9300 DPL=0 DS   [-WA]
FS =0010 0000000000000000 000fffff 000f9300 DPL=0 DS   [-WA]
GS =0010 000000000394bce0 000fffff 000f9300 DPL=0 DS   [-WA]
LDT=0000 0000000000000000 0000ffff 00008200 DPL=0 LDT
TR =0000 0000000000000000 0000ffff 00008b00 DPL=0 TSS64-busy
GDT=     00000000036eecf0 00000017
IDT=     00000000036edce0 00000fff
CR0=80010033 CR2=0000000000000000 CR3=000000003de50000 CR4=00000668
DR0=0000000000000000 DR1=0000000000000000 DR2=0000000000000000 DR3=0000000000000000 
DR6=00000000ffff0ff0 DR7=0000000000000400
CCS=0000000000000044 CCD=0000000000000000 CCO=EFLAGS
EFER=0000000000000d00
Servicing hardware INT=0x20
   347: v=20 e=0000 i=0 cpl=0 IP=0008:00000000100126f4 pc=00000000100126f4 SP=0010:0000000004e87250 env->regs[R_EAX]=0000000000000001
RAX=0000000000000001 RBX=0000000000000001 RCX=0000000100a02f50 RDX=0000000000000000
RSI=0000000000000000 RDI=0000000100a02f50 RBP=000000001002b8a0 RSP=0000000004e87250
R8 =0000000000000001 R9 =0000000000000001 R10=0000000000000000 R11=0000000100a27500
R12=0000000000000001 R13=0000000000000000 R14=000000000394bbe0 R15=0000000000000000
RIP=00000000100126f4 RFL=00000246 [---Z-P-] CPL=0 II=0 A20=1 SMM=0 HLT=0
ES =0010 0000000000000000 000fffff 000f9300 DPL=0 DS   [-WA]
CS =0008 0000000000000000 000fffff 002f9a00 DPL=0 CS64 [-R-]
SS =0010 0000000000000000 000fffff 000f9300 DPL=0 DS   [-WA]
DS =0010 0000000000000000 000fffff 000f9300 DPL=0 DS   [-WA]
FS =0010 0000000000000000 000fffff 000f9300 DPL=0 DS   [-WA]
GS =0010 000000000394bce0 000fffff 000f9300 DPL=0 DS   [-WA]
LDT=0000 0000000000000000 0000ffff 00008200 DPL=0 LDT
TR =0000 0000000000000000 0000ffff 00008b00 DPL=0 TSS64-busy
GDT=     00000000036eecf0 00000017
IDT=     00000000036edce0 00000fff
CR0=80010033 CR2=0000000000000000 CR3=000000003de50000 CR4=00000668
DR0=0000000000000000 DR1=0000000000000000 DR2=0000000000000000 DR3=0000000000000000 
DR6=00000000ffff0ff0 DR7=0000000000000400
CCS=0000000000000044 CCD=0000000000000000 CCO=EFLAGS
EFER=0000000000000d00
Servicing hardware INT=0x20
   348: v=20 e=0000 i=0 cpl=0 IP=0008:000000001000d7a8 pc=000000001000d7a8 SP=0010:0000000004e871e0 env->regs[R_EAX]=0000000000000060
RAX=0000000000000060 RBX=0000000000000000 RCX=0000000000000073 RDX=00000000000003fd
RSI=0000000000000000 RDI=0000000100a02f50 RBP=0000000000000000 RSP=0000000004e871e0
R8 =0000000000000002 R9 =0000000010119528 R10=000000001011adea R11=0000000010119dd2
R12=0000000000000001 R13=0000000000000000 R14=000000000394bbe0 R15=0000000000000000
RIP=000000001000d7a8 RFL=00000216 [----AP-] CPL=0 II=0 A20=1 SMM=0 HLT=0
ES =0010 0000000000000000 000fffff 000f9300 DPL=0 DS   [-WA]
CS =0008 0000000000000000 000fffff 002f9a00 DPL=0 CS64 [-R-]
SS =0010 0000000000000000 000fffff 000f9300 DPL=0 DS   [-WA]
DS =0010 0000000000000000 000fffff 000f9300 DPL=0 DS   [-WA]
FS =0010 0000000000000000 000fffff 000f9300 DPL=0 DS   [-WA]
GS =0010 000000000394bce0 000fffff 000f9300 DPL=0 DS   [-WA]
LDT=0000 0000000000000000 0000ffff 00008200 DPL=0 LDT
TR =0000 0000000000000000 0000ffff 00008b00 DPL=0 TSS64-busy
GDT=     00000000036eecf0 00000017
IDT=     00000000036edce0 00000fff
CR0=80010033 CR2=0000000000000000 CR3=000000003de50000 CR4=00000668
DR0=0000000000000000 DR1=0000000000000000 DR2=0000000000000000 DR3=0000000000000000 
DR6=00000000ffff0ff0 DR7=0000000000000400
CCS=0000000000000014 CCD=0000000000000069 CCO=EFLAGS
EFER=0000000000000d00
Servicing hardware INT=0x20
   349: v=20 e=0000 i=0 cpl=0 IP=0008:000000001000e820 pc=000000001000e820 SP=0010:0000000004e87210 env->regs[R_EAX]=000000000000000a
RAX=000000000000000a RBX=0000000000000000 RCX=000000000000000a RDX=00000000000003f8
RSI=0000000000000000 RDI=0000000100a02f50 RBP=0000000000000000 RSP=0000000004e87210
R8 =0000000000000000 R9 =0000000010119528 R10=000000001011b021 R11=000000001011a072
R12=0000000000000001 R13=0000000000000000 R14=000000000394bbe0 R15=0000000000000000
RIP=000000001000e820 RFL=00000202 [-------] CPL=0 II=0 A20=1 SMM=0 HLT=0
ES =0010 0000000000000000 000fffff 000f9300 DPL=0 DS   [-WA]
CS =0008 0000000000000000 000fffff 002f9a00 DPL=0 CS64 [-R-]
SS =0010 0000000000000000 000fffff 000f9300 DPL=0 DS   [-WA]
DS =0010 0000000000000000 000fffff 000f9300 DPL=0 DS   [-WA]
FS =0010 0000000000000000 000fffff 000f9300 DPL=0 DS   [-WA]
GS =0010 000000000394bce0 000fffff 000f9300 DPL=0 DS   [-WA]
LDT=0000 0000000000000000 0000ffff 00008200 DPL=0 LDT
TR =0000 0000000000000000 0000ffff 00008b00 DPL=0 TSS64-busy
GDT=     00000000036eecf0 00000017
IDT=     00000000036edce0 00000fff
CR0=80010033 CR2=0000000000000000 CR3=000000003de50000 CR4=00000668
DR0=0000000000000000 DR1=0000000000000000 DR2=0000000000000000 DR3=0000000000000000 
DR6=00000000ffff0ff0 DR7=0000000000000400
CCS=0000000000000000 CCD=0000000004e87208 CCO=EFLAGS
EFER=0000000000000d00
Servicing hardware INT=0x20
   350: v=20 e=0000 i=0 cpl=0 IP=0008:000000001000e820 pc=000000001000e820 SP=0010:0000000004e87210 env->regs[R_EAX]=000000000000000a
RAX=000000000000000a RBX=0000000000000000 RCX=000000000000000a RDX=00000000000003f8
RSI=0000000000000000 RDI=0000000100a02f50 RBP=0000000000000000 RSP=0000000004e87210
R8 =0000000000000000 R9 =0000000010119528 R10=000000001011b021 R11=000000001011a072
R12=0000000000000001 R13=0000000000000000 R14=000000000394bbe0 R15=0000000000000000
RIP=000000001000e820 RFL=00000202 [-------] CPL=0 II=0 A20=1 SMM=0 HLT=0
ES =0010 0000000000000000 000fffff 000f9300 DPL=0 DS   [-WA]
CS =0008 0000000000000000 000fffff 002f9a00 DPL=0 CS64 [-R-]
SS =0010 0000000000000000 000fffff 000f9300 DPL=0 DS   [-WA]
DS =0010 0000000000000000 000fffff 000f9300 DPL=0 DS   [-WA]
FS =0010 0000000000000000 000fffff 000f9300 DPL=0 DS   [-WA]
GS =0010 000000000394bce0 000fffff 000f9300 DPL=0 DS   [-WA]
LDT=0000 0000000000000000 0000ffff 00008200 DPL=0 LDT
TR =0000 0000000000000000 0000ffff 00008b00 DPL=0 TSS64-busy
GDT=     00000000036eecf0 00000017
IDT=     00000000036edce0 00000fff
CR0=80010033 CR2=0000000000000000 CR3=000000003de50000 CR4=00000668
DR0=0000000000000000 DR1=0000000000000000 DR2=0000000000000000 DR3=0000000000000000 
DR6=00000000ffff0ff0 DR7=0000000000000400
CCS=0000000000000000 CCD=0000000004e871a0 CCO=EFLAGS
EFER=0000000000000d00
Servicing hardware INT=0x20
   351: v=20 e=0000 i=0 cpl=0 IP=0008:000000001000e820 pc=000000001000e820 SP=0010:0000000004e87210 env->regs[R_EAX]=000000000000000a
RAX=000000000000000a RBX=0000000000000000 RCX=000000000000000a RDX=00000000000003f8
RSI=0000000000000000 RDI=0000000100a02f50 RBP=0000000000000000 RSP=0000000004e87210
R8 =0000000000000000 R9 =0000000010119528 R10=000000001011b021 R11=000000001011a072
R12=0000000000000001 R13=0000000000000000 R14=000000000394bbe0 R15=0000000000000000
RIP=000000001000e820 RFL=00000202 [-------] CPL=0 II=0 A20=1 SMM=0 HLT=0
ES =0010 0000000000000000 000fffff 000f9300 DPL=0 DS   [-WA]
CS =0008 0000000000000000 000fffff 002f9a00 DPL=0 CS64 [-R-]
SS =0010 0000000000000000 000fffff 000f9300 DPL=0 DS   [-WA]
DS =0010 0000000000000000 000fffff 000f9300 DPL=0 DS   [-WA]
FS =0010 0000000000000000 000fffff 000f9300 DPL=0 DS   [-WA]
GS =0010 000000000394bce0 000fffff 000f9300 DPL=0 DS   [-WA]
LDT=0000 0000000000000000 0000ffff 00008200 DPL=0 LDT
TR =0000 0000000000000000 0000ffff 00008b00 DPL=0 TSS64-busy
GDT=     00000000036eecf0 00000017
IDT=     00000000036edce0 00000fff
CR0=80010033 CR2=0000000000000000 CR3=000000003de50000 CR4=00000668
DR0=0000000000000000 DR1=0000000000000000 DR2=0000000000000000 DR3=0000000000000000 
DR6=00000000ffff0ff0 DR7=0000000000000400
CCS=0000000000000000 CCD=0000000004e871a0 CCO=EFLAGS
EFER=0000000000000d00
Servicing hardware INT=0x20
   352: v=20 e=0000 i=0 cpl=0 IP=0008:000000001000e820 pc=000000001000e820 SP=0010:0000000004e87210 env->regs[R_EAX]=000000000000000a
RAX=000000000000000a RBX=0000000000000000 RCX=000000000000000a RDX=00000000000003f8
RSI=0000000000000000 RDI=0000000100a02f50 RBP=0000000000000000 RSP=0000000004e87210
R8 =0000000000000000 R9 =0000000010119528 R10=000000001011b021 R11=000000001011a072
R12=0000000000000001 R13=0000000000000000 R14=000000000394bbe0 R15=0000000000000000
RIP=000000001000e820 RFL=00000202 [-------] CPL=0 II=0 A20=1 SMM=0 HLT=0
ES =0010 0000000000000000 000fffff 000f9300 DPL=0 DS   [-WA]
CS =0008 0000000000000000 000fffff 002f9a00 DPL=0 CS64 [-R-]
SS =0010 0000000000000000 000fffff 000f9300 DPL=0 DS   [-WA]
DS =0010 0000000000000000 000fffff 000f9300 DPL=0 DS   [-WA]
FS =0010 0000000000000000 000fffff 000f9300 DPL=0 DS   [-WA]
GS =0010 000000000394bce0 000fffff 000f9300 DPL=0 DS   [-WA]
LDT=0000 0000000000000000 0000ffff 00008200 DPL=0 LDT
TR =0000 0000000000000000 0000ffff 00008b00 DPL=0 TSS64-busy
GDT=     00000000036eecf0 00000017
IDT=     00000000036edce0 00000fff
CR0=80010033 CR2=0000000000000000 CR3=000000003de50000 CR4=00000668
DR0=0000000000000000 DR1=0000000000000000 DR2=0000000000000000 DR3=0000000000000000 
DR6=00000000ffff0ff0 DR7=0000000000000400
CCS=0000000000000000 CCD=0000000004e871a0 CCO=EFLAGS
EFER=0000000000000d00
Servicing hardware INT=0x20
   353: v=20 e=0000 i=0 cpl=0 IP=0008:000000001000e820 pc=000000001000e820 SP=0010:0000000004e87210 env->regs[R_EAX]=000000000000000a
RAX=000000000000000a RBX=0000000000000000 RCX=000000000000000a RDX=00000000000003f8
RSI=0000000000000000 RDI=0000000100a02f50 RBP=0000000000000000 RSP=0000000004e87210
R8 =0000000000000000 R9 =0000000010119528 R10=000000001011b021 R11=000000001011a072
R12=0000000000000001 R13=0000000000000000 R14=000000000394bbe0 R15=0000000000000000
RIP=000000001000e820 RFL=00000202 [-------] CPL=0 II=0 A20=1 SMM=0 HLT=0
ES =0010 0000000000000000 000fffff 000f9300 DPL=0 DS   [-WA]
CS =0008 0000000000000000 000fffff 002f9a00 DPL=0 CS64 [-R-]
SS =0010 0000000000000000 000fffff 000f9300 DPL=0 DS   [-WA]
DS =0010 0000000000000000 000fffff 000f9300 DPL=0 DS   [-WA]
FS =0010 0000000000000000 000fffff 000f9300 DPL=0 DS   [-WA]
GS =0010 000000000394bce0 000fffff 000f9300 DPL=0 DS   [-WA]
LDT=0000 0000000000000000 0000ffff 00008200 DPL=0 LDT
TR =0000 0000000000000000 0000ffff 00008b00 DPL=0 TSS64-busy
GDT=     00000000036eecf0 00000017
IDT=     00000000036edce0 00000fff
CR0=80010033 CR2=0000000000000000 CR3=000000003de50000 CR4=00000668
DR0=0000000000000000 DR1=0000000000000000 DR2=0000000000000000 DR3=0000000000000000 
DR6=00000000ffff0ff0 DR7=0000000000000400
CCS=0000000000000000 CCD=0000000004e871a0 CCO=EFLAGS
EFER=0000000000000d00
Servicing hardware INT=0x20
   354: v=20 e=0000 i=0 cpl=0 IP=0008:000000001000e820 pc=000000001000e820 SP=0010:0000000004e87210 env->regs[R_EAX]=000000000000000a
RAX=000000000000000a RBX=0000000000000000 RCX=000000000000000a RDX=00000000000003f8
RSI=0000000000000000 RDI=0000000100a02f50 RBP=0000000000000000 RSP=0000000004e87210
R8 =0000000000000000 R9 =0000000010119528 R10=000000001011b021 R11=000000001011a072
R12=0000000000000001 R13=0000000000000000 R14=000000000394bbe0 R15=0000000000000000
RIP=000000001000e820 RFL=00000202 [-------] CPL=0 II=0 A20=1 SMM=0 HLT=0
ES =0010 0000000000000000 000fffff 000f9300 DPL=0 DS   [-WA]
CS =0008 0000000000000000 000fffff 002f9a00 DPL=0 CS64 [-R-]
SS =0010 0000000000000000 000fffff 000f9300 DPL=0 DS   [-WA]
DS =0010 0000000000000000 000fffff 000f9300 DPL=0 DS   [-WA]
FS =0010 0000000000000000 000fffff 000f9300 DPL=0 DS   [-WA]
GS =0010 000000000394bce0 000fffff 000f9300 DPL=0 DS   [-WA]
LDT=0000 0000000000000000 0000ffff 00008200 DPL=0 LDT
TR =0000 0000000000000000 0000ffff 00008b00 DPL=0 TSS64-busy
GDT=     00000000036eecf0 00000017
IDT=     00000000036edce0 00000fff
CR0=80010033 CR2=0000000000000000 CR3=000000003de50000 CR4=00000668
DR0=0000000000000000 DR1=0000000000000000 DR2=0000000000000000 DR3=0000000000000000 
DR6=00000000ffff0ff0 DR7=0000000000000400
CCS=0000000000000000 CCD=0000000004e871a0 CCO=EFLAGS
EFER=0000000000000d00
Servicing hardware INT=0x20
   355: v=20 e=0000 i=0 cpl=0 IP=0008:000000001000e820 pc=000000001000e820 SP=0010:0000000004e87210 env->regs[R_EAX]=000000000000000a
RAX=000000000000000a RBX=0000000000000000 RCX=000000000000000a RDX=00000000000003f8
RSI=0000000000000000 RDI=0000000100a02f50 RBP=0000000000000000 RSP=0000000004e87210
R8 =0000000000000000 R9 =0000000010119528 R10=000000001011b021 R11=000000001011a072
R12=0000000000000001 R13=0000000000000000 R14=000000000394bbe0 R15=0000000000000000
RIP=000000001000e820 RFL=00000202 [-------] CPL=0 II=0 A20=1 SMM=0 HLT=0
ES =0010 0000000000000000 000fffff 000f9300 DPL=0 DS   [-WA]
CS =0008 0000000000000000 000fffff 002f9a00 DPL=0 CS64 [-R-]
SS =0010 0000000000000000 000fffff 000f9300 DPL=0 DS   [-WA]
DS =0010 0000000000000000 000fffff 000f9300 DPL=0 DS   [-WA]
FS =0010 0000000000000000 000fffff 000f9300 DPL=0 DS   [-WA]
GS =0010 000000000394bce0 000fffff 000f9300 DPL=0 DS   [-WA]
LDT=0000 0000000000000000 0000ffff 00008200 DPL=0 LDT
TR =0000 0000000000000000 0000ffff 00008b00 DPL=0 TSS64-busy
GDT=     00000000036eecf0 00000017
IDT=     00000000036edce0 00000fff
CR0=80010033 CR2=0000000000000000 CR3=000000003de50000 CR4=00000668
DR0=0000000000000000 DR1=0000000000000000 DR2=0000000000000000 DR3=0000000000000000 
DR6=00000000ffff0ff0 DR7=0000000000000400
CCS=0000000000000000 CCD=0000000004e871a0 CCO=EFLAGS
EFER=0000000000000d00
Servicing hardware INT=0x20
   356: v=20 e=0000 i=0 cpl=0 IP=0008:000000001000e820 pc=000000001000e820 SP=0010:0000000004e87210 env->regs[R_EAX]=000000000000000a
RAX=000000000000000a RBX=0000000000000000 RCX=000000000000000a RDX=00000000000003f8
RSI=0000000000000000 RDI=0000000100a02f50 RBP=0000000000000000 RSP=0000000004e87210
R8 =0000000000000000 R9 =0000000010119528 R10=000000001011b021 R11=000000001011a072
R12=0000000000000001 R13=0000000000000000 R14=000000000394bbe0 R15=0000000000000000
RIP=000000001000e820 RFL=00000202 [-------] CPL=0 II=0 A20=1 SMM=0 HLT=0
ES =0010 0000000000000000 000fffff 000f9300 DPL=0 DS   [-WA]
CS =0008 0000000000000000 000fffff 002f9a00 DPL=0 CS64 [-R-]
SS =0010 0000000000000000 000fffff 000f9300 DPL=0 DS   [-WA]
DS =0010 0000000000000000 000fffff 000f9300 DPL=0 DS   [-WA]
FS =0010 0000000000000000 000fffff 000f9300 DPL=0 DS   [-WA]
GS =0010 000000000394bce0 000fffff 000f9300 DPL=0 DS   [-WA]
LDT=0000 0000000000000000 0000ffff 00008200 DPL=0 LDT
TR =0000 0000000000000000 0000ffff 00008b00 DPL=0 TSS64-busy
GDT=     00000000036eecf0 00000017
IDT=     00000000036edce0 00000fff
CR0=80010033 CR2=0000000000000000 CR3=000000003de50000 CR4=00000668
DR0=0000000000000000 DR1=0000000000000000 DR2=0000000000000000 DR3=0000000000000000 
DR6=00000000ffff0ff0 DR7=0000000000000400
CCS=0000000000000000 CCD=0000000004e871a0 CCO=EFLAGS
EFER=0000000000000d00
Servicing hardware INT=0x20
   357: v=20 e=0000 i=0 cpl=0 IP=0008:000000001000e820 pc=000000001000e820 SP=0010:0000000004e87210 env->regs[R_EAX]=000000000000000a
RAX=000000000000000a RBX=0000000000000000 RCX=000000000000000a RDX=00000000000003f8
RSI=0000000000000000 RDI=0000000100a02f50 RBP=0000000000000000 RSP=0000000004e87210
R8 =0000000000000000 R9 =0000000010119528 R10=000000001011b021 R11=000000001011a072
R12=0000000000000001 R13=0000000000000000 R14=000000000394bbe0 R15=0000000000000000
RIP=000000001000e820 RFL=00000202 [-------] CPL=0 II=0 A20=1 SMM=0 HLT=0
ES =0010 0000000000000000 000fffff 000f9300 DPL=0 DS   [-WA]
CS =0008 0000000000000000 000fffff 002f9a00 DPL=0 CS64 [-R-]
SS =0010 0000000000000000 000fffff 000f9300 DPL=0 DS   [-WA]
DS =0010 0000000000000000 000fffff 000f9300 DPL=0 DS   [-WA]
FS =0010 0000000000000000 000fffff 000f9300 DPL=0 DS   [-WA]
GS =0010 000000000394bce0 000fffff 000f9300 DPL=0 DS   [-WA]
LDT=0000 0000000000000000 0000ffff 00008200 DPL=0 LDT
TR =0000 0000000000000000 0000ffff 00008b00 DPL=0 TSS64-busy
GDT=     00000000036eecf0 00000017
IDT=     00000000036edce0 00000fff
CR0=80010033 CR2=0000000000000000 CR3=000000003de50000 CR4=00000668
DR0=0000000000000000 DR1=0000000000000000 DR2=0000000000000000 DR3=0000000000000000 
DR6=00000000ffff0ff0 DR7=0000000000000400
CCS=0000000000000000 CCD=0000000004e871a0 CCO=EFLAGS
EFER=0000000000000d00
