guideXOSServer server starting...
WARNING: Experimental Native ELF execution is enabled.
Only trusted Native ELF apps should be run.
WARNING: Experimental Native ELF execution is enabled.
Only trusted Native ELF apps should be run.
[lifecycle] phase -> PlatformDiscovery
[lifecycle] phase -> MemoryReady
[lifecycle] phase -> SchedulerReady
[lifecycle] phase -> IpcReady
[lifecycle] phase -> DesktopStateReady
AppRegistry initializing, count=1
AppRegistry manifest scan succeeded: scanned=8, registered=8
AppModel registry candidate:  displayName=Hello World id=com.guidexos.samples.helloworld kind=NativeElf source=SystemApps
Registered app: Hello World
AppModel registry candidate:  displayName=Resource Viewer id=com.guidexos.samples.resourceviewer kind=NativeElf source=SystemApps
Registered app: Resource Viewer
AppModel registry candidate:  displayName=Future GXApp Package id=com.guidexos.examples.futuregxapp kind=GXAppPackage source=SystemApps
Registered app: Future GXApp Package
AppModel registry candidate:  displayName=HelloWorld ELF id=com.guidexos.examples.helloworld kind=NativeElf source=SystemApps
Registered app: HelloWorld ELF
AppModel registry candidate:  displayName=Notepad id=com.guidexos.examples.notepad kind=BuiltIn source=SystemApps
Registered app: Notepad
AppModel registry candidate:  displayName=Hello World id=com.guidexos.helloworld kind=NativeElf source=Package
Registered app: Hello World
AppModel registry candidate:  displayName=Nexgen PacMan id=com.guidexos.pacman kind=NativeElf source=Package
Registered app: Nexgen PacMan
AppModel registry candidate:  displayName=Resource Viewer id=com.guidexos.resourceviewer kind=NativeElf source=Package
Registered app: Resource Viewer
AppModel registry candidate:  displayName=Notepad id=gxos.builtin.notepad kind=BuiltIn source=BuiltIn
Registered app: Notepad
AppModel registry candidate:  displayName=Calculator id=gxos.builtin.calculator kind=BuiltIn source=BuiltIn
Registered app: Calculator
AppModel registry candidate:  displayName=Clock id=gxos.builtin.clock kind=BuiltIn source=BuiltIn
Registered app: Clock
AppModel registry candidate:  displayName=Console id=gxos.builtin.console kind=BuiltIn source=BuiltIn
Registered app: Console
AppModel registry candidate:  displayName=File Explorer id=gxos.builtin.fileexplorer kind=BuiltIn source=BuiltIn
Registered app: File Explorer
AppModel registry candidate:  displayName=Trash id=gxos.builtin.trash kind=BuiltIn source=BuiltIn
Registered app: Trash
AppModel registry candidate:  displayName=TaskManager id=gxos.builtin.taskmanager kind=BuiltIn source=BuiltIn
Registered app: TaskManager
AppModel registry candidate:  displayName=Paint id=gxos.builtin.paint kind=BuiltIn source=BuiltIn
Registered app: Paint
AppModel registry candidate:  displayName=Image Viewer id=gxos.builtin.imageviewer kind=BuiltIn source=BuiltIn
Registered app: Image Viewer
AppModel registry candidate:  displayName=OnScreenKeyboard id=gxos.builtin.onscreenkeyboard kind=BuiltIn source=BuiltIn
Registered app: OnScreenKeyboard
AppModel registry candidate:  displayName=ShutdownDialog id=gxos.builtin.shutdowndialog kind=BuiltIn source=BuiltIn
Registered app: ShutdownDialog
AppModel registry candidate:  displayName=DiskManager id=gxos.builtin.diskmanager kind=BuiltIn source=BuiltIn
Registered app: DiskManager
AppModel registry candidate:  displayName=ControlPanel id=gxos.builtin.controlpanel kind=BuiltIn source=BuiltIn
Registered app: ControlPanel
AppModel registry candidate:  displayName=DisplayOptions id=gxos.builtin.displayoptions kind=BuiltIn source=BuiltIn
Registered app: DisplayOptions
AppModel registry candidate:  displayName=guideXOS Navigator id=guidexos.navigator kind=BuiltIn source=BuiltIn
Registered app: guideXOS Navigator
AppModel registry candidate:  displayName=App Model Demo id=gxos.builtin.appmodeldemo kind=BuiltIn source=BuiltIn
Registered app: App Model Demo
AppModel registry candidate:  displayName=Native App Debug Viewer id=gxos.builtin.nativeappdebugviewer kind=BuiltIn source=BuiltIn
Registered app: Native App Debug Viewer
AppModel registry candidate:  displayName=HDInstaller id=gxos.builtin.hdinstaller kind=BuiltIn source=BuiltIn
Registered app: HDInstaller
Pinned app: App Model Demo
Pinned app-model demo app: App Model Demo
Pinned app: Native App Debug Viewer
Pinned app-model demo app: Native App Debug Viewer
Pinned app: Hello World
Pinned app-model demo app: Hello World
Pinned app: Resource Viewer
Pinned app-model demo app: Resource Viewer
AppRegistry initialized, desktop apps=26
Desktop folder resolver selected virtualPath=/Documents hostedPath=D:/dev/guideXOSServer/Documents
Desktop folder already exists: D:/dev/guideXOSServer/Documents
Desktop folder resolver selected virtualPath=/Pictures hostedPath=D:/dev/guideXOSServer/Pictures
Desktop folder already exists: D:/dev/guideXOSServer/Pictures
Desktop folder resolver selected virtualPath=/Music hostedPath=D:/dev/guideXOSServer/Music
Desktop folder already exists: D:/dev/guideXOSServer/Music
Desktop folder resolver selected virtualPath=/Network hostedPath=D:/dev/guideXOSServer/Network
Desktop folder already exists: D:/dev/guideXOSServer/Network
Desktop state loaded
NotificationManager initialized
Firewall initialized (Normal mode)
Module registered: Notepad
Module registered: Calculator
Module registered: Paint
Module registered: ImageViewer
Module registered: Clock
Module registered: TaskManager
Module registered: FileExplorer
Module registered: Console
Module registered: OnScreenKeyboard
Module registered: ShutdownDialog
Built-in modules registered (10)
[lifecycle] phase -> ServicesReady
[lifecycle] phase -> Interactive
Commands:
 mem | alloc <n> | tasks | log
 spawn <echo|worker> [args...] | plist
 send <pid> <text> | recv <pid>
 bus.sub <chan> <pid> | bus.unsub <chan> <pid>
 bus.pub <chan> <text> [fanout] | bus.pop <chan> [timeoutMs]
 bus.cap <chan> <cap> | bus.stats <chan>
 console.start | console.send <text> | console.pop [timeoutMs]
 gui.start | gui.open.appmodeldemo | gui.smoke.launchshadow | gui.win <title> [w h] | gui.text <id> <text> | gui.close <id>
 gui.rect <id> <x> <y> <w> <h> <r> <g> <b> | gui.move <id> <x> <y> | gui.resize <id> <w> <h> | gui.title <id> <title>
 gui.btn <win> <id> <x> <y> <w> <h> <text> | gui.pop | gui.wlist | gui.activate <id> | gui.min <id>
 gxm.load <path> | gxm.sample | gui.save <path> | gui.load <path>
 desktop.wallpaper <path> | desktop.background.remove <id> | desktop.launch <action> | desktop.open <path> [dir] | desktop.launch.resolve <label> | desktop.launch.adapt <label> | desktop.launch.compare | desktop.launch.storage | desktop.launch.storage.preview | desktop.launch.storage.preview.compare | desktop.launch.types | desktop.open.resolve <path> [dir] | desktop.appmodel.active-typed-dispatch-gate [force-on|force-off|reset] | desktop.appmodel.active-typed-dispatch-default-on-candidate [on|off|reset] | desktop.pin <action> | desktop.unpin <action> | desktop.showconfig
 desktop.apps | desktop.apps.verbose | desktop.appmodel.summary | desktop.appmodel.inventory | desktop.appmodel.coverage | desktop.appmodel.file-associations | desktop.appmodel.shell-objects | desktop.appmodel.typed-dispatch-gate [force-off] | desktop.pinned | desktop.recent | desktop.recent.remove <name> | desktop.pinapp <name> | desktop.pinfile <name> <path>
 nativeapp.capabilities | nativeapp.inspect <app> | nativeapp.smoketest <app> | nativeapp.processes
 taskbar.list | taskbar.activate <id> | taskbar.min <id> | taskbar.close <id>
 workspace.switch <n> | workspace.next | workspace.prev | workspace.current
 notepad | notepad <file>
 calculator
 console | console.start | console.send <text> | console.pop [timeoutMs]
 files | files <path>
 clock
 taskmanager.snapshot | taskmanager.network-snapshot-wait | taskmanager.tombstone-test
 taskmgr
 paint
 navigator | navigator.smoke | navigator.goto <url>
 imgview [file] | osk
 shutdown | msgbox <text> | welcome
 notify <text> | notify.clear
 fw.mode <normal|block|disabled|auto> | fw.allow <name> | fw.list | fw.alerts
 modules | module.launch <name>
 pkg.install <path.gxapp> | pkg.launch <app> | pkg.list | pkg.validate <path.gxapp>
 proc.wait <pid> [timeoutMs] | proc.status <pid>
 vfs.mkdir <path> | vfs.write <path> <text> | vfs.read <path> | vfs.ls <path>
 vnc.start [port] | vnc.stop | vnc.status
 pbytes | help | quit/exit
[lifecycle] phase -> ServicesReady
[lifecycle] compositor pid=10
Compositor pid=10 (proto=3)
Compositor service started (native window)
GdiVideoBackend: initialized 1024x768
VideoBackend: GDI backend active
Compositor DesktopConfig loaded=true err=
Compositor display options store loaded=true err=
Compositor taskbar position=bottom
Compositor background scale mode=fill
Compositor config pinned before merge count=7
  config pinned before merge: App Model Demo
  config pinned before merge: Future GXApp Package
  config pinned before merge: Hello World
  config pinned before merge: HelloWorld ELF
  config pinned before merge: Native App Debug Viewer
  config pinned before merge: Resource Viewer
  config pinned before merge: Nexgen PacMan
Compositor config recent before merge count=7
  config recent before merge: Nexgen PacMan
  config recent before merge: Notepad
  config recent before merge: Resource Viewer
  config recent before merge: Image Viewer
  config recent before merge: DisplayOptions
  config recent before merge: ControlPanel
  config recent before merge: guideXOS Navigator
Compositor DesktopService pin considered: App Model Demo
Compositor skip already present from DesktopService pin: App Model Demo
Compositor DesktopService pin considered: Future GXApp Package
Compositor skip already present from DesktopService pin: Future GXApp Package
Compositor DesktopService pin considered: Hello World
Compositor skip already present from DesktopService pin: Hello World
Compositor DesktopService pin considered: HelloWorld ELF
Compositor skip already present from DesktopService pin: HelloWorld ELF
Compositor DesktopService pin considered: Native App Debug Viewer
Compositor skip already present from DesktopService pin: Native App Debug Viewer
Compositor DesktopService pin considered: Resource Viewer
Compositor skip already present from DesktopService pin: Resource Viewer
Compositor DesktopService pin considered: Nexgen PacMan
Compositor skip already present from DesktopService pin: Nexgen PacMan
Compositor app-model app considered: App Model Demo id=gxos.builtin.appmodeldemo source=BuiltIn
Compositor skip already present from AppModel registry: App Model Demo
Compositor app-model app considered: Future GXApp Package id=com.guidexos.examples.futuregxapp source=SystemApps
Compositor skip already present from AppModel registry: Future GXApp Package
Compositor app-model app considered: Hello World id=com.guidexos.samples.helloworld source=SystemApps
Compositor skip already present from AppModel registry: Hello World
Compositor app-model app considered: Hello World id=com.guidexos.helloworld source=Package
Compositor skip already present from AppModel registry: Hello World
Compositor app-model app considered: HelloWorld ELF id=com.guidexos.examples.helloworld source=SystemApps
Compositor skip already present from AppModel registry: HelloWorld ELF
Compositor app-model app considered: Native App Debug Viewer id=gxos.builtin.nativeappdebugviewer source=BuiltIn
Compositor skip already present from AppModel registry: Native App Debug Viewer
Compositor app-model app considered: Nexgen PacMan id=com.guidexos.pacman source=Package
Compositor skip already present from AppModel registry: Nexgen PacMan
Compositor app-model app considered: Resource Viewer id=com.guidexos.samples.resourceviewer source=SystemApps
Compositor skip already present from AppModel registry: Resource Viewer
Compositor app-model app considered: Resource Viewer id=com.guidexos.resourceviewer source=Package
Compositor skip already present from AppModel registry: Resource Viewer
Compositor config pinned after merge count=7
  config pinned after merge: App Model Demo
  config pinned after merge: Future GXApp Package
  config pinned after merge: Hello World
  config pinned after merge: HelloWorld ELF
  config pinned after merge: Native App Debug Viewer
  config pinned after merge: Resource Viewer
  config pinned after merge: Nexgen PacMan
Compositor config recent after merge count=7
  config recent after merge: Nexgen PacMan
  config recent after merge: Notepad
  config recent after merge: Resource Viewer
  config recent after merge: Image Viewer
  config recent after merge: DisplayOptions
  config recent after merge: ControlPanel
  config recent after merge: guideXOS Navigator
Compositor refreshDesktopItems input pinned=7 recent=7
Compositor start menu recent count=7
  start menu recent: Nexgen PacMan
  start menu recent: Notepad
  start menu recent: Resource Viewer
  start menu recent: Image Viewer
  start menu recent: DisplayOptions
  start menu recent: ControlPanel
  start menu recent: guideXOS Navigator
Desktop system icon visibility: system:Trash enabled=true
Desktop system icon created: system:Trash label=Trash icon=trash.empty
Desktop system icon visibility: system:FileExplorer enabled=true
Desktop system icon created: system:FileExplorer label=File Explorer icon=app.files
Desktop system icon visibility: system:SystemSettings enabled=false
Desktop system icon skipped by setting: system:SystemSettings
Desktop folder resolver selected virtualPath=/Desktop hostedPath=D:/dev/guideXOSServer/Desktop
Desktop folder already exists: D:/dev/guideXOSServer/Desktop
Desktop folder enumeration started: D:/dev/guideXOSServer/Desktop
Desktop folder enumeration completed count=0
Desktop icon slot allocation: occupied=0 columns=11 rows=7
Desktop icon slot selected: x=20 y=20
Desktop icon auto-positioned: system:Trash x=20 y=20
Desktop icon slot allocation: occupied=1 columns=11 rows=7
Desktop icon slot selected: x=104 y=20
Desktop icon auto-positioned: system:FileExplorer x=104 y=20
Compositor desktop item count=2
  desktop item: Trash
  desktop item: File Explorer
Compositor start menu include: Hello World id=com.guidexos.samples.helloworld source=SystemApps
Compositor start menu include: Resource Viewer id=com.guidexos.samples.resourceviewer source=SystemApps
Compositor start menu include: Future GXApp Package id=com.guidexos.examples.futuregxapp source=SystemApps
Compositor start menu include: HelloWorld ELF id=com.guidexos.examples.helloworld source=SystemApps
Compositor start menu include: Notepad id=com.guidexos.examples.notepad source=SystemApps
Compositor start menu skipped duplicate app: Hello World id=com.guidexos.helloworld source=Package
Compositor start menu include: Nexgen PacMan id=com.guidexos.pacman source=Package
Compositor start menu skipped duplicate app: Resource Viewer id=com.guidexos.resourceviewer source=Package
Compositor start menu skipped duplicate app: Notepad id=gxos.builtin.notepad source=BuiltIn
Compositor start menu include: Calculator id=gxos.builtin.calculator source=BuiltIn
Compositor start menu include: Clock id=gxos.builtin.clock source=BuiltIn
Compositor start menu include: Console id=gxos.builtin.console source=BuiltIn
Compositor start menu include: File Explorer id=gxos.builtin.fileexplorer source=BuiltIn
Compositor start menu include: Trash id=gxos.builtin.trash source=BuiltIn
Compositor start menu include: TaskManager id=gxos.builtin.taskmanager source=BuiltIn
Compositor start menu include: Paint id=gxos.builtin.paint source=BuiltIn
Compositor start menu include: Image Viewer id=gxos.builtin.imageviewer source=BuiltIn
Compositor start menu include: OnScreenKeyboard id=gxos.builtin.onscreenkeyboard source=BuiltIn
Compositor start menu include: ShutdownDialog id=gxos.builtin.shutdowndialog source=BuiltIn
Compositor start menu include: DiskManager id=gxos.builtin.diskmanager source=BuiltIn
Compositor start menu include: ControlPanel id=gxos.builtin.controlpanel source=BuiltIn
Compositor start menu include: DisplayOptions id=gxos.builtin.displayoptions source=BuiltIn
Compositor start menu include: guideXOS Navigator id=guidexos.navigator source=BuiltIn
Compositor start menu include: App Model Demo id=gxos.builtin.appmodeldemo source=BuiltIn
Compositor start menu include: Native App Debug Viewer id=gxos.builtin.nativeappdebugviewer source=BuiltIn
Compositor start menu include: HDInstaller id=gxos.builtin.hdinstaller source=BuiltIn
Compositor start menu app count=23
  start menu app: App Model Demo
  start menu app: Calculator
  start menu app: Clock
  start menu app: Console
  start menu app: ControlPanel
  start menu app: DiskManager
  start menu app: DisplayOptions
  start menu app: File Explorer
  start menu app: Future GXApp Package
  start menu app: guideXOS Navigator
  start menu app: HDInstaller
  start menu app: Hello World
  start menu app: HelloWorld ELF
  start menu app: Image Viewer
  start menu app: Native App Debug Viewer
  start menu app: Nexgen PacMan
  start menu app: Notepad
  start menu app: OnScreenKeyboard
  start menu app: Paint
  start menu app: Resource Viewer
  start menu app: ShutdownDialog
  start menu app: TaskManager
  start menu app: Trash
Compositor background select id=legacy_ameobagx kind=image scale=fill
Compositor wallpaper select id=legacy_ameobagx full=/system/wallpapers/ameobagx.png thumb=/system/wallpapers/ameobagx_thumb.png
PngLoader: loaded /system/wallpapers/ameobagx.png 1536x1024 sourceChannels=3
Compositor wallpaper decode succeeded id=legacy_ameobagx full=/system/wallpapers/ameobagx.png
PngLoader: loaded /system/fonts/roboto/roboto_9pt_regular.png 260x160 sourceChannels=4
PngLoader: loaded /system/fonts/roboto/roboto_9pt_bold.png 260x160 sourceChannels=4
PngLoader: loaded /system/fonts/roboto/roboto_9pt_italic.png 260x160 sourceChannels=4
PngLoader: loaded /system/fonts/roboto/roboto_9pt_bolditalic.png 260x160 sourceChannels=4
PngLoader: loaded /system/fonts/roboto/roboto_12pt_regular.png 260x160 sourceChannels=4
PngLoader: loaded /system/fonts/roboto/roboto_12pt_bold.png 260x160 sourceChannels=4
PngLoader: loaded /system/fonts/roboto/roboto_12pt_italic.png 260x160 sourceChannels=4
PngLoader: loaded /system/fonts/roboto/roboto_12pt_bolditalic.png 260x160 sourceChannels=4
PngLoader: loaded /system/fonts/roboto/roboto_12pt_thin.png 390x240 sourceChannels=4
PngLoader: loaded assets/Images/Flat/64/24-Empty_Trash_256x256_35394.png 64x64 sourceChannels=4
PngLoader: loaded assets/Images/Flat/64/25-Folder_256x256_35390.png 64x64 sourceChannels=4
[LaunchDispatch] source=HostedDesktopService target=Nexgen PacMan resolvedType=NativeElfApp appId=com.guidexos.pacman usage=legacy-fallback selectedDispatch=Nexgen PacMan behaviorPreserved=true reason=Known target type is not yet enabled for typed dispatch
[AppModelActiveTypedDispatch] source=HostedDesktopService request=Nexgen PacMan classification=NativeElfApp shadowDecision=Nexgen PacMan shadowUsage=legacy-fallback selectedHandler=Nexgen PacMan appModelActiveDispatchDefaultOnCandidateGate=appmodel.active-typed-dispatch-default-on-candidate appModelActiveDispatchCandidateEnabled=false appModelActiveDispatchEnabled=true appModelActiveDispatchEffectiveStateSource=product-default appModelActiveDispatchRuntimeLaunchBehaviorChanged=true appModelActiveDispatchVisibleLaunchBehaviorChanged=false activeTypedDispatchHandled=false legacyFallbackUsed=true visibleBehaviorChanged=false visibleLaunchBehaviorChanged=false reason=Active typed dispatch is not enabled for this app target
[LaunchResolver] App: com.guidexos.pacman Strategy: NativeElf Architecture: amd64 Entry: bin/amd64/pacman.elf Result: success Reason: Launch resolved
Launched native app process: Nexgen PacMan pid=11
[NativeElfLaunch] App: com.guidexos.pacman Architecture: amd64 Path: /Apps\PacMan\bin/amd64/pacman.elf Validation: valid Result: success Message: Native ELF validated.
Desktop launch successful: Nexgen PacMan
[NativeElfImageLoader] App: com.guidexos.pacman Architecture: amd64 EntryVA: 0x201eb0 Segments: 3 ImageSize: 4247904 PIE: false Interpreter: false Result: success Diagnostics: Native ELF image loaded
[NativeAppRuntime] App: com.guidexos.pacman RuntimeId: 1 ProcessId: 0 Architecture: amd64 ABI: guidexos-c-abi-v1 Permissions: 4 State: Prepared Result: success Diagnostics: Native app runtime prepared
[NativeElfExecutor] App: com.guidexos.pacman Architecture: amd64 CanExecute: true Reason: Native ELF executor gate passed Result: available
[NativeAppRuntime] App: com.guidexos.pacman (Nexgen PacMan) runtimeId=1 entering host call dispatch
[NativeAppHost] App: com.guidexos.pacman (Nexgen PacMan) log: Nexgen PacMan Native ELF starting
[NativeAppHost] file_read phase=return runtimeId=1 appId=com.guidexos.pacman processId=11 contextActive=yes contextPointerMatched=yes requestedPath="resources/level1.gximg" offset=0 length=28 destination=0xebdfbfe850 destinationRange=inside-active-native-stack outBytesRead=0xebdfbfe7d0 outBytesReadRange=inside-active-native-stack resolvedPackagePath="/Apps\PacMan" resolvedPath="/Apps\PacMan/resources/level1.gximg" bytesRead=28 result=0 actualHostRead=read-complete returnPropagation=about-to-return
[NativeAppHost] file_read phase=return runtimeId=1 appId=com.guidexos.pacman processId=11 contextActive=yes contextPointerMatched=yes requestedPath="resources/level1.gximg" offset=28 length=65536 destination=0x206460 destinationRange=inside-native-image outBytesRead=0xebdfbfe7d0 outBytesReadRange=inside-active-native-stack resolvedPackagePath="/Apps\PacMan" resolvedPath="/Apps\PacMan/resources/level1.gximg" bytesRead=65536 result=0 actualHostRead=read-complete returnPropagation=about-to-return
[NativeAppHost] file_read phase=return runtimeId=1 appId=com.guidexos.pacman processId=11 contextActive=yes contextPointerMatched=yes requestedPath="resources/level1.gximg" offset=65564 length=65536 destination=0x216460 destinationRange=inside-native-image outBytesRead=0xebdfbfe7d0 outBytesReadRange=inside-active-native-stack resolvedPackagePath="/Apps\PacMan" resolvedPath="/Apps\PacMan/resources/level1.gximg" bytesRead=65536 result=0 actualHostRead=read-complete returnPropagation=about-to-return
[NativeAppHost] file_read phase=return runtimeId=1 appId=com.guidexos.pacman processId=11 contextActive=yes contextPointerMatched=yes requestedPath="resources/level1.gximg" offset=131100 length=65536 destination=0x226460 destinationRange=inside-native-image outBytesRead=0xebdfbfe7d0 outBytesReadRange=inside-active-native-stack resolvedPackagePath="/Apps\PacMan" resolvedPath="/Apps\PacMan/resources/level1.gximg" bytesRead=65536 result=0 actualHostRead=read-complete returnPropagation=about-to-return
[NativeAppHost] file_read phase=return runtimeId=1 appId=com.guidexos.pacman processId=11 contextActive=yes contextPointerMatched=yes requestedPath="resources/level1.gximg" offset=196636 length=65536 destination=0x236460 destinationRange=inside-native-image outBytesRead=0xebdfbfe7d0 outBytesReadRange=inside-active-native-stack resolvedPackagePath="/Apps\PacMan" resolvedPath="/Apps\PacMan/resources/level1.gximg" bytesRead=65536 result=0 actualHostRead=read-complete returnPropagation=about-to-return
[NativeAppHost] file_read phase=return runtimeId=1 appId=com.guidexos.pacman processId=11 contextActive=yes contextPointerMatched=yes requestedPath="resources/level1.gximg" offset=262172 length=65536 destination=0x246460 destinationRange=inside-native-image outBytesRead=0xebdfbfe7d0 outBytesReadRange=inside-active-native-stack resolvedPackagePath="/Apps\PacMan" resolvedPath="/Apps\PacMan/resources/level1.gximg" bytesRead=65536 result=0 actualHostRead=read-complete returnPropagation=about-to-return
[NativeAppHost] file_read phase=return runtimeId=1 appId=com.guidexos.pacman processId=11 contextActive=yes contextPointerMatched=yes requestedPath="resources/level1.gximg" offset=327708 length=65536 destination=0x256460 destinationRange=inside-native-image outBytesRead=0xebdfbfe7d0 outBytesReadRange=inside-active-native-stack resolvedPackagePath="/Apps\PacMan" resolvedPath="/Apps\PacMan/resources/level1.gximg" bytesRead=65536 result=0 actualHostRead=read-complete returnPropagation=about-to-return
[NativeAppHost] file_read phase=return runtimeId=1 appId=com.guidexos.pacman processId=11 contextActive=yes contextPointerMatched=yes requestedPath="resources/level1.gximg" offset=393244 length=65536 destination=0x266460 destinationRange=inside-native-image outBytesRead=0xebdfbfe7d0 outBytesReadRange=inside-active-native-stack resolvedPackagePath="/Apps\PacMan" resolvedPath="/Apps\PacMan/resources/level1.gximg" bytesRead=65536 result=0 actualHostRead=read-complete returnPropagation=about-to-return
[NativeAppHost] file_read phase=return runtimeId=1 appId=com.guidexos.pacman processId=11 contextActive=yes contextPointerMatched=yes requestedPath="resources/level1.gximg" offset=458780 length=65536 destination=0x276460 destinationRange=inside-native-image outBytesRead=0xebdfbfe7d0 outBytesReadRange=inside-active-native-stack resolvedPackagePath="/Apps\PacMan" resolvedPath="/Apps\PacMan/resources/level1.gximg" bytesRead=65536 result=0 actualHostRead=read-complete returnPropagation=about-to-return
[NativeAppHost] file_read phase=return runtimeId=1 appId=com.guidexos.pacman processId=11 contextActive=yes contextPointerMatched=yes requestedPath="resources/level1.gximg" offset=524316 length=65536 destination=0x286460 destinationRange=inside-native-image outBytesRead=0xebdfbfe7d0 outBytesReadRange=inside-active-native-stack resolvedPackagePath="/Apps\PacMan" resolvedPath="/Apps\PacMan/resources/level1.gximg" bytesRead=65536 result=0 actualHostRead=read-complete returnPropagation=about-to-return
[NativeAppHost] file_read phase=return runtimeId=1 appId=com.guidexos.pacman processId=11 contextActive=yes contextPointerMatched=yes requestedPath="resources/level1.gximg" offset=589852 length=65536 destination=0x296460 destinationRange=inside-native-image outBytesRead=0xebdfbfe7d0 outBytesReadRange=inside-active-native-stack resolvedPackagePath="/Apps\PacMan" resolvedPath="/Apps\PacMan/resources/level1.gximg" bytesRead=65536 result=0 actualHostRead=read-complete returnPropagation=about-to-return
[NativeAppHost] file_read phase=return runtimeId=1 appId=com.guidexos.pacman processId=11 contextActive=yes contextPointerMatched=yes requestedPath="resources/level1.gximg" offset=655388 length=65536 destination=0x2a6460 destinationRange=inside-native-image outBytesRead=0xebdfbfe7d0 outBytesReadRange=inside-active-native-stack resolvedPackagePath="/Apps\PacMan" resolvedPath="/Apps\PacMan/resources/level1.gximg" bytesRead=65536 result=0 actualHostRead=read-complete returnPropagation=about-to-return
[NativeAppHost] file_read phase=return runtimeId=1 appId=com.guidexos.pacman processId=11 contextActive=yes contextPointerMatched=yes requestedPath="resources/level1.gximg" offset=720924 length=65536 destination=0x2b6460 destinationRange=inside-native-image outBytesRead=0xebdfbfe7d0 outBytesReadRange=inside-active-native-stack resolvedPackagePath="/Apps\PacMan" resolvedPath="/Apps\PacMan/resources/level1.gximg" bytesRead=65536 result=0 actualHostRead=read-complete returnPropagation=about-to-return
[NativeAppHost] file_read phase=return runtimeId=1 appId=com.guidexos.pacman processId=11 contextActive=yes contextPointerMatched=yes requestedPath="resources/level1.gximg" offset=786460 length=65536 destination=0x2c6460 destinationRange=inside-native-image outBytesRead=0xebdfbfe7d0 outBytesReadRange=inside-active-native-stack resolvedPackagePath="/Apps\PacMan" resolvedPath="/Apps\PacMan/resources/level1.gximg" bytesRead=65536 result=0 actualHostRead=read-complete returnPropagation=about-to-return
[NativeAppHost] file_read phase=return runtimeId=1 appId=com.guidexos.pacman processId=11 contextActive=yes contextPointerMatched=yes requestedPath="resources/level1.gximg" offset=851996 length=36864 destination=0x2d6460 destinationRange=inside-native-image outBytesRead=0xebdfbfe7d0 outBytesReadRange=inside-active-native-stack resolvedPackagePath="/Apps\PacMan" resolvedPath="/Apps\PacMan/resources/level1.gximg" bytesRead=36864 result=0 actualHostRead=read-complete returnPropagation=about-to-return
[NativeAppHost] file_read phase=return runtimeId=1 appId=com.guidexos.pacman processId=11 contextActive=yes contextPointerMatched=yes requestedPath="resources/pacpics.gximg" offset=0 length=28 destination=0xebdfbfe850 destinationRange=inside-active-native-stack outBytesRead=0xebdfbfe7d0 outBytesReadRange=inside-active-native-stack resolvedPackagePath="/Apps\PacMan" resolvedPath="/Apps\PacMan/resources/pacpics.gximg" bytesRead=28 result=0 actualHostRead=read-complete returnPropagation=about-to-return
[NativeAppHost] file_read phase=return runtimeId=1 appId=com.guidexos.pacman processId=11 contextActive=yes contextPointerMatched=yes requestedPath="resources/pacpics.gximg" offset=28 length=65536 destination=0x2df460 destinationRange=inside-native-image outBytesRead=0xebdfbfe7d0 outBytesReadRange=inside-active-native-stack resolvedPackagePath="/Apps\PacMan" resolvedPath="/Apps\PacMan/resources/pacpics.gximg" bytesRead=65536 result=0 actualHostRead=read-complete returnPropagation=about-to-return
[NativeAppHost] file_read phase=return runtimeId=1 appId=com.guidexos.pacman processId=11 contextActive=yes contextPointerMatched=yes requestedPath="resources/pacpics.gximg" offset=65564 length=65536 destination=0x2ef460 destinationRange=inside-native-image outBytesRead=0xebdfbfe7d0 outBytesReadRange=inside-active-native-stack resolvedPackagePath="/Apps\PacMan" resolvedPath="/Apps\PacMan/resources/pacpics.gximg" bytesRead=65536 result=0 actualHostRead=read-complete returnPropagation=about-to-return
[NativeAppHost] file_read phase=return runtimeId=1 appId=com.guidexos.pacman processId=11 contextActive=yes contextPointerMatched=yes requestedPath="resources/pacpics.gximg" offset=131100 length=65536 destination=0x2ff460 destinationRange=inside-native-image outBytesRead=0xebdfbfe7d0 outBytesReadRange=inside-active-native-stack resolvedPackagePath="/Apps\PacMan" resolvedPath="/Apps\PacMan/resources/pacpics.gximg" bytesRead=65536 result=0 actualHostRead=read-complete returnPropagation=about-to-return
[NativeAppHost] file_read phase=return runtimeId=1 appId=com.guidexos.pacman processId=11 contextActive=yes contextPointerMatched=yes requestedPath="resources/pacpics.gximg" offset=196636 length=65536 destination=0x30f460 destinationRange=inside-native-image outBytesRead=0xebdfbfe7d0 outBytesReadRange=inside-active-native-stack resolvedPackagePath="/Apps\PacMan" resolvedPath="/Apps\PacMan/resources/pacpics.gximg" bytesRead=65536 result=0 actualHostRead=read-complete returnPropagation=about-to-return
[NativeAppHost] file_read phase=return runtimeId=1 appId=com.guidexos.pacman processId=11 contextActive=yes contextPointerMatched=yes requestedPath="resources/pacpics.gximg" offset=262172 length=65536 destination=0x31f460 destinationRange=inside-native-image outBytesRead=0xebdfbfe7d0 outBytesReadRange=inside-active-native-stack resolvedPackagePath="/Apps\PacMan" resolvedPath="/Apps\PacMan/resources/pacpics.gximg" bytesRead=65536 result=0 actualHostRead=read-complete returnPropagation=about-to-return
[NativeAppHost] file_read phase=return runtimeId=1 appId=com.guidexos.pacman processId=11 contextActive=yes contextPointerMatched=yes requestedPath="resources/pacpics.gximg" offset=327708 length=32768 destination=0x32f460 destinationRange=inside-native-image outBytesRead=0xebdfbfe7d0 outBytesReadRange=inside-active-native-stack resolvedPackagePath="/Apps\PacMan" resolvedPath="/Apps\PacMan/resources/pacpics.gximg" bytesRead=32768 result=0 actualHostRead=read-complete returnPropagation=about-to-return
Bus::publish queueing msg type=1 to channel=gui.input
Compositor received MT_Create: Nexgen PacMan|480|640|2 from pid=11
Compositor created window id=1000 sending ack to pid=11
publishOut MT_Create payload=1000|Nexgen PacMan dstPid=11
Bus::publish directing msg type=1 to pid=11
Bus::publish directing msg type=14 to pid=11
[NativeAppHost] App: com.guidexos.pacman (Nexgen PacMan) request_window title="Nexgen PacMan" size=480x640 windowId=1000
Bus::publish queueing msg type=10 to channel=gui.input
[NativeAppHost] App: com.guidexos.pacman (Nexgen PacMan) log: PacMan interactive frame presented
Bus::publish queueing msg type=4 to channel=gui.input
[NativeAppHost] App: com.guidexos.pacman (Nexgen PacMan) poll_event returned type=2 windowId=1000
[NativeAppHost] App: com.guidexos.pacman (Nexgen PacMan) log: PacMan focus gained; waiting for new direction
Bus::publish queueing msg type=4 to channel=gui.input
[NativeAppHost] App: com.guidexos.pacman (Nexgen PacMan) log: PacMan fixed-step simulation started
Bus::publish queueing msg type=4 to channel=gui.input
Bus::publish directing msg type=10 to pid=11
Bus::publish queueing msg type=10 to channel=gui.input
Bus::publish queueing msg type=4 to channel=gui.input
Bus::publish directing msg type=4 to pid=11
Bus::publish directing msg type=4 to pid=11
[NativeAppHost] App: com.guidexos.pacman (Nexgen PacMan) poll_event returned type=6 windowId=1000
Bus::publish queueing msg type=10 to channel=gui.input
Bus::publish queueing msg type=4 to channel=gui.input
[NativeAppHost] App: com.guidexos.pacman (Nexgen PacMan) poll_event returned type=6 windowId=1000
Bus::publish queueing msg type=10 to channel=gui.input
Bus::publish queueing msg type=4 to channel=gui.input
Bus::publish directing msg type=4 to pid=11
[NativeAppHost] App: com.guidexos.pacman (Nexgen PacMan) poll_event returned type=6 windowId=1000
Bus::publish queueing msg type=10 to channel=gui.input
Bus::publish queueing msg type=4 to channel=gui.input
Bus::publish queueing msg type=4 to channel=gui.input
Bus::publish directing msg type=10 to pid=11
[NativeAppHost] App: com.guidexos.pacman (Nexgen PacMan) log: PacMan normal pill consumed
[NativeAppHost] App: com.guidexos.pacman (Nexgen PacMan) log: PacMan score updated: 10
[NativeAppHost] App: com.guidexos.pacman (Nexgen PacMan) log: PacMan remaining consumables: 243
Bus::publish queueing msg type=10 to channel=gui.input
Bus::publish queueing msg type=4 to channel=gui.input
Bus::publish directing msg type=4 to pid=11
[NativeAppHost] App: com.guidexos.pacman (Nexgen PacMan) poll_event returned type=6 windowId=1000
Bus::publish queueing msg type=10 to channel=gui.input
Bus::publish queueing msg type=4 to channel=gui.input
Bus::publish directing msg type=10 to pid=11
Bus::publish queueing msg type=4 to channel=gui.input
Bus::publish directing msg type=4 to pid=11
[NativeAppHost] App: com.guidexos.pacman (Nexgen PacMan) poll_event returned type=6 windowId=1000
Bus::publish queueing msg type=10 to channel=gui.input
Bus::publish queueing msg type=4 to channel=gui.input
Bus::publish directing msg type=10 to pid=11
Bus::publish queueing msg type=4 to channel=gui.input
Bus::publish directing msg type=4 to pid=11
[NativeAppHost] App: com.guidexos.pacman (Nexgen PacMan) poll_event returned type=6 windowId=1000
Bus::publish queueing msg type=10 to channel=gui.input
Bus::publish queueing msg type=4 to channel=gui.input
Bus::publish directing msg type=10 to pid=11
Bus::publish queueing msg type=4 to channel=gui.input
Bus::publish directing msg type=4 to pid=11
Bus::publish directing msg type=4 to pid=11
[NativeAppHost] App: com.guidexos.pacman (Nexgen PacMan) poll_event returned type=6 windowId=1000
Bus::publish queueing msg type=10 to channel=gui.input
Bus::publish queueing msg type=4 to channel=gui.input
[NativeAppHost] App: com.guidexos.pacman (Nexgen PacMan) poll_event returned type=6 windowId=1000
Bus::publish queueing msg type=10 to channel=gui.input
Bus::publish queueing msg type=4 to channel=gui.input
Bus::publish directing msg type=10 to pid=11
Bus::publish queueing msg type=4 to channel=gui.input
Bus::publish directing msg type=4 to pid=11
[NativeAppHost] App: com.guidexos.pacman (Nexgen PacMan) poll_event returned type=6 windowId=1000
Bus::publish queueing msg type=10 to channel=gui.input
Bus::publish queueing msg type=4 to channel=gui.input
Bus::publish directing msg type=10 to pid=11
Bus::publish queueing msg type=4 to channel=gui.input
Bus::publish directing msg type=4 to pid=11
[NativeAppHost] App: com.guidexos.pacman (Nexgen PacMan) poll_event returned type=6 windowId=1000
Bus::publish queueing msg type=10 to channel=gui.input
[NativeAppHost] App: com.guidexos.pacman (Nexgen PacMan) log: PacMan normal pill consumed
[NativeAppHost] App: com.guidexos.pacman (Nexgen PacMan) log: PacMan score updated: 20
[NativeAppHost] App: com.guidexos.pacman (Nexgen PacMan) log: PacMan remaining consumables: 242
Bus::publish queueing msg type=4 to channel=gui.input
Bus::publish directing msg type=4 to pid=11
[NativeAppHost] App: com.guidexos.pacman (Nexgen PacMan) poll_event returned type=6 windowId=1000
Bus::publish queueing msg type=10 to channel=gui.input
Bus::publish queueing msg type=4 to channel=gui.input
Bus::publish directing msg type=10 to pid=11
Bus::publish queueing msg type=4 to channel=gui.input
Bus::publish directing msg type=4 to pid=11
[NativeAppHost] App: com.guidexos.pacman (Nexgen PacMan) poll_event returned type=6 windowId=1000
Bus::publish queueing msg type=10 to channel=gui.input
Bus::publish queueing msg type=4 to channel=gui.input
Bus::publish directing msg type=4 to pid=11
[NativeAppHost] App: com.guidexos.pacman (Nexgen PacMan) poll_event returned type=6 windowId=1000
Bus::publish queueing msg type=10 to channel=gui.input
Bus::publish queueing msg type=4 to channel=gui.input
Bus::publish directing msg type=10 to pid=11
Bus::publish queueing msg type=4 to channel=gui.input
Bus::publish directing msg type=4 to pid=11
[NativeAppHost] App: com.guidexos.pacman (Nexgen PacMan) poll_event returned type=6 windowId=1000
Bus::publish queueing msg type=10 to channel=gui.input
Bus::publish queueing msg type=4 to channel=gui.input
Bus::publish directing msg type=4 to pid=11
[NativeAppHost] App: com.guidexos.pacman (Nexgen PacMan) poll_event returned type=6 windowId=1000
Bus::publish queueing msg type=10 to channel=gui.input
Bus::publish queueing msg type=4 to channel=gui.input
Bus::publish directing msg type=10 to pid=11
Bus::publish queueing msg type=4 to channel=gui.input
Bus::publish directing msg type=4 to pid=11
[NativeAppHost] App: com.guidexos.pacman (Nexgen PacMan) poll_event returned type=6 windowId=1000
Bus::publish queueing msg type=10 to channel=gui.input
Bus::publish queueing msg type=4 to channel=gui.input
Bus::publish directing msg type=10 to pid=11
[NativeAppHost] App: com.guidexos.pacman (Nexgen PacMan) log: PacMan normal pill consumed
[NativeAppHost] App: com.guidexos.pacman (Nexgen PacMan) log: PacMan score updated: 30
[NativeAppHost] App: com.guidexos.pacman (Nexgen PacMan) log: PacMan remaining consumables: 241
Bus::publish queueing msg type=4 to channel=gui.input
Bus::publish directing msg type=4 to pid=11
[NativeAppHost] App: com.guidexos.pacman (Nexgen PacMan) poll_event returned type=6 windowId=1000
Bus::publish queueing msg type=10 to channel=gui.input
Bus::publish queueing msg type=4 to channel=gui.input
Bus::publish directing msg type=4 to pid=11
[NativeAppHost] App: com.guidexos.pacman (Nexgen PacMan) poll_event returned type=6 windowId=1000
Bus::publish queueing msg type=10 to channel=gui.input
Bus::publish queueing msg type=4 to channel=gui.input
Bus::publish directing msg type=10 to pid=11
Bus::publish queueing msg type=4 to channel=gui.input
Bus::publish directing msg type=4 to pid=11
[NativeAppHost] App: com.guidexos.pacman (Nexgen PacMan) poll_event returned type=6 windowId=1000
Bus::publish queueing msg type=10 to channel=gui.input
Bus::publish queueing msg type=4 to channel=gui.input
Bus::publish directing msg type=4 to pid=11
[NativeAppHost] App: com.guidexos.pacman (Nexgen PacMan) poll_event returned type=6 windowId=1000
Bus::publish queueing msg type=10 to channel=gui.input
Bus::publish queueing msg type=4 to channel=gui.input
Bus::publish directing msg type=10 to pid=11
Bus::publish queueing msg type=4 to channel=gui.input
Bus::publish directing msg type=4 to pid=11
[NativeAppHost] App: com.guidexos.pacman (Nexgen PacMan) poll_event returned type=6 windowId=1000
Bus::publish queueing msg type=10 to channel=gui.input
Bus::publish queueing msg type=4 to channel=gui.input
Bus::publish directing msg type=10 to pid=11
Bus::publish queueing msg type=4 to channel=gui.input
Bus::publish directing msg type=4 to pid=11
[NativeAppHost] App: com.guidexos.pacman (Nexgen PacMan) poll_event returned type=6 windowId=1000
Bus::publish queueing msg type=10 to channel=gui.input
Bus::publish queueing msg type=4 to channel=gui.input
Bus::publish directing msg type=4 to pid=11
[NativeAppHost] App: com.guidexos.pacman (Nexgen PacMan) poll_event returned type=6 windowId=1000
Bus::publish queueing msg type=10 to channel=gui.input
[NativeAppHost] App: com.guidexos.pacman (Nexgen PacMan) log: PacMan normal pill consumed
[NativeAppHost] App: com.guidexos.pacman (Nexgen PacMan) log: PacMan score updated: 40
[NativeAppHost] App: com.guidexos.pacman (Nexgen PacMan) log: PacMan remaining consumables: 240
Bus::publish queueing msg type=4 to channel=gui.input
Bus::publish directing msg type=10 to pid=11
Bus::publish queueing msg type=4 to channel=gui.input
Bus::publish directing msg type=4 to pid=11
[NativeAppHost] App: com.guidexos.pacman (Nexgen PacMan) poll_event returned type=6 windowId=1000
Bus::publish queueing msg type=10 to channel=gui.input
Bus::publish queueing msg type=4 to channel=gui.input
Bus::publish directing msg type=10 to pid=11
Bus::publish queueing msg type=10 to channel=gui.input
Bus::publish queueing msg type=4 to channel=gui.input
Bus::publish directing msg type=4 to pid=11
[NativeAppHost] App: com.guidexos.pacman (Nexgen PacMan) poll_event returned type=6 windowId=1000
Bus::publish queueing msg type=10 to channel=gui.input
Bus::publish queueing msg type=4 to channel=gui.input
Bus::publish directing msg type=4 to pid=11
[NativeAppHost] App: com.guidexos.pacman (Nexgen PacMan) poll_event returned type=6 windowId=1000
Bus::publish queueing msg type=10 to channel=gui.input
Bus::publish queueing msg type=4 to channel=gui.input
Bus::publish directing msg type=10 to pid=11
Bus::publish queueing msg type=4 to channel=gui.input
Bus::publish directing msg type=4 to pid=11
[NativeAppHost] App: com.guidexos.pacman (Nexgen PacMan) poll_event returned type=6 windowId=1000
Bus::publish queueing msg type=10 to channel=gui.input
Bus::publish queueing msg type=4 to channel=gui.input
Bus::publish directing msg type=10 to pid=11
Bus::publish queueing msg type=4 to channel=gui.input
Bus::publish directing msg type=4 to pid=11
[NativeAppHost] App: com.guidexos.pacman (Nexgen PacMan) poll_event returned type=6 windowId=1000
Bus::publish queueing msg type=10 to channel=gui.input
Bus::publish queueing msg type=4 to channel=gui.input
Bus::publish directing msg type=4 to pid=11
Bus::publish directing msg type=10 to pid=11
[NativeAppHost] App: com.guidexos.pacman (Nexgen PacMan) poll_event returned type=6 windowId=1000
Bus::publish queueing msg type=10 to channel=gui.input
[NativeAppHost] App: com.guidexos.pacman (Nexgen PacMan) log: PacMan normal pill consumed
[NativeAppHost] App: com.guidexos.pacman (Nexgen PacMan) log: PacMan score updated: 50
[NativeAppHost] App: com.guidexos.pacman (Nexgen PacMan) log: PacMan remaining consumables: 239
Bus::publish queueing msg type=4 to channel=gui.input
Bus::publish directing msg type=4 to pid=11
[NativeAppHost] App: com.guidexos.pacman (Nexgen PacMan) poll_event returned type=6 windowId=1000
Bus::publish queueing msg type=10 to channel=gui.input
Bus::publish queueing msg type=4 to channel=gui.input
Bus::publish directing msg type=4 to pid=11
[NativeAppHost] App: com.guidexos.pacman (Nexgen PacMan) poll_event returned type=6 windowId=1000
Bus::publish queueing msg type=10 to channel=gui.input
Bus::publish queueing msg type=4 to channel=gui.input
Bus::publish directing msg type=10 to pid=11
Bus::publish directing msg type=4 to pid=11
Bus::publish directing msg type=10 to pid=11
Bus::publish queueing msg type=10 to channel=gui.input
Bus::publish queueing msg type=4 to channel=gui.input
[NativeAppHost] App: com.guidexos.pacman (Nexgen PacMan) poll_event returned type=6 windowId=1000
Bus::publish queueing msg type=10 to channel=gui.input
Bus::publish queueing msg type=4 to channel=gui.input
Bus::publish directing msg type=4 to pid=11
[NativeAppHost] App: com.guidexos.pacman (Nexgen PacMan) poll_event returned type=6 windowId=1000
Bus::publish queueing msg type=10 to channel=gui.input
Bus::publish queueing msg type=4 to channel=gui.input
Bus::publish directing msg type=4 to pid=11
Bus::publish directing msg type=10 to pid=11
[NativeAppHost] App: com.guidexos.pacman (Nexgen PacMan) poll_event returned type=6 windowId=1000
Bus::publish queueing msg type=10 to channel=gui.input
Bus::publish queueing msg type=4 to channel=gui.input
Bus::publish directing msg type=4 to pid=11
[NativeAppHost] App: com.guidexos.pacman (Nexgen PacMan) poll_event returned type=6 windowId=1000
Bus::publish queueing msg type=10 to channel=gui.input
Bus::publish queueing msg type=4 to channel=gui.input
Bus::publish directing msg type=10 to pid=11
[NativeAppHost] App: com.guidexos.pacman (Nexgen PacMan) log: PacMan normal pill consumed
[NativeAppHost] App: com.guidexos.pacman (Nexgen PacMan) log: PacMan score updated: 60
[NativeAppHost] App: com.guidexos.pacman (Nexgen PacMan) log: PacMan remaining consumables: 238
Bus::publish queueing msg type=4 to channel=gui.input
Bus::publish directing msg type=4 to pid=11
Bus::publish directing msg type=4 to pid=11
[NativeAppHost] App: com.guidexos.pacman (Nexgen PacMan) poll_event returned type=6 windowId=1000
Bus::publish queueing msg type=10 to channel=gui.input
Bus::publish queueing msg type=4 to channel=gui.input
[NativeAppHost] App: com.guidexos.pacman (Nexgen PacMan) poll_event returned type=6 windowId=1000
Bus::publish queueing msg type=10 to channel=gui.input
Bus::publish queueing msg type=4 to channel=gui.input
Bus::publish directing msg type=10 to pid=11
Bus::publish directing msg type=4 to pid=11
Bus::publish queueing msg type=10 to channel=gui.input
Bus::publish queueing msg type=4 to channel=gui.input
[NativeAppHost] App: com.guidexos.pacman (Nexgen PacMan) poll_event returned type=6 windowId=1000
Bus::publish queueing msg type=10 to channel=gui.input
Bus::publish queueing msg type=4 to channel=gui.input
Bus::publish directing msg type=4 to pid=11
Bus::publish directing msg type=10 to pid=11
[NativeAppHost] App: com.guidexos.pacman (Nexgen PacMan) poll_event returned type=6 windowId=1000
Bus::publish queueing msg type=10 to channel=gui.input
Bus::publish queueing msg type=4 to channel=gui.input
Bus::publish directing msg type=4 to pid=11
[NativeAppHost] App: com.guidexos.pacman (Nexgen PacMan) poll_event returned type=6 windowId=1000
Bus::publish queueing msg type=10 to channel=gui.input
Bus::publish queueing msg type=4 to channel=gui.input
Bus::publish directing msg type=10 to pid=11
Bus::publish directing msg type=4 to pid=11
Bus::publish queueing msg type=10 to channel=gui.input
Bus::publish queueing msg type=4 to channel=gui.input
[NativeAppHost] App: com.guidexos.pacman (Nexgen PacMan) poll_event returned type=6 windowId=1000
Bus::publish directing msg type=4 to pid=11
Bus::publish queueing msg type=10 to channel=gui.input
Bus::publish queueing msg type=4 to channel=gui.input
[NativeAppHost] App: com.guidexos.pacman (Nexgen PacMan) poll_event returned type=6 windowId=1000
Bus::publish queueing msg type=10 to channel=gui.input
Bus::publish queueing msg type=4 to channel=gui.input
Bus::publish directing msg type=10 to pid=11
[NativeAppHost] App: com.guidexos.pacman (Nexgen PacMan) log: PacMan normal pill consumed
[NativeAppHost] App: com.guidexos.pacman (Nexgen PacMan) log: PacMan score updated: 70
[NativeAppHost] App: com.guidexos.pacman (Nexgen PacMan) log: PacMan remaining consumables: 237
Bus::publish queueing msg type=10 to channel=gui.input
Bus::publish queueing msg type=4 to channel=gui.input
Bus::publish directing msg type=4 to pid=11
[NativeAppHost] App: com.guidexos.pacman (Nexgen PacMan) poll_event returned type=6 windowId=1000
Bus::publish queueing msg type=10 to channel=gui.input
Bus::publish queueing msg type=4 to channel=gui.input
Bus::publish directing msg type=10 to pid=11
Bus::publish queueing msg type=4 to channel=gui.input
Bus::publish directing msg type=4 to pid=11
[NativeAppHost] App: com.guidexos.pacman (Nexgen PacMan) poll_event returned type=6 windowId=1000
Bus::publish queueing msg type=10 to channel=gui.input
Bus::publish queueing msg type=4 to channel=gui.input
Bus::publish directing msg type=10 to pid=11
Bus::publish queueing msg type=4 to channel=gui.input
Bus::publish directing msg type=4 to pid=11
[NativeAppHost] App: com.guidexos.pacman (Nexgen PacMan) poll_event returned type=6 windowId=1000
Bus::publish queueing msg type=10 to channel=gui.input
Bus::publish queueing msg type=4 to channel=gui.input
Bus::publish directing msg type=10 to pid=11
Bus::publish directing msg type=4 to pid=11
Bus::publish queueing msg type=4 to channel=gui.input
[NativeAppHost] App: com.guidexos.pacman (Nexgen PacMan) poll_event returned type=6 windowId=1000
Bus::publish queueing msg type=10 to channel=gui.input
Bus::publish queueing msg type=4 to channel=gui.input
Bus::publish directing msg type=4 to pid=11
[NativeAppHost] App: com.guidexos.pacman (Nexgen PacMan) poll_event returned type=6 windowId=1000
Bus::publish queueing msg type=10 to channel=gui.input
Bus::publish queueing msg type=4 to channel=gui.input
Bus::publish directing msg type=10 to pid=11
Bus::publish queueing msg type=4 to channel=gui.input
Bus::publish directing msg type=4 to pid=11
[NativeAppHost] App: com.guidexos.pacman (Nexgen PacMan) poll_event returned type=6 windowId=1000
Bus::publish queueing msg type=10 to channel=gui.input
Bus::publish queueing msg type=4 to channel=gui.input
Bus::publish directing msg type=4 to pid=11
[NativeAppHost] App: com.guidexos.pacman (Nexgen PacMan) poll_event returned type=6 windowId=1000
Bus::publish queueing msg type=10 to channel=gui.input
[NativeAppHost] App: com.guidexos.pacman (Nexgen PacMan) log: PacMan direction blocked by maze wall
Bus::publish queueing msg type=4 to channel=gui.input
Bus::publish directing msg type=10 to pid=11
Bus::publish queueing msg type=4 to channel=gui.input
Bus::publish directing msg type=4 to pid=11
[NativeAppHost] App: com.guidexos.pacman (Nexgen PacMan) poll_event returned type=6 windowId=1000
Bus::publish queueing msg type=10 to channel=gui.input
Bus::publish queueing msg type=4 to channel=gui.input
Bus::publish directing msg type=10 to pid=11
Bus::publish queueing msg type=4 to channel=gui.input
Bus::publish directing msg type=4 to pid=11
[NativeAppHost] App: com.guidexos.pacman (Nexgen PacMan) poll_event returned type=6 windowId=1000
Bus::publish queueing msg type=10 to channel=gui.input
Bus::publish queueing msg type=4 to channel=gui.input
Bus::publish directing msg type=10 to pid=11
Bus::publish queueing msg type=4 to channel=gui.input
Bus::publish directing msg type=4 to pid=11
Bus::publish directing msg type=10 to pid=11
[NativeAppHost] App: com.guidexos.pacman (Nexgen PacMan) poll_event returned type=6 windowId=1000
Bus::publish queueing msg type=10 to channel=gui.input
Bus::publish queueing msg type=4 to channel=gui.input
Bus::publish directing msg type=4 to pid=11
[NativeAppHost] App: com.guidexos.pacman (Nexgen PacMan) poll_event returned type=6 windowId=1000
Bus::publish queueing msg type=10 to channel=gui.input
Bus::publish queueing msg type=4 to channel=gui.input
Bus::publish directing msg type=10 to pid=11
Bus::publish queueing msg type=4 to channel=gui.input
Bus::publish directing msg type=4 to pid=11
[NativeAppHost] App: com.guidexos.pacman (Nexgen PacMan) poll_event returned type=6 windowId=1000
Bus::publish queueing msg type=10 to channel=gui.input
Bus::publish queueing msg type=4 to channel=gui.input
Bus::publish directing msg type=10 to pid=11
Bus::publish queueing msg type=4 to channel=gui.input
Bus::publish directing msg type=4 to pid=11
[NativeAppHost] App: com.guidexos.pacman (Nexgen PacMan) poll_event returned type=6 windowId=1000
Bus::publish queueing msg type=10 to channel=gui.input
Bus::publish queueing msg type=4 to channel=gui.input
Bus::publish directing msg type=10 to pid=11
Bus::publish queueing msg type=4 to channel=gui.input
Bus::publish directing msg type=4 to pid=11
[NativeAppHost] App: com.guidexos.pacman (Nexgen PacMan) poll_event returned type=6 windowId=1000
Bus::publish queueing msg type=10 to channel=gui.input
Bus::publish queueing msg type=4 to channel=gui.input
Bus::publish directing msg type=10 to pid=11
Bus::publish queueing msg type=4 to channel=gui.input
Bus::publish directing msg type=4 to pid=11
[NativeAppHost] App: com.guidexos.pacman (Nexgen PacMan) poll_event returned type=6 windowId=1000
Bus::publish queueing msg type=10 to channel=gui.input
Bus::publish queueing msg type=4 to channel=gui.input
Bus::publish directing msg type=10 to pid=11
Bus::publish queueing msg type=4 to channel=gui.input
Bus::publish directing msg type=4 to pid=11
[NativeAppHost] App: com.guidexos.pacman (Nexgen PacMan) poll_event returned type=6 windowId=1000
Bus::publish queueing msg type=10 to channel=gui.input
Bus::publish queueing msg type=4 to channel=gui.input
Bus::publish directing msg type=4 to pid=11
[NativeAppHost] App: com.guidexos.pacman (Nexgen PacMan) poll_event returned type=6 windowId=1000
Bus::publish queueing msg type=10 to channel=gui.input
Bus::publish queueing msg type=4 to channel=gui.input
Bus::publish queueing msg type=4 to channel=gui.input
Bus::publish directing msg type=10 to pid=11
Bus::publish queueing msg type=10 to channel=gui.input
Bus::publish queueing msg type=4 to channel=gui.input
Bus::publish directing msg type=4 to pid=11
[NativeAppHost] App: com.guidexos.pacman (Nexgen PacMan) poll_event returned type=6 windowId=1000
Bus::publish queueing msg type=10 to channel=gui.input
Bus::publish queueing msg type=4 to channel=gui.input
Bus::publish directing msg type=10 to pid=11
Bus::publish queueing msg type=4 to channel=gui.input
Bus::publish directing msg type=4 to pid=11
[NativeAppHost] App: com.guidexos.pacman (Nexgen PacMan) poll_event returned type=6 windowId=1000
Bus::publish queueing msg type=10 to channel=gui.input
Bus::publish queueing msg type=4 to channel=gui.input
Bus::publish queueing msg type=4 to channel=gui.input
Bus::publish directing msg type=12 to pid=11
Bus::publish directing msg type=12 to pid=11
Bus::publish directing msg type=10 to pid=11
[NativeAppHost] App: com.guidexos.pacman (Nexgen PacMan) poll_event returned type=4 windowId=1000
Bus::publish queueing msg type=10 to channel=gui.input
Bus::publish queueing msg type=4 to channel=gui.input
[NativeAppHost] App: com.guidexos.pacman (Nexgen PacMan) poll_event returned type=4 windowId=1000
[NativeAppHost] App: com.guidexos.pacman (Nexgen PacMan) log: PacMan requested direction: left
Bus::publish queueing msg type=4 to channel=gui.input
Bus::publish directing msg type=4 to pid=11
[NativeAppHost] App: com.guidexos.pacman (Nexgen PacMan) poll_event returned type=6 windowId=1000
Bus::publish directing msg type=10 to pid=11
Bus::publish queueing msg type=10 to channel=gui.input
[NativeAppHost] App: com.guidexos.pacman (Nexgen PacMan) log: PacMan buffered turn accepted
Bus::publish queueing msg type=4 to channel=gui.input
Bus::publish queueing msg type=4 to channel=gui.input
Bus::publish directing msg type=13 to pid=11
Bus::publish directing msg type=4 to pid=11
[NativeAppHost] App: com.guidexos.pacman (Nexgen PacMan) poll_event returned type=5 windowId=1000
Bus::publish queueing msg type=10 to channel=gui.input
Bus::publish queueing msg type=4 to channel=gui.input
[NativeAppHost] App: com.guidexos.pacman (Nexgen PacMan) poll_event returned type=6 windowId=1000
Bus::publish queueing msg type=10 to channel=gui.input
Bus::publish queueing msg type=4 to channel=gui.input
Bus::publish directing msg type=10 to pid=11
Bus::publish queueing msg type=10 to channel=gui.input
Bus::publish queueing msg type=4 to channel=gui.input
Bus::publish directing msg type=4 to pid=11
Bus::publish directing msg type=10 to pid=11
[NativeAppHost] App: com.guidexos.pacman (Nexgen PacMan) poll_event returned type=6 windowId=1000
Bus::publish queueing msg type=10 to channel=gui.input
Bus::publish queueing msg type=4 to channel=gui.input
Bus::publish directing msg type=4 to pid=11
[NativeAppHost] App: com.guidexos.pacman (Nexgen PacMan) poll_event returned type=6 windowId=1000
Bus::publish queueing msg type=10 to channel=gui.input
Bus::publish queueing msg type=4 to channel=gui.input
Bus::publish directing msg type=10 to pid=11
Bus::publish queueing msg type=4 to channel=gui.input
Bus::publish directing msg type=4 to pid=11
[NativeAppHost] App: com.guidexos.pacman (Nexgen PacMan) poll_event returned type=6 windowId=1000
Bus::publish queueing msg type=10 to channel=gui.input
Bus::publish queueing msg type=4 to channel=gui.input
Bus::publish queueing msg type=4 to channel=gui.input
Bus::publish queueing msg type=10 to channel=gui.input
Bus::publish queueing msg type=4 to channel=gui.input
Bus::publish directing msg type=10 to pid=11
Bus::publish queueing msg type=10 to channel=gui.input
Bus::publish queueing msg type=4 to channel=gui.input
Bus::publish directing msg type=4 to pid=11
[NativeAppHost] App: com.guidexos.pacman (Nexgen PacMan) poll_event returned type=6 windowId=1000
Bus::publish queueing msg type=10 to channel=gui.input
Bus::publish queueing msg type=4 to channel=gui.input
Bus::publish directing msg type=10 to pid=11
Bus::publish queueing msg type=4 to channel=gui.input
Bus::publish directing msg type=4 to pid=11
[NativeAppHost] App: com.guidexos.pacman (Nexgen PacMan) poll_event returned type=6 windowId=1000
Bus::publish queueing msg type=10 to channel=gui.input
Bus::publish queueing msg type=4 to channel=gui.input
Bus::publish queueing msg type=4 to channel=gui.input
Bus::publish directing msg type=10 to pid=11
Bus::publish queueing msg type=10 to channel=gui.input
Bus::publish queueing msg type=4 to channel=gui.input
Bus::publish directing msg type=4 to pid=11
[NativeAppHost] App: com.guidexos.pacman (Nexgen PacMan) poll_event returned type=6 windowId=1000
Bus::publish queueing msg type=10 to channel=gui.input
Bus::publish queueing msg type=4 to channel=gui.input
Bus::publish directing msg type=10 to pid=11
Bus::publish queueing msg type=4 to channel=gui.input
Bus::publish directing msg type=4 to pid=11
[NativeAppHost] App: com.guidexos.pacman (Nexgen PacMan) poll_event returned type=6 windowId=1000
Bus::publish queueing msg type=10 to channel=gui.input
Bus::publish queueing msg type=4 to channel=gui.input
Bus::publish directing msg type=4 to pid=11
[NativeAppHost] App: com.guidexos.pacman (Nexgen PacMan) poll_event returned type=6 windowId=1000
Bus::publish queueing msg type=10 to channel=gui.input
Bus::publish queueing msg type=4 to channel=gui.input
Bus::publish directing msg type=10 to pid=11
Bus::publish queueing msg type=4 to channel=gui.input
Bus::publish directing msg type=4 to pid=11
[NativeAppHost] App: com.guidexos.pacman (Nexgen PacMan) poll_event returned type=6 windowId=1000
Bus::publish queueing msg type=10 to channel=gui.input
Bus::publish queueing msg type=4 to channel=gui.input
Bus::publish queueing msg type=4 to channel=gui.input
Bus::publish directing msg type=4 to pid=11
[NativeAppHost] App: com.guidexos.pacman (Nexgen PacMan) poll_event returned type=6 windowId=1000
Bus::publish queueing msg type=10 to channel=gui.input
Bus::publish queueing msg type=4 to channel=gui.input
Bus::publish directing msg type=10 to pid=11
Bus::publish queueing msg type=4 to channel=gui.input
Bus::publish directing msg type=4 to pid=11
[NativeAppHost] App: com.guidexos.pacman (Nexgen PacMan) poll_event returned type=6 windowId=1000
Bus::publish queueing msg type=10 to channel=gui.input
Bus::publish queueing msg type=4 to channel=gui.input
Bus::publish queueing msg type=4 to channel=gui.input
Bus::publish directing msg type=4 to pid=11
[NativeAppHost] App: com.guidexos.pacman (Nexgen PacMan) poll_event returned type=6 windowId=1000
Bus::publish queueing msg type=10 to channel=gui.input
Bus::publish queueing msg type=4 to channel=gui.input
Bus::publish directing msg type=10 to pid=11
Bus::publish queueing msg type=4 to channel=gui.input
Bus::publish directing msg type=4 to pid=11
[NativeAppHost] App: com.guidexos.pacman (Nexgen PacMan) poll_event returned type=6 windowId=1000
Bus::publish queueing msg type=10 to channel=gui.input
Bus::publish queueing msg type=4 to channel=gui.input
Bus::publish directing msg type=10 to pid=11
Bus::publish queueing msg type=4 to channel=gui.input
Bus::publish queueing msg type=10 to channel=gui.input
Bus::publish queueing msg type=4 to channel=gui.input
Bus::publish directing msg type=4 to pid=11
[NativeAppHost] App: com.guidexos.pacman (Nexgen PacMan) poll_event returned type=6 windowId=1000
Bus::publish queueing msg type=10 to channel=gui.input
Bus::publish queueing msg type=4 to channel=gui.input
Bus::publish directing msg type=4 to pid=11
[NativeAppHost] App: com.guidexos.pacman (Nexgen PacMan) poll_event returned type=6 windowId=1000
Bus::publish queueing msg type=10 to channel=gui.input
Bus::publish queueing msg type=4 to channel=gui.input
Bus::publish directing msg type=10 to pid=11
Bus::publish queueing msg type=4 to channel=gui.input
Bus::publish directing msg type=4 to pid=11
[NativeAppHost] App: com.guidexos.pacman (Nexgen PacMan) poll_event returned type=6 windowId=1000
Bus::publish queueing msg type=10 to channel=gui.input
Bus::publish queueing msg type=4 to channel=gui.input
Bus::publish directing msg type=10 to pid=11
Bus::publish queueing msg type=4 to channel=gui.input
Bus::publish directing msg type=4 to pid=11
[NativeAppHost] App: com.guidexos.pacman (Nexgen PacMan) poll_event returned type=6 windowId=1000
Bus::publish queueing msg type=10 to channel=gui.input
Bus::publish queueing msg type=4 to channel=gui.input
Bus::publish directing msg type=4 to pid=11
[NativeAppHost] App: com.guidexos.pacman (Nexgen PacMan) poll_event returned type=6 windowId=1000
Bus::publish queueing msg type=10 to channel=gui.input
Bus::publish queueing msg type=4 to channel=gui.input
Bus::publish queueing msg type=4 to channel=gui.input
Bus::publish directing msg type=10 to pid=11
Bus::publish directing msg type=4 to pid=11
Bus::publish queueing msg type=10 to channel=gui.input
Bus::publish queueing msg type=4 to channel=gui.input
[NativeAppHost] App: com.guidexos.pacman (Nexgen PacMan) poll_event returned type=6 windowId=1000
Bus::publish queueing msg type=10 to channel=gui.input
Bus::publish queueing msg type=4 to channel=gui.input
Bus::publish queueing msg type=4 to channel=gui.input
Bus::publish directing msg type=4 to pid=11
[NativeAppHost] App: com.guidexos.pacman (Nexgen PacMan) poll_event returned type=6 windowId=1000
Bus::publish queueing msg type=10 to channel=gui.input
Bus::publish queueing msg type=4 to channel=gui.input
Bus::publish directing msg type=10 to pid=11
Bus::publish queueing msg type=4 to channel=gui.input
Bus::publish directing msg type=4 to pid=11
[NativeAppHost] App: com.guidexos.pacman (Nexgen PacMan) poll_event returned type=6 windowId=1000
Bus::publish queueing msg type=10 to channel=gui.input
Bus::publish queueing msg type=4 to channel=gui.input
Bus::publish directing msg type=4 to pid=11
[NativeAppHost] App: com.guidexos.pacman (Nexgen PacMan) poll_event returned type=6 windowId=1000
Bus::publish queueing msg type=10 to channel=gui.input
Bus::publish queueing msg type=4 to channel=gui.input
Bus::publish directing msg type=10 to pid=11
Bus::publish queueing msg type=4 to channel=gui.input
Bus::publish directing msg type=4 to pid=11
[NativeAppHost] App: com.guidexos.pacman (Nexgen PacMan) poll_event returned type=6 windowId=1000
Bus::publish queueing msg type=10 to channel=gui.input
Bus::publish queueing msg type=4 to channel=gui.input
Bus::publish directing msg type=10 to pid=11
Bus::publish queueing msg type=4 to channel=gui.input
Bus::publish directing msg type=4 to pid=11
[NativeAppHost] App: com.guidexos.pacman (Nexgen PacMan) poll_event returned type=6 windowId=1000
Bus::publish queueing msg type=10 to channel=gui.input
Bus::publish queueing msg type=4 to channel=gui.input
Bus::publish directing msg type=4 to pid=11
[NativeAppHost] App: com.guidexos.pacman (Nexgen PacMan) poll_event returned type=6 windowId=1000
Bus::publish queueing msg type=10 to channel=gui.input
Bus::publish queueing msg type=4 to channel=gui.input
Bus::publish directing msg type=10 to pid=11
Bus::publish queueing msg type=4 to channel=gui.input
Bus::publish directing msg type=4 to pid=11
[NativeAppHost] App: com.guidexos.pacman (Nexgen PacMan) poll_event returned type=6 windowId=1000
Bus::publish queueing msg type=10 to channel=gui.input
Bus::publish queueing msg type=4 to channel=gui.input
Bus::publish directing msg type=4 to pid=11
[NativeAppHost] App: com.guidexos.pacman (Nexgen PacMan) poll_event returned type=6 windowId=1000
Bus::publish queueing msg type=10 to channel=gui.input
Bus::publish queueing msg type=4 to channel=gui.input
Bus::publish directing msg type=10 to pid=11
Bus::publish queueing msg type=4 to channel=gui.input
Bus::publish directing msg type=4 to pid=11
[NativeAppHost] App: com.guidexos.pacman (Nexgen PacMan) poll_event returned type=6 windowId=1000
Bus::publish queueing msg type=10 to channel=gui.input
Bus::publish queueing msg type=4 to channel=gui.input
Bus::publish queueing msg type=4 to channel=gui.input
Bus::publish directing msg type=4 to pid=11
[NativeAppHost] App: com.guidexos.pacman (Nexgen PacMan) poll_event returned type=6 windowId=1000
Bus::publish queueing msg type=10 to channel=gui.input
Bus::publish queueing msg type=4 to channel=gui.input
Bus::publish directing msg type=10 to pid=11
Bus::publish queueing msg type=4 to channel=gui.input
Bus::publish directing msg type=4 to pid=11
[NativeAppHost] App: com.guidexos.pacman (Nexgen PacMan) poll_event returned type=6 windowId=1000
Bus::publish queueing msg type=10 to channel=gui.input
Bus::publish queueing msg type=4 to channel=gui.input
Bus::publish directing msg type=4 to pid=11
[NativeAppHost] App: com.guidexos.pacman (Nexgen PacMan) poll_event returned type=6 windowId=1000
Bus::publish queueing msg type=10 to channel=gui.input
Bus::publish queueing msg type=4 to channel=gui.input
Bus::publish directing msg type=10 to pid=11
Bus::publish queueing msg type=4 to channel=gui.input
Bus::publish directing msg type=4 to pid=11
[NativeAppHost] App: com.guidexos.pacman (Nexgen PacMan) poll_event returned type=6 windowId=1000
Bus::publish queueing msg type=10 to channel=gui.input
Bus::publish queueing msg type=4 to channel=gui.input
Bus::publish directing msg type=4 to pid=11
[NativeAppHost] App: com.guidexos.pacman (Nexgen PacMan) poll_event returned type=6 windowId=1000
Bus::publish queueing msg type=10 to channel=gui.input
Bus::publish queueing msg type=4 to channel=gui.input
Bus::publish directing msg type=10 to pid=11
Bus::publish queueing msg type=4 to channel=gui.input
Bus::publish directing msg type=4 to pid=11
[NativeAppHost] App: com.guidexos.pacman (Nexgen PacMan) poll_event returned type=6 windowId=1000
Bus::publish queueing msg type=10 to channel=gui.input
Bus::publish queueing msg type=4 to channel=gui.input
Bus::publish directing msg type=10 to pid=11
Bus::publish queueing msg type=4 to channel=gui.input
Bus::publish directing msg type=4 to pid=11
Bus::publish queueing msg type=10 to channel=gui.input
Bus::publish queueing msg type=4 to channel=gui.input
[NativeAppHost] App: com.guidexos.pacman (Nexgen PacMan) poll_event returned type=6 windowId=1000
Bus::publish queueing msg type=10 to channel=gui.input
Bus::publish queueing msg type=4 to channel=gui.input
Bus::publish queueing msg type=4 to channel=gui.input
Bus::publish directing msg type=4 to pid=11
[NativeAppHost] App: com.guidexos.pacman (Nexgen PacMan) poll_event returned type=6 windowId=1000
Bus::publish queueing msg type=10 to channel=gui.input
Bus::publish queueing msg type=4 to channel=gui.input
Bus::publish directing msg type=10 to pid=11
Bus::publish queueing msg type=4 to channel=gui.input
Bus::publish directing msg type=4 to pid=11
[NativeAppHost] App: com.guidexos.pacman (Nexgen PacMan) poll_event returned type=6 windowId=1000
Bus::publish queueing msg type=10 to channel=gui.input
Bus::publish queueing msg type=4 to channel=gui.input
Bus::publish queueing msg type=4 to channel=gui.input
Bus::publish queueing msg type=10 to channel=gui.input
Bus::publish queueing msg type=4 to channel=gui.input
Bus::publish directing msg type=10 to pid=11
Bus::publish queueing msg type=4 to channel=gui.input
Bus::publish directing msg type=4 to pid=11
[NativeAppHost] App: com.guidexos.pacman (Nexgen PacMan) poll_event returned type=6 windowId=1000
Bus::publish queueing msg type=10 to channel=gui.input
Bus::publish queueing msg type=4 to channel=gui.input
Bus::publish queueing msg type=4 to channel=gui.input
Bus::publish directing msg type=4 to pid=11
[NativeAppHost] App: com.guidexos.pacman (Nexgen PacMan) poll_event returned type=6 windowId=1000
Bus::publish queueing msg type=10 to channel=gui.input
Bus::publish queueing msg type=4 to channel=gui.input
Bus::publish directing msg type=10 to pid=11
Bus::publish queueing msg type=4 to channel=gui.input
Bus::publish directing msg type=4 to pid=11
[NativeAppHost] App: com.guidexos.pacman (Nexgen PacMan) poll_event returned type=6 windowId=1000
Bus::publish queueing msg type=10 to channel=gui.input
[NativeAppHost] App: com.guidexos.pacman (Nexgen PacMan) log: PacMan normal pill consumed
[NativeAppHost] App: com.guidexos.pacman (Nexgen PacMan) log: PacMan score updated: 80
[NativeAppHost] App: com.guidexos.pacman (Nexgen PacMan) log: PacMan remaining consumables: 236
Bus::publish queueing msg type=4 to channel=gui.input
Bus::publish queueing msg type=4 to channel=gui.input
Bus::publish directing msg type=4 to pid=11
Bus::publish directing msg type=10 to pid=11
[NativeAppHost] App: com.guidexos.pacman (Nexgen PacMan) poll_event returned type=6 windowId=1000
Bus::publish queueing msg type=10 to channel=gui.input
Bus::publish queueing msg type=4 to channel=gui.input
Bus::publish directing msg type=4 to pid=11
Bus::publish directing msg type=4 to pid=11
[NativeAppHost] App: com.guidexos.pacman (Nexgen PacMan) poll_event returned type=6 windowId=1000
Bus::publish queueing msg type=10 to channel=gui.input
Bus::publish queueing msg type=4 to channel=gui.input
[NativeAppHost] App: com.guidexos.pacman (Nexgen PacMan) poll_event returned type=6 windowId=1000
Bus::publish queueing msg type=10 to channel=gui.input
Bus::publish queueing msg type=4 to channel=gui.input
Bus::publish directing msg type=10 to pid=11
Bus::publish queueing msg type=10 to channel=gui.input
Bus::publish queueing msg type=4 to channel=gui.input
Bus::publish directing msg type=4 to pid=11
[NativeAppHost] App: com.guidexos.pacman (Nexgen PacMan) poll_event returned type=6 windowId=1000
Bus::publish queueing msg type=10 to channel=gui.input
Bus::publish queueing msg type=4 to channel=gui.input
Bus::publish directing msg type=4 to pid=11
[NativeAppHost] App: com.guidexos.pacman (Nexgen PacMan) poll_event returned type=6 windowId=1000
Bus::publish queueing msg type=10 to channel=gui.input
Bus::publish queueing msg type=4 to channel=gui.input
Bus::publish directing msg type=10 to pid=11
[NativeAppHost] App: com.guidexos.pacman (Nexgen PacMan) log: PacMan normal pill consumed
[NativeAppHost] App: com.guidexos.pacman (Nexgen PacMan) log: PacMan score updated: 90
[NativeAppHost] App: com.guidexos.pacman (Nexgen PacMan) log: PacMan remaining consumables: 235
Bus::publish queueing msg type=4 to channel=gui.input
Bus::publish directing msg type=4 to pid=11
[NativeAppHost] App: com.guidexos.pacman (Nexgen PacMan) poll_event returned type=6 windowId=1000
Bus::publish queueing msg type=10 to channel=gui.input
Bus::publish queueing msg type=4 to channel=gui.input
Bus::publish directing msg type=10 to pid=11
Bus::publish queueing msg type=4 to channel=gui.input
Bus::publish directing msg type=4 to pid=11
[NativeAppHost] App: com.guidexos.pacman (Nexgen PacMan) poll_event returned type=6 windowId=1000
Bus::publish queueing msg type=10 to channel=gui.input
Bus::publish queueing msg type=4 to channel=gui.input
Bus::publish queueing msg type=4 to channel=gui.input
Bus::publish directing msg type=10 to pid=11
Bus::publish queueing msg type=10 to channel=gui.input
Bus::publish queueing msg type=4 to channel=gui.input
Bus::publish directing msg type=4 to pid=11
[NativeAppHost] App: com.guidexos.pacman (Nexgen PacMan) poll_event returned type=6 windowId=1000
Bus::publish queueing msg type=10 to channel=gui.input
Bus::publish queueing msg type=4 to channel=gui.input
Bus::publish directing msg type=10 to pid=11
Bus::publish queueing msg type=4 to channel=gui.input
Bus::publish directing msg type=4 to pid=11
[NativeAppHost] App: com.guidexos.pacman (Nexgen PacMan) poll_event returned type=6 windowId=1000
Bus::publish queueing msg type=10 to channel=gui.input
Bus::publish queueing msg type=4 to channel=gui.input
Bus::publish directing msg type=10 to pid=11
Bus::publish queueing msg type=4 to channel=gui.input
Bus::publish directing msg type=4 to pid=11
[NativeAppHost] App: com.guidexos.pacman (Nexgen PacMan) poll_event returned type=6 windowId=1000
Bus::publish queueing msg type=10 to channel=gui.input
[NativeAppHost] App: com.guidexos.pacman (Nexgen PacMan) log: PacMan normal pill consumed
[NativeAppHost] App: com.guidexos.pacman (Nexgen PacMan) log: PacMan score updated: 100
[NativeAppHost] App: com.guidexos.pacman (Nexgen PacMan) log: PacMan remaining consumables: 234
Bus::publish queueing msg type=4 to channel=gui.input
Bus::publish directing msg type=4 to pid=11
[NativeAppHost] App: com.guidexos.pacman (Nexgen PacMan) poll_event returned type=6 windowId=1000
Bus::publish queueing msg type=10 to channel=gui.input
Bus::publish queueing msg type=4 to channel=gui.input
Bus::publish directing msg type=10 to pid=11
Bus::publish queueing msg type=4 to channel=gui.input
Bus::publish directing msg type=4 to pid=11
[NativeAppHost] App: com.guidexos.pacman (Nexgen PacMan) poll_event returned type=6 windowId=1000
Bus::publish queueing msg type=10 to channel=gui.input
Bus::publish queueing msg type=4 to channel=gui.input
Bus::publish directing msg type=4 to pid=11
[NativeAppHost] App: com.guidexos.pacman (Nexgen PacMan) poll_event returned type=6 windowId=1000
Bus::publish queueing msg type=10 to channel=gui.input
Bus::publish queueing msg type=4 to channel=gui.input
Bus::publish directing msg type=10 to pid=11
Bus::publish queueing msg type=4 to channel=gui.input
Bus::publish directing msg type=4 to pid=11
[NativeAppHost] App: com.guidexos.pacman (Nexgen PacMan) poll_event returned type=6 windowId=1000
Bus::publish queueing msg type=10 to channel=gui.input
Bus::publish queueing msg type=4 to channel=gui.input
Bus::publish directing msg type=10 to pid=11
Bus::publish queueing msg type=4 to channel=gui.input
Bus::publish directing msg type=4 to pid=11
[NativeAppHost] App: com.guidexos.pacman (Nexgen PacMan) poll_event returned type=6 windowId=1000
Bus::publish queueing msg type=10 to channel=gui.input
Bus::publish queueing msg type=4 to channel=gui.input
Bus::publish directing msg type=10 to pid=11
Bus::publish queueing msg type=4 to channel=gui.input
Bus::publish queueing msg type=10 to channel=gui.input
Bus::publish queueing msg type=4 to channel=gui.input
Bus::publish directing msg type=4 to pid=11
[NativeAppHost] App: com.guidexos.pacman (Nexgen PacMan) poll_event returned type=6 windowId=1000
Bus::publish queueing msg type=10 to channel=gui.input
[NativeAppHost] App: com.guidexos.pacman (Nexgen PacMan) log: PacMan normal pill consumed
[NativeAppHost] App: com.guidexos.pacman (Nexgen PacMan) log: PacMan score updated: 110
[NativeAppHost] App: com.guidexos.pacman (Nexgen PacMan) log: PacMan remaining consumables: 233
Bus::publish queueing msg type=4 to channel=gui.input
Bus::publish directing msg type=4 to pid=11
[NativeAppHost] App: com.guidexos.pacman (Nexgen PacMan) poll_event returned type=6 windowId=1000
Bus::publish queueing msg type=10 to channel=gui.input
Bus::publish queueing msg type=4 to channel=gui.input
Bus::publish directing msg type=10 to pid=11
Bus::publish queueing msg type=4 to channel=gui.input
Bus::publish directing msg type=4 to pid=11
[NativeAppHost] App: com.guidexos.pacman (Nexgen PacMan) poll_event returned type=6 windowId=1000
Bus::publish queueing msg type=10 to channel=gui.input
Bus::publish queueing msg type=4 to channel=gui.input
Bus::publish directing msg type=4 to pid=11
[NativeAppHost] App: com.guidexos.pacman (Nexgen PacMan) poll_event returned type=6 windowId=1000
Bus::publish queueing msg type=10 to channel=gui.input
Bus::publish queueing msg type=4 to channel=gui.input
Bus::publish directing msg type=10 to pid=11
Bus::publish queueing msg type=4 to channel=gui.input
Bus::publish directing msg type=4 to pid=11
[NativeAppHost] App: com.guidexos.pacman (Nexgen PacMan) poll_event returned type=6 windowId=1000
Bus::publish queueing msg type=10 to channel=gui.input
Bus::publish queueing msg type=4 to channel=gui.input
Bus::publish directing msg type=10 to pid=11
Bus::publish queueing msg type=4 to channel=gui.input
Bus::publish directing msg type=4 to pid=11
[NativeAppHost] App: com.guidexos.pacman (Nexgen PacMan) poll_event returned type=6 windowId=1000
Bus::publish queueing msg type=10 to channel=gui.input
Bus::publish queueing msg type=4 to channel=gui.input
Bus::publish directing msg type=4 to pid=11
[NativeAppHost] App: com.guidexos.pacman (Nexgen PacMan) poll_event returned type=6 windowId=1000
Bus::publish queueing msg type=10 to channel=gui.input
Bus::publish queueing msg type=4 to channel=gui.input
Bus::publish directing msg type=10 to pid=11
[NativeAppHost] App: com.guidexos.pacman (Nexgen PacMan) log: PacMan normal pill consumed
[NativeAppHost] App: com.guidexos.pacman (Nexgen PacMan) log: PacMan score updated: 120
[NativeAppHost] App: com.guidexos.pacman (Nexgen PacMan) log: PacMan remaining consumables: 232
Bus::publish queueing msg type=4 to channel=gui.input
Bus::publish directing msg type=4 to pid=11
[NativeAppHost] App: com.guidexos.pacman (Nexgen PacMan) poll_event returned type=6 windowId=1000
Bus::publish queueing msg type=10 to channel=gui.input
Bus::publish queueing msg type=4 to channel=gui.input
Bus::publish queueing msg type=4 to channel=gui.input
Bus::publish directing msg type=10 to pid=11
Bus::publish queueing msg type=10 to channel=gui.input
Bus::publish queueing msg type=4 to channel=gui.input
Bus::publish directing msg type=4 to pid=11
[NativeAppHost] App: com.guidexos.pacman (Nexgen PacMan) poll_event returned type=6 windowId=1000
Bus::publish queueing msg type=10 to channel=gui.input
Bus::publish queueing msg type=4 to channel=gui.input
Bus::publish directing msg type=4 to pid=11
[NativeAppHost] App: com.guidexos.pacman (Nexgen PacMan) poll_event returned type=6 windowId=1000
Bus::publish queueing msg type=10 to channel=gui.input
Bus::publish queueing msg type=4 to channel=gui.input
Bus::publish directing msg type=10 to pid=11
Bus::publish queueing msg type=4 to channel=gui.input
Bus::publish queueing msg type=10 to channel=gui.input
Bus::publish queueing msg type=4 to channel=gui.input
Bus::publish directing msg type=4 to pid=11
[NativeAppHost] App: com.guidexos.pacman (Nexgen PacMan) poll_event returned type=6 windowId=1000
Bus::publish queueing msg type=10 to channel=gui.input
Bus::publish queueing msg type=4 to channel=gui.input
Bus::publish directing msg type=4 to pid=11
[NativeAppHost] App: com.guidexos.pacman (Nexgen PacMan) poll_event returned type=6 windowId=1000
Bus::publish queueing msg type=10 to channel=gui.input
Bus::publish queueing msg type=4 to channel=gui.input
Bus::publish directing msg type=10 to pid=11
[NativeAppHost] App: com.guidexos.pacman (Nexgen PacMan) log: PacMan normal pill consumed
[NativeAppHost] App: com.guidexos.pacman (Nexgen PacMan) log: PacMan score updated: 130
[NativeAppHost] App: com.guidexos.pacman (Nexgen PacMan) log: PacMan remaining consumables: 231
Bus::publish queueing msg type=4 to channel=gui.input
Bus::publish directing msg type=4 to pid=11
[NativeAppHost] App: com.guidexos.pacman (Nexgen PacMan) poll_event returned type=6 windowId=1000
Bus::publish queueing msg type=10 to channel=gui.input
Bus::publish queueing msg type=4 to channel=gui.input
Bus::publish directing msg type=4 to pid=11
[NativeAppHost] App: com.guidexos.pacman (Nexgen PacMan) poll_event returned type=6 windowId=1000
Bus::publish queueing msg type=10 to channel=gui.input
Bus::publish queueing msg type=4 to channel=gui.input
Bus::publish directing msg type=10 to pid=11
Bus::publish queueing msg type=4 to channel=gui.input
Bus::publish directing msg type=4 to pid=11
[NativeAppHost] App: com.guidexos.pacman (Nexgen PacMan) poll_event returned type=6 windowId=1000
Bus::publish queueing msg type=10 to channel=gui.input
Bus::publish queueing msg type=4 to channel=gui.input
Bus::publish directing msg type=4 to pid=11
[NativeAppHost] App: com.guidexos.pacman (Nexgen PacMan) poll_event returned type=6 windowId=1000
Bus::publish queueing msg type=10 to channel=gui.input
Bus::publish queueing msg type=4 to channel=gui.input
Bus::publish queueing msg type=4 to channel=gui.input
Bus::publish directing msg type=12 to pid=11
Bus::publish directing msg type=12 to pid=11
Bus::publish directing msg type=10 to pid=11
[NativeAppHost] App: com.guidexos.pacman (Nexgen PacMan) poll_event returned type=4 windowId=1000
Bus::publish queueing msg type=10 to channel=gui.input
Bus::publish queueing msg type=4 to channel=gui.input
[NativeAppHost] App: com.guidexos.pacman (Nexgen PacMan) poll_event returned type=4 windowId=1000
[NativeAppHost] App: com.guidexos.pacman (Nexgen PacMan) log: PacMan requested direction: up
Bus::publish queueing msg type=4 to channel=gui.input
Bus::publish queueing msg type=10 to channel=gui.input
Bus::publish queueing msg type=4 to channel=gui.input
Bus::publish directing msg type=4 to pid=11
[NativeAppHost] App: com.guidexos.pacman (Nexgen PacMan) poll_event returned type=6 windowId=1000
Bus::publish queueing msg type=10 to channel=gui.input
Bus::publish queueing msg type=4 to channel=gui.input
Bus::publish directing msg type=4 to pid=11
[NativeAppHost] App: com.guidexos.pacman (Nexgen PacMan) poll_event returned type=6 windowId=1000
Bus::publish queueing msg type=10 to channel=gui.input
[NativeAppHost] App: com.guidexos.pacman (Nexgen PacMan) log: PacMan normal pill consumed
[NativeAppHost] App: com.guidexos.pacman (Nexgen PacMan) log: PacMan score updated: 140
[NativeAppHost] App: com.guidexos.pacman (Nexgen PacMan) log: PacMan remaining consumables: 230
Bus::publish queueing msg type=4 to channel=gui.input
Bus::publish queueing msg type=4 to channel=gui.input
Bus::publish directing msg type=10 to pid=11
Bus::publish directing msg type=4 to pid=11
Bus::publish queueing msg type=10 to channel=gui.input
Bus::publish queueing msg type=4 to channel=gui.input
[NativeAppHost] App: com.guidexos.pacman (Nexgen PacMan) poll_event returned type=6 windowId=1000
Bus::publish queueing msg type=10 to channel=gui.input
Bus::publish queueing msg type=4 to channel=gui.input
Bus::publish queueing msg type=4 to channel=gui.input
Bus::publish directing msg type=4 to pid=11
[NativeAppHost] App: com.guidexos.pacman (Nexgen PacMan) poll_event returned type=6 windowId=1000
Bus::publish queueing msg type=10 to channel=gui.input
Bus::publish queueing msg type=4 to channel=gui.input
Bus::publish directing msg type=10 to pid=11
Bus::publish queueing msg type=4 to channel=gui.input
Bus::publish directing msg type=4 to pid=11
[NativeAppHost] App: com.guidexos.pacman (Nexgen PacMan) poll_event returned type=6 windowId=1000
Bus::publish queueing msg type=10 to channel=gui.input
Bus::publish queueing msg type=4 to channel=gui.input
Bus::publish directing msg type=10 to pid=11
Bus::publish queueing msg type=4 to channel=gui.input
Bus::publish directing msg type=4 to pid=11
[NativeAppHost] App: com.guidexos.pacman (Nexgen PacMan) poll_event returned type=6 windowId=1000
Bus::publish queueing msg type=10 to channel=gui.input
Bus::publish queueing msg type=4 to channel=gui.input
Bus::publish queueing msg type=4 to channel=gui.input
Bus::publish directing msg type=10 to pid=11
Bus::publish queueing msg type=10 to channel=gui.input
Bus::publish queueing msg type=4 to channel=gui.input
Bus::publish directing msg type=4 to pid=11
[NativeAppHost] App: com.guidexos.pacman (Nexgen PacMan) poll_event returned type=6 windowId=1000
Bus::publish queueing msg type=10 to channel=gui.input
[NativeAppHost] App: com.guidexos.pacman (Nexgen PacMan) log: PacMan buffered turn accepted
[NativeAppHost] App: com.guidexos.pacman (Nexgen PacMan) log: PacMan normal pill consumed
[NativeAppHost] App: com.guidexos.pacman (Nexgen PacMan) log: PacMan score updated: 150
[NativeAppHost] App: com.guidexos.pacman (Nexgen PacMan) log: PacMan remaining consumables: 229
Bus::publish queueing msg type=4 to channel=gui.input
Bus::publish directing msg type=4 to pid=11
[NativeAppHost] App: com.guidexos.pacman (Nexgen PacMan) poll_event returned type=6 windowId=1000
Bus::publish queueing msg type=10 to channel=gui.input
Bus::publish queueing msg type=4 to channel=gui.input
Bus::publish queueing msg type=4 to channel=gui.input
Bus::publish directing msg type=10 to pid=11
Bus::publish queueing msg type=10 to channel=gui.input
Bus::publish queueing msg type=4 to channel=gui.input
Bus::publish directing msg type=4 to pid=11
[NativeAppHost] App: com.guidexos.pacman (Nexgen PacMan) poll_event returned type=6 windowId=1000
Bus::publish queueing msg type=10 to channel=gui.input
Bus::publish queueing msg type=4 to channel=gui.input
Bus::publish directing msg type=4 to pid=11
[NativeAppHost] App: com.guidexos.pacman (Nexgen PacMan) poll_event returned type=6 windowId=1000
Bus::publish queueing msg type=10 to channel=gui.input
Bus::publish queueing msg type=4 to channel=gui.input
Bus::publish directing msg type=10 to pid=11
Bus::publish queueing msg type=4 to channel=gui.input
Bus::publish directing msg type=4 to pid=11
[NativeAppHost] App: com.guidexos.pacman (Nexgen PacMan) poll_event returned type=6 windowId=1000
Bus::publish queueing msg type=10 to channel=gui.input
Bus::publish queueing msg type=4 to channel=gui.input
Bus::publish queueing msg type=4 to channel=gui.input
Bus::publish directing msg type=10 to pid=11
Bus::publish queueing msg type=10 to channel=gui.input
Bus::publish queueing msg type=4 to channel=gui.input
Bus::publish directing msg type=4 to pid=11
[NativeAppHost] App: com.guidexos.pacman (Nexgen PacMan) poll_event returned type=6 windowId=1000
Bus::publish queueing msg type=10 to channel=gui.input
Bus::publish queueing msg type=4 to channel=gui.input
Bus::publish directing msg type=4 to pid=11
[NativeAppHost] App: com.guidexos.pacman (Nexgen PacMan) poll_event returned type=6 windowId=1000
Bus::publish queueing msg type=10 to channel=gui.input
[NativeAppHost] App: com.guidexos.pacman (Nexgen PacMan) log: PacMan normal pill consumed
[NativeAppHost] App: com.guidexos.pacman (Nexgen PacMan) log: PacMan score updated: 160
[NativeAppHost] App: com.guidexos.pacman (Nexgen PacMan) log: PacMan remaining consumables: 228
Bus::publish queueing msg type=4 to channel=gui.input
Bus::publish directing msg type=10 to pid=11
Bus::publish queueing msg type=4 to channel=gui.input
Bus::publish directing msg type=4 to pid=11
[NativeAppHost] App: com.guidexos.pacman (Nexgen PacMan) poll_event returned type=6 windowId=1000
Bus::publish queueing msg type=10 to channel=gui.input
Bus::publish queueing msg type=4 to channel=gui.input
Bus::publish queueing msg type=4 to channel=gui.input
Bus::publish directing msg type=10 to pid=11
Bus::publish queueing msg type=10 to channel=gui.input
Bus::publish queueing msg type=4 to channel=gui.input
Bus::publish directing msg type=4 to pid=11
[NativeAppHost] App: com.guidexos.pacman (Nexgen PacMan) poll_event returned type=6 windowId=1000
Bus::publish queueing msg type=10 to channel=gui.input
Bus::publish queueing msg type=4 to channel=gui.input
Bus::publish directing msg type=4 to pid=11
[NativeAppHost] App: com.guidexos.pacman (Nexgen PacMan) poll_event returned type=6 windowId=1000
Bus::publish queueing msg type=10 to channel=gui.input
Bus::publish queueing msg type=4 to channel=gui.input
Bus::publish directing msg type=10 to pid=11
Bus::publish queueing msg type=4 to channel=gui.input
Bus::publish directing msg type=4 to pid=11
Bus::publish directing msg type=4 to pid=11
[NativeAppHost] App: com.guidexos.pacman (Nexgen PacMan) poll_event returned type=6 windowId=1000
Bus::publish queueing msg type=10 to channel=gui.input
Bus::publish queueing msg type=4 to channel=gui.input
[NativeAppHost] App: com.guidexos.pacman (Nexgen PacMan) poll_event returned type=6 windowId=1000
Bus::publish queueing msg type=10 to channel=gui.input
Bus::publish queueing msg type=4 to channel=gui.input
Bus::publish directing msg type=10 to pid=11
Bus::publish directing msg type=4 to pid=11
[NativeAppHost] App: com.guidexos.pacman (Nexgen PacMan) log: PacMan normal pill consumed
[NativeAppHost] App: com.guidexos.pacman (Nexgen PacMan) log: PacMan score updated: 170
[NativeAppHost] App: com.guidexos.pacman (Nexgen PacMan) log: PacMan remaining consumables: 227
Bus::publish queueing msg type=10 to channel=gui.input
Bus::publish queueing msg type=4 to channel=gui.input
[NativeAppHost] App: com.guidexos.pacman (Nexgen PacMan) poll_event returned type=6 windowId=1000
Bus::publish queueing msg type=10 to channel=gui.input
Bus::publish queueing msg type=4 to channel=gui.input
Bus::publish directing msg type=10 to pid=11
Bus::publish directing msg type=4 to pid=11
Bus::publish queueing msg type=10 to channel=gui.input
Bus::publish queueing msg type=4 to channel=gui.input
[NativeAppHost] App: com.guidexos.pacman (Nexgen PacMan) poll_event returned type=6 windowId=1000
Bus::publish queueing msg type=10 to channel=gui.input
Bus::publish queueing msg type=4 to channel=gui.input
Bus::publish directing msg type=4 to pid=11
[NativeAppHost] App: com.guidexos.pacman (Nexgen PacMan) poll_event returned type=6 windowId=1000
Bus::publish queueing msg type=10 to channel=gui.input
Bus::publish queueing msg type=4 to channel=gui.input
Bus::publish directing msg type=10 to pid=11
Bus::publish queueing msg type=4 to channel=gui.input
Bus::publish directing msg type=4 to pid=11
[NativeAppHost] App: com.guidexos.pacman (Nexgen PacMan) poll_event returned type=6 windowId=1000
Bus::publish queueing msg type=10 to channel=gui.input
Bus::publish queueing msg type=4 to channel=gui.input
Bus::publish directing msg type=4 to pid=11
[NativeAppHost] App: com.guidexos.pacman (Nexgen PacMan) poll_event returned type=6 windowId=1000
Bus::publish queueing msg type=10 to channel=gui.input
Bus::publish queueing msg type=4 to channel=gui.input
Bus::publish directing msg type=10 to pid=11
Bus::publish queueing msg type=4 to channel=gui.input
Bus::publish directing msg type=4 to pid=11
[NativeAppHost] App: com.guidexos.pacman (Nexgen PacMan) poll_event returned type=6 windowId=1000
Bus::publish queueing msg type=10 to channel=gui.input
[NativeAppHost] App: com.guidexos.pacman (Nexgen PacMan) log: PacMan normal pill consumed
[NativeAppHost] App: com.guidexos.pacman (Nexgen PacMan) log: PacMan score updated: 180
[NativeAppHost] App: com.guidexos.pacman (Nexgen PacMan) log: PacMan remaining consumables: 226
Bus::publish queueing msg type=4 to channel=gui.input
Bus::publish directing msg type=10 to pid=11
Bus::publish queueing msg type=4 to channel=gui.input
Bus::publish directing msg type=4 to pid=11
[NativeAppHost] App: com.guidexos.pacman (Nexgen PacMan) poll_event returned type=6 windowId=1000
Bus::publish queueing msg type=10 to channel=gui.input
Bus::publish queueing msg type=4 to channel=gui.input
Bus::publish directing msg type=4 to pid=11
[NativeAppHost] App: com.guidexos.pacman (Nexgen PacMan) poll_event returned type=6 windowId=1000
Bus::publish queueing msg type=10 to channel=gui.input
Bus::publish queueing msg type=4 to channel=gui.input
Bus::publish directing msg type=10 to pid=11
Bus::publish queueing msg type=4 to channel=gui.input
Bus::publish directing msg type=4 to pid=11
[NativeAppHost] App: com.guidexos.pacman (Nexgen PacMan) poll_event returned type=6 windowId=1000
Bus::publish queueing msg type=10 to channel=gui.input
Bus::publish queueing msg type=4 to channel=gui.input
Bus::publish directing msg type=10 to pid=11
Bus::publish queueing msg type=4 to channel=gui.input
Bus::publish directing msg type=4 to pid=11
[NativeAppHost] App: com.guidexos.pacman (Nexgen PacMan) poll_event returned type=6 windowId=1000
Bus::publish queueing msg type=10 to channel=gui.input
Bus::publish queueing msg type=4 to channel=gui.input
Bus::publish queueing msg type=4 to channel=gui.input
Bus::publish directing msg type=4 to pid=11
[NativeAppHost] App: com.guidexos.pacman (Nexgen PacMan) poll_event returned type=6 windowId=1000
Bus::publish queueing msg type=10 to channel=gui.input
Bus::publish queueing msg type=4 to channel=gui.input
Bus::publish directing msg type=10 to pid=11
Bus::publish queueing msg type=4 to channel=gui.input
Bus::publish directing msg type=4 to pid=11
[NativeAppHost] App: com.guidexos.pacman (Nexgen PacMan) poll_event returned type=6 windowId=1000
Bus::publish queueing msg type=10 to channel=gui.input
[NativeAppHost] App: com.guidexos.pacman (Nexgen PacMan) log: PacMan normal pill consumed
[NativeAppHost] App: com.guidexos.pacman (Nexgen PacMan) log: PacMan score updated: 190
[NativeAppHost] App: com.guidexos.pacman (Nexgen PacMan) log: PacMan remaining consumables: 225
Bus::publish queueing msg type=4 to channel=gui.input
Bus::publish directing msg type=4 to pid=11
[NativeAppHost] App: com.guidexos.pacman (Nexgen PacMan) poll_event returned type=6 windowId=1000
Bus::publish queueing msg type=10 to channel=gui.input
Bus::publish queueing msg type=4 to channel=gui.input
Bus::publish directing msg type=10 to pid=11
Bus::publish queueing msg type=4 to channel=gui.input
Bus::publish directing msg type=4 to pid=11
[NativeAppHost] App: com.guidexos.pacman (Nexgen PacMan) poll_event returned type=6 windowId=1000
Bus::publish queueing msg type=10 to channel=gui.input
Bus::publish queueing msg type=4 to channel=gui.input
Bus::publish directing msg type=4 to pid=11
[NativeAppHost] App: com.guidexos.pacman (Nexgen PacMan) poll_event returned type=6 windowId=1000
Bus::publish queueing msg type=10 to channel=gui.input
Bus::publish queueing msg type=4 to channel=gui.input
Bus::publish directing msg type=10 to pid=11
Bus::publish queueing msg type=4 to channel=gui.input
Bus::publish directing msg type=4 to pid=11
[NativeAppHost] App: com.guidexos.pacman (Nexgen PacMan) poll_event returned type=6 windowId=1000
Bus::publish queueing msg type=10 to channel=gui.input
Bus::publish queueing msg type=4 to channel=gui.input
Bus::publish directing msg type=10 to pid=11
Bus::publish queueing msg type=4 to channel=gui.input
Bus::publish directing msg type=4 to pid=11
[NativeAppHost] App: com.guidexos.pacman (Nexgen PacMan) poll_event returned type=6 windowId=1000
Bus::publish queueing msg type=10 to channel=gui.input
Bus::publish queueing msg type=4 to channel=gui.input
Bus::publish directing msg type=4 to pid=11
[NativeAppHost] App: com.guidexos.pacman (Nexgen PacMan) poll_event returned type=6 windowId=1000
Bus::publish queueing msg type=10 to channel=gui.input
Bus::publish queueing msg type=4 to channel=gui.input
[NativeAppHost] App: com.guidexos.pacman (Nexgen PacMan) log: PacMan normal pill consumed
[NativeAppHost] App: com.guidexos.pacman (Nexgen PacMan) log: PacMan score updated: 200
[NativeAppHost] App: com.guidexos.pacman (Nexgen PacMan) log: PacMan remaining consumables: 224
Bus::publish queueing msg type=4 to channel=gui.input
Bus::publish directing msg type=10 to pid=11
Bus::publish queueing msg type=10 to channel=gui.input
Bus::publish queueing msg type=4 to channel=gui.input
Bus::publish queueing msg type=10 to channel=gui.input
Bus::publish queueing msg type=4 to channel=gui.input
Bus::publish directing msg type=4 to pid=11
[NativeAppHost] App: com.guidexos.pacman (Nexgen PacMan) poll_event returned type=6 windowId=1000
Bus::publish queueing msg type=10 to channel=gui.input
Bus::publish queueing msg type=4 to channel=gui.input
Bus::publish directing msg type=10 to pid=11
Bus::publish queueing msg type=4 to channel=gui.input
Bus::publish directing msg type=4 to pid=11
[NativeAppHost] App: com.guidexos.pacman (Nexgen PacMan) poll_event returned type=6 windowId=1000
Bus::publish queueing msg type=10 to channel=gui.input
Bus::publish queueing msg type=4 to channel=gui.input
Bus::publish directing msg type=4 to pid=11
[NativeAppHost] App: com.guidexos.pacman (Nexgen PacMan) poll_event returned type=6 windowId=1000
Bus::publish queueing msg type=10 to channel=gui.input
Bus::publish queueing msg type=4 to channel=gui.input
Bus::publish directing msg type=10 to pid=11
Bus::publish queueing msg type=4 to channel=gui.input
Bus::publish directing msg type=4 to pid=11
[NativeAppHost] App: com.guidexos.pacman (Nexgen PacMan) poll_event returned type=6 windowId=1000
Bus::publish queueing msg type=10 to channel=gui.input
Bus::publish queueing msg type=4 to channel=gui.input
Bus::publish directing msg type=4 to pid=11
[NativeAppHost] App: com.guidexos.pacman (Nexgen PacMan) poll_event returned type=6 windowId=1000
Bus::publish queueing msg type=10 to channel=gui.input
Bus::publish queueing msg type=4 to channel=gui.input
[NativeAppHost] App: com.guidexos.pacman (Nexgen PacMan) log: PacMan normal pill consumed
[NativeAppHost] App: com.guidexos.pacman (Nexgen PacMan) log: PacMan score updated: 210
[NativeAppHost] App: com.guidexos.pacman (Nexgen PacMan) log: PacMan remaining consumables: 223
Bus::publish queueing msg type=4 to channel=gui.input
Bus::publish directing msg type=10 to pid=11
Bus::publish queueing msg type=10 to channel=gui.input
Bus::publish queueing msg type=4 to channel=gui.input
Bus::publish directing msg type=4 to pid=11
[NativeAppHost] App: com.guidexos.pacman (Nexgen PacMan) poll_event returned type=6 windowId=1000
Bus::publish queueing msg type=10 to channel=gui.input
Bus::publish queueing msg type=4 to channel=gui.input
Bus::publish queueing msg type=4 to channel=gui.input
Bus::publish directing msg type=10 to pid=11
Bus::publish queueing msg type=10 to channel=gui.input
Bus::publish queueing msg type=4 to channel=gui.input
Bus::publish directing msg type=4 to pid=11
[NativeAppHost] App: com.guidexos.pacman (Nexgen PacMan) poll_event returned type=6 windowId=1000
Bus::publish queueing msg type=10 to channel=gui.input
Bus::publish queueing msg type=4 to channel=gui.input
Bus::publish directing msg type=4 to pid=11
[NativeAppHost] App: com.guidexos.pacman (Nexgen PacMan) poll_event returned type=6 windowId=1000
Bus::publish queueing msg type=10 to channel=gui.input
Bus::publish queueing msg type=4 to channel=gui.input
Bus::publish directing msg type=10 to pid=11
Bus::publish queueing msg type=4 to channel=gui.input
Bus::publish directing msg type=4 to pid=11
[NativeAppHost] App: com.guidexos.pacman (Nexgen PacMan) poll_event returned type=6 windowId=1000
Bus::publish queueing msg type=10 to channel=gui.input
Bus::publish queueing msg type=4 to channel=gui.input
Bus::publish directing msg type=4 to pid=11
[NativeAppHost] App: com.guidexos.pacman (Nexgen PacMan) poll_event returned type=6 windowId=1000
Bus::publish queueing msg type=10 to channel=gui.input
Bus::publish queueing msg type=4 to channel=gui.input
Bus::publish directing msg type=10 to pid=11
[NativeAppHost] App: com.guidexos.pacman (Nexgen PacMan) log: PacMan normal pill consumed
[NativeAppHost] App: com.guidexos.pacman (Nexgen PacMan) log: PacMan score updated: 220
[NativeAppHost] App: com.guidexos.pacman (Nexgen PacMan) log: PacMan remaining consumables: 222
Bus::publish queueing msg type=4 to channel=gui.input
Bus::publish directing msg type=4 to pid=11
[NativeAppHost] App: com.guidexos.pacman (Nexgen PacMan) poll_event returned type=6 windowId=1000
Bus::publish queueing msg type=10 to channel=gui.input
Bus::publish queueing msg type=4 to channel=gui.input
Bus::publish queueing msg type=4 to channel=gui.input
Bus::publish directing msg type=4 to pid=11
Bus::publish directing msg type=10 to pid=11
[NativeAppHost] App: com.guidexos.pacman (Nexgen PacMan) poll_event returned type=6 windowId=1000
Bus::publish queueing msg type=10 to channel=gui.input
Bus::publish queueing msg type=4 to channel=gui.input
Bus::publish queueing msg type=4 to channel=gui.input
Bus::publish directing msg type=4 to pid=11
[NativeAppHost] App: com.guidexos.pacman (Nexgen PacMan) poll_event returned type=6 windowId=1000
Bus::publish queueing msg type=10 to channel=gui.input
Bus::publish queueing msg type=4 to channel=gui.input
Bus::publish directing msg type=4 to pid=11
[NativeAppHost] App: com.guidexos.pacman (Nexgen PacMan) poll_event returned type=6 windowId=1000
Bus::publish queueing msg type=10 to channel=gui.input
Bus::publish queueing msg type=4 to channel=gui.input
Bus::publish directing msg type=10 to pid=11
Bus::publish queueing msg type=4 to channel=gui.input
Bus::publish directing msg type=4 to pid=11
[NativeAppHost] App: com.guidexos.pacman (Nexgen PacMan) poll_event returned type=6 windowId=1000
Bus::publish queueing msg type=10 to channel=gui.input
Bus::publish queueing msg type=4 to channel=gui.input
Bus::publish directing msg type=4 to pid=11
[NativeAppHost] App: com.guidexos.pacman (Nexgen PacMan) poll_event returned type=6 windowId=1000
Bus::publish queueing msg type=10 to channel=gui.input
Bus::publish queueing msg type=4 to channel=gui.input
Bus::publish directing msg type=10 to pid=11
Bus::publish queueing msg type=4 to channel=gui.input
Bus::publish directing msg type=4 to pid=11
[NativeAppHost] App: com.guidexos.pacman (Nexgen PacMan) poll_event returned type=6 windowId=1000
Bus::publish queueing msg type=10 to channel=gui.input
[NativeAppHost] App: com.guidexos.pacman (Nexgen PacMan) log: PacMan normal pill consumed
[NativeAppHost] App: com.guidexos.pacman (Nexgen PacMan) log: PacMan score updated: 230
[NativeAppHost] App: com.guidexos.pacman (Nexgen PacMan) log: PacMan remaining consumables: 221
Bus::publish queueing msg type=4 to channel=gui.input
Bus::publish directing msg type=4 to pid=11
[NativeAppHost] App: com.guidexos.pacman (Nexgen PacMan) poll_event returned type=6 windowId=1000
Bus::publish queueing msg type=10 to channel=gui.input
Bus::publish queueing msg type=4 to channel=gui.input
Bus::publish directing msg type=10 to pid=11
Bus::publish queueing msg type=4 to channel=gui.input
Bus::publish directing msg type=4 to pid=11
[NativeAppHost] App: com.guidexos.pacman (Nexgen PacMan) poll_event returned type=6 windowId=1000
Bus::publish queueing msg type=10 to channel=gui.input
Bus::publish queueing msg type=4 to channel=gui.input
Bus::publish directing msg type=4 to pid=11
[NativeAppHost] App: com.guidexos.pacman (Nexgen PacMan) poll_event returned type=6 windowId=1000
Bus::publish queueing msg type=10 to channel=gui.input
Bus::publish queueing msg type=4 to channel=gui.input
Bus::publish queueing msg type=4 to channel=gui.input
Bus::publish directing msg type=10 to pid=11
Bus::publish queueing msg type=10 to channel=gui.input
Bus::publish queueing msg type=4 to channel=gui.input
Bus::publish directing msg type=4 to pid=11
[NativeAppHost] App: com.guidexos.pacman (Nexgen PacMan) poll_event returned type=6 windowId=1000
Bus::publish directing msg type=10 to pid=11
Bus::publish queueing msg type=10 to channel=gui.input
Bus::publish queueing msg type=4 to channel=gui.input
Bus::publish queueing msg type=4 to channel=gui.input
Bus::publish directing msg type=4 to pid=11
[NativeAppHost] App: com.guidexos.pacman (Nexgen PacMan) poll_event returned type=6 windowId=1000
Bus::publish queueing msg type=10 to channel=gui.input
Bus::publish queueing msg type=4 to channel=gui.input
Bus::publish directing msg type=10 to pid=11
[NativeAppHost] App: com.guidexos.pacman (Nexgen PacMan) log: PacMan normal pill consumed
[NativeAppHost] App: com.guidexos.pacman (Nexgen PacMan) log: PacMan score updated: 240
[NativeAppHost] App: com.guidexos.pacman (Nexgen PacMan) log: PacMan remaining consumables: 220
Bus::publish queueing msg type=4 to channel=gui.input
Bus::publish directing msg type=4 to pid=11
[NativeAppHost] App: com.guidexos.pacman (Nexgen PacMan) poll_event returned type=6 windowId=1000
Bus::publish queueing msg type=10 to channel=gui.input
Bus::publish queueing msg type=4 to channel=gui.input
Bus::publish directing msg type=10 to pid=11
Bus::publish queueing msg type=4 to channel=gui.input
Bus::publish directing msg type=4 to pid=11
[NativeAppHost] App: com.guidexos.pacman (Nexgen PacMan) poll_event returned type=6 windowId=1000
Bus::publish queueing msg type=10 to channel=gui.input
Bus::publish queueing msg type=4 to channel=gui.input
Bus::publish directing msg type=10 to pid=11
Bus::publish queueing msg type=4 to channel=gui.input
Bus::publish directing msg type=4 to pid=11
[NativeAppHost] App: com.guidexos.pacman (Nexgen PacMan) poll_event returned type=6 windowId=1000
Bus::publish queueing msg type=10 to channel=gui.input
Bus::publish queueing msg type=4 to channel=gui.input
Bus::publish directing msg type=10 to pid=11
Bus::publish queueing msg type=4 to channel=gui.input
Bus::publish directing msg type=4 to pid=11
[NativeAppHost] App: com.guidexos.pacman (Nexgen PacMan) poll_event returned type=6 windowId=1000
Bus::publish queueing msg type=10 to channel=gui.input
Bus::publish queueing msg type=4 to channel=gui.input
Bus::publish queueing msg type=4 to channel=gui.input
Bus::publish directing msg type=4 to pid=11
[NativeAppHost] App: com.guidexos.pacman (Nexgen PacMan) poll_event returned type=6 windowId=1000
Bus::publish queueing msg type=10 to channel=gui.input
Bus::publish queueing msg type=4 to channel=gui.input
Bus::publish directing msg type=10 to pid=11
[NativeAppHost] App: com.guidexos.pacman (Nexgen PacMan) log: PacMan normal pill consumed
[NativeAppHost] App: com.guidexos.pacman (Nexgen PacMan) log: PacMan score updated: 250
[NativeAppHost] App: com.guidexos.pacman (Nexgen PacMan) log: PacMan remaining consumables: 219
Bus::publish queueing msg type=4 to channel=gui.input
Bus::publish directing msg type=4 to pid=11
[NativeAppHost] App: com.guidexos.pacman (Nexgen PacMan) poll_event returned type=6 windowId=1000
Bus::publish queueing msg type=10 to channel=gui.input
Bus::publish queueing msg type=4 to channel=gui.input
Bus::publish directing msg type=4 to pid=11
[NativeAppHost] App: com.guidexos.pacman (Nexgen PacMan) poll_event returned type=6 windowId=1000
Bus::publish queueing msg type=10 to channel=gui.input
Bus::publish queueing msg type=4 to channel=gui.input
Bus::publish directing msg type=10 to pid=11
Bus::publish queueing msg type=4 to channel=gui.input
Bus::publish directing msg type=4 to pid=11
[NativeAppHost] App: com.guidexos.pacman (Nexgen PacMan) poll_event returned type=6 windowId=1000
Bus::publish queueing msg type=10 to channel=gui.input
Bus::publish queueing msg type=4 to channel=gui.input
Bus::publish queueing msg type=4 to channel=gui.input
Bus::publish directing msg type=4 to pid=11
[NativeAppHost] App: com.guidexos.pacman (Nexgen PacMan) poll_event returned type=6 windowId=1000
Bus::publish queueing msg type=10 to channel=gui.input
Bus::publish queueing msg type=4 to channel=gui.input
Bus::publish directing msg type=10 to pid=11
Bus::publish queueing msg type=4 to channel=gui.input
Bus::publish directing msg type=4 to pid=11
[NativeAppHost] App: com.guidexos.pacman (Nexgen PacMan) poll_event returned type=6 windowId=1000
Bus::publish queueing msg type=10 to channel=gui.input
Bus::publish queueing msg type=4 to channel=gui.input
Bus::publish directing msg type=10 to pid=11
Bus::publish queueing msg type=4 to channel=gui.input
Bus::publish queueing msg type=10 to channel=gui.input
Bus::publish queueing msg type=4 to channel=gui.input
Bus::publish directing msg type=4 to pid=11
[NativeAppHost] App: com.guidexos.pacman (Nexgen PacMan) poll_event returned type=6 windowId=1000
Bus::publish queueing msg type=10 to channel=gui.input
[NativeAppHost] App: com.guidexos.pacman (Nexgen PacMan) log: PacMan normal pill consumed
[NativeAppHost] App: com.guidexos.pacman (Nexgen PacMan) log: PacMan score updated: 260
[NativeAppHost] App: com.guidexos.pacman (Nexgen PacMan) log: PacMan remaining consumables: 218
Bus::publish queueing msg type=4 to channel=gui.input
Bus::publish directing msg type=4 to pid=11
[NativeAppHost] App: com.guidexos.pacman (Nexgen PacMan) poll_event returned type=6 windowId=1000
Bus::publish queueing msg type=10 to channel=gui.input
Bus::publish queueing msg type=4 to channel=gui.input
Bus::publish queueing msg type=4 to channel=gui.input
Bus::publish directing msg type=10 to pid=11
Bus::publish queueing msg type=10 to channel=gui.input
Bus::publish queueing msg type=4 to channel=gui.input
Bus::publish directing msg type=4 to pid=11
[NativeAppHost] App: com.guidexos.pacman (Nexgen PacMan) poll_event returned type=6 windowId=1000
Bus::publish queueing msg type=10 to channel=gui.input
Bus::publish queueing msg type=4 to channel=gui.input
Bus::publish directing msg type=4 to pid=11
[NativeAppHost] App: com.guidexos.pacman (Nexgen PacMan) poll_event returned type=6 windowId=1000
Bus::publish queueing msg type=10 to channel=gui.input
Bus::publish queueing msg type=4 to channel=gui.input
Bus::publish directing msg type=10 to pid=11
Bus::publish queueing msg type=4 to channel=gui.input
Bus::publish directing msg type=4 to pid=11
[NativeAppHost] App: com.guidexos.pacman (Nexgen PacMan) poll_event returned type=6 windowId=1000
Bus::publish queueing msg type=10 to channel=gui.input
Bus::publish queueing msg type=4 to channel=gui.input
Bus::publish directing msg type=10 to pid=11
Bus::publish queueing msg type=4 to channel=gui.input
Bus::publish queueing msg type=10 to channel=gui.input
Bus::publish queueing msg type=4 to channel=gui.input
Bus::publish directing msg type=4 to pid=11
[NativeAppHost] App: com.guidexos.pacman (Nexgen PacMan) poll_event returned type=6 windowId=1000
Bus::publish queueing msg type=10 to channel=gui.input
[NativeAppHost] App: com.guidexos.pacman (Nexgen PacMan) log: PacMan normal pill consumed
[NativeAppHost] App: com.guidexos.pacman (Nexgen PacMan) log: PacMan score updated: 270
[NativeAppHost] App: com.guidexos.pacman (Nexgen PacMan) log: PacMan remaining consumables: 217
Bus::publish queueing msg type=4 to channel=gui.input
Bus::publish directing msg type=4 to pid=11
[NativeAppHost] App: com.guidexos.pacman (Nexgen PacMan) poll_event returned type=6 windowId=1000
Bus::publish queueing msg type=10 to channel=gui.input
Bus::publish queueing msg type=4 to channel=gui.input
Bus::publish directing msg type=10 to pid=11
Bus::publish queueing msg type=4 to channel=gui.input
Bus::publish directing msg type=4 to pid=11
Bus::publish queueing msg type=10 to channel=gui.input
Bus::publish queueing msg type=4 to channel=gui.input
[NativeAppHost] App: com.guidexos.pacman (Nexgen PacMan) poll_event returned type=6 windowId=1000
Bus::publish queueing msg type=10 to channel=gui.input
Bus::publish queueing msg type=4 to channel=gui.input
Bus::publish queueing msg type=4 to channel=gui.input
Bus::publish directing msg type=10 to pid=11
Bus::publish queueing msg type=10 to channel=gui.input
Bus::publish queueing msg type=4 to channel=gui.input
Bus::publish directing msg type=4 to pid=11
[NativeAppHost] App: com.guidexos.pacman (Nexgen PacMan) poll_event returned type=6 windowId=1000
Bus::publish queueing msg type=10 to channel=gui.input
Bus::publish queueing msg type=4 to channel=gui.input
Bus::publish directing msg type=4 to pid=11
[NativeAppHost] App: com.guidexos.pacman (Nexgen PacMan) poll_event returned type=6 windowId=1000
Bus::publish queueing msg type=10 to channel=gui.input
Bus::publish queueing msg type=4 to channel=gui.input
Bus::publish directing msg type=10 to pid=11
Bus::publish queueing msg type=4 to channel=gui.input
Bus::publish directing msg type=4 to pid=11
[NativeAppHost] App: com.guidexos.pacman (Nexgen PacMan) poll_event returned type=6 windowId=1000
Bus::publish queueing msg type=10 to channel=gui.input
Bus::publish queueing msg type=4 to channel=gui.input
Bus::publish directing msg type=4 to pid=11
[NativeAppHost] App: com.guidexos.pacman (Nexgen PacMan) poll_event returned type=6 windowId=1000
Bus::publish queueing msg type=10 to channel=gui.input
[NativeAppHost] App: com.guidexos.pacman (Nexgen PacMan) log: PacMan normal pill consumed
[NativeAppHost] App: com.guidexos.pacman (Nexgen PacMan) log: PacMan score updated: 280
[NativeAppHost] App: com.guidexos.pacman (Nexgen PacMan) log: PacMan remaining consumables: 216
Bus::publish queueing msg type=4 to channel=gui.input
Bus::publish directing msg type=10 to pid=11
Bus::publish queueing msg type=4 to channel=gui.input
Bus::publish directing msg type=4 to pid=11
[NativeAppHost] App: com.guidexos.pacman (Nexgen PacMan) poll_event returned type=6 windowId=1000
Bus::publish queueing msg type=10 to channel=gui.input
Bus::publish queueing msg type=4 to channel=gui.input
Bus::publish directing msg type=4 to pid=11
[NativeAppHost] App: com.guidexos.pacman (Nexgen PacMan) poll_event returned type=6 windowId=1000
Bus::publish queueing msg type=10 to channel=gui.input
Bus::publish queueing msg type=4 to channel=gui.input
Bus::publish queueing msg type=4 to channel=gui.input
Bus::publish directing msg type=10 to pid=11
Bus::publish directing msg type=4 to pid=11
Bus::publish queueing msg type=10 to channel=gui.input
Bus::publish queueing msg type=4 to channel=gui.input
[NativeAppHost] App: com.guidexos.pacman (Nexgen PacMan) poll_event returned type=6 windowId=1000
Bus::publish queueing msg type=10 to channel=gui.input
Bus::publish queueing msg type=4 to channel=gui.input
Bus::publish directing msg type=10 to pid=11
Bus::publish queueing msg type=4 to channel=gui.input
Bus::publish directing msg type=4 to pid=11
[NativeAppHost] App: com.guidexos.pacman (Nexgen PacMan) poll_event returned type=6 windowId=1000
Bus::publish queueing msg type=10 to channel=gui.input
Bus::publish queueing msg type=4 to channel=gui.input
Bus::publish queueing msg type=4 to channel=gui.input
Bus::publish directing msg type=10 to pid=11
Bus::publish queueing msg type=10 to channel=gui.input
Bus::publish queueing msg type=4 to channel=gui.input
Bus::publish directing msg type=4 to pid=11
[NativeAppHost] App: com.guidexos.pacman (Nexgen PacMan) poll_event returned type=6 windowId=1000
Bus::publish queueing msg type=10 to channel=gui.input
[NativeAppHost] App: com.guidexos.pacman (Nexgen PacMan) log: PacMan normal pill consumed
[NativeAppHost] App: com.guidexos.pacman (Nexgen PacMan) log: PacMan score updated: 290
[NativeAppHost] App: com.guidexos.pacman (Nexgen PacMan) log: PacMan remaining consumables: 215
Bus::publish queueing msg type=4 to channel=gui.input
Bus::publish directing msg type=4 to pid=11
[NativeAppHost] App: com.guidexos.pacman (Nexgen PacMan) poll_event returned type=6 windowId=1000
Bus::publish queueing msg type=10 to channel=gui.input
Bus::publish queueing msg type=4 to channel=gui.input
Bus::publish directing msg type=10 to pid=11
Bus::publish queueing msg type=4 to channel=gui.input
Bus::publish directing msg type=4 to pid=11
[NativeAppHost] App: com.guidexos.pacman (Nexgen PacMan) poll_event returned type=6 windowId=1000
Bus::publish queueing msg type=10 to channel=gui.input
Bus::publish queueing msg type=4 to channel=gui.input
Bus::publish directing msg type=10 to pid=11
Bus::publish queueing msg type=4 to channel=gui.input
Bus::publish directing msg type=4 to pid=11
[NativeAppHost] App: com.guidexos.pacman (Nexgen PacMan) poll_event returned type=6 windowId=1000
Bus::publish queueing msg type=10 to channel=gui.input
Bus::publish queueing msg type=4 to channel=gui.input
Bus::publish directing msg type=4 to pid=11
[NativeAppHost] App: com.guidexos.pacman (Nexgen PacMan) poll_event returned type=6 windowId=1000
Bus::publish queueing msg type=10 to channel=gui.input
Bus::publish queueing msg type=4 to channel=gui.input
Bus::publish directing msg type=10 to pid=11
Bus::publish queueing msg type=4 to channel=gui.input
Bus::publish directing msg type=4 to pid=11
[NativeAppHost] App: com.guidexos.pacman (Nexgen PacMan) poll_event returned type=6 windowId=1000
Bus::publish queueing msg type=10 to channel=gui.input
Bus::publish queueing msg type=4 to channel=gui.input
Bus::publish directing msg type=4 to pid=11
[NativeAppHost] App: com.guidexos.pacman (Nexgen PacMan) poll_event returned type=6 windowId=1000
Bus::publish queueing msg type=10 to channel=gui.input
Bus::publish queueing msg type=4 to channel=gui.input
Bus::publish queueing msg type=4 to channel=gui.input
Bus::publish directing msg type=10 to pid=11
[NativeAppHost] App: com.guidexos.pacman (Nexgen PacMan) log: PacMan normal pill consumed
[NativeAppHost] App: com.guidexos.pacman (Nexgen PacMan) log: PacMan score updated: 300
[NativeAppHost] App: com.guidexos.pacman (Nexgen PacMan) log: PacMan remaining consumables: 214
Bus::publish queueing msg type=10 to channel=gui.input
Bus::publish queueing msg type=4 to channel=gui.input
Bus::publish directing msg type=4 to pid=11
[NativeAppHost] App: com.guidexos.pacman (Nexgen PacMan) poll_event returned type=6 windowId=1000
Bus::publish queueing msg type=10 to channel=gui.input
Bus::publish queueing msg type=4 to channel=gui.input
Bus::publish directing msg type=10 to pid=11
Bus::publish queueing msg type=4 to channel=gui.input
Bus::publish directing msg type=4 to pid=11
Bus::publish queueing msg type=10 to channel=gui.input
Bus::publish queueing msg type=4 to channel=gui.input
[NativeAppHost] App: com.guidexos.pacman (Nexgen PacMan) poll_event returned type=6 windowId=1000
Bus::publish queueing msg type=10 to channel=gui.input
Bus::publish queueing msg type=4 to channel=gui.input
Bus::publish queueing msg type=4 to channel=gui.input
Bus::publish directing msg type=4 to pid=11
[NativeAppHost] App: com.guidexos.pacman (Nexgen PacMan) poll_event returned type=6 windowId=1000
Bus::publish queueing msg type=10 to channel=gui.input
Bus::publish queueing msg type=4 to channel=gui.input
Bus::publish directing msg type=10 to pid=11
Bus::publish queueing msg type=4 to channel=gui.input
Bus::publish directing msg type=4 to pid=11
[NativeAppHost] App: com.guidexos.pacman (Nexgen PacMan) poll_event returned type=6 windowId=1000
Bus::publish queueing msg type=10 to channel=gui.input
Bus::publish queueing msg type=4 to channel=gui.input
Bus::publish directing msg type=4 to pid=11
[NativeAppHost] App: com.guidexos.pacman (Nexgen PacMan) poll_event returned type=6 windowId=1000
Bus::publish queueing msg type=10 to channel=gui.input
Bus::publish queueing msg type=4 to channel=gui.input
Bus::publish directing msg type=10 to pid=11
Bus::publish queueing msg type=4 to channel=gui.input
Bus::publish directing msg type=4 to pid=11
[NativeAppHost] App: com.guidexos.pacman (Nexgen PacMan) poll_event returned type=6 windowId=1000
Bus::publish queueing msg type=10 to channel=gui.input
[NativeAppHost] App: com.guidexos.pacman (Nexgen PacMan) log: PacMan normal pill consumed
[NativeAppHost] App: com.guidexos.pacman (Nexgen PacMan) log: PacMan score updated: 310
[NativeAppHost] App: com.guidexos.pacman (Nexgen PacMan) log: PacMan remaining consumables: 213
Bus::publish queueing msg type=4 to channel=gui.input
Bus::publish directing msg type=10 to pid=11
Bus::publish queueing msg type=4 to channel=gui.input
Bus::publish directing msg type=4 to pid=11
[NativeAppHost] App: com.guidexos.pacman (Nexgen PacMan) poll_event returned type=6 windowId=1000
Bus::publish queueing msg type=10 to channel=gui.input
Bus::publish queueing msg type=4 to channel=gui.input
Bus::publish directing msg type=10 to pid=11
Bus::publish queueing msg type=10 to channel=gui.input
Bus::publish queueing msg type=4 to channel=gui.input
Bus::publish directing msg type=4 to pid=11
Bus::publish directing msg type=4 to pid=11
[NativeAppHost] App: com.guidexos.pacman (Nexgen PacMan) poll_event returned type=6 windowId=1000
Bus::publish queueing msg type=10 to channel=gui.input
Bus::publish queueing msg type=4 to channel=gui.input
[NativeAppHost] App: com.guidexos.pacman (Nexgen PacMan) poll_event returned type=6 windowId=1000
Bus::publish queueing msg type=10 to channel=gui.input
Bus::publish queueing msg type=4 to channel=gui.input
Bus::publish directing msg type=10 to pid=11
Bus::publish queueing msg type=10 to channel=gui.input
Bus::publish queueing msg type=4 to channel=gui.input
Bus::publish directing msg type=4 to pid=11
Bus::publish directing msg type=10 to pid=11
[NativeAppHost] App: com.guidexos.pacman (Nexgen PacMan) poll_event returned type=6 windowId=1000
Bus::publish queueing msg type=10 to channel=gui.input
[NativeAppHost] App: com.guidexos.pacman (Nexgen PacMan) log: PacMan normal pill consumed
[NativeAppHost] App: com.guidexos.pacman (Nexgen PacMan) log: PacMan score updated: 320
[NativeAppHost] App: com.guidexos.pacman (Nexgen PacMan) log: PacMan remaining consumables: 212
Bus::publish queueing msg type=4 to channel=gui.input
Bus::publish directing msg type=4 to pid=11
[NativeAppHost] App: com.guidexos.pacman (Nexgen PacMan) poll_event returned type=6 windowId=1000
Bus::publish queueing msg type=10 to channel=gui.input
Bus::publish queueing msg type=4 to channel=gui.input
Bus::publish directing msg type=10 to pid=11
Bus::publish queueing msg type=4 to channel=gui.input
Bus::publish directing msg type=4 to pid=11
[NativeAppHost] App: com.guidexos.pacman (Nexgen PacMan) poll_event returned type=6 windowId=1000
Bus::publish queueing msg type=10 to channel=gui.input
Bus::publish queueing msg type=4 to channel=gui.input
Bus::publish queueing msg type=10 to channel=gui.input
Bus::publish queueing msg type=4 to channel=gui.input
Bus::publish directing msg type=4 to pid=11
[NativeAppHost] App: com.guidexos.pacman (Nexgen PacMan) poll_event returned type=6 windowId=1000
Bus::publish queueing msg type=10 to channel=gui.input
Bus::publish queueing msg type=4 to channel=gui.input
Bus::publish directing msg type=10 to pid=11
Bus::publish directing msg type=4 to pid=11
Bus::publish queueing msg type=10 to channel=gui.input
Bus::publish queueing msg type=4 to channel=gui.input
[NativeAppHost] App: com.guidexos.pacman (Nexgen PacMan) poll_event returned type=6 windowId=1000
Bus::publish queueing msg type=10 to channel=gui.input
Bus::publish queueing msg type=4 to channel=gui.input
Bus::publish directing msg type=10 to pid=11
Bus::publish directing msg type=4 to pid=11
[NativeAppHost] App: com.guidexos.pacman (Nexgen PacMan) log: PacMan normal pill consumed
[NativeAppHost] App: com.guidexos.pacman (Nexgen PacMan) log: PacMan score updated: 330
[NativeAppHost] App: com.guidexos.pacman (Nexgen PacMan) log: PacMan remaining consumables: 211
Bus::publish queueing msg type=10 to channel=gui.input
Bus::publish queueing msg type=4 to channel=gui.input
[NativeAppHost] App: com.guidexos.pacman (Nexgen PacMan) poll_event returned type=6 windowId=1000
Bus::publish queueing msg type=10 to channel=gui.input
Bus::publish queueing msg type=4 to channel=gui.input
Bus::publish directing msg type=4 to pid=11
[NativeAppHost] App: com.guidexos.pacman (Nexgen PacMan) poll_event returned type=6 windowId=1000
Bus::publish queueing msg type=10 to channel=gui.input
Bus::publish queueing msg type=4 to channel=gui.input
Bus::publish directing msg type=10 to pid=11
Bus::publish queueing msg type=4 to channel=gui.input
Bus::publish directing msg type=4 to pid=11
[NativeAppHost] App: com.guidexos.pacman (Nexgen PacMan) poll_event returned type=6 windowId=1000
Bus::publish queueing msg type=10 to channel=gui.input
Bus::publish queueing msg type=4 to channel=gui.input
Bus::publish directing msg type=10 to pid=11
Bus::publish queueing msg type=4 to channel=gui.input
Bus::publish directing msg type=4 to pid=11
[NativeAppHost] App: com.guidexos.pacman (Nexgen PacMan) poll_event returned type=6 windowId=1000
Bus::publish queueing msg type=10 to channel=gui.input
Bus::publish queueing msg type=4 to channel=gui.input
Bus::publish directing msg type=4 to pid=11
[NativeAppHost] App: com.guidexos.pacman (Nexgen PacMan) poll_event returned type=6 windowId=1000
Bus::publish queueing msg type=10 to channel=gui.input
Bus::publish queueing msg type=4 to channel=gui.input
Bus::publish directing msg type=10 to pid=11
Bus::publish queueing msg type=4 to channel=gui.input
[NativeAppHost] App: com.guidexos.pacman (Nexgen PacMan) log: PacMan normal pill consumed
[NativeAppHost] App: com.guidexos.pacman (Nexgen PacMan) log: PacMan score updated: 340
[NativeAppHost] App: com.guidexos.pacman (Nexgen PacMan) log: PacMan remaining consumables: 210
Bus::publish queueing msg type=10 to channel=gui.input
Bus::publish queueing msg type=4 to channel=gui.input
Bus::publish directing msg type=4 to pid=11
[NativeAppHost] App: com.guidexos.pacman (Nexgen PacMan) poll_event returned type=6 windowId=1000
Bus::publish queueing msg type=10 to channel=gui.input
Bus::publish queueing msg type=4 to channel=gui.input
Bus::publish directing msg type=4 to pid=11
[NativeAppHost] App: com.guidexos.pacman (Nexgen PacMan) poll_event returned type=6 windowId=1000
Bus::publish queueing msg type=10 to channel=gui.input
Bus::publish queueing msg type=4 to channel=gui.input
Bus::publish directing msg type=10 to pid=11
Bus::publish queueing msg type=4 to channel=gui.input
Bus::publish directing msg type=4 to pid=11
[NativeAppHost] App: com.guidexos.pacman (Nexgen PacMan) poll_event returned type=6 windowId=1000
Bus::publish queueing msg type=10 to channel=gui.input
Bus::publish queueing msg type=4 to channel=gui.input
Bus::publish queueing msg type=4 to channel=gui.input
Bus::publish directing msg type=10 to pid=11
Bus::publish queueing msg type=10 to channel=gui.input
Bus::publish queueing msg type=4 to channel=gui.input
Bus::publish directing msg type=4 to pid=11
[NativeAppHost] App: com.guidexos.pacman (Nexgen PacMan) poll_event returned type=6 windowId=1000
Bus::publish queueing msg type=10 to channel=gui.input
Bus::publish queueing msg type=4 to channel=gui.input
Bus::publish directing msg type=10 to pid=11
Bus::publish queueing msg type=4 to channel=gui.input
Bus::publish queueing msg type=10 to channel=gui.input
Bus::publish queueing msg type=4 to channel=gui.input
Bus::publish directing msg type=4 to pid=11
[NativeAppHost] App: com.guidexos.pacman (Nexgen PacMan) poll_event returned type=6 windowId=1000
Bus::publish queueing msg type=10 to channel=gui.input
[NativeAppHost] App: com.guidexos.pacman (Nexgen PacMan) log: PacMan normal pill consumed
[NativeAppHost] App: com.guidexos.pacman (Nexgen PacMan) log: PacMan score updated: 350
[NativeAppHost] App: com.guidexos.pacman (Nexgen PacMan) log: PacMan remaining consumables: 209
Bus::publish queueing msg type=4 to channel=gui.input
Bus::publish directing msg type=4 to pid=11
[NativeAppHost] App: com.guidexos.pacman (Nexgen PacMan) poll_event returned type=6 windowId=1000
Bus::publish queueing msg type=10 to channel=gui.input
Bus::publish queueing msg type=4 to channel=gui.input
Bus::publish directing msg type=10 to pid=11
Bus::publish queueing msg type=4 to channel=gui.input
Bus::publish directing msg type=4 to pid=11
[NativeAppHost] App: com.guidexos.pacman (Nexgen PacMan) poll_event returned type=6 windowId=1000
Bus::publish queueing msg type=10 to channel=gui.input
Bus::publish queueing msg type=4 to channel=gui.input
Bus::publish directing msg type=10 to pid=11
Bus::publish queueing msg type=4 to channel=gui.input
Bus::publish directing msg type=4 to pid=11
[NativeAppHost] App: com.guidexos.pacman (Nexgen PacMan) poll_event returned type=6 windowId=1000
Bus::publish queueing msg type=10 to channel=gui.input
Bus::publish queueing msg type=4 to channel=gui.input
Bus::publish directing msg type=4 to pid=11
[NativeAppHost] App: com.guidexos.pacman (Nexgen PacMan) poll_event returned type=6 windowId=1000
Bus::publish queueing msg type=10 to channel=gui.input
Bus::publish queueing msg type=4 to channel=gui.input
Bus::publish directing msg type=10 to pid=11
Bus::publish queueing msg type=4 to channel=gui.input
Bus::publish directing msg type=4 to pid=11
[NativeAppHost] App: com.guidexos.pacman (Nexgen PacMan) poll_event returned type=6 windowId=1000
Bus::publish queueing msg type=10 to channel=gui.input
Bus::publish queueing msg type=4 to channel=gui.input
Bus::publish directing msg type=4 to pid=11
[NativeAppHost] App: com.guidexos.pacman (Nexgen PacMan) poll_event returned type=6 windowId=1000
Bus::publish queueing msg type=10 to channel=gui.input
Bus::publish queueing msg type=4 to channel=gui.input
Bus::publish queueing msg type=4 to channel=gui.input
Bus::publish directing msg type=10 to pid=11
[NativeAppHost] App: com.guidexos.pacman (Nexgen PacMan) log: PacMan normal pill consumed
[NativeAppHost] App: com.guidexos.pacman (Nexgen PacMan) log: PacMan score updated: 360
[NativeAppHost] App: com.guidexos.pacman (Nexgen PacMan) log: PacMan remaining consumables: 208
Bus::publish directing msg type=4 to pid=11
Bus::publish queueing msg type=10 to channel=gui.input
Bus::publish queueing msg type=4 to channel=gui.input
[NativeAppHost] App: com.guidexos.pacman (Nexgen PacMan) poll_event returned type=6 windowId=1000
Bus::publish queueing msg type=10 to channel=gui.input
Bus::publish queueing msg type=4 to channel=gui.input
Bus::publish directing msg type=4 to pid=11
[NativeAppHost] App: com.guidexos.pacman (Nexgen PacMan) poll_event returned type=6 windowId=1000
Bus::publish queueing msg type=10 to channel=gui.input
Bus::publish queueing msg type=4 to channel=gui.input
Bus::publish queueing msg type=4 to channel=gui.input
Bus::publish directing msg type=10 to pid=11
Bus::publish queueing msg type=10 to channel=gui.input
Bus::publish queueing msg type=4 to channel=gui.input
Bus::publish directing msg type=4 to pid=11
[NativeAppHost] App: com.guidexos.pacman (Nexgen PacMan) poll_event returned type=6 windowId=1000
Bus::publish queueing msg type=10 to channel=gui.input
Bus::publish queueing msg type=4 to channel=gui.input
Bus::publish directing msg type=4 to pid=11
[NativeAppHost] App: com.guidexos.pacman (Nexgen PacMan) poll_event returned type=6 windowId=1000
Bus::publish queueing msg type=10 to channel=gui.input
Bus::publish queueing msg type=4 to channel=gui.input
Bus::publish directing msg type=10 to pid=11
Bus::publish queueing msg type=4 to channel=gui.input
Bus::publish directing msg type=4 to pid=11
[NativeAppHost] App: com.guidexos.pacman (Nexgen PacMan) poll_event returned type=6 windowId=1000
Bus::publish queueing msg type=10 to channel=gui.input
Bus::publish queueing msg type=4 to channel=gui.input
Bus::publish directing msg type=10 to pid=11
Bus::publish queueing msg type=4 to channel=gui.input
Bus::publish directing msg type=4 to pid=11
[NativeAppHost] App: com.guidexos.pacman (Nexgen PacMan) poll_event returned type=6 windowId=1000
Bus::publish queueing msg type=10 to channel=gui.input
Bus::publish queueing msg type=4 to channel=gui.input
Bus::publish directing msg type=10 to pid=11
[NativeAppHost] App: com.guidexos.pacman (Nexgen PacMan) log: PacMan direction blocked by maze wall
Bus::publish queueing msg type=4 to channel=gui.input
Bus::publish directing msg type=4 to pid=11
[NativeAppHost] App: com.guidexos.pacman (Nexgen PacMan) poll_event returned type=6 windowId=1000
Bus::publish queueing msg type=10 to channel=gui.input
Bus::publish queueing msg type=4 to channel=gui.input
Bus::publish directing msg type=4 to pid=11
[NativeAppHost] App: com.guidexos.pacman (Nexgen PacMan) poll_event returned type=6 windowId=1000
Bus::publish queueing msg type=10 to channel=gui.input
Bus::publish queueing msg type=4 to channel=gui.input
Bus::publish queueing msg type=4 to channel=gui.input
Bus::publish directing msg type=10 to pid=11
Bus::publish queueing msg type=4 to channel=gui.input
Bus::publish directing msg type=4 to pid=11
[NativeAppHost] App: com.guidexos.pacman (Nexgen PacMan) poll_event returned type=6 windowId=1000
Bus::publish queueing msg type=10 to channel=gui.input
Bus::publish queueing msg type=4 to channel=gui.input
Bus::publish directing msg type=10 to pid=11
Bus::publish queueing msg type=4 to channel=gui.input
Bus::publish directing msg type=4 to pid=11
[NativeAppHost] App: com.guidexos.pacman (Nexgen PacMan) poll_event returned type=6 windowId=1000
Bus::publish queueing msg type=10 to channel=gui.input
Bus::publish queueing msg type=4 to channel=gui.input
Bus::publish directing msg type=10 to pid=11
Bus::publish queueing msg type=4 to channel=gui.input
Bus::publish directing msg type=4 to pid=11
[NativeAppHost] App: com.guidexos.pacman (Nexgen PacMan) poll_event returned type=6 windowId=1000
Bus::publish queueing msg type=10 to channel=gui.input
Bus::publish queueing msg type=4 to channel=gui.input
Bus::publish directing msg type=4 to pid=11
[NativeAppHost] App: com.guidexos.pacman (Nexgen PacMan) poll_event returned type=6 windowId=1000
Bus::publish queueing msg type=10 to channel=gui.input
Bus::publish queueing msg type=4 to channel=gui.input
Bus::publish directing msg type=10 to pid=11
Bus::publish queueing msg type=4 to channel=gui.input
Bus::publish directing msg type=4 to pid=11
[NativeAppHost] App: com.guidexos.pacman (Nexgen PacMan) poll_event returned type=6 windowId=1000
Bus::publish queueing msg type=10 to channel=gui.input
Bus::publish queueing msg type=4 to channel=gui.input
Bus::publish directing msg type=4 to pid=11
[NativeAppHost] App: com.guidexos.pacman (Nexgen PacMan) poll_event returned type=6 windowId=1000
Bus::publish queueing msg type=10 to channel=gui.input
Bus::publish queueing msg type=4 to channel=gui.input
Bus::publish directing msg type=10 to pid=11
Bus::publish queueing msg type=4 to channel=gui.input
Bus::publish directing msg type=4 to pid=11
[NativeAppHost] App: com.guidexos.pacman (Nexgen PacMan) poll_event returned type=6 windowId=1000
Bus::publish queueing msg type=10 to channel=gui.input
Bus::publish queueing msg type=4 to channel=gui.input
Bus::publish directing msg type=10 to pid=11
Bus::publish queueing msg type=4 to channel=gui.input
Bus::publish directing msg type=4 to pid=11
[NativeAppHost] App: com.guidexos.pacman (Nexgen PacMan) poll_event returned type=6 windowId=1000
Bus::publish queueing msg type=10 to channel=gui.input
Bus::publish queueing msg type=4 to channel=gui.input
Bus::publish queueing msg type=4 to channel=gui.input
Bus::publish queueing msg type=10 to channel=gui.input
Bus::publish queueing msg type=4 to channel=gui.input
Bus::publish directing msg type=10 to pid=11
Bus::publish queueing msg type=4 to channel=gui.input
Bus::publish directing msg type=4 to pid=11
[NativeAppHost] App: com.guidexos.pacman (Nexgen PacMan) poll_event returned type=6 windowId=1000
Bus::publish queueing msg type=10 to channel=gui.input
Bus::publish queueing msg type=4 to channel=gui.input
Bus::publish directing msg type=4 to pid=11
[NativeAppHost] App: com.guidexos.pacman (Nexgen PacMan) poll_event returned type=6 windowId=1000
Bus::publish queueing msg type=10 to channel=gui.input
Bus::publish queueing msg type=4 to channel=gui.input
Bus::publish directing msg type=10 to pid=11
Bus::publish queueing msg type=4 to channel=gui.input
Bus::publish directing msg type=4 to pid=11
[NativeAppHost] App: com.guidexos.pacman (Nexgen PacMan) poll_event returned type=6 windowId=1000
Bus::publish queueing msg type=10 to channel=gui.input
Bus::publish queueing msg type=4 to channel=gui.input
Bus::publish directing msg type=4 to pid=11
[NativeAppHost] App: com.guidexos.pacman (Nexgen PacMan) poll_event returned type=6 windowId=1000
Bus::publish queueing msg type=10 to channel=gui.input
Bus::publish queueing msg type=4 to channel=gui.input
Bus::publish directing msg type=10 to pid=11
Bus::publish queueing msg type=4 to channel=gui.input
Bus::publish directing msg type=4 to pid=11
[NativeAppHost] App: com.guidexos.pacman (Nexgen PacMan) poll_event returned type=6 windowId=1000
Bus::publish queueing msg type=10 to channel=gui.input
Bus::publish queueing msg type=4 to channel=gui.input
Bus::publish directing msg type=10 to pid=11
Bus::publish queueing msg type=4 to channel=gui.input
Bus::publish directing msg type=4 to pid=11
[NativeAppHost] App: com.guidexos.pacman (Nexgen PacMan) poll_event returned type=6 windowId=1000
Bus::publish queueing msg type=10 to channel=gui.input
Bus::publish queueing msg type=4 to channel=gui.input
Bus::publish directing msg type=12 to pid=11
Bus::publish directing msg type=12 to pid=11
Bus::publish directing msg type=10 to pid=11
[NativeAppHost] App: com.guidexos.pacman (Nexgen PacMan) poll_event returned type=4 windowId=1000
Bus::publish queueing msg type=4 to channel=gui.input
[NativeAppHost] App: com.guidexos.pacman (Nexgen PacMan) poll_event returned type=4 windowId=1000
[NativeAppHost] App: com.guidexos.pacman (Nexgen PacMan) log: PacMan requested direction: left
Bus::publish queueing msg type=4 to channel=gui.input
Bus::publish directing msg type=4 to pid=11
[NativeAppHost] App: com.guidexos.pacman (Nexgen PacMan) poll_event returned type=6 windowId=1000
Bus::publish queueing msg type=10 to channel=gui.input
[NativeAppHost] App: com.guidexos.pacman (Nexgen PacMan) log: PacMan buffered turn accepted
[NativeAppHost] App: com.guidexos.pacman (Nexgen PacMan) log: PacMan normal pill consumed
[NativeAppHost] App: com.guidexos.pacman (Nexgen PacMan) log: PacMan score updated: 370
[NativeAppHost] App: com.guidexos.pacman (Nexgen PacMan) log: PacMan remaining consumables: 207
Bus::publish queueing msg type=4 to channel=gui.input
Bus::publish directing msg type=4 to pid=11
[NativeAppHost] App: com.guidexos.pacman (Nexgen PacMan) poll_event returned type=6 windowId=1000
Bus::publish queueing msg type=10 to channel=gui.input
Bus::publish queueing msg type=4 to channel=gui.input
Bus::publish queueing msg type=4 to channel=gui.input
Bus::publish directing msg type=10 to pid=11
Bus::publish queueing msg type=10 to channel=gui.input
Bus::publish queueing msg type=4 to channel=gui.input
Bus::publish directing msg type=4 to pid=11
[NativeAppHost] App: com.guidexos.pacman (Nexgen PacMan) poll_event returned type=6 windowId=1000
Bus::publish queueing msg type=10 to channel=gui.input
Bus::publish queueing msg type=4 to channel=gui.input
Bus::publish directing msg type=10 to pid=11
Bus::publish queueing msg type=4 to channel=gui.input
Bus::publish directing msg type=4 to pid=11
[NativeAppHost] App: com.guidexos.pacman (Nexgen PacMan) poll_event returned type=6 windowId=1000
Bus::publish queueing msg type=10 to channel=gui.input
Bus::publish queueing msg type=4 to channel=gui.input
Bus::publish directing msg type=10 to pid=11
Bus::publish queueing msg type=4 to channel=gui.input
Bus::publish directing msg type=4 to pid=11
[NativeAppHost] App: com.guidexos.pacman (Nexgen PacMan) poll_event returned type=6 windowId=1000
Bus::publish queueing msg type=10 to channel=gui.input
Bus::publish queueing msg type=4 to channel=gui.input
Bus::publish directing msg type=10 to pid=11
Bus::publish queueing msg type=4 to channel=gui.input
Bus::publish directing msg type=4 to pid=11
[NativeAppHost] App: com.guidexos.pacman (Nexgen PacMan) poll_event returned type=6 windowId=1000
Bus::publish queueing msg type=10 to channel=gui.input
[NativeAppHost] App: com.guidexos.pacman (Nexgen PacMan) log: PacMan normal pill consumed
[NativeAppHost] App: com.guidexos.pacman (Nexgen PacMan) log: PacMan score updated: 380
[NativeAppHost] App: com.guidexos.pacman (Nexgen PacMan) log: PacMan remaining consumables: 206
Bus::publish queueing msg type=4 to channel=gui.input
Bus::publish directing msg type=10 to pid=11
Bus::publish queueing msg type=4 to channel=gui.input
Bus::publish directing msg type=4 to pid=11
[NativeAppHost] App: com.guidexos.pacman (Nexgen PacMan) poll_event returned type=6 windowId=1000
Bus::publish queueing msg type=10 to channel=gui.input
Bus::publish queueing msg type=4 to channel=gui.input
Bus::publish directing msg type=10 to pid=11
Bus::publish queueing msg type=4 to channel=gui.input
Bus::publish directing msg type=4 to pid=11
[NativeAppHost] App: com.guidexos.pacman (Nexgen PacMan) poll_event returned type=6 windowId=1000
Bus::publish queueing msg type=10 to channel=gui.input
Bus::publish queueing msg type=4 to channel=gui.input
Bus::publish directing msg type=10 to pid=11
Bus::publish queueing msg type=4 to channel=gui.input
Bus::publish directing msg type=4 to pid=11
[NativeAppHost] App: com.guidexos.pacman (Nexgen PacMan) poll_event returned type=6 windowId=1000
Bus::publish queueing msg type=10 to channel=gui.input
Bus::publish queueing msg type=4 to channel=gui.input
Bus::publish queueing msg type=4 to channel=gui.input
Bus::publish directing msg type=4 to pid=11
[NativeAppHost] App: com.guidexos.pacman (Nexgen PacMan) poll_event returned type=6 windowId=1000
Bus::publish queueing msg type=10 to channel=gui.input
Bus::publish queueing msg type=4 to channel=gui.input
Bus::publish directing msg type=10 to pid=11
Bus::publish queueing msg type=4 to channel=gui.input
Bus::publish directing msg type=4 to pid=11
[NativeAppHost] App: com.guidexos.pacman (Nexgen PacMan) poll_event returned type=6 windowId=1000
Bus::publish queueing msg type=10 to channel=gui.input
[NativeAppHost] App: com.guidexos.pacman (Nexgen PacMan) log: PacMan normal pill consumed
[NativeAppHost] App: com.guidexos.pacman (Nexgen PacMan) log: PacMan score updated: 390
[NativeAppHost] App: com.guidexos.pacman (Nexgen PacMan) log: PacMan remaining consumables: 205
Bus::publish queueing msg type=4 to channel=gui.input
Bus::publish directing msg type=10 to pid=11
Bus::publish queueing msg type=4 to channel=gui.input
Bus::publish directing msg type=4 to pid=11
[NativeAppHost] App: com.guidexos.pacman (Nexgen PacMan) poll_event returned type=6 windowId=1000
Bus::publish queueing msg type=10 to channel=gui.input
Bus::publish queueing msg type=4 to channel=gui.input
Bus::publish directing msg type=4 to pid=11
[NativeAppHost] App: com.guidexos.pacman (Nexgen PacMan) poll_event returned type=6 windowId=1000
Bus::publish queueing msg type=10 to channel=gui.input
Bus::publish queueing msg type=4 to channel=gui.input
Bus::publish directing msg type=10 to pid=11
Bus::publish queueing msg type=4 to channel=gui.input
Bus::publish directing msg type=4 to pid=11
[NativeAppHost] App: com.guidexos.pacman (Nexgen PacMan) poll_event returned type=6 windowId=1000
Bus::publish queueing msg type=10 to channel=gui.input
Bus::publish queueing msg type=4 to channel=gui.input
Bus::publish directing msg type=4 to pid=11
[NativeAppHost] App: com.guidexos.pacman (Nexgen PacMan) poll_event returned type=6 windowId=1000
Bus::publish queueing msg type=10 to channel=gui.input
Bus::publish queueing msg type=4 to channel=gui.input
Bus::publish directing msg type=10 to pid=11
Bus::publish queueing msg type=4 to channel=gui.input
Bus::publish directing msg type=4 to pid=11
[NativeAppHost] App: com.guidexos.pacman (Nexgen PacMan) poll_event returned type=6 windowId=1000
Bus::publish queueing msg type=10 to channel=gui.input
Bus::publish queueing msg type=4 to channel=gui.input
Bus::publish directing msg type=10 to pid=11
Bus::publish queueing msg type=4 to channel=gui.input
Bus::publish directing msg type=4 to pid=11
[NativeAppHost] App: com.guidexos.pacman (Nexgen PacMan) poll_event returned type=6 windowId=1000
Bus::publish queueing msg type=10 to channel=gui.input
Bus::publish queueing msg type=4 to channel=gui.input
[NativeAppHost] App: com.guidexos.pacman (Nexgen PacMan) log: PacMan normal pill consumed
[NativeAppHost] App: com.guidexos.pacman (Nexgen PacMan) log: PacMan score updated: 400
[NativeAppHost] App: com.guidexos.pacman (Nexgen PacMan) log: PacMan remaining consumables: 204
Bus::publish queueing msg type=4 to channel=gui.input
Bus::publish directing msg type=4 to pid=11
[NativeAppHost] App: com.guidexos.pacman (Nexgen PacMan) poll_event returned type=6 windowId=1000
Bus::publish queueing msg type=10 to channel=gui.input
Bus::publish queueing msg type=4 to channel=gui.input
Bus::publish directing msg type=10 to pid=11
Bus::publish queueing msg type=4 to channel=gui.input
Bus::publish directing msg type=4 to pid=11
[NativeAppHost] App: com.guidexos.pacman (Nexgen PacMan) poll_event returned type=6 windowId=1000
Bus::publish queueing msg type=10 to channel=gui.input
Bus::publish queueing msg type=4 to channel=gui.input
Bus::publish directing msg type=4 to pid=11
[NativeAppHost] App: com.guidexos.pacman (Nexgen PacMan) poll_event returned type=6 windowId=1000
Bus::publish queueing msg type=10 to channel=gui.input
Bus::publish queueing msg type=4 to channel=gui.input
Bus::publish directing msg type=10 to pid=11
Bus::publish queueing msg type=4 to channel=gui.input
Bus::publish directing msg type=4 to pid=11
[NativeAppHost] App: com.guidexos.pacman (Nexgen PacMan) poll_event returned type=6 windowId=1000
Bus::publish queueing msg type=10 to channel=gui.input
Bus::publish queueing msg type=4 to channel=gui.input
Bus::publish directing msg type=4 to pid=11
[NativeAppHost] App: com.guidexos.pacman (Nexgen PacMan) poll_event returned type=6 windowId=1000
Bus::publish queueing msg type=10 to channel=gui.input
Bus::publish queueing msg type=4 to channel=gui.input
Bus::publish directing msg type=10 to pid=11
Bus::publish queueing msg type=4 to channel=gui.input
Bus::publish directing msg type=4 to pid=11
[NativeAppHost] App: com.guidexos.pacman (Nexgen PacMan) poll_event returned type=6 windowId=1000
Bus::publish queueing msg type=10 to channel=gui.input
Bus::publish queueing msg type=4 to channel=gui.input
Bus::publish directing msg type=4 to pid=11
[NativeAppHost] App: com.guidexos.pacman (Nexgen PacMan) poll_event returned type=6 windowId=1000
Bus::publish queueing msg type=10 to channel=gui.input
[NativeAppHost] App: com.guidexos.pacman (Nexgen PacMan) log: PacMan normal pill consumed
[NativeAppHost] App: com.guidexos.pacman (Nexgen PacMan) log: PacMan score updated: 410
[NativeAppHost] App: com.guidexos.pacman (Nexgen PacMan) log: PacMan remaining consumables: 203
Bus::publish queueing msg type=4 to channel=gui.input
Bus::publish directing msg type=10 to pid=11
Bus::publish queueing msg type=4 to channel=gui.input
Bus::publish queueing msg type=10 to channel=gui.input
Bus::publish queueing msg type=4 to channel=gui.input
Bus::publish directing msg type=4 to pid=11
[NativeAppHost] App: com.guidexos.pacman (Nexgen PacMan) poll_event returned type=6 windowId=1000
Bus::publish queueing msg type=10 to channel=gui.input
Bus::publish queueing msg type=4 to channel=gui.input
Bus::publish directing msg type=10 to pid=11
Bus::publish queueing msg type=4 to channel=gui.input
Bus::publish directing msg type=4 to pid=11
[NativeAppHost] App: com.guidexos.pacman (Nexgen PacMan) poll_event returned type=6 windowId=1000
Bus::publish queueing msg type=10 to channel=gui.input
Bus::publish queueing msg type=4 to channel=gui.input
Bus::publish directing msg type=4 to pid=11
[NativeAppHost] App: com.guidexos.pacman (Nexgen PacMan) poll_event returned type=6 windowId=1000
Bus::publish queueing msg type=10 to channel=gui.input
Bus::publish queueing msg type=4 to channel=gui.input
Bus::publish directing msg type=10 to pid=11
Bus::publish queueing msg type=4 to channel=gui.input
Bus::publish directing msg type=4 to pid=11
[NativeAppHost] App: com.guidexos.pacman (Nexgen PacMan) poll_event returned type=6 windowId=1000
Bus::publish queueing msg type=10 to channel=gui.input
Bus::publish queueing msg type=4 to channel=gui.input
Bus::publish directing msg type=10 to pid=11
Bus::publish queueing msg type=4 to channel=gui.input
[NativeAppHost] App: com.guidexos.pacman (Nexgen PacMan) log: PacMan direction blocked by maze wall
Bus::publish queueing msg type=10 to channel=gui.input
Bus::publish queueing msg type=4 to channel=gui.input
Bus::publish directing msg type=4 to pid=11
[NativeAppHost] App: com.guidexos.pacman (Nexgen PacMan) poll_event returned type=6 windowId=1000
Bus::publish queueing msg type=10 to channel=gui.input
Bus::publish queueing msg type=4 to channel=gui.input
Bus::publish directing msg type=4 to pid=11
[NativeAppHost] App: com.guidexos.pacman (Nexgen PacMan) poll_event returned type=6 windowId=1000
Bus::publish queueing msg type=10 to channel=gui.input
Bus::publish queueing msg type=4 to channel=gui.input
Bus::publish directing msg type=10 to pid=11
Bus::publish queueing msg type=4 to channel=gui.input
Bus::publish directing msg type=4 to pid=11
[NativeAppHost] App: com.guidexos.pacman (Nexgen PacMan) poll_event returned type=6 windowId=1000
Bus::publish queueing msg type=10 to channel=gui.input
Bus::publish queueing msg type=4 to channel=gui.input
Bus::publish directing msg type=4 to pid=11
[NativeAppHost] App: com.guidexos.pacman (Nexgen PacMan) poll_event returned type=6 windowId=1000
Bus::publish queueing msg type=10 to channel=gui.input
Bus::publish queueing msg type=4 to channel=gui.input
Bus::publish directing msg type=10 to pid=11
Bus::publish queueing msg type=4 to channel=gui.input
Bus::publish directing msg type=4 to pid=11
[NativeAppHost] App: com.guidexos.pacman (Nexgen PacMan) poll_event returned type=6 windowId=1000
Bus::publish queueing msg type=10 to channel=gui.input
Bus::publish queueing msg type=4 to channel=gui.input
Bus::publish directing msg type=10 to pid=11
Bus::publish queueing msg type=4 to channel=gui.input
Bus::publish directing msg type=4 to pid=11
Bus::publish queueing msg type=10 to channel=gui.input
Bus::publish queueing msg type=4 to channel=gui.input
[NativeAppHost] App: com.guidexos.pacman (Nexgen PacMan) poll_event returned type=6 windowId=1000
Bus::publish queueing msg type=10 to channel=gui.input
Bus::publish queueing msg type=4 to channel=gui.input
Bus::publish queueing msg type=4 to channel=gui.input
Bus::publish directing msg type=4 to pid=11
[NativeAppHost] App: com.guidexos.pacman (Nexgen PacMan) poll_event returned type=6 windowId=1000
Bus::publish queueing msg type=10 to channel=gui.input
Bus::publish queueing msg type=4 to channel=gui.input
Bus::publish directing msg type=10 to pid=11
Bus::publish queueing msg type=4 to channel=gui.input
Bus::publish directing msg type=4 to pid=11
[NativeAppHost] App: com.guidexos.pacman (Nexgen PacMan) poll_event returned type=6 windowId=1000
Bus::publish queueing msg type=10 to channel=gui.input
Bus::publish queueing msg type=4 to channel=gui.input
Bus::publish directing msg type=10 to pid=11
Bus::publish queueing msg type=4 to channel=gui.input
Bus::publish directing msg type=4 to pid=11
[NativeAppHost] App: com.guidexos.pacman (Nexgen PacMan) poll_event returned type=6 windowId=1000
Bus::publish queueing msg type=10 to channel=gui.input
Bus::publish queueing msg type=4 to channel=gui.input
Bus::publish directing msg type=10 to pid=11
Bus::publish queueing msg type=4 to channel=gui.input
Bus::publish directing msg type=4 to pid=11
[NativeAppHost] App: com.guidexos.pacman (Nexgen PacMan) poll_event returned type=6 windowId=1000
Bus::publish queueing msg type=10 to channel=gui.input
Bus::publish queueing msg type=4 to channel=gui.input
Bus::publish directing msg type=4 to pid=11
[NativeAppHost] App: com.guidexos.pacman (Nexgen PacMan) poll_event returned type=6 windowId=1000
Bus::publish queueing msg type=10 to channel=gui.input
Bus::publish queueing msg type=4 to channel=gui.input
Bus::publish directing msg type=12 to pid=11
Bus::publish directing msg type=12 to pid=11
Bus::publish directing msg type=10 to pid=11
[NativeAppHost] App: com.guidexos.pacman (Nexgen PacMan) poll_event returned type=4 windowId=1000
Bus::publish queueing msg type=4 to channel=gui.input
[NativeAppHost] App: com.guidexos.pacman (Nexgen PacMan) poll_event returned type=4 windowId=1000
[NativeAppHost] App: com.guidexos.pacman (Nexgen PacMan) log: PacMan requested direction: down
Bus::publish queueing msg type=4 to channel=gui.input
Bus::publish directing msg type=4 to pid=11
[NativeAppHost] App: com.guidexos.pacman (Nexgen PacMan) poll_event returned type=6 windowId=1000
Bus::publish queueing msg type=10 to channel=gui.input
[NativeAppHost] App: com.guidexos.pacman (Nexgen PacMan) log: PacMan buffered turn accepted
[NativeAppHost] App: com.guidexos.pacman (Nexgen PacMan) log: PacMan normal pill consumed
[NativeAppHost] App: com.guidexos.pacman (Nexgen PacMan) log: PacMan score updated: 420
[NativeAppHost] App: com.guidexos.pacman (Nexgen PacMan) log: PacMan remaining consumables: 202
Bus::publish queueing msg type=4 to channel=gui.input
Bus::publish directing msg type=10 to pid=11
Bus::publish queueing msg type=4 to channel=gui.input
Bus::publish directing msg type=4 to pid=11
[NativeAppHost] App: com.guidexos.pacman (Nexgen PacMan) poll_event returned type=6 windowId=1000
Bus::publish queueing msg type=10 to channel=gui.input
Bus::publish queueing msg type=4 to channel=gui.input
Bus::publish directing msg type=4 to pid=11
[NativeAppHost] App: com.guidexos.pacman (Nexgen PacMan) poll_event returned type=6 windowId=1000
Bus::publish queueing msg type=10 to channel=gui.input
Bus::publish queueing msg type=4 to channel=gui.input
Bus::publish queueing msg type=4 to channel=gui.input
Bus::publish directing msg type=10 to pid=11
Bus::publish queueing msg type=10 to channel=gui.input
Bus::publish queueing msg type=4 to channel=gui.input
Bus::publish directing msg type=4 to pid=11
[NativeAppHost] App: com.guidexos.pacman (Nexgen PacMan) poll_event returned type=6 windowId=1000
Bus::publish queueing msg type=10 to channel=gui.input
Bus::publish queueing msg type=4 to channel=gui.input
Bus::publish directing msg type=10 to pid=11
Bus::publish queueing msg type=4 to channel=gui.input
Bus::publish directing msg type=4 to pid=11
[NativeAppHost] App: com.guidexos.pacman (Nexgen PacMan) poll_event returned type=6 windowId=1000
Bus::publish queueing msg type=10 to channel=gui.input
Bus::publish queueing msg type=4 to channel=gui.input
Bus::publish directing msg type=4 to pid=11
[NativeAppHost] App: com.guidexos.pacman (Nexgen PacMan) poll_event returned type=6 windowId=1000
Bus::publish queueing msg type=10 to channel=gui.input
Bus::publish queueing msg type=4 to channel=gui.input
Bus::publish directing msg type=10 to pid=11
[NativeAppHost] App: com.guidexos.pacman (Nexgen PacMan) log: PacMan power pill consumed
[NativeAppHost] App: com.guidexos.pacman (Nexgen PacMan) log: PacMan score updated: 430
[NativeAppHost] App: com.guidexos.pacman (Nexgen PacMan) log: PacMan remaining consumables: 201
Bus::publish queueing msg type=4 to channel=gui.input
Bus::publish directing msg type=4 to pid=11
[NativeAppHost] App: com.guidexos.pacman (Nexgen PacMan) poll_event returned type=6 windowId=1000
Bus::publish queueing msg type=10 to channel=gui.input
Bus::publish queueing msg type=4 to channel=gui.input
Bus::publish directing msg type=10 to pid=11
Bus::publish queueing msg type=4 to channel=gui.input
Bus::publish directing msg type=4 to pid=11
[NativeAppHost] App: com.guidexos.pacman (Nexgen PacMan) poll_event returned type=6 windowId=1000
Bus::publish queueing msg type=10 to channel=gui.input
Bus::publish queueing msg type=4 to channel=gui.input
Bus::publish directing msg type=4 to pid=11
[NativeAppHost] App: com.guidexos.pacman (Nexgen PacMan) poll_event returned type=6 windowId=1000
Bus::publish queueing msg type=10 to channel=gui.input
Bus::publish queueing msg type=4 to channel=gui.input
Bus::publish directing msg type=10 to pid=11
Bus::publish queueing msg type=4 to channel=gui.input
Bus::publish directing msg type=4 to pid=11
[NativeAppHost] App: com.guidexos.pacman (Nexgen PacMan) poll_event returned type=6 windowId=1000
Bus::publish queueing msg type=10 to channel=gui.input
Bus::publish queueing msg type=4 to channel=gui.input
Bus::publish directing msg type=10 to pid=11
Bus::publish queueing msg type=4 to channel=gui.input
Bus::publish directing msg type=4 to pid=11
[NativeAppHost] App: com.guidexos.pacman (Nexgen PacMan) poll_event returned type=6 windowId=1000
Bus::publish queueing msg type=10 to channel=gui.input
Bus::publish queueing msg type=4 to channel=gui.input
Bus::publish queueing msg type=4 to channel=gui.input
Bus::publish directing msg type=10 to pid=11
[NativeAppHost] App: com.guidexos.pacman (Nexgen PacMan) log: PacMan normal pill consumed
[NativeAppHost] App: com.guidexos.pacman (Nexgen PacMan) log: PacMan score updated: 440
[NativeAppHost] App: com.guidexos.pacman (Nexgen PacMan) log: PacMan remaining consumables: 200
Bus::publish directing msg type=4 to pid=11
Bus::publish queueing msg type=10 to channel=gui.input
Bus::publish queueing msg type=4 to channel=gui.input
[NativeAppHost] App: com.guidexos.pacman (Nexgen PacMan) poll_event returned type=6 windowId=1000
Bus::publish queueing msg type=10 to channel=gui.input
Bus::publish queueing msg type=4 to channel=gui.input
Bus::publish queueing msg type=4 to channel=gui.input
Bus::publish directing msg type=4 to pid=11
[NativeAppHost] App: com.guidexos.pacman (Nexgen PacMan) poll_event returned type=6 windowId=1000
Bus::publish queueing msg type=10 to channel=gui.input
Bus::publish queueing msg type=4 to channel=gui.input
Bus::publish directing msg type=10 to pid=11
Bus::publish queueing msg type=4 to channel=gui.input
Bus::publish directing msg type=4 to pid=11
[NativeAppHost] App: com.guidexos.pacman (Nexgen PacMan) poll_event returned type=6 windowId=1000
Bus::publish queueing msg type=10 to channel=gui.input
Bus::publish queueing msg type=4 to channel=gui.input
Bus::publish directing msg type=10 to pid=11
Bus::publish queueing msg type=4 to channel=gui.input
Bus::publish directing msg type=4 to pid=11
[NativeAppHost] App: com.guidexos.pacman (Nexgen PacMan) poll_event returned type=6 windowId=1000
Bus::publish queueing msg type=10 to channel=gui.input
Bus::publish queueing msg type=4 to channel=gui.input
Bus::publish directing msg type=4 to pid=11
Bus::publish directing msg type=10 to pid=11
[NativeAppHost] App: com.guidexos.pacman (Nexgen PacMan) poll_event returned type=6 windowId=1000
Bus::publish queueing msg type=10 to channel=gui.input
Bus::publish queueing msg type=4 to channel=gui.input
Bus::publish directing msg type=4 to pid=11
[NativeAppHost] App: com.guidexos.pacman (Nexgen PacMan) poll_event returned type=6 windowId=1000
Bus::publish queueing msg type=10 to channel=gui.input
Bus::publish queueing msg type=4 to channel=gui.input
Bus::publish directing msg type=4 to pid=11
[NativeAppHost] App: com.guidexos.pacman (Nexgen PacMan) poll_event returned type=6 windowId=1000
Bus::publish queueing msg type=10 to channel=gui.input
[NativeAppHost] App: com.guidexos.pacman (Nexgen PacMan) log: PacMan normal pill consumed
[NativeAppHost] App: com.guidexos.pacman (Nexgen PacMan) log: PacMan score updated: 450
[NativeAppHost] App: com.guidexos.pacman (Nexgen PacMan) log: PacMan remaining consumables: 199
Bus::publish queueing msg type=4 to channel=gui.input
Bus::publish directing msg type=10 to pid=11
Bus::publish queueing msg type=4 to channel=gui.input
Bus::publish directing msg type=4 to pid=11
Bus::publish directing msg type=4 to pid=11
[NativeAppHost] App: com.guidexos.pacman (Nexgen PacMan) poll_event returned type=6 windowId=1000
Bus::publish queueing msg type=10 to channel=gui.input
Bus::publish queueing msg type=4 to channel=gui.input
[NativeAppHost] App: com.guidexos.pacman (Nexgen PacMan) poll_event returned type=6 windowId=1000
Bus::publish queueing msg type=10 to channel=gui.input
Bus::publish queueing msg type=4 to channel=gui.input
Bus::publish directing msg type=10 to pid=11
Bus::publish queueing msg type=10 to channel=gui.input
Bus::publish queueing msg type=4 to channel=gui.input
Bus::publish directing msg type=4 to pid=11
Bus::publish directing msg type=10 to pid=11
[NativeAppHost] App: com.guidexos.pacman (Nexgen PacMan) poll_event returned type=6 windowId=1000
Bus::publish directing msg type=4 to pid=11
Bus::publish queueing msg type=10 to channel=gui.input
Bus::publish queueing msg type=4 to channel=gui.input
[NativeAppHost] App: com.guidexos.pacman (Nexgen PacMan) poll_event returned type=6 windowId=1000
Bus::publish queueing msg type=10 to channel=gui.input
Bus::publish queueing msg type=4 to channel=gui.input
Bus::publish directing msg type=4 to pid=11
[NativeAppHost] App: com.guidexos.pacman (Nexgen PacMan) poll_event returned type=6 windowId=1000
Bus::publish queueing msg type=10 to channel=gui.input
Bus::publish queueing msg type=4 to channel=gui.input
Bus::publish directing msg type=10 to pid=11
Bus::publish queueing msg type=4 to channel=gui.input
Bus::publish directing msg type=4 to pid=11
[NativeAppHost] App: com.guidexos.pacman (Nexgen PacMan) poll_event returned type=6 windowId=1000
Bus::publish queueing msg type=10 to channel=gui.input
[NativeAppHost] App: com.guidexos.pacman (Nexgen PacMan) log: PacMan normal pill consumed
[NativeAppHost] App: com.guidexos.pacman (Nexgen PacMan) log: PacMan score updated: 460
[NativeAppHost] App: com.guidexos.pacman (Nexgen PacMan) log: PacMan remaining consumables: 198
Bus::publish queueing msg type=4 to channel=gui.input
Bus::publish directing msg type=10 to pid=11
Bus::publish queueing msg type=4 to channel=gui.input
Bus::publish directing msg type=4 to pid=11
Bus::publish directing msg type=4 to pid=11
[NativeAppHost] App: com.guidexos.pacman (Nexgen PacMan) poll_event returned type=6 windowId=1000
Bus::publish queueing msg type=10 to channel=gui.input
Bus::publish queueing msg type=4 to channel=gui.input
[NativeAppHost] App: com.guidexos.pacman (Nexgen PacMan) poll_event returned type=6 windowId=1000
Bus::publish queueing msg type=10 to channel=gui.input
Bus::publish queueing msg type=4 to channel=gui.input
Bus::publish directing msg type=10 to pid=11
Bus::publish queueing msg type=10 to channel=gui.input
Bus::publish queueing msg type=4 to channel=gui.input
Bus::publish directing msg type=4 to pid=11
[NativeAppHost] App: com.guidexos.pacman (Nexgen PacMan) poll_event returned type=6 windowId=1000
Bus::publish queueing msg type=10 to channel=gui.input
Bus::publish queueing msg type=4 to channel=gui.input
Bus::publish directing msg type=10 to pid=11
Bus::publish queueing msg type=4 to channel=gui.input
Bus::publish directing msg type=4 to pid=11
[NativeAppHost] App: com.guidexos.pacman (Nexgen PacMan) poll_event returned type=6 windowId=1000
Bus::publish queueing msg type=10 to channel=gui.input
Bus::publish queueing msg type=4 to channel=gui.input
Bus::publish directing msg type=4 to pid=11
[NativeAppHost] App: com.guidexos.pacman (Nexgen PacMan) poll_event returned type=6 windowId=1000
Bus::publish queueing msg type=10 to channel=gui.input
Bus::publish queueing msg type=4 to channel=gui.input
[NativeAppHost] App: com.guidexos.pacman (Nexgen PacMan) log: PacMan normal pill consumed
[NativeAppHost] App: com.guidexos.pacman (Nexgen PacMan) log: PacMan score updated: 470
[NativeAppHost] App: com.guidexos.pacman (Nexgen PacMan) log: PacMan remaining consumables: 197
Bus::publish queueing msg type=4 to channel=gui.input
Bus::publish directing msg type=10 to pid=11
Bus::publish queueing msg type=10 to channel=gui.input
Bus::publish queueing msg type=4 to channel=gui.input
Bus::publish directing msg type=4 to pid=11
[NativeAppHost] App: com.guidexos.pacman (Nexgen PacMan) poll_event returned type=6 windowId=1000
Bus::publish queueing msg type=10 to channel=gui.input
Bus::publish queueing msg type=4 to channel=gui.input
Bus::publish directing msg type=10 to pid=11
Bus::publish queueing msg type=4 to channel=gui.input
Bus::publish directing msg type=4 to pid=11
[NativeAppHost] App: com.guidexos.pacman (Nexgen PacMan) poll_event returned type=6 windowId=1000
Bus::publish queueing msg type=10 to channel=gui.input
Bus::publish queueing msg type=4 to channel=gui.input
Bus::publish directing msg type=4 to pid=11
[NativeAppHost] App: com.guidexos.pacman (Nexgen PacMan) poll_event returned type=6 windowId=1000
Bus::publish queueing msg type=10 to channel=gui.input
Bus::publish queueing msg type=4 to channel=gui.input
Bus::publish directing msg type=10 to pid=11
Bus::publish queueing msg type=4 to channel=gui.input
Bus::publish directing msg type=4 to pid=11
[NativeAppHost] App: com.guidexos.pacman (Nexgen PacMan) poll_event returned type=6 windowId=1000
Bus::publish queueing msg type=10 to channel=gui.input
Bus::publish queueing msg type=4 to channel=gui.input
Bus::publish directing msg type=10 to pid=11
Bus::publish directing msg type=4 to pid=11
Bus::publish queueing msg type=10 to channel=gui.input
Bus::publish queueing msg type=4 to channel=gui.input
[NativeAppHost] App: com.guidexos.pacman (Nexgen PacMan) poll_event returned type=6 windowId=1000
Bus::publish queueing msg type=10 to channel=gui.input
Bus::publish queueing msg type=4 to channel=gui.input
Bus::publish directing msg type=4 to pid=11
Bus::publish directing msg type=10 to pid=11
[NativeAppHost] App: com.guidexos.pacman (Nexgen PacMan) poll_event returned type=6 windowId=1000
Bus::publish queueing msg type=10 to channel=gui.input
[NativeAppHost] App: com.guidexos.pacman (Nexgen PacMan) log: PacMan normal pill consumed
[NativeAppHost] App: com.guidexos.pacman (Nexgen PacMan) log: PacMan score updated: 480
[NativeAppHost] App: com.guidexos.pacman (Nexgen PacMan) log: PacMan remaining consumables: 196
Bus::publish queueing msg type=4 to channel=gui.input
Bus::publish directing msg type=4 to pid=11
[NativeAppHost] App: com.guidexos.pacman (Nexgen PacMan) poll_event returned type=6 windowId=1000
Bus::publish queueing msg type=10 to channel=gui.input
Bus::publish queueing msg type=4 to channel=gui.input
Bus::publish queueing msg type=4 to channel=gui.input
Bus::publish directing msg type=4 to pid=11
[NativeAppHost] App: com.guidexos.pacman (Nexgen PacMan) poll_event returned type=6 windowId=1000
Bus::publish queueing msg type=10 to channel=gui.input
Bus::publish queueing msg type=4 to channel=gui.input
Bus::publish directing msg type=10 to pid=11
Bus::publish queueing msg type=4 to channel=gui.input
Bus::publish directing msg type=4 to pid=11
[NativeAppHost] App: com.guidexos.pacman (Nexgen PacMan) poll_event returned type=6 windowId=1000
Bus::publish queueing msg type=10 to channel=gui.input
Bus::publish queueing msg type=4 to channel=gui.input
Bus::publish directing msg type=4 to pid=11
[NativeAppHost] App: com.guidexos.pacman (Nexgen PacMan) poll_event returned type=6 windowId=1000
Bus::publish queueing msg type=10 to channel=gui.input
Bus::publish queueing msg type=4 to channel=gui.input
Bus::publish directing msg type=10 to pid=11
Bus::publish queueing msg type=4 to channel=gui.input
Bus::publish directing msg type=4 to pid=11
[NativeAppHost] App: com.guidexos.pacman (Nexgen PacMan) poll_event returned type=6 windowId=1000
Bus::publish queueing msg type=10 to channel=gui.input
Bus::publish queueing msg type=4 to channel=gui.input
Bus::publish directing msg type=4 to pid=11
[NativeAppHost] App: com.guidexos.pacman (Nexgen PacMan) poll_event returned type=6 windowId=1000
Bus::publish queueing msg type=10 to channel=gui.input
[NativeAppHost] App: com.guidexos.pacman (Nexgen PacMan) log: PacMan direction blocked by maze wall
Bus::publish queueing msg type=4 to channel=gui.input
Bus::publish directing msg type=10 to pid=11
Bus::publish queueing msg type=4 to channel=gui.input
Bus::publish directing msg type=4 to pid=11
[NativeAppHost] App: com.guidexos.pacman (Nexgen PacMan) poll_event returned type=6 windowId=1000
Bus::publish queueing msg type=10 to channel=gui.input
Bus::publish queueing msg type=4 to channel=gui.input
Bus::publish directing msg type=4 to pid=11
[NativeAppHost] App: com.guidexos.pacman (Nexgen PacMan) poll_event returned type=6 windowId=1000
Bus::publish queueing msg type=10 to channel=gui.input
Bus::publish queueing msg type=4 to channel=gui.input
Bus::publish directing msg type=10 to pid=11
Bus::publish queueing msg type=4 to channel=gui.input
Bus::publish directing msg type=4 to pid=11
[NativeAppHost] App: com.guidexos.pacman (Nexgen PacMan) poll_event returned type=6 windowId=1000
Bus::publish queueing msg type=10 to channel=gui.input
Bus::publish queueing msg type=4 to channel=gui.input
Bus::publish directing msg type=4 to pid=11
[NativeAppHost] App: com.guidexos.pacman (Nexgen PacMan) poll_event returned type=6 windowId=1000
Bus::publish queueing msg type=10 to channel=gui.input
Bus::publish queueing msg type=4 to channel=gui.input
Bus::publish directing msg type=10 to pid=11
Bus::publish directing msg type=4 to pid=11
Bus::publish queueing msg type=10 to channel=gui.input
Bus::publish queueing msg type=4 to channel=gui.input
[NativeAppHost] App: com.guidexos.pacman (Nexgen PacMan) poll_event returned type=6 windowId=1000
Bus::publish queueing msg type=10 to channel=gui.input
Bus::publish queueing msg type=4 to channel=gui.input
Bus::publish directing msg type=4 to pid=11
[NativeAppHost] App: com.guidexos.pacman (Nexgen PacMan) poll_event returned type=6 windowId=1000
Bus::publish queueing msg type=10 to channel=gui.input
Bus::publish queueing msg type=4 to channel=gui.input
Bus::publish directing msg type=10 to pid=11
Bus::publish queueing msg type=4 to channel=gui.input
Bus::publish directing msg type=4 to pid=11
[NativeAppHost] App: com.guidexos.pacman (Nexgen PacMan) poll_event returned type=6 windowId=1000
Bus::publish queueing msg type=10 to channel=gui.input
Bus::publish queueing msg type=4 to channel=gui.input
Bus::publish directing msg type=10 to pid=11
Bus::publish queueing msg type=4 to channel=gui.input
Bus::publish directing msg type=4 to pid=11
[NativeAppHost] App: com.guidexos.pacman (Nexgen PacMan) poll_event returned type=6 windowId=1000
Bus::publish queueing msg type=10 to channel=gui.input
Bus::publish queueing msg type=4 to channel=gui.input
Bus::publish directing msg type=4 to pid=11
[NativeAppHost] App: com.guidexos.pacman (Nexgen PacMan) poll_event returned type=6 windowId=1000
Bus::publish queueing msg type=10 to channel=gui.input
Bus::publish queueing msg type=4 to channel=gui.input
Bus::publish directing msg type=10 to pid=11
Bus::publish queueing msg type=4 to channel=gui.input
Bus::publish directing msg type=4 to pid=11
[NativeAppHost] App: com.guidexos.pacman (Nexgen PacMan) poll_event returned type=6 windowId=1000
Bus::publish queueing msg type=10 to channel=gui.input
Bus::publish queueing msg type=4 to channel=gui.input
Bus::publish directing msg type=4 to pid=11
[NativeAppHost] App: com.guidexos.pacman (Nexgen PacMan) poll_event returned type=6 windowId=1000
Bus::publish queueing msg type=10 to channel=gui.input
Bus::publish queueing msg type=4 to channel=gui.input
Bus::publish directing msg type=10 to pid=11
Bus::publish queueing msg type=4 to channel=gui.input
Bus::publish directing msg type=4 to pid=11
[NativeAppHost] App: com.guidexos.pacman (Nexgen PacMan) poll_event returned type=6 windowId=1000
Bus::publish queueing msg type=10 to channel=gui.input
Bus::publish queueing msg type=4 to channel=gui.input
Bus::publish directing msg type=4 to pid=11
[NativeAppHost] App: com.guidexos.pacman (Nexgen PacMan) poll_event returned type=6 windowId=1000
Bus::publish queueing msg type=10 to channel=gui.input
Bus::publish queueing msg type=4 to channel=gui.input
Bus::publish queueing msg type=4 to channel=gui.input
Bus::publish directing msg type=10 to pid=11
Bus::publish queueing msg type=10 to channel=gui.input
Bus::publish queueing msg type=4 to channel=gui.input
Bus::publish directing msg type=4 to pid=11
[NativeAppHost] App: com.guidexos.pacman (Nexgen PacMan) poll_event returned type=6 windowId=1000
Bus::publish queueing msg type=10 to channel=gui.input
Bus::publish queueing msg type=4 to channel=gui.input
Bus::publish directing msg type=4 to pid=11
[NativeAppHost] App: com.guidexos.pacman (Nexgen PacMan) poll_event returned type=6 windowId=1000
Bus::publish queueing msg type=10 to channel=gui.input
Bus::publish queueing msg type=4 to channel=gui.input
Bus::publish directing msg type=10 to pid=11
Bus::publish queueing msg type=4 to channel=gui.input
Bus::publish directing msg type=4 to pid=11
[NativeAppHost] App: com.guidexos.pacman (Nexgen PacMan) poll_event returned type=6 windowId=1000
Bus::publish queueing msg type=10 to channel=gui.input
Bus::publish queueing msg type=4 to channel=gui.input
Bus::publish directing msg type=10 to pid=11
Bus::publish queueing msg type=4 to channel=gui.input
Bus::publish directing msg type=4 to pid=11
[NativeAppHost] App: com.guidexos.pacman (Nexgen PacMan) poll_event returned type=6 windowId=1000
Bus::publish queueing msg type=10 to channel=gui.input
Bus::publish queueing msg type=4 to channel=gui.input
Bus::publish directing msg type=10 to pid=11
Bus::publish queueing msg type=4 to channel=gui.input
Bus::publish directing msg type=4 to pid=11
[NativeAppHost] App: com.guidexos.pacman (Nexgen PacMan) poll_event returned type=6 windowId=1000
Bus::publish queueing msg type=10 to channel=gui.input
Bus::publish queueing msg type=4 to channel=gui.input
Bus::publish directing msg type=4 to pid=11
[NativeAppHost] App: com.guidexos.pacman (Nexgen PacMan) poll_event returned type=6 windowId=1000
Bus::publish queueing msg type=10 to channel=gui.input
Bus::publish queueing msg type=4 to channel=gui.input
Bus::publish queueing msg type=4 to channel=gui.input
Bus::publish directing msg type=10 to pid=11
Bus::publish queueing msg type=10 to channel=gui.input
Bus::publish queueing msg type=4 to channel=gui.input
Bus::publish directing msg type=4 to pid=11
[NativeAppHost] App: com.guidexos.pacman (Nexgen PacMan) poll_event returned type=6 windowId=1000
Bus::publish queueing msg type=10 to channel=gui.input
Bus::publish queueing msg type=4 to channel=gui.input
Bus::publish directing msg type=10 to pid=11
Bus::publish queueing msg type=4 to channel=gui.input
Bus::publish directing msg type=4 to pid=11
[NativeAppHost] App: com.guidexos.pacman (Nexgen PacMan) poll_event returned type=6 windowId=1000
Bus::publish queueing msg type=10 to channel=gui.input
Bus::publish queueing msg type=4 to channel=gui.input
Bus::publish queueing msg type=4 to channel=gui.input
Bus::publish directing msg type=10 to pid=11
Bus::publish queueing msg type=10 to channel=gui.input
Bus::publish queueing msg type=4 to channel=gui.input
Bus::publish directing msg type=4 to pid=11
[NativeAppHost] App: com.guidexos.pacman (Nexgen PacMan) poll_event returned type=6 windowId=1000
Bus::publish queueing msg type=10 to channel=gui.input
Bus::publish queueing msg type=4 to channel=gui.input
Bus::publish directing msg type=4 to pid=11
[NativeAppHost] App: com.guidexos.pacman (Nexgen PacMan) poll_event returned type=6 windowId=1000
Bus::publish queueing msg type=10 to channel=gui.input
Bus::publish queueing msg type=4 to channel=gui.input
Bus::publish directing msg type=10 to pid=11
Bus::publish queueing msg type=4 to channel=gui.input
Bus::publish directing msg type=4 to pid=11
[NativeAppHost] App: com.guidexos.pacman (Nexgen PacMan) poll_event returned type=6 windowId=1000
Bus::publish queueing msg type=10 to channel=gui.input
Bus::publish queueing msg type=4 to channel=gui.input
Bus::publish directing msg type=4 to pid=11
[NativeAppHost] App: com.guidexos.pacman (Nexgen PacMan) poll_event returned type=6 windowId=1000
Bus::publish queueing msg type=10 to channel=gui.input
Bus::publish queueing msg type=4 to channel=gui.input
Bus::publish directing msg type=10 to pid=11
Bus::publish queueing msg type=4 to channel=gui.input
Bus::publish directing msg type=4 to pid=11
[NativeAppHost] App: com.guidexos.pacman (Nexgen PacMan) poll_event returned type=6 windowId=1000
Bus::publish queueing msg type=10 to channel=gui.input
Bus::publish queueing msg type=4 to channel=gui.input
Bus::publish directing msg type=10 to pid=11
Bus::publish queueing msg type=4 to channel=gui.input
Bus::publish directing msg type=4 to pid=11
Bus::publish queueing msg type=10 to channel=gui.input
Bus::publish queueing msg type=4 to channel=gui.input
[NativeAppHost] App: com.guidexos.pacman (Nexgen PacMan) poll_event returned type=6 windowId=1000
Bus::publish queueing msg type=10 to channel=gui.input
Bus::publish queueing msg type=4 to channel=gui.input
Bus::publish queueing msg type=4 to channel=gui.input
Bus::publish directing msg type=10 to pid=11
Bus::publish directing msg type=4 to pid=11
Bus::publish queueing msg type=10 to channel=gui.input
Bus::publish queueing msg type=4 to channel=gui.input
[NativeAppHost] App: com.guidexos.pacman (Nexgen PacMan) poll_event returned type=6 windowId=1000
Bus::publish queueing msg type=10 to channel=gui.input
Bus::publish queueing msg type=4 to channel=gui.input
Bus::publish queueing msg type=4 to channel=gui.input
Bus::publish directing msg type=4 to pid=11
[NativeAppHost] App: com.guidexos.pacman (Nexgen PacMan) poll_event returned type=6 windowId=1000
Bus::publish queueing msg type=10 to channel=gui.input
Bus::publish queueing msg type=4 to channel=gui.input
Bus::publish directing msg type=10 to pid=11
Bus::publish queueing msg type=4 to channel=gui.input
Bus::publish directing msg type=4 to pid=11
[NativeAppHost] App: com.guidexos.pacman (Nexgen PacMan) poll_event returned type=6 windowId=1000
Bus::publish queueing msg type=10 to channel=gui.input
Bus::publish queueing msg type=4 to channel=gui.input
Bus::publish directing msg type=10 to pid=11
Bus::publish queueing msg type=4 to channel=gui.input
Bus::publish directing msg type=4 to pid=11
[NativeAppHost] App: com.guidexos.pacman (Nexgen PacMan) poll_event returned type=6 windowId=1000
Bus::publish queueing msg type=10 to channel=gui.input
Bus::publish queueing msg type=4 to channel=gui.input
Bus::publish directing msg type=4 to pid=11
[NativeAppHost] App: com.guidexos.pacman (Nexgen PacMan) poll_event returned type=6 windowId=1000
Bus::publish queueing msg type=10 to channel=gui.input
Bus::publish queueing msg type=4 to channel=gui.input
Bus::publish directing msg type=10 to pid=11
Bus::publish queueing msg type=4 to channel=gui.input
Bus::publish directing msg type=4 to pid=11
[NativeAppHost] App: com.guidexos.pacman (Nexgen PacMan) poll_event returned type=6 windowId=1000
Bus::publish queueing msg type=10 to channel=gui.input
Bus::publish queueing msg type=4 to channel=gui.input
Bus::publish directing msg type=10 to pid=11
Bus::publish queueing msg type=4 to channel=gui.input
Bus::publish directing msg type=4 to pid=11
[NativeAppHost] App: com.guidexos.pacman (Nexgen PacMan) poll_event returned type=6 windowId=1000
Bus::publish queueing msg type=10 to channel=gui.input
Bus::publish queueing msg type=4 to channel=gui.input
Bus::publish directing msg type=10 to pid=11
Bus::publish queueing msg type=4 to channel=gui.input
Bus::publish directing msg type=4 to pid=11
[NativeAppHost] App: com.guidexos.pacman (Nexgen PacMan) poll_event returned type=6 windowId=1000
Bus::publish queueing msg type=10 to channel=gui.input
Bus::publish queueing msg type=4 to channel=gui.input
Bus::publish queueing msg type=4 to channel=gui.input
Bus::publish directing msg type=4 to pid=11
[NativeAppHost] App: com.guidexos.pacman (Nexgen PacMan) poll_event returned type=6 windowId=1000
Bus::publish queueing msg type=10 to channel=gui.input
Bus::publish queueing msg type=4 to channel=gui.input
Bus::publish directing msg type=10 to pid=11
Bus::publish queueing msg type=4 to channel=gui.input
Bus::publish directing msg type=4 to pid=11
[NativeAppHost] App: com.guidexos.pacman (Nexgen PacMan) poll_event returned type=6 windowId=1000
Bus::publish queueing msg type=10 to channel=gui.input
Bus::publish queueing msg type=4 to channel=gui.input
Bus::publish directing msg type=10 to pid=11
Bus::publish queueing msg type=4 to channel=gui.input
Bus::publish directing msg type=4 to pid=11
[NativeAppHost] App: com.guidexos.pacman (Nexgen PacMan) poll_event returned type=6 windowId=1000
Bus::publish queueing msg type=10 to channel=gui.input
Bus::publish queueing msg type=4 to channel=gui.input
Bus::publish queueing msg type=4 to channel=gui.input
Bus::publish directing msg type=4 to pid=11
[NativeAppHost] App: com.guidexos.pacman (Nexgen PacMan) poll_event returned type=6 windowId=1000
Bus::publish queueing msg type=10 to channel=gui.input
Bus::publish queueing msg type=4 to channel=gui.input
Bus::publish directing msg type=10 to pid=11
Bus::publish queueing msg type=4 to channel=gui.input
Bus::publish directing msg type=4 to pid=11
[NativeAppHost] App: com.guidexos.pacman (Nexgen PacMan) poll_event returned type=6 windowId=1000
Bus::publish queueing msg type=10 to channel=gui.input
Bus::publish queueing msg type=4 to channel=gui.input
Bus::publish directing msg type=10 to pid=11
Bus::publish queueing msg type=4 to channel=gui.input
Bus::publish directing msg type=4 to pid=11
[NativeAppHost] App: com.guidexos.pacman (Nexgen PacMan) poll_event returned type=6 windowId=1000
Bus::publish queueing msg type=10 to channel=gui.input
Bus::publish queueing msg type=4 to channel=gui.input
Bus::publish directing msg type=4 to pid=11
[NativeAppHost] App: com.guidexos.pacman (Nexgen PacMan) poll_event returned type=6 windowId=1000
Bus::publish queueing msg type=10 to channel=gui.input
Bus::publish queueing msg type=4 to channel=gui.input
Bus::publish queueing msg type=4 to channel=gui.input
Bus::publish directing msg type=10 to pid=11
Bus::publish directing msg type=4 to pid=11
Bus::publish queueing msg type=10 to channel=gui.input
Bus::publish queueing msg type=4 to channel=gui.input
[NativeAppHost] App: com.guidexos.pacman (Nexgen PacMan) poll_event returned type=6 windowId=1000
Bus::publish queueing msg type=10 to channel=gui.input
Bus::publish queueing msg type=4 to channel=gui.input
Bus::publish queueing msg type=4 to channel=gui.input
Bus::publish directing msg type=10 to pid=11
Bus::publish queueing msg type=10 to channel=gui.input
Bus::publish queueing msg type=4 to channel=gui.input
Bus::publish directing msg type=4 to pid=11
[NativeAppHost] App: com.guidexos.pacman (Nexgen PacMan) poll_event returned type=6 windowId=1000
Bus::publish queueing msg type=10 to channel=gui.input
Bus::publish queueing msg type=4 to channel=gui.input
Bus::publish directing msg type=4 to pid=11
[NativeAppHost] App: com.guidexos.pacman (Nexgen PacMan) poll_event returned type=6 windowId=1000
Bus::publish queueing msg type=10 to channel=gui.input
Bus::publish queueing msg type=4 to channel=gui.input
Bus::publish directing msg type=10 to pid=11
Bus::publish queueing msg type=4 to channel=gui.input
Bus::publish directing msg type=4 to pid=11
[NativeAppHost] App: com.guidexos.pacman (Nexgen PacMan) poll_event returned type=6 windowId=1000
Bus::publish queueing msg type=10 to channel=gui.input
Bus::publish queueing msg type=4 to channel=gui.input
Bus::publish directing msg type=4 to pid=11
[NativeAppHost] App: com.guidexos.pacman (Nexgen PacMan) poll_event returned type=6 windowId=1000
Bus::publish queueing msg type=10 to channel=gui.input
Bus::publish queueing msg type=4 to channel=gui.input
Bus::publish directing msg type=10 to pid=11
Bus::publish queueing msg type=4 to channel=gui.input
Bus::publish directing msg type=4 to pid=11
Bus::publish queueing msg type=10 to channel=gui.input
Bus::publish queueing msg type=4 to channel=gui.input
[NativeAppHost] App: com.guidexos.pacman (Nexgen PacMan) poll_event returned type=6 windowId=1000
Bus::publish queueing msg type=10 to channel=gui.input
Bus::publish queueing msg type=4 to channel=gui.input
Bus::publish queueing msg type=4 to channel=gui.input
Bus::publish directing msg type=10 to pid=11
Bus::publish queueing msg type=10 to channel=gui.input
Bus::publish queueing msg type=4 to channel=gui.input
Bus::publish directing msg type=4 to pid=11
[NativeAppHost] App: com.guidexos.pacman (Nexgen PacMan) poll_event returned type=6 windowId=1000
Bus::publish queueing msg type=10 to channel=gui.input
Bus::publish queueing msg type=4 to channel=gui.input
Bus::publish queueing msg type=4 to channel=gui.input
Bus::publish directing msg type=10 to pid=11
Bus::publish queueing msg type=10 to channel=gui.input
Bus::publish queueing msg type=4 to channel=gui.input
Bus::publish directing msg type=4 to pid=11
[NativeAppHost] App: com.guidexos.pacman (Nexgen PacMan) poll_event returned type=6 windowId=1000
Bus::publish queueing msg type=10 to channel=gui.input
Bus::publish queueing msg type=4 to channel=gui.input
Bus::publish directing msg type=4 to pid=11
[NativeAppHost] App: com.guidexos.pacman (Nexgen PacMan) poll_event returned type=6 windowId=1000
Bus::publish queueing msg type=10 to channel=gui.input
Bus::publish queueing msg type=4 to channel=gui.input
Bus::publish queueing msg type=4 to channel=gui.input
Bus::publish directing msg type=10 to pid=11
Bus::publish directing msg type=4 to pid=11
Bus::publish queueing msg type=10 to channel=gui.input
Bus::publish queueing msg type=4 to channel=gui.input
[NativeAppHost] App: com.guidexos.pacman (Nexgen PacMan) poll_event returned type=6 windowId=1000
Bus::publish queueing msg type=10 to channel=gui.input
Bus::publish queueing msg type=4 to channel=gui.input
Bus::publish queueing msg type=4 to channel=gui.input
Bus::publish directing msg type=4 to pid=11
[NativeAppHost] App: com.guidexos.pacman (Nexgen PacMan) poll_event returned type=6 windowId=1000
Bus::publish queueing msg type=10 to channel=gui.input
Bus::publish queueing msg type=4 to channel=gui.input
Bus::publish directing msg type=10 to pid=11
Bus::publish queueing msg type=4 to channel=gui.input
Bus::publish queueing msg type=10 to channel=gui.input
Bus::publish queueing msg type=4 to channel=gui.input
Bus::publish directing msg type=4 to pid=11
[NativeAppHost] App: com.guidexos.pacman (Nexgen PacMan) poll_event returned type=6 windowId=1000
Bus::publish queueing msg type=10 to channel=gui.input
Bus::publish queueing msg type=4 to channel=gui.input
Bus::publish queueing msg type=4 to channel=gui.input
Bus::publish directing msg type=10 to pid=11
Bus::publish queueing msg type=10 to channel=gui.input
Bus::publish queueing msg type=4 to channel=gui.input
Bus::publish directing msg type=4 to pid=11
Bus::publish queueing msg type=4 to channel=gui.input
[NativeAppHost] App: com.guidexos.pacman (Nexgen PacMan) poll_event returned type=6 windowId=1000
Bus::publish queueing msg type=10 to channel=gui.input
Bus::publish queueing msg type=4 to channel=gui.input
Bus::publish queueing msg type=4 to channel=gui.input
Bus::publish directing msg type=4 to pid=11
[NativeAppHost] App: com.guidexos.pacman (Nexgen PacMan) poll_event returned type=6 windowId=1000
Bus::publish queueing msg type=10 to channel=gui.input
Bus::publish queueing msg type=4 to channel=gui.input
Bus::publish directing msg type=10 to pid=11
Bus::publish queueing msg type=4 to channel=gui.input
Bus::publish directing msg type=4 to pid=11
[NativeAppHost] App: com.guidexos.pacman (Nexgen PacMan) poll_event returned type=6 windowId=1000
Bus::publish queueing msg type=10 to channel=gui.input
Bus::publish queueing msg type=4 to channel=gui.input
Bus::publish directing msg type=10 to pid=11
Bus::publish queueing msg type=4 to channel=gui.input
Bus::publish queueing msg type=10 to channel=gui.input
Bus::publish queueing msg type=4 to channel=gui.input
Bus::publish directing msg type=4 to pid=11
[NativeAppHost] App: com.guidexos.pacman (Nexgen PacMan) poll_event returned type=6 windowId=1000
Bus::publish queueing msg type=10 to channel=gui.input
Bus::publish queueing msg type=4 to channel=gui.input
Bus::publish directing msg type=4 to pid=11
[NativeAppHost] App: com.guidexos.pacman (Nexgen PacMan) poll_event returned type=6 windowId=1000
Bus::publish queueing msg type=10 to channel=gui.input
Bus::publish queueing msg type=4 to channel=gui.input
Bus::publish directing msg type=10 to pid=11
Bus::publish queueing msg type=4 to channel=gui.input
Bus::publish directing msg type=4 to pid=11
[NativeAppHost] App: com.guidexos.pacman (Nexgen PacMan) poll_event returned type=6 windowId=1000
Bus::publish queueing msg type=10 to channel=gui.input
Bus::publish queueing msg type=4 to channel=gui.input
Bus::publish queueing msg type=4 to channel=gui.input
Bus::publish directing msg type=10 to pid=11
Bus::publish queueing msg type=10 to channel=gui.input
Bus::publish queueing msg type=4 to channel=gui.input
Bus::publish directing msg type=4 to pid=11
[NativeAppHost] App: com.guidexos.pacman (Nexgen PacMan) poll_event returned type=6 windowId=1000
Bus::publish queueing msg type=10 to channel=gui.input
Bus::publish queueing msg type=4 to channel=gui.input
Bus::publish directing msg type=4 to pid=11
[NativeAppHost] App: com.guidexos.pacman (Nexgen PacMan) poll_event returned type=6 windowId=1000
Bus::publish queueing msg type=10 to channel=gui.input
Bus::publish queueing msg type=4 to channel=gui.input
Bus::publish directing msg type=10 to pid=11
Bus::publish queueing msg type=4 to channel=gui.input
Bus::publish directing msg type=4 to pid=11
[NativeAppHost] App: com.guidexos.pacman (Nexgen PacMan) poll_event returned type=6 windowId=1000
Bus::publish queueing msg type=10 to channel=gui.input
Bus::publish queueing msg type=4 to channel=gui.input
Bus::publish queueing msg type=4 to channel=gui.input
Bus::publish directing msg type=10 to pid=11
Bus::publish directing msg type=4 to pid=11
Bus::publish queueing msg type=10 to channel=gui.input
Bus::publish queueing msg type=4 to channel=gui.input
[NativeAppHost] App: com.guidexos.pacman (Nexgen PacMan) poll_event returned type=6 windowId=1000
Bus::publish queueing msg type=10 to channel=gui.input
Bus::publish queueing msg type=4 to channel=gui.input
Bus::publish directing msg type=4 to pid=11
[NativeAppHost] App: com.guidexos.pacman (Nexgen PacMan) poll_event returned type=6 windowId=1000
Bus::publish directing msg type=10 to pid=11
Bus::publish queueing msg type=10 to channel=gui.input
Bus::publish queueing msg type=4 to channel=gui.input
Bus::publish directing msg type=4 to pid=11
[NativeAppHost] App: com.guidexos.pacman (Nexgen PacMan) poll_event returned type=6 windowId=1000
Bus::publish queueing msg type=10 to channel=gui.input
Bus::publish queueing msg type=4 to channel=gui.input
Bus::publish directing msg type=4 to pid=11
[NativeAppHost] App: com.guidexos.pacman (Nexgen PacMan) poll_event returned type=6 windowId=1000
Bus::publish queueing msg type=10 to channel=gui.input
Bus::publish queueing msg type=4 to channel=gui.input
Bus::publish directing msg type=10 to pid=11
Bus::publish queueing msg type=4 to channel=gui.input
Bus::publish directing msg type=4 to pid=11
[NativeAppHost] App: com.guidexos.pacman (Nexgen PacMan) poll_event returned type=6 windowId=1000
Bus::publish queueing msg type=10 to channel=gui.input
Bus::publish queueing msg type=4 to channel=gui.input
Bus::publish directing msg type=10 to pid=11
Bus::publish directing msg type=4 to pid=11
Bus::publish queueing msg type=10 to channel=gui.input
Bus::publish queueing msg type=4 to channel=gui.input
[NativeAppHost] App: com.guidexos.pacman (Nexgen PacMan) poll_event returned type=6 windowId=1000
Bus::publish queueing msg type=10 to channel=gui.input
Bus::publish queueing msg type=4 to channel=gui.input
Bus::publish directing msg type=4 to pid=11
[NativeAppHost] App: com.guidexos.pacman (Nexgen PacMan) poll_event returned type=6 windowId=1000
Bus::publish queueing msg type=10 to channel=gui.input
Bus::publish queueing msg type=4 to channel=gui.input
Bus::publish directing msg type=10 to pid=11
Bus::publish directing msg type=4 to pid=11
Bus::publish queueing msg type=10 to channel=gui.input
Bus::publish queueing msg type=4 to channel=gui.input
[NativeAppHost] App: com.guidexos.pacman (Nexgen PacMan) poll_event returned type=6 windowId=1000
Bus::publish queueing msg type=10 to channel=gui.input
Bus::publish queueing msg type=4 to channel=gui.input
Bus::publish directing msg type=4 to pid=11
[NativeAppHost] App: com.guidexos.pacman (Nexgen PacMan) poll_event returned type=6 windowId=1000
Bus::publish queueing msg type=10 to channel=gui.input
Bus::publish queueing msg type=4 to channel=gui.input
Bus::publish queueing msg type=4 to channel=gui.input
Bus::publish directing msg type=10 to pid=11
Bus::publish queueing msg type=10 to channel=gui.input
Bus::publish queueing msg type=4 to channel=gui.input
Bus::publish directing msg type=4 to pid=11
[NativeAppHost] App: com.guidexos.pacman (Nexgen PacMan) poll_event returned type=6 windowId=1000
Bus::publish queueing msg type=10 to channel=gui.input
Bus::publish queueing msg type=4 to channel=gui.input
Bus::publish directing msg type=10 to pid=11
Bus::publish queueing msg type=4 to channel=gui.input
Bus::publish directing msg type=4 to pid=11
[NativeAppHost] App: com.guidexos.pacman (Nexgen PacMan) poll_event returned type=6 windowId=1000
Bus::publish queueing msg type=10 to channel=gui.input
Bus::publish queueing msg type=4 to channel=gui.input
Bus::publish directing msg type=10 to pid=11
Bus::publish queueing msg type=4 to channel=gui.input
Bus::publish directing msg type=4 to pid=11
[NativeAppHost] App: com.guidexos.pacman (Nexgen PacMan) poll_event returned type=6 windowId=1000
Bus::publish queueing msg type=10 to channel=gui.input
Bus::publish queueing msg type=4 to channel=gui.input
Bus::publish directing msg type=10 to pid=11
Bus::publish queueing msg type=4 to channel=gui.input
Bus::publish directing msg type=4 to pid=11
[NativeAppHost] App: com.guidexos.pacman (Nexgen PacMan) poll_event returned type=6 windowId=1000
Bus::publish queueing msg type=10 to channel=gui.input
Bus::publish queueing msg type=4 to channel=gui.input
Bus::publish directing msg type=10 to pid=11
Bus::publish queueing msg type=4 to channel=gui.input
Bus::publish directing msg type=4 to pid=11
[NativeAppHost] App: com.guidexos.pacman (Nexgen PacMan) poll_event returned type=6 windowId=1000
Bus::publish queueing msg type=10 to channel=gui.input
Bus::publish queueing msg type=4 to channel=gui.input
Bus::publish directing msg type=10 to pid=11
Bus::publish queueing msg type=4 to channel=gui.input
Bus::publish directing msg type=4 to pid=11
Bus::publish queueing msg type=10 to channel=gui.input
Bus::publish queueing msg type=4 to channel=gui.input
[NativeAppHost] App: com.guidexos.pacman (Nexgen PacMan) poll_event returned type=6 windowId=1000
Bus::publish queueing msg type=10 to channel=gui.input
Bus::publish queueing msg type=4 to channel=gui.input
Bus::publish directing msg type=10 to pid=11
Bus::publish queueing msg type=4 to channel=gui.input
Bus::publish directing msg type=4 to pid=11
[NativeAppHost] App: com.guidexos.pacman (Nexgen PacMan) poll_event returned type=6 windowId=1000
Bus::publish queueing msg type=10 to channel=gui.input
Bus::publish queueing msg type=4 to channel=gui.input
Bus::publish directing msg type=4 to pid=11
[NativeAppHost] App: com.guidexos.pacman (Nexgen PacMan) poll_event returned type=6 windowId=1000
Bus::publish queueing msg type=10 to channel=gui.input
Bus::publish queueing msg type=4 to channel=gui.input
Bus::publish directing msg type=10 to pid=11
Bus::publish queueing msg type=4 to channel=gui.input
Bus::publish directing msg type=4 to pid=11
[NativeAppHost] App: com.guidexos.pacman (Nexgen PacMan) poll_event returned type=6 windowId=1000
Bus::publish queueing msg type=10 to channel=gui.input
Bus::publish queueing msg type=4 to channel=gui.input
Bus::publish directing msg type=10 to pid=11
Bus::publish queueing msg type=4 to channel=gui.input
Bus::publish directing msg type=4 to pid=11
[NativeAppHost] App: com.guidexos.pacman (Nexgen PacMan) poll_event returned type=6 windowId=1000
Bus::publish queueing msg type=10 to channel=gui.input
Bus::publish queueing msg type=4 to channel=gui.input
Bus::publish directing msg type=10 to pid=11
Bus::publish queueing msg type=4 to channel=gui.input
Bus::publish directing msg type=4 to pid=11
[NativeAppHost] App: com.guidexos.pacman (Nexgen PacMan) poll_event returned type=6 windowId=1000
Bus::publish queueing msg type=10 to channel=gui.input
Bus::publish queueing msg type=4 to channel=gui.input
Bus::publish queueing msg type=4 to channel=gui.input
Bus::publish directing msg type=10 to pid=11
Bus::publish queueing msg type=10 to channel=gui.input
Bus::publish queueing msg type=4 to channel=gui.input
Bus::publish directing msg type=4 to pid=11
[NativeAppHost] App: com.guidexos.pacman (Nexgen PacMan) poll_event returned type=6 windowId=1000
Bus::publish queueing msg type=10 to channel=gui.input
Bus::publish queueing msg type=4 to channel=gui.input
Bus::publish directing msg type=10 to pid=11
Bus::publish queueing msg type=4 to channel=gui.input
Bus::publish directing msg type=4 to pid=11
[NativeAppHost] App: com.guidexos.pacman (Nexgen PacMan) poll_event returned type=6 windowId=1000
Bus::publish queueing msg type=10 to channel=gui.input
Bus::publish queueing msg type=4 to channel=gui.input
Bus::publish directing msg type=10 to pid=11
Bus::publish queueing msg type=4 to channel=gui.input
Bus::publish queueing msg type=10 to channel=gui.input
Bus::publish queueing msg type=4 to channel=gui.input
Bus::publish queueing msg type=4 to channel=gui.input
Bus::publish directing msg type=4 to pid=11
[NativeAppHost] App: com.guidexos.pacman (Nexgen PacMan) poll_event returned type=6 windowId=1000
Bus::publish queueing msg type=10 to channel=gui.input
Bus::publish queueing msg type=4 to channel=gui.input
Bus::publish directing msg type=10 to pid=11
Bus::publish queueing msg type=4 to channel=gui.input
Bus::publish directing msg type=4 to pid=11
[NativeAppHost] App: com.guidexos.pacman (Nexgen PacMan) poll_event returned type=6 windowId=1000
Bus::publish queueing msg type=10 to channel=gui.input
Bus::publish queueing msg type=4 to channel=gui.input
Bus::publish directing msg type=10 to pid=11
Bus::publish queueing msg type=4 to channel=gui.input
Bus::publish queueing msg type=10 to channel=gui.input
Bus::publish queueing msg type=4 to channel=gui.input
Bus::publish directing msg type=4 to pid=11
[NativeAppHost] App: com.guidexos.pacman (Nexgen PacMan) poll_event returned type=6 windowId=1000
Bus::publish queueing msg type=10 to channel=gui.input
Bus::publish queueing msg type=4 to channel=gui.input
Bus::publish directing msg type=4 to pid=11
[NativeAppHost] App: com.guidexos.pacman (Nexgen PacMan) poll_event returned type=6 windowId=1000
Bus::publish queueing msg type=10 to channel=gui.input
Bus::publish queueing msg type=4 to channel=gui.input
Bus::publish queueing msg type=4 to channel=gui.input
Bus::publish directing msg type=10 to pid=11
Bus::publish queueing msg type=10 to channel=gui.input
Bus::publish queueing msg type=4 to channel=gui.input
Bus::publish directing msg type=4 to pid=11
[NativeAppHost] App: com.guidexos.pacman (Nexgen PacMan) poll_event returned type=6 windowId=1000
Bus::publish queueing msg type=10 to channel=gui.input
Bus::publish queueing msg type=4 to channel=gui.input
Bus::publish directing msg type=4 to pid=11
[NativeAppHost] App: com.guidexos.pacman (Nexgen PacMan) poll_event returned type=6 windowId=1000
Bus::publish queueing msg type=10 to channel=gui.input
Bus::publish queueing msg type=4 to channel=gui.input
Bus::publish directing msg type=10 to pid=11
Bus::publish queueing msg type=4 to channel=gui.input
Bus::publish directing msg type=4 to pid=11
[NativeAppHost] App: com.guidexos.pacman (Nexgen PacMan) poll_event returned type=6 windowId=1000
Bus::publish queueing msg type=10 to channel=gui.input
Bus::publish queueing msg type=4 to channel=gui.input
Bus::publish directing msg type=10 to pid=11
Bus::publish queueing msg type=4 to channel=gui.input
Bus::publish queueing msg type=10 to channel=gui.input
Bus::publish queueing msg type=4 to channel=gui.input
Bus::publish directing msg type=4 to pid=11
[NativeAppHost] App: com.guidexos.pacman (Nexgen PacMan) poll_event returned type=6 windowId=1000
Bus::publish queueing msg type=10 to channel=gui.input
Bus::publish queueing msg type=4 to channel=gui.input
Bus::publish directing msg type=4 to pid=11
[NativeAppHost] App: com.guidexos.pacman (Nexgen PacMan) poll_event returned type=6 windowId=1000
Bus::publish queueing msg type=10 to channel=gui.input
Bus::publish queueing msg type=4 to channel=gui.input
Bus::publish directing msg type=10 to pid=11
Bus::publish queueing msg type=4 to channel=gui.input
Bus::publish directing msg type=4 to pid=11
[NativeAppHost] App: com.guidexos.pacman (Nexgen PacMan) poll_event returned type=6 windowId=1000
Bus::publish queueing msg type=10 to channel=gui.input
Bus::publish queueing msg type=4 to channel=gui.input
Bus::publish directing msg type=10 to pid=11
Bus::publish queueing msg type=4 to channel=gui.input
Bus::publish directing msg type=4 to pid=11
[NativeAppHost] App: com.guidexos.pacman (Nexgen PacMan) poll_event returned type=6 windowId=1000
Bus::publish queueing msg type=10 to channel=gui.input
Bus::publish queueing msg type=4 to channel=gui.input
Bus::publish queueing msg type=4 to channel=gui.input
Bus::publish directing msg type=10 to pid=11
Bus::publish queueing msg type=10 to channel=gui.input
Bus::publish directing msg type=4 to pid=11
Bus::publish queueing msg type=4 to channel=gui.input
[NativeAppHost] App: com.guidexos.pacman (Nexgen PacMan) poll_event returned type=6 windowId=1000
Bus::publish queueing msg type=10 to channel=gui.input
Bus::publish queueing msg type=4 to channel=gui.input
Bus::publish queueing msg type=4 to channel=gui.input
Bus::publish directing msg type=4 to pid=11
[NativeAppHost] App: com.guidexos.pacman (Nexgen PacMan) poll_event returned type=6 windowId=1000
Bus::publish queueing msg type=10 to channel=gui.input
Bus::publish queueing msg type=4 to channel=gui.input
Bus::publish directing msg type=10 to pid=11
Bus::publish queueing msg type=4 to channel=gui.input
Bus::publish directing msg type=4 to pid=11
[NativeAppHost] App: com.guidexos.pacman (Nexgen PacMan) poll_event returned type=6 windowId=1000
Bus::publish queueing msg type=10 to channel=gui.input
Bus::publish queueing msg type=4 to channel=gui.input
Bus::publish directing msg type=4 to pid=11
[NativeAppHost] App: com.guidexos.pacman (Nexgen PacMan) poll_event returned type=6 windowId=1000
Bus::publish queueing msg type=10 to channel=gui.input
Bus::publish queueing msg type=4 to channel=gui.input
Bus::publish queueing msg type=4 to channel=gui.input
Bus::publish directing msg type=10 to pid=11
Bus::publish queueing msg type=4 to channel=gui.input
Bus::publish directing msg type=12 to pid=11
Bus::publish directing msg type=4 to pid=11
[NativeAppHost] App: com.guidexos.pacman (Nexgen PacMan) poll_event returned type=4 windowId=1000
Bus::publish queueing msg type=10 to channel=gui.input
Bus::publish queueing msg type=4 to channel=gui.input
[NativeAppHost] App: com.guidexos.pacman (Nexgen PacMan) poll_event returned type=6 windowId=1000
Bus::publish queueing msg type=10 to channel=gui.input
Bus::publish queueing msg type=4 to channel=gui.input
Bus::publish directing msg type=10 to pid=11
Bus::publish queueing msg type=4 to channel=gui.input
Bus::publish queueing msg type=4 to channel=gui.input
Bus::publish directing msg type=4 to pid=11
[NativeAppHost] App: com.guidexos.pacman (Nexgen PacMan) poll_event returned type=6 windowId=1000
Bus::publish queueing msg type=10 to channel=gui.input
Bus::publish queueing msg type=4 to channel=gui.input
Bus::publish directing msg type=4 to pid=11
[NativeAppHost] App: com.guidexos.pacman (Nexgen PacMan) poll_event returned type=6 windowId=1000
Bus::publish queueing msg type=10 to channel=gui.input
Bus::publish queueing msg type=4 to channel=gui.input
Bus::publish directing msg type=10 to pid=11
Bus::publish queueing msg type=4 to channel=gui.input
Bus::publish directing msg type=4 to pid=11
Bus::publish queueing msg type=10 to channel=gui.input
Bus::publish queueing msg type=4 to channel=gui.input
[NativeAppHost] App: com.guidexos.pacman (Nexgen PacMan) poll_event returned type=6 windowId=1000
Bus::publish queueing msg type=10 to channel=gui.input
Bus::publish queueing msg type=4 to channel=gui.input
Bus::publish queueing msg type=4 to channel=gui.input
Bus::publish directing msg type=10 to pid=11
Bus::publish queueing msg type=4 to channel=gui.input
Bus::publish directing msg type=4 to pid=11
[NativeAppHost] App: com.guidexos.pacman (Nexgen PacMan) poll_event returned type=6 windowId=1000
Bus::publish queueing msg type=10 to channel=gui.input
Bus::publish queueing msg type=4 to channel=gui.input
Bus::publish directing msg type=10 to pid=11
Bus::publish queueing msg type=4 to channel=gui.input
Bus::publish directing msg type=4 to pid=11
[NativeAppHost] App: com.guidexos.pacman (Nexgen PacMan) poll_event returned type=6 windowId=1000
Bus::publish queueing msg type=10 to channel=gui.input
Bus::publish queueing msg type=4 to channel=gui.input
Bus::publish directing msg type=4 to pid=11
[NativeAppHost] App: com.guidexos.pacman (Nexgen PacMan) poll_event returned type=6 windowId=1000
Bus::publish queueing msg type=10 to channel=gui.input
Bus::publish queueing msg type=4 to channel=gui.input
Bus::publish directing msg type=10 to pid=11
Bus::publish queueing msg type=4 to channel=gui.input
Bus::publish directing msg type=4 to pid=11
[NativeAppHost] App: com.guidexos.pacman (Nexgen PacMan) poll_event returned type=6 windowId=1000
Bus::publish queueing msg type=10 to channel=gui.input
Bus::publish queueing msg type=4 to channel=gui.input
Bus::publish directing msg type=4 to pid=11
[NativeAppHost] App: com.guidexos.pacman (Nexgen PacMan) poll_event returned type=6 windowId=1000
Bus::publish queueing msg type=10 to channel=gui.input
Bus::publish queueing msg type=4 to channel=gui.input
Bus::publish queueing msg type=4 to channel=gui.input
Bus::publish directing msg type=10 to pid=11
Bus::publish queueing msg type=10 to channel=gui.input
Bus::publish queueing msg type=4 to channel=gui.input
Bus::publish directing msg type=4 to pid=11
[NativeAppHost] App: com.guidexos.pacman (Nexgen PacMan) poll_event returned type=6 windowId=1000
Bus::publish queueing msg type=10 to channel=gui.input
Bus::publish queueing msg type=4 to channel=gui.input
Bus::publish directing msg type=10 to pid=11
Bus::publish queueing msg type=4 to channel=gui.input
Bus::publish directing msg type=4 to pid=11
[NativeAppHost] App: com.guidexos.pacman (Nexgen PacMan) poll_event returned type=6 windowId=1000
Bus::publish queueing msg type=10 to channel=gui.input
Bus::publish queueing msg type=4 to channel=gui.input
Bus::publish directing msg type=4 to pid=11
[NativeAppHost] App: com.guidexos.pacman (Nexgen PacMan) poll_event returned type=6 windowId=1000
Bus::publish queueing msg type=10 to channel=gui.input
Bus::publish queueing msg type=4 to channel=gui.input
Bus::publish directing msg type=10 to pid=11
Bus::publish queueing msg type=4 to channel=gui.input
Bus::publish queueing msg type=10 to channel=gui.input
Bus::publish queueing msg type=4 to channel=gui.input
Bus::publish directing msg type=4 to pid=11
[NativeAppHost] App: com.guidexos.pacman (Nexgen PacMan) poll_event returned type=6 windowId=1000
Bus::publish queueing msg type=10 to channel=gui.input
Bus::publish queueing msg type=4 to channel=gui.input
Bus::publish directing msg type=10 to pid=11
Bus::publish queueing msg type=4 to channel=gui.input
Bus::publish directing msg type=4 to pid=11
[NativeAppHost] App: com.guidexos.pacman (Nexgen PacMan) poll_event returned type=6 windowId=1000
Bus::publish queueing msg type=10 to channel=gui.input
Bus::publish queueing msg type=4 to channel=gui.input
Bus::publish directing msg type=4 to pid=11
[NativeAppHost] App: com.guidexos.pacman (Nexgen PacMan) poll_event returned type=6 windowId=1000
Bus::publish queueing msg type=10 to channel=gui.input
Bus::publish queueing msg type=4 to channel=gui.input
Bus::publish directing msg type=10 to pid=11
Bus::publish queueing msg type=4 to channel=gui.input
Bus::publish queueing msg type=10 to channel=gui.input
Bus::publish queueing msg type=4 to channel=gui.input
Bus::publish directing msg type=4 to pid=11
[NativeAppHost] App: com.guidexos.pacman (Nexgen PacMan) poll_event returned type=6 windowId=1000
Bus::publish queueing msg type=10 to channel=gui.input
Bus::publish queueing msg type=4 to channel=gui.input
Bus::publish directing msg type=10 to pid=11
Bus::publish queueing msg type=4 to channel=gui.input
Bus::publish queueing msg type=10 to channel=gui.input
Bus::publish queueing msg type=4 to channel=gui.input
Bus::publish directing msg type=4 to pid=11
[NativeAppHost] App: com.guidexos.pacman (Nexgen PacMan) poll_event returned type=6 windowId=1000
Bus::publish queueing msg type=10 to channel=gui.input
Bus::publish queueing msg type=4 to channel=gui.input
Bus::publish queueing msg type=4 to channel=gui.input
Bus::publish directing msg type=10 to pid=11
Bus::publish queueing msg type=10 to channel=gui.input
Bus::publish queueing msg type=4 to channel=gui.input
Bus::publish directing msg type=4 to pid=11
[NativeAppHost] App: com.guidexos.pacman (Nexgen PacMan) poll_event returned type=6 windowId=1000
Bus::publish queueing msg type=10 to channel=gui.input
Bus::publish queueing msg type=4 to channel=gui.input
Bus::publish queueing msg type=4 to channel=gui.input
Bus::publish directing msg type=4 to pid=11
Bus::publish directing msg type=10 to pid=11
[NativeAppHost] App: com.guidexos.pacman (Nexgen PacMan) poll_event returned type=6 windowId=1000
Bus::publish queueing msg type=10 to channel=gui.input
Bus::publish queueing msg type=4 to channel=gui.input
Bus::publish queueing msg type=4 to channel=gui.input
Bus::publish directing msg type=4 to pid=11
[NativeAppHost] App: com.guidexos.pacman (Nexgen PacMan) poll_event returned type=6 windowId=1000
Bus::publish queueing msg type=10 to channel=gui.input
Bus::publish queueing msg type=4 to channel=gui.input
Bus::publish directing msg type=10 to pid=11
Bus::publish directing msg type=4 to pid=11
Bus::publish queueing msg type=10 to channel=gui.input
Bus::publish queueing msg type=4 to channel=gui.input
[NativeAppHost] App: com.guidexos.pacman (Nexgen PacMan) poll_event returned type=6 windowId=1000
Bus::publish queueing msg type=10 to channel=gui.input
Bus::publish queueing msg type=4 to channel=gui.input
Bus::publish directing msg type=10 to pid=11
Bus::publish queueing msg type=4 to channel=gui.input
Bus::publish directing msg type=4 to pid=11
[NativeAppHost] App: com.guidexos.pacman (Nexgen PacMan) poll_event returned type=6 windowId=1000
Bus::publish queueing msg type=10 to channel=gui.input
Bus::publish queueing msg type=4 to channel=gui.input
Bus::publish directing msg type=4 to pid=11
[NativeAppHost] App: com.guidexos.pacman (Nexgen PacMan) poll_event returned type=6 windowId=1000
Bus::publish queueing msg type=10 to channel=gui.input
Bus::publish queueing msg type=4 to channel=gui.input
Bus::publish directing msg type=10 to pid=11
Bus::publish queueing msg type=4 to channel=gui.input
Bus::publish queueing msg type=10 to channel=gui.input
Bus::publish queueing msg type=4 to channel=gui.input
Bus::publish directing msg type=4 to pid=11
[NativeAppHost] App: com.guidexos.pacman (Nexgen PacMan) poll_event returned type=6 windowId=1000
Bus::publish queueing msg type=10 to channel=gui.input
Bus::publish queueing msg type=4 to channel=gui.input
Bus::publish directing msg type=4 to pid=11
[NativeAppHost] App: com.guidexos.pacman (Nexgen PacMan) poll_event returned type=6 windowId=1000
Bus::publish queueing msg type=10 to channel=gui.input
Bus::publish queueing msg type=4 to channel=gui.input
Bus::publish directing msg type=10 to pid=11
Bus::publish queueing msg type=4 to channel=gui.input
Bus::publish directing msg type=4 to pid=11
[NativeAppHost] App: com.guidexos.pacman (Nexgen PacMan) poll_event returned type=6 windowId=1000
Bus::publish queueing msg type=10 to channel=gui.input
Bus::publish queueing msg type=4 to channel=gui.input
Bus::publish directing msg type=4 to pid=11
[NativeAppHost] App: com.guidexos.pacman (Nexgen PacMan) poll_event returned type=6 windowId=1000
Bus::publish queueing msg type=10 to channel=gui.input
Bus::publish queueing msg type=4 to channel=gui.input
Bus::publish directing msg type=10 to pid=11
Bus::publish queueing msg type=4 to channel=gui.input
Bus::publish directing msg type=4 to pid=11
[NativeAppHost] App: com.guidexos.pacman (Nexgen PacMan) poll_event returned type=6 windowId=1000
Bus::publish queueing msg type=10 to channel=gui.input
Bus::publish queueing msg type=4 to channel=gui.input
Bus::publish directing msg type=10 to pid=11
Bus::publish queueing msg type=4 to channel=gui.input
Bus::publish directing msg type=4 to pid=11
[NativeAppHost] App: com.guidexos.pacman (Nexgen PacMan) poll_event returned type=6 windowId=1000
Bus::publish queueing msg type=10 to channel=gui.input
Bus::publish queueing msg type=4 to channel=gui.input
Bus::publish queueing msg type=4 to channel=gui.input
Bus::publish directing msg type=4 to pid=11
[NativeAppHost] App: com.guidexos.pacman (Nexgen PacMan) poll_event returned type=6 windowId=1000
Bus::publish directing msg type=4 to pid=11
Bus::publish queueing msg type=10 to channel=gui.input
Bus::publish queueing msg type=4 to channel=gui.input
[NativeAppHost] App: com.guidexos.pacman (Nexgen PacMan) poll_event returned type=6 windowId=1000
Bus::publish queueing msg type=10 to channel=gui.input
Bus::publish queueing msg type=4 to channel=gui.input
Bus::publish queueing msg type=4 to channel=gui.input
Bus::publish directing msg type=10 to pid=11
Bus::publish queueing msg type=10 to channel=gui.input
Bus::publish queueing msg type=4 to channel=gui.input
Bus::publish directing msg type=4 to pid=11
[NativeAppHost] App: com.guidexos.pacman (Nexgen PacMan) poll_event returned type=6 windowId=1000
Bus::publish queueing msg type=10 to channel=gui.input
Bus::publish queueing msg type=4 to channel=gui.input
Bus::publish directing msg type=4 to pid=11
[NativeAppHost] App: com.guidexos.pacman (Nexgen PacMan) poll_event returned type=6 windowId=1000
Bus::publish queueing msg type=10 to channel=gui.input
Bus::publish queueing msg type=4 to channel=gui.input
Bus::publish directing msg type=10 to pid=11
Bus::publish queueing msg type=4 to channel=gui.input
Bus::publish directing msg type=4 to pid=11
[NativeAppHost] App: com.guidexos.pacman (Nexgen PacMan) poll_event returned type=6 windowId=1000
Bus::publish queueing msg type=10 to channel=gui.input
Bus::publish queueing msg type=4 to channel=gui.input
Bus::publish directing msg type=4 to pid=11
[NativeAppHost] App: com.guidexos.pacman (Nexgen PacMan) poll_event returned type=6 windowId=1000
Bus::publish queueing msg type=10 to channel=gui.input
Bus::publish queueing msg type=4 to channel=gui.input
Bus::publish directing msg type=10 to pid=11
Bus::publish queueing msg type=4 to channel=gui.input
Bus::publish directing msg type=4 to pid=11
[NativeAppHost] App: com.guidexos.pacman (Nexgen PacMan) poll_event returned type=6 windowId=1000
Bus::publish queueing msg type=10 to channel=gui.input
Bus::publish queueing msg type=4 to channel=gui.input
Bus::publish directing msg type=10 to pid=11
Bus::publish queueing msg type=4 to channel=gui.input
Bus::publish directing msg type=4 to pid=11
[NativeAppHost] App: com.guidexos.pacman (Nexgen PacMan) poll_event returned type=6 windowId=1000
Bus::publish queueing msg type=10 to channel=gui.input
Bus::publish queueing msg type=4 to channel=gui.input
Bus::publish queueing msg type=4 to channel=gui.input
Bus::publish directing msg type=4 to pid=11
[NativeAppHost] App: com.guidexos.pacman (Nexgen PacMan) poll_event returned type=6 windowId=1000
Bus::publish queueing msg type=10 to channel=gui.input
Bus::publish queueing msg type=4 to channel=gui.input
Bus::publish directing msg type=10 to pid=11
Bus::publish queueing msg type=4 to channel=gui.input
Bus::publish directing msg type=4 to pid=11
[NativeAppHost] App: com.guidexos.pacman (Nexgen PacMan) poll_event returned type=6 windowId=1000
Bus::publish queueing msg type=10 to channel=gui.input
Bus::publish queueing msg type=4 to channel=gui.input
Bus::publish directing msg type=10 to pid=11
Bus::publish queueing msg type=4 to channel=gui.input
Bus::publish directing msg type=4 to pid=11
[NativeAppHost] App: com.guidexos.pacman (Nexgen PacMan) poll_event returned type=6 windowId=1000
Bus::publish queueing msg type=10 to channel=gui.input
Bus::publish queueing msg type=4 to channel=gui.input
Bus::publish directing msg type=4 to pid=11
[NativeAppHost] App: com.guidexos.pacman (Nexgen PacMan) poll_event returned type=6 windowId=1000
Bus::publish queueing msg type=10 to channel=gui.input
Bus::publish queueing msg type=4 to channel=gui.input
Bus::publish directing msg type=10 to pid=11
Bus::publish queueing msg type=4 to channel=gui.input
Bus::publish directing msg type=4 to pid=11
[NativeAppHost] App: com.guidexos.pacman (Nexgen PacMan) poll_event returned type=6 windowId=1000
Bus::publish queueing msg type=10 to channel=gui.input
Bus::publish queueing msg type=4 to channel=gui.input
Bus::publish queueing msg type=4 to channel=gui.input
Bus::publish directing msg type=4 to pid=11
[NativeAppHost] App: com.guidexos.pacman (Nexgen PacMan) poll_event returned type=6 windowId=1000
Bus::publish queueing msg type=10 to channel=gui.input
Bus::publish queueing msg type=4 to channel=gui.input
Bus::publish directing msg type=10 to pid=11
Bus::publish queueing msg type=4 to channel=gui.input
Bus::publish directing msg type=4 to pid=11
[NativeAppHost] App: com.guidexos.pacman (Nexgen PacMan) poll_event returned type=6 windowId=1000
Bus::publish queueing msg type=10 to channel=gui.input
Bus::publish queueing msg type=4 to channel=gui.input
Bus::publish queueing msg type=4 to channel=gui.input
Bus::publish directing msg type=4 to pid=11
[NativeAppHost] App: com.guidexos.pacman (Nexgen PacMan) poll_event returned type=6 windowId=1000
Bus::publish queueing msg type=10 to channel=gui.input
Bus::publish queueing msg type=4 to channel=gui.input
Bus::publish directing msg type=10 to pid=11
Bus::publish queueing msg type=4 to channel=gui.input
Bus::publish directing msg type=4 to pid=11
[NativeAppHost] App: com.guidexos.pacman (Nexgen PacMan) poll_event returned type=6 windowId=1000
Bus::publish queueing msg type=10 to channel=gui.input
Bus::publish queueing msg type=4 to channel=gui.input
Bus::publish directing msg type=4 to pid=11
[NativeAppHost] App: com.guidexos.pacman (Nexgen PacMan) poll_event returned type=6 windowId=1000
Bus::publish queueing msg type=10 to channel=gui.input
Bus::publish queueing msg type=4 to channel=gui.input
Bus::publish directing msg type=10 to pid=11
Bus::publish queueing msg type=4 to channel=gui.input
Bus::publish directing msg type=4 to pid=11
[NativeAppHost] App: com.guidexos.pacman (Nexgen PacMan) poll_event returned type=6 windowId=1000
Bus::publish queueing msg type=10 to channel=gui.input
Bus::publish queueing msg type=4 to channel=gui.input
Bus::publish directing msg type=10 to pid=11
Bus::publish queueing msg type=4 to channel=gui.input
Bus::publish directing msg type=4 to pid=11
[NativeAppHost] App: com.guidexos.pacman (Nexgen PacMan) poll_event returned type=6 windowId=1000
Bus::publish queueing msg type=10 to channel=gui.input
Bus::publish queueing msg type=4 to channel=gui.input
Bus::publish directing msg type=4 to pid=11
Bus::publish directing msg type=10 to pid=11
[NativeAppHost] App: com.guidexos.pacman (Nexgen PacMan) poll_event returned type=6 windowId=1000
Bus::publish queueing msg type=10 to channel=gui.input
Bus::publish queueing msg type=4 to channel=gui.input
Bus::publish queueing msg type=4 to channel=gui.input
Bus::publish directing msg type=4 to pid=11
[NativeAppHost] App: com.guidexos.pacman (Nexgen PacMan) poll_event returned type=6 windowId=1000
Bus::publish queueing msg type=10 to channel=gui.input
Bus::publish queueing msg type=4 to channel=gui.input
Bus::publish directing msg type=10 to pid=11
Bus::publish queueing msg type=10 to channel=gui.input
Bus::publish queueing msg type=4 to channel=gui.input
Bus::publish queueing msg type=4 to channel=gui.input
Bus::publish directing msg type=4 to pid=11
[NativeAppHost] App: com.guidexos.pacman (Nexgen PacMan) poll_event returned type=6 windowId=1000
Bus::publish queueing msg type=10 to channel=gui.input
Bus::publish queueing msg type=4 to channel=gui.input
Bus::publish directing msg type=4 to pid=11
Bus::publish directing msg type=10 to pid=11
[NativeAppHost] App: com.guidexos.pacman (Nexgen PacMan) poll_event returned type=6 windowId=1000
Bus::publish queueing msg type=10 to channel=gui.input
Bus::publish queueing msg type=4 to channel=gui.input
Bus::publish directing msg type=4 to pid=11
[NativeAppHost] App: com.guidexos.pacman (Nexgen PacMan) poll_event returned type=6 windowId=1000
Bus::publish queueing msg type=10 to channel=gui.input
Bus::publish queueing msg type=4 to channel=gui.input
Bus::publish directing msg type=4 to pid=11
[NativeAppHost] App: com.guidexos.pacman (Nexgen PacMan) poll_event returned type=6 windowId=1000
Bus::publish queueing msg type=10 to channel=gui.input
Bus::publish queueing msg type=4 to channel=gui.input
Bus::publish directing msg type=10 to pid=11
Bus::publish queueing msg type=4 to channel=gui.input
Bus::publish directing msg type=4 to pid=11
[NativeAppHost] App: com.guidexos.pacman (Nexgen PacMan) poll_event returned type=6 windowId=1000
Bus::publish queueing msg type=10 to channel=gui.input
Bus::publish queueing msg type=4 to channel=gui.input
Bus::publish directing msg type=4 to pid=11
[NativeAppHost] App: com.guidexos.pacman (Nexgen PacMan) poll_event returned type=6 windowId=1000
Bus::publish queueing msg type=10 to channel=gui.input
Bus::publish queueing msg type=4 to channel=gui.input
Bus::publish directing msg type=4 to pid=11
[NativeAppHost] App: com.guidexos.pacman (Nexgen PacMan) poll_event returned type=6 windowId=1000
Bus::publish queueing msg type=10 to channel=gui.input
Bus::publish queueing msg type=4 to channel=gui.input
Bus::publish directing msg type=10 to pid=11
Bus::publish queueing msg type=4 to channel=gui.input
Bus::publish directing msg type=4 to pid=11
Bus::publish queueing msg type=10 to channel=gui.input
Bus::publish queueing msg type=4 to channel=gui.input
[NativeAppHost] App: com.guidexos.pacman (Nexgen PacMan) poll_event returned type=6 windowId=1000
Bus::publish queueing msg type=10 to channel=gui.input
Bus::publish queueing msg type=4 to channel=gui.input
Bus::publish queueing msg type=4 to channel=gui.input
Bus::publish directing msg type=10 to pid=11
Bus::publish queueing msg type=4 to channel=gui.input
Bus::publish directing msg type=4 to pid=11
[NativeAppHost] App: com.guidexos.pacman (Nexgen PacMan) poll_event returned type=6 windowId=1000
Bus::publish queueing msg type=10 to channel=gui.input
Bus::publish queueing msg type=4 to channel=gui.input
Bus::publish directing msg type=4 to pid=11
[NativeAppHost] App: com.guidexos.pacman (Nexgen PacMan) poll_event returned type=6 windowId=1000
Bus::publish queueing msg type=10 to channel=gui.input
Bus::publish queueing msg type=4 to channel=gui.input
Bus::publish directing msg type=10 to pid=11
Bus::publish queueing msg type=4 to channel=gui.input
Bus::publish directing msg type=4 to pid=11
[NativeAppHost] App: com.guidexos.pacman (Nexgen PacMan) poll_event returned type=6 windowId=1000
Bus::publish queueing msg type=10 to channel=gui.input
Bus::publish queueing msg type=4 to channel=gui.input
Bus::publish directing msg type=10 to pid=11
Bus::publish queueing msg type=4 to channel=gui.input
Bus::publish directing msg type=4 to pid=11
[NativeAppHost] App: com.guidexos.pacman (Nexgen PacMan) poll_event returned type=6 windowId=1000
Bus::publish queueing msg type=10 to channel=gui.input
Bus::publish queueing msg type=4 to channel=gui.input
Bus::publish directing msg type=4 to pid=11
[NativeAppHost] App: com.guidexos.pacman (Nexgen PacMan) poll_event returned type=6 windowId=1000
Bus::publish queueing msg type=10 to channel=gui.input
Bus::publish queueing msg type=4 to channel=gui.input
Bus::publish directing msg type=10 to pid=11
Bus::publish queueing msg type=4 to channel=gui.input
Bus::publish directing msg type=4 to pid=11
[NativeAppHost] App: com.guidexos.pacman (Nexgen PacMan) poll_event returned type=6 windowId=1000
Bus::publish queueing msg type=10 to channel=gui.input
Bus::publish queueing msg type=4 to channel=gui.input
Bus::publish directing msg type=4 to pid=11
[NativeAppHost] App: com.guidexos.pacman (Nexgen PacMan) poll_event returned type=6 windowId=1000
Bus::publish queueing msg type=10 to channel=gui.input
Bus::publish queueing msg type=4 to channel=gui.input
Bus::publish directing msg type=10 to pid=11
Bus::publish queueing msg type=4 to channel=gui.input
Bus::publish queueing msg type=10 to channel=gui.input
Bus::publish queueing msg type=4 to channel=gui.input
Bus::publish directing msg type=4 to pid=11
[NativeAppHost] App: com.guidexos.pacman (Nexgen PacMan) poll_event returned type=6 windowId=1000
Bus::publish queueing msg type=10 to channel=gui.input
Bus::publish queueing msg type=4 to channel=gui.input
Bus::publish directing msg type=4 to pid=11
[NativeAppHost] App: com.guidexos.pacman (Nexgen PacMan) poll_event returned type=6 windowId=1000
Bus::publish queueing msg type=10 to channel=gui.input
Bus::publish queueing msg type=4 to channel=gui.input
Bus::publish directing msg type=10 to pid=11
Bus::publish queueing msg type=4 to channel=gui.input
Bus::publish directing msg type=4 to pid=11
[NativeAppHost] App: com.guidexos.pacman (Nexgen PacMan) poll_event returned type=6 windowId=1000
Bus::publish queueing msg type=10 to channel=gui.input
Bus::publish queueing msg type=4 to channel=gui.input
Bus::publish directing msg type=4 to pid=11
[NativeAppHost] App: com.guidexos.pacman (Nexgen PacMan) poll_event returned type=6 windowId=1000
Bus::publish queueing msg type=10 to channel=gui.input
Bus::publish queueing msg type=4 to channel=gui.input
Bus::publish queueing msg type=4 to channel=gui.input
Bus::publish directing msg type=10 to pid=11
Bus::publish queueing msg type=10 to channel=gui.input
Bus::publish queueing msg type=4 to channel=gui.input
Bus::publish directing msg type=4 to pid=11
[NativeAppHost] App: com.guidexos.pacman (Nexgen PacMan) poll_event returned type=6 windowId=1000
Bus::publish queueing msg type=10 to channel=gui.input
Bus::publish queueing msg type=4 to channel=gui.input
Bus::publish directing msg type=4 to pid=11
[NativeAppHost] App: com.guidexos.pacman (Nexgen PacMan) poll_event returned type=6 windowId=1000
Bus::publish queueing msg type=10 to channel=gui.input
Bus::publish queueing msg type=4 to channel=gui.input
Bus::publish queueing msg type=4 to channel=gui.input
Bus::publish directing msg type=10 to pid=11
Bus::publish queueing msg type=4 to channel=gui.input
Bus::publish directing msg type=4 to pid=11
[NativeAppHost] App: com.guidexos.pacman (Nexgen PacMan) poll_event returned type=6 windowId=1000
Bus::publish queueing msg type=10 to channel=gui.input
Bus::publish queueing msg type=4 to channel=gui.input
Bus::publish directing msg type=4 to pid=11
[NativeAppHost] App: com.guidexos.pacman (Nexgen PacMan) poll_event returned type=6 windowId=1000
Bus::publish queueing msg type=10 to channel=gui.input
Bus::publish queueing msg type=4 to channel=gui.input
Bus::publish queueing msg type=4 to channel=gui.input
Bus::publish directing msg type=10 to pid=11
Bus::publish directing msg type=4 to pid=11
Bus::publish queueing msg type=10 to channel=gui.input
Bus::publish queueing msg type=4 to channel=gui.input
[NativeAppHost] App: com.guidexos.pacman (Nexgen PacMan) poll_event returned type=6 windowId=1000
Bus::publish queueing msg type=10 to channel=gui.input
Bus::publish queueing msg type=4 to channel=gui.input
Bus::publish queueing msg type=4 to channel=gui.input
Bus::publish directing msg type=4 to pid=11
[NativeAppHost] App: com.guidexos.pacman (Nexgen PacMan) poll_event returned type=6 windowId=1000
Bus::publish queueing msg type=10 to channel=gui.input
Bus::publish queueing msg type=4 to channel=gui.input
Bus::publish directing msg type=10 to pid=11
Bus::publish queueing msg type=4 to channel=gui.input
Bus::publish directing msg type=4 to pid=11
[NativeAppHost] App: com.guidexos.pacman (Nexgen PacMan) poll_event returned type=6 windowId=1000
Bus::publish queueing msg type=10 to channel=gui.input
Bus::publish queueing msg type=4 to channel=gui.input
Bus::publish directing msg type=4 to pid=11
[NativeAppHost] App: com.guidexos.pacman (Nexgen PacMan) poll_event returned type=6 windowId=1000
Bus::publish queueing msg type=10 to channel=gui.input
Bus::publish queueing msg type=4 to channel=gui.input
Bus::publish directing msg type=10 to pid=11
Bus::publish queueing msg type=4 to channel=gui.input
Bus::publish directing msg type=4 to pid=11
[NativeAppHost] App: com.guidexos.pacman (Nexgen PacMan) poll_event returned type=6 windowId=1000
Bus::publish queueing msg type=10 to channel=gui.input
Bus::publish queueing msg type=4 to channel=gui.input
Bus::publish directing msg type=4 to pid=11
[NativeAppHost] App: com.guidexos.pacman (Nexgen PacMan) poll_event returned type=6 windowId=1000
Bus::publish queueing msg type=10 to channel=gui.input
Bus::publish queueing msg type=4 to channel=gui.input
Bus::publish queueing msg type=4 to channel=gui.input
Bus::publish directing msg type=10 to pid=11
Bus::publish queueing msg type=10 to channel=gui.input
Bus::publish queueing msg type=4 to channel=gui.input
Bus::publish directing msg type=4 to pid=11
[NativeAppHost] App: com.guidexos.pacman (Nexgen PacMan) poll_event returned type=6 windowId=1000
Bus::publish queueing msg type=10 to channel=gui.input
Bus::publish queueing msg type=4 to channel=gui.input
Bus::publish directing msg type=10 to pid=11
Bus::publish queueing msg type=4 to channel=gui.input
Bus::publish directing msg type=4 to pid=11
[NativeAppHost] App: com.guidexos.pacman (Nexgen PacMan) poll_event returned type=6 windowId=1000
Bus::publish queueing msg type=10 to channel=gui.input
Bus::publish queueing msg type=4 to channel=gui.input
Bus::publish directing msg type=4 to pid=11
[NativeAppHost] App: com.guidexos.pacman (Nexgen PacMan) poll_event returned type=6 windowId=1000
Bus::publish queueing msg type=10 to channel=gui.input
Bus::publish queueing msg type=4 to channel=gui.input
Bus::publish queueing msg type=4 to channel=gui.input
Bus::publish directing msg type=10 to pid=11
Bus::publish directing msg type=4 to pid=11
Bus::publish queueing msg type=10 to channel=gui.input
Bus::publish queueing msg type=4 to channel=gui.input
[NativeAppHost] App: com.guidexos.pacman (Nexgen PacMan) poll_event returned type=6 windowId=1000
Bus::publish queueing msg type=10 to channel=gui.input
Bus::publish queueing msg type=4 to channel=gui.input
Bus::publish queueing msg type=4 to channel=gui.input
Bus::publish directing msg type=10 to pid=11
Bus::publish queueing msg type=4 to channel=gui.input
Bus::publish directing msg type=4 to pid=11
[NativeAppHost] App: com.guidexos.pacman (Nexgen PacMan) poll_event returned type=6 windowId=1000
Bus::publish queueing msg type=10 to channel=gui.input
Bus::publish queueing msg type=4 to channel=gui.input
Bus::publish directing msg type=4 to pid=11
[NativeAppHost] App: com.guidexos.pacman (Nexgen PacMan) poll_event returned type=6 windowId=1000
Bus::publish queueing msg type=10 to channel=gui.input
Bus::publish queueing msg type=4 to channel=gui.input
Bus::publish queueing msg type=4 to channel=gui.input
Bus::publish directing msg type=10 to pid=11
Bus::publish queueing msg type=4 to channel=gui.input
Bus::publish queueing msg type=10 to channel=gui.input
Bus::publish queueing msg type=4 to channel=gui.input
Bus::publish directing msg type=4 to pid=11
[NativeAppHost] App: com.guidexos.pacman (Nexgen PacMan) poll_event returned type=6 windowId=1000
Bus::publish queueing msg type=10 to channel=gui.input
Bus::publish queueing msg type=4 to channel=gui.input
Bus::publish queueing msg type=4 to channel=gui.input
Bus::publish directing msg type=4 to pid=11
[NativeAppHost] App: com.guidexos.pacman (Nexgen PacMan) poll_event returned type=6 windowId=1000
Bus::publish queueing msg type=10 to channel=gui.input
Bus::publish queueing msg type=4 to channel=gui.input
Bus::publish directing msg type=10 to pid=11
Bus::publish queueing msg type=4 to channel=gui.input
Bus::publish directing msg type=4 to pid=11
[NativeAppHost] App: com.guidexos.pacman (Nexgen PacMan) poll_event returned type=6 windowId=1000
Bus::publish queueing msg type=10 to channel=gui.input
Bus::publish queueing msg type=4 to channel=gui.input
Bus::publish queueing msg type=4 to channel=gui.input
Bus::publish directing msg type=4 to pid=11
[NativeAppHost] App: com.guidexos.pacman (Nexgen PacMan) poll_event returned type=6 windowId=1000
Bus::publish directing msg type=10 to pid=11
Bus::publish queueing msg type=10 to channel=gui.input
Bus::publish queueing msg type=4 to channel=gui.input
Bus::publish queueing msg type=4 to channel=gui.input
Bus::publish directing msg type=4 to pid=11
[NativeAppHost] App: com.guidexos.pacman (Nexgen PacMan) poll_event returned type=6 windowId=1000
Bus::publish queueing msg type=10 to channel=gui.input
Bus::publish queueing msg type=4 to channel=gui.input
Bus::publish directing msg type=4 to pid=11
[NativeAppHost] App: com.guidexos.pacman (Nexgen PacMan) poll_event returned type=6 windowId=1000
Bus::publish queueing msg type=10 to channel=gui.input
Bus::publish queueing msg type=4 to channel=gui.input
Bus::publish directing msg type=10 to pid=11
Bus::publish queueing msg type=4 to channel=gui.input
Bus::publish directing msg type=4 to pid=11
[NativeAppHost] App: com.guidexos.pacman (Nexgen PacMan) poll_event returned type=6 windowId=1000
Bus::publish queueing msg type=10 to channel=gui.input
Bus::publish queueing msg type=4 to channel=gui.input
Bus::publish directing msg type=10 to pid=11
Bus::publish queueing msg type=4 to channel=gui.input
Bus::publish directing msg type=4 to pid=11
[NativeAppHost] App: com.guidexos.pacman (Nexgen PacMan) poll_event returned type=6 windowId=1000
Bus::publish queueing msg type=10 to channel=gui.input
Bus::publish queueing msg type=4 to channel=gui.input
Bus::publish directing msg type=4 to pid=11
[NativeAppHost] App: com.guidexos.pacman (Nexgen PacMan) poll_event returned type=6 windowId=1000
Bus::publish queueing msg type=10 to channel=gui.input
Bus::publish queueing msg type=4 to channel=gui.input
Bus::publish queueing msg type=4 to channel=gui.input
Bus::publish directing msg type=10 to pid=11
Bus::publish directing msg type=4 to pid=11
Bus::publish queueing msg type=10 to channel=gui.input
Bus::publish queueing msg type=4 to channel=gui.input
[NativeAppHost] App: com.guidexos.pacman (Nexgen PacMan) poll_event returned type=6 windowId=1000
Bus::publish queueing msg type=10 to channel=gui.input
Bus::publish queueing msg type=4 to channel=gui.input
Bus::publish queueing msg type=4 to channel=gui.input
Bus::publish directing msg type=10 to pid=11
Bus::publish queueing msg type=10 to channel=gui.input
Bus::publish queueing msg type=4 to channel=gui.input
Bus::publish directing msg type=4 to pid=11
[NativeAppHost] App: com.guidexos.pacman (Nexgen PacMan) poll_event returned type=6 windowId=1000
Bus::publish queueing msg type=10 to channel=gui.input
Bus::publish queueing msg type=4 to channel=gui.input
Bus::publish directing msg type=4 to pid=11
[NativeAppHost] App: com.guidexos.pacman (Nexgen PacMan) poll_event returned type=6 windowId=1000
Bus::publish queueing msg type=10 to channel=gui.input
Bus::publish queueing msg type=4 to channel=gui.input
Bus::publish directing msg type=10 to pid=11
Bus::publish queueing msg type=4 to channel=gui.input
Bus::publish directing msg type=4 to pid=11
[NativeAppHost] App: com.guidexos.pacman (Nexgen PacMan) poll_event returned type=6 windowId=1000
Bus::publish queueing msg type=10 to channel=gui.input
Bus::publish queueing msg type=4 to channel=gui.input
Bus::publish directing msg type=10 to pid=11
Bus::publish queueing msg type=4 to channel=gui.input
Bus::publish directing msg type=4 to pid=11
[NativeAppHost] App: com.guidexos.pacman (Nexgen PacMan) poll_event returned type=6 windowId=1000
Bus::publish queueing msg type=10 to channel=gui.input
Bus::publish queueing msg type=4 to channel=gui.input
Bus::publish queueing msg type=4 to channel=gui.input
Bus::publish directing msg type=4 to pid=11
[NativeAppHost] App: com.guidexos.pacman (Nexgen PacMan) poll_event returned type=6 windowId=1000
Bus::publish queueing msg type=10 to channel=gui.input
Bus::publish queueing msg type=4 to channel=gui.input
Bus::publish directing msg type=10 to pid=11
Bus::publish queueing msg type=4 to channel=gui.input
Bus::publish directing msg type=4 to pid=11
[NativeAppHost] App: com.guidexos.pacman (Nexgen PacMan) poll_event returned type=6 windowId=1000
Bus::publish queueing msg type=10 to channel=gui.input
Bus::publish queueing msg type=4 to channel=gui.input
Bus::publish directing msg type=10 to pid=11
Bus::publish queueing msg type=4 to channel=gui.input
Bus::publish directing msg type=4 to pid=11
[NativeAppHost] App: com.guidexos.pacman (Nexgen PacMan) poll_event returned type=6 windowId=1000
Bus::publish queueing msg type=10 to channel=gui.input
Bus::publish queueing msg type=4 to channel=gui.input
Bus::publish directing msg type=4 to pid=11
[NativeAppHost] App: com.guidexos.pacman (Nexgen PacMan) poll_event returned type=6 windowId=1000
Bus::publish queueing msg type=10 to channel=gui.input
Bus::publish queueing msg type=4 to channel=gui.input
Bus::publish queueing msg type=4 to channel=gui.input
Bus::publish directing msg type=10 to pid=11
Bus::publish queueing msg type=10 to channel=gui.input
Bus::publish queueing msg type=4 to channel=gui.input
Bus::publish directing msg type=4 to pid=11
[NativeAppHost] App: com.guidexos.pacman (Nexgen PacMan) poll_event returned type=6 windowId=1000
Bus::publish queueing msg type=10 to channel=gui.input
Bus::publish queueing msg type=4 to channel=gui.input
Bus::publish directing msg type=10 to pid=11
Bus::publish queueing msg type=4 to channel=gui.input
Bus::publish directing msg type=4 to pid=11
[NativeAppHost] App: com.guidexos.pacman (Nexgen PacMan) poll_event returned type=6 windowId=1000
Bus::publish queueing msg type=10 to channel=gui.input
Bus::publish queueing msg type=4 to channel=gui.input
Bus::publish directing msg type=4 to pid=11
[NativeAppHost] App: com.guidexos.pacman (Nexgen PacMan) poll_event returned type=6 windowId=1000
Bus::publish queueing msg type=10 to channel=gui.input
Bus::publish queueing msg type=4 to channel=gui.input
Bus::publish directing msg type=12 to pid=11
Bus::publish directing msg type=10 to pid=11
[NativeAppHost] App: com.guidexos.pacman (Nexgen PacMan) poll_event returned type=4 windowId=1000
[NativeAppHost] App: com.guidexos.pacman (Nexgen PacMan) log: PacMan Escape pressed
[NativeAppHost] App: com.guidexos.pacman (Nexgen PacMan) exit requested with code 0
[NativeAppRuntime] Cleanup begin app=com.guidexos.pacman (Nexgen PacMan) runtimeId=1 processId=11 ownedWindows=1
Bus::publish queueing msg type=2 to channel=gui.input
[NativeAppRuntime] Cleanup published MT_Close app=com.guidexos.pacman (Nexgen PacMan) runtimeId=1 windowId=1000
[NativeAppRuntime] Cleanup complete app=com.guidexos.pacman (Nexgen PacMan) runtimeId=1 state=Exited exitCode=0 cleanedWindows=1 remainingWindows=0
[NativeElfExecutor] App: com.guidexos.pacman Architecture: amd64 CanExecute: true Reason: Native ELF mapped for experimental execution; Preferred base: 0x200000; Actual mapped base: 0x200000; Preferred-base mapping: success; Entry host address resolved: 0x201eb0; Windows amd64 trampoline used: yes; Native ELF gx_main returned 0; runtimeId: 1; lifecycle state before execution: Prepared; lifecycle state after execution: Exited; cleanup attempted: true; cleaned window count: 1; remaining owned window count: 0; Host log call count: 161; Last host log message: PacMan Escape pressed; API version returned: 0; request_window call count: 1; last window id: 1000; last window title: Nexgen PacMan; request_window result: 0; drawText call count: 0; last drawText window: 0; last drawText result: 0; drawRect call count: 0; last drawRect window: 0; last drawRect width: 0; last drawRect height: 0; last drawRect color: 0; last drawRect result: 0; waitForClose call count: 0; last wait window: 0; last wait timeoutMs: 0; last wait result: 0; pollEvent call count: 1061; last event type: 4; last event window: 1000; last pollEvent result: 0; paint event count: 564; last paint window: 1000; last paint width: 480; last paint height: 640; key event count: 10; last key window: 1000; last key code: 27; last key action: 1; last key modifiers: 0; mouse event count: 1; last mouse window: 1000; last mouse x: 507; last mouse y: 673; last mouse packed button action: 0; last mouse modifiers: 0; fileRead call count: 0; fileExists call count: 0; last file path: resources/pacpics.gximg; last file read bytes: 32768; last file IO result: 0; fileRead chunk call count: 22; present_frame call count: 680; last present_frame window: 1000; last present_frame size: 448x553; last present_frame bytes: 990976; last present_frame result: 0 Result: executed
Native app execution completed: Nexgen PacMan exitCode=0
Bus::publish directing msg type=4 to pid=11
Bus::publish directing msg type=4 to pid=11
Bus::publish directing msg type=10 to pid=11
Bus::publish directing msg type=4 to pid=11
Bus::publish directing msg type=10 to pid=11
Bus::publish directing msg type=4 to pid=11
[lifecycle] phase -> ShuttingDown
Bus::publish queueing msg type=5 to channel=gui.input
Bus::publish directing msg type=12 to pid=11
Bus::publish directing msg type=10 to pid=11
Bus::publish directing msg type=4 to pid=11
Bus::publish directing msg type=4 to pid=11
Bus::publish directing msg type=10 to pid=11
Bus::publish directing msg type=4 to pid=11
Bus::publish directing msg type=10 to pid=11
Bus::publish directing msg type=4 to pid=11
Bus::publish directing msg type=4 to pid=11
Bus::publish directing msg type=10 to pid=11
Bus::publish directing msg type=4 to pid=11
Bus::publish directing msg type=4 to pid=11
Bus::publish directing msg type=10 to pid=11
Bus::publish directing msg type=4 to pid=11
Bus::publish directing msg type=10 to pid=11
Bus::publish directing msg type=4 to pid=11
Bus::publish directing msg type=4 to pid=11
Bus::publish directing msg type=10 to pid=11
Bus::publish directing msg type=4 to pid=11
Bus::publish directing msg type=4 to pid=11
Bus::publish directing msg type=10 to pid=11
Bus::publish directing msg type=4 to pid=11
Bus::publish directing msg type=4 to pid=11
Bus::publish directing msg type=10 to pid=11
Bus::publish directing msg type=4 to pid=11
Bus::publish directing msg type=4 to pid=11
Bus::publish directing msg type=10 to pid=11
Bus::publish directing msg type=4 to pid=11
Bus::publish directing msg type=10 to pid=11
Bus::publish directing msg type=4 to pid=11
Bus::publish directing msg type=4 to pid=11
Bus::publish directing msg type=4 to pid=11
Bus::publish directing msg type=10 to pid=11
Bus::publish directing msg type=4 to pid=11
Bus::publish directing msg type=4 to pid=11
Bus::publish directing msg type=10 to pid=11
Bus::publish directing msg type=4 to pid=11
Bus::publish directing msg type=10 to pid=11
Bus::publish directing msg type=4 to pid=11
Bus::publish directing msg type=4 to pid=11
Bus::publish directing msg type=10 to pid=11
Bus::publish directing msg type=4 to pid=11
Bus::publish directing msg type=10 to pid=11
Bus::publish directing msg type=4 to pid=11
Bus::publish directing msg type=4 to pid=11
Bus::publish directing msg type=10 to pid=11
Bus::publish directing msg type=4 to pid=11
Bus::publish directing msg type=10 to pid=11
Bus::publish directing msg type=4 to pid=11
Bus::publish directing msg type=4 to pid=11
Bus::publish directing msg type=10 to pid=11
Bus::publish directing msg type=4 to pid=11
Bus::publish directing msg type=4 to pid=11
Bus::publish directing msg type=10 to pid=11
Bus::publish directing msg type=4 to pid=11
Bus::publish directing msg type=10 to pid=11
Bus::publish directing msg type=4 to pid=11
Bus::publish directing msg type=4 to pid=11
Bus::publish directing msg type=10 to pid=11
Bus::publish directing msg type=4 to pid=11
Bus::publish directing msg type=4 to pid=11
Bus::publish directing msg type=10 to pid=11
Bus::publish directing msg type=4 to pid=11
Bus::publish directing msg type=4 to pid=11
Bus::publish directing msg type=10 to pid=11
Bus::publish directing msg type=4 to pid=11
Bus::publish directing msg type=10 to pid=11
Bus::publish directing msg type=4 to pid=11
Bus::publish directing msg type=4 to pid=11
Bus::publish directing msg type=10 to pid=11
Bus::publish directing msg type=4 to pid=11
Bus::publish directing msg type=4 to pid=11
Bus::publish directing msg type=10 to pid=11
Bus::publish directing msg type=4 to pid=11
Bus::publish directing msg type=4 to pid=11
Bus::publish directing msg type=10 to pid=11
Bus::publish directing msg type=4 to pid=11
Bus::publish directing msg type=10 to pid=11
Bus::publish directing msg type=4 to pid=11
Bus::publish directing msg type=10 to pid=11
Bus::publish directing msg type=4 to pid=11
Bus::publish directing msg type=10 to pid=11
Bus::publish directing msg type=4 to pid=11
Bus::publish directing msg type=4 to pid=11
Bus::publish directing msg type=10 to pid=11
Bus::publish directing msg type=4 to pid=11
Bus::publish directing msg type=10 to pid=11
Bus::publish directing msg type=4 to pid=11
Bus::publish directing msg type=10 to pid=11
Bus::publish directing msg type=4 to pid=11
Bus::publish directing msg type=10 to pid=11
Bus::publish directing msg type=4 to pid=11
Bus::publish directing msg type=10 to pid=11
Bus::publish directing msg type=4 to pid=11
Bus::publish directing msg type=10 to pid=11
Bus::publish directing msg type=4 to pid=11
Bus::publish directing msg type=4 to pid=11
Bus::publish directing msg type=10 to pid=11
[lifecycle] phase -> Stopped
guideXOSServer server exiting.
