Servicing hardware INT=0x20
     0: v=20 e=0000 i=0 cpl=0 IP=0038:000000003eb658db pc=000000003eb658db SP=0030:000000003fe5f280 env->regs[R_EAX]=0000000000000001
RAX=0000000000000001 RBX=000000003fe5f878 RCX=0000000000200000 RDX=000000003eb6bb74
RSI=0000000000000020 RDI=000000003eb6bb1c RBP=000000003fe653a0 RSP=000000003fe5f280
R8 =0000000000000001 R9 =000000c000000000 R10=0000000000000000 R11=0000000000000008
R12=0000000000000000 R13=000000003fe5f998 R14=000000003fe5f3a8 R15=000000c000000000
RIP=000000003eb658db RFL=00000206 [-----P-] CPL=0 II=0 A20=1 SMM=0 HLT=0
ES =0030 0000000000000000 ffffffff 00cf9300 DPL=0 DS   [-WA]
CS =0038 0000000000000000 ffffffff 00af9a00 DPL=0 CS64 [-R-]
SS =0030 0000000000000000 ffffffff 00cf9300 DPL=0 DS   [-WA]
DS =0030 0000000000000000 ffffffff 00cf9300 DPL=0 DS   [-WA]
FS =0030 0000000000000000 ffffffff 00cf9300 DPL=0 DS   [-WA]
GS =0030 0000000000000000 ffffffff 00cf9300 DPL=0 DS   [-WA]
LDT=0000 0000000000000000 0000ffff 00008200 DPL=0 LDT
TR =0000 0000000000000000 0000ffff 00008b00 DPL=0 TSS64-busy
GDT=     000000003f5dc000 00000047
IDT=     000000003efa3018 00000fff
CR0=80010033 CR2=0000000000000000 CR3=000000003f801000 CR4=00000660
DR0=0000000000000000 DR1=0000000000000000 DR2=0000000000000000 DR3=0000000000000000 
DR6=00000000ffff0ff0 DR7=0000000000000400
CCS=0000000000000004 CCD=000000003fe5f260 CCO=EFLAGS
EFER=0000000000000d00
Servicing hardware INT=0x20
     1: v=20 e=0000 i=0 cpl=0 IP=0038:000000003efa8fff pc=000000003efa8fff SP=0030:000000003fe652a0 env->regs[R_EAX]=000000003efa8ff1
RAX=000000003efa8ff1 RBX=000000c3b8400000 RCX=0000000000000005 RDX=0000000000000027
RSI=0000000000000008 RDI=0000000000000005 RBP=000000003fe652b0 RSP=000000003fe652a0
R8 =000000c3b8200083 R9 =000000003eb73397 R10=0000000000000000 R11=0000000000000008
R12=000000003fe65358 R13=0000000000000001 R14=0000000000000000 R15=000000003fe65354
RIP=000000003efa8fff RFL=00000202 [-------] CPL=0 II=0 A20=1 SMM=0 HLT=0
ES =0030 0000000000000000 ffffffff 00cf9300 DPL=0 DS   [-WA]
CS =0038 0000000000000000 ffffffff 00af9a00 DPL=0 CS64 [-R-]
SS =0030 0000000000000000 ffffffff 00cf9300 DPL=0 DS   [-WA]
DS =0030 0000000000000000 ffffffff 00cf9300 DPL=0 DS   [-WA]
FS =0030 0000000000000000 ffffffff 00cf9300 DPL=0 DS   [-WA]
GS =0030 0000000000000000 ffffffff 00cf9300 DPL=0 DS   [-WA]
LDT=0000 0000000000000000 0000ffff 00008200 DPL=0 LDT
TR =0000 0000000000000000 0000ffff 00008b00 DPL=0 TSS64-busy
GDT=     000000003f5dc000 00000047
IDT=     000000003efa3018 00000fff
CR0=80000033 CR2=0000000000000000 CR3=000000003f801000 CR4=00000668
DR0=0000000000000000 DR1=0000000000000000 DR2=0000000000000000 DR3=0000000000000000 
DR6=00000000ffff0ff0 DR7=0000000000000400
CCS=0000000000000000 CCD=000000003efab940 CCO=EFLAGS
EFER=0000000000000d00
Servicing hardware INT=0x20
     2: v=20 e=0000 i=0 cpl=0 IP=0038:000000003eb57266 pc=000000003eb57266 SP=0030:000000003fe65138 env->regs[R_EAX]=000000003eb6ca80
RAX=000000003eb6ca80 RBX=0000000000000010 RCX=000000003eb6ca80 RDX=000000003f4e7a3c
RSI=0000000008000160 RDI=0000000000000001 RBP=000000003fe65170 RSP=000000003fe65138
R8 =000000000000001f R9 =000000003eb73397 R10=0000000000000000 R11=0000000000000008
R12=0000000000000010 R13=0000000000000007 R14=0000000000000008 R15=000000003fe65354
RIP=000000003eb57266 RFL=00000202 [-------] CPL=0 II=0 A20=1 SMM=0 HLT=0
ES =0030 0000000000000000 ffffffff 00cf9300 DPL=0 DS   [-WA]
CS =0038 0000000000000000 ffffffff 00af9a00 DPL=0 CS64 [-R-]
SS =0030 0000000000000000 ffffffff 00cf9300 DPL=0 DS   [-WA]
DS =0030 0000000000000000 ffffffff 00cf9300 DPL=0 DS   [-WA]
FS =0030 0000000000000000 ffffffff 00cf9300 DPL=0 DS   [-WA]
GS =0030 0000000000000000 ffffffff 00cf9300 DPL=0 DS   [-WA]
LDT=0000 0000000000000000 0000ffff 00008200 DPL=0 LDT
TR =0000 0000000000000000 0000ffff 00008b00 DPL=0 TSS64-busy
GDT=     000000003f5dc000 00000047
IDT=     000000003efa3018 00000fff
CR0=80000033 CR2=0000000000000000 CR3=000000003f801000 CR4=00000668
DR0=0000000000000000 DR1=0000000000000000 DR2=0000000000000000 DR3=0000000000000000 
DR6=00000000ffff0ff0 DR7=0000000000000400
CCS=0000000000000000 CCD=000000003fe65140 CCO=EFLAGS
EFER=0000000000000d00
Servicing hardware INT=0x20
     3: v=20 e=0000 i=0 cpl=0 IP=0038:000000003eb57266 pc=000000003eb57266 SP=0030:000000003fe65138 env->regs[R_EAX]=000000003eb6ca80
RAX=000000003eb6ca80 RBX=0000000000000010 RCX=000000003eb6ca80 RDX=000000003f4e7a3c
RSI=0000000008000158 RDI=0000000000000001 RBP=000000003fe65170 RSP=000000003fe65138
R8 =000000000000001f R9 =000000003eb73397 R10=0000000000000000 R11=0000000000000008
R12=0000000000000010 R13=0000000000000005 R14=0000000000000008 R15=000000003fe65354
RIP=000000003eb57266 RFL=00000202 [-------] CPL=0 II=0 A20=1 SMM=0 HLT=0
ES =0030 0000000000000000 ffffffff 00cf9300 DPL=0 DS   [-WA]
CS =0038 0000000000000000 ffffffff 00af9a00 DPL=0 CS64 [-R-]
SS =0030 0000000000000000 ffffffff 00cf9300 DPL=0 DS   [-WA]
DS =0030 0000000000000000 ffffffff 00cf9300 DPL=0 DS   [-WA]
FS =0030 0000000000000000 ffffffff 00cf9300 DPL=0 DS   [-WA]
GS =0030 0000000000000000 ffffffff 00cf9300 DPL=0 DS   [-WA]
LDT=0000 0000000000000000 0000ffff 00008200 DPL=0 LDT
TR =0000 0000000000000000 0000ffff 00008b00 DPL=0 TSS64-busy
GDT=     000000003f5dc000 00000047
IDT=     000000003efa3018 00000fff
CR0=80000033 CR2=0000000000000000 CR3=000000003f801000 CR4=00000668
DR0=0000000000000000 DR1=0000000000000000 DR2=0000000000000000 DR3=0000000000000000 
DR6=00000000ffff0ff0 DR7=0000000000000400
CCS=0000000000000000 CCD=000000003fe65140 CCO=EFLAGS
EFER=0000000000000d00
Servicing hardware INT=0x20
     4: v=20 e=0000 i=0 cpl=0 IP=0038:000000003efa8fff pc=000000003efa8fff SP=0030:000000003fe652a0 env->regs[R_EAX]=000000003efa8ff1
RAX=000000003efa8ff1 RBX=000000d193200000 RCX=0000000000000005 RDX=0000000000000027
RSI=0000000000000008 RDI=0000000000000005 RBP=000000003fe652b0 RSP=000000003fe652a0
R8 =000000d193000083 R9 =000000003eb73397 R10=0000000000000000 R11=0000000000000008
R12=000000003fe65358 R13=0000000000000001 R14=0000000000000000 R15=000000003fe65354
RIP=000000003efa8fff RFL=00000202 [-------] CPL=0 II=0 A20=1 SMM=0 HLT=0
ES =0030 0000000000000000 ffffffff 00cf9300 DPL=0 DS   [-WA]
CS =0038 0000000000000000 ffffffff 00af9a00 DPL=0 CS64 [-R-]
SS =0030 0000000000000000 ffffffff 00cf9300 DPL=0 DS   [-WA]
DS =0030 0000000000000000 ffffffff 00cf9300 DPL=0 DS   [-WA]
FS =0030 0000000000000000 ffffffff 00cf9300 DPL=0 DS   [-WA]
GS =0030 0000000000000000 ffffffff 00cf9300 DPL=0 DS   [-WA]
LDT=0000 0000000000000000 0000ffff 00008200 DPL=0 LDT
TR =0000 0000000000000000 0000ffff 00008b00 DPL=0 TSS64-busy
GDT=     000000003f5dc000 00000047
IDT=     000000003efa3018 00000fff
CR0=80000033 CR2=0000000000000000 CR3=000000003f801000 CR4=00000668
DR0=0000000000000000 DR1=0000000000000000 DR2=0000000000000000 DR3=0000000000000000 
DR6=00000000ffff0ff0 DR7=0000000000000400
CCS=0000000000000000 CCD=000000003efab940 CCO=EFLAGS
EFER=0000000000000d00
Servicing hardware INT=0x20
     5: v=20 e=0000 i=0 cpl=0 IP=0038:000000003eb57266 pc=000000003eb57266 SP=0030:000000003fe65138 env->regs[R_EAX]=000000003eb6ca80
RAX=000000003eb6ca80 RBX=0000000000000010 RCX=000000003eb6ca80 RDX=000000003f4e7a3c
RSI=0000000008000160 RDI=0000000000000001 RBP=000000003fe65170 RSP=000000003fe65138
R8 =000000000000001f R9 =000000003eb73397 R10=0000000000000000 R11=0000000000000008
R12=0000000000000010 R13=0000000000000007 R14=0000000000000008 R15=000000003fe65354
RIP=000000003eb57266 RFL=00000202 [-------] CPL=0 II=0 A20=1 SMM=0 HLT=0
ES =0030 0000000000000000 ffffffff 00cf9300 DPL=0 DS   [-WA]
CS =0038 0000000000000000 ffffffff 00af9a00 DPL=0 CS64 [-R-]
SS =0030 0000000000000000 ffffffff 00cf9300 DPL=0 DS   [-WA]
DS =0030 0000000000000000 ffffffff 00cf9300 DPL=0 DS   [-WA]
FS =0030 0000000000000000 ffffffff 00cf9300 DPL=0 DS   [-WA]
GS =0030 0000000000000000 ffffffff 00cf9300 DPL=0 DS   [-WA]
LDT=0000 0000000000000000 0000ffff 00008200 DPL=0 LDT
TR =0000 0000000000000000 0000ffff 00008b00 DPL=0 TSS64-busy
GDT=     000000003f5dc000 00000047
IDT=     000000003efa3018 00000fff
CR0=80000033 CR2=0000000000000000 CR3=000000003f801000 CR4=00000668
DR0=0000000000000000 DR1=0000000000000000 DR2=0000000000000000 DR3=0000000000000000 
DR6=00000000ffff0ff0 DR7=0000000000000400
CCS=0000000000000000 CCD=000000003fe65140 CCO=EFLAGS
EFER=0000000000000d00
Servicing hardware INT=0x20
     6: v=20 e=0000 i=0 cpl=0 IP=0038:000000003eb57266 pc=000000003eb57266 SP=0030:000000003fe65138 env->regs[R_EAX]=000000003eb6ca80
RAX=000000003eb6ca80 RBX=0000000000000010 RCX=000000003eb6ca80 RDX=000000003f4e7a3c
RSI=0000000008000158 RDI=0000000000000001 RBP=000000003fe65170 RSP=000000003fe65138
R8 =000000000000001f R9 =000000003eb73397 R10=0000000000000000 R11=0000000000000008
R12=0000000000000010 R13=0000000000000005 R14=0000000000000008 R15=000000003fe65354
RIP=000000003eb57266 RFL=00000202 [-------] CPL=0 II=0 A20=1 SMM=0 HLT=0
ES =0030 0000000000000000 ffffffff 00cf9300 DPL=0 DS   [-WA]
CS =0038 0000000000000000 ffffffff 00af9a00 DPL=0 CS64 [-R-]
SS =0030 0000000000000000 ffffffff 00cf9300 DPL=0 DS   [-WA]
DS =0030 0000000000000000 ffffffff 00cf9300 DPL=0 DS   [-WA]
FS =0030 0000000000000000 ffffffff 00cf9300 DPL=0 DS   [-WA]
GS =0030 0000000000000000 ffffffff 00cf9300 DPL=0 DS   [-WA]
LDT=0000 0000000000000000 0000ffff 00008200 DPL=0 LDT
TR =0000 0000000000000000 0000ffff 00008b00 DPL=0 TSS64-busy
GDT=     000000003f5dc000 00000047
IDT=     000000003efa3018 00000fff
CR0=80000033 CR2=0000000000000000 CR3=000000003f801000 CR4=00000668
DR0=0000000000000000 DR1=0000000000000000 DR2=0000000000000000 DR3=0000000000000000 
DR6=00000000ffff0ff0 DR7=0000000000000400
CCS=0000000000000000 CCD=000000003fe65140 CCO=EFLAGS
EFER=0000000000000d00
Servicing hardware INT=0x20
     7: v=20 e=0000 i=0 cpl=0 IP=0038:000000003efa8fff pc=000000003efa8fff SP=0030:000000003fe652a0 env->regs[R_EAX]=000000003efa8ff1
RAX=000000003efa8ff1 RBX=000000dfdb400000 RCX=0000000000000005 RDX=0000000000000027
RSI=0000000000000008 RDI=0000000000000005 RBP=000000003fe652b0 RSP=000000003fe652a0
R8 =000000dfdb200083 R9 =000000003eb73397 R10=0000000000000000 R11=0000000000000008
R12=000000003fe65358 R13=0000000000000001 R14=0000000000000000 R15=000000003fe65354
RIP=000000003efa8fff RFL=00000202 [-------] CPL=0 II=0 A20=1 SMM=0 HLT=0
ES =0030 0000000000000000 ffffffff 00cf9300 DPL=0 DS   [-WA]
CS =0038 0000000000000000 ffffffff 00af9a00 DPL=0 CS64 [-R-]
SS =0030 0000000000000000 ffffffff 00cf9300 DPL=0 DS   [-WA]
DS =0030 0000000000000000 ffffffff 00cf9300 DPL=0 DS   [-WA]
FS =0030 0000000000000000 ffffffff 00cf9300 DPL=0 DS   [-WA]
GS =0030 0000000000000000 ffffffff 00cf9300 DPL=0 DS   [-WA]
LDT=0000 0000000000000000 0000ffff 00008200 DPL=0 LDT
TR =0000 0000000000000000 0000ffff 00008b00 DPL=0 TSS64-busy
GDT=     000000003f5dc000 00000047
IDT=     000000003efa3018 00000fff
CR0=80000033 CR2=0000000000000000 CR3=000000003f801000 CR4=00000668
DR0=0000000000000000 DR1=0000000000000000 DR2=0000000000000000 DR3=0000000000000000 
DR6=00000000ffff0ff0 DR7=0000000000000400
CCS=0000000000000000 CCD=000000003efab940 CCO=EFLAGS
EFER=0000000000000d00
Servicing hardware INT=0x20
     8: v=20 e=0000 i=0 cpl=0 IP=0038:000000003ea390ac pc=000000003ea390ac SP=0030:000000003fe65c40 env->regs[R_EAX]=000000003fe8afc0
RAX=000000003fe8afc0 RBX=000000003eb45498 RCX=000000003eb45498 RDX=000000003f5ec018
RSI=0000000000000007 RDI=000000003eb44018 RBP=000000003fe65cc0 RSP=000000003fe65c40
R8 =000000003fe86dc0 R9 =000000003eb44298 R10=000000000000000e R11=0000000000000000
R12=000000003f5ec018 R13=000000003f2c3030 R14=000000003fe8a8b0 R15=000000003fe8a8a0
RIP=000000003ea390ac RFL=00000206 [-----P-] CPL=0 II=0 A20=1 SMM=0 HLT=0
ES =0030 0000000000000000 ffffffff 00cf9300 DPL=0 DS   [-WA]
CS =0038 0000000000000000 ffffffff 00af9a00 DPL=0 CS64 [-R-]
SS =0030 0000000000000000 ffffffff 00cf9300 DPL=0 DS   [-WA]
DS =0030 0000000000000000 ffffffff 00cf9300 DPL=0 DS   [-WA]
FS =0030 0000000000000000 ffffffff 00cf9300 DPL=0 DS   [-WA]
GS =0030 0000000000000000 ffffffff 00cf9300 DPL=0 DS   [-WA]
LDT=0000 0000000000000000 0000ffff 00008200 DPL=0 LDT
TR =0000 0000000000000000 0000ffff 00008b00 DPL=0 TSS64-busy
GDT=     000000003f5dc000 00000047
IDT=     000000003efa3018 00000fff
CR0=80010033 CR2=0000000000000000 CR3=000000003f801000 CR4=00000668
DR0=0000000000000000 DR1=0000000000000000 DR2=0000000000000000 DR3=0000000000000000 
DR6=00000000ffff0ff0 DR7=0000000000000400
CCS=0000000000000004 CCD=000000003fe8afc0 CCO=EFLAGS
EFER=0000000000000d00
Servicing hardware INT=0x20
     9: v=20 e=0000 i=0 cpl=0 IP=0038:000000003fe82e8c pc=000000003fe82e8c SP=0030:000000003fe65b10 env->regs[R_EAX]=00000000000000af
RAX=00000000000000af RBX=000000003ea1a000 RCX=0000000000000000 RDX=000000003ea1a000
RSI=000000003fe8bb60 RDI=000000003ea1f000 RBP=000000003fe65ba0 RSP=000000003fe65b10
R8 =00000000000000af R9 =000000003ea1efff R10=0000000000000010 R11=0000000000000000
R12=000000003ea1efff R13=000000003ea1f000 R14=000000003f7ffb40 R15=000000003ea1efff
RIP=000000003fe82e8c RFL=00000202 [-------] CPL=0 II=0 A20=1 SMM=0 HLT=0
ES =0030 0000000000000000 ffffffff 00cf9300 DPL=0 DS   [-WA]
CS =0038 0000000000000000 ffffffff 00af9a00 DPL=0 CS64 [-R-]
SS =0030 0000000000000000 ffffffff 00cf9300 DPL=0 DS   [-WA]
DS =0030 0000000000000000 ffffffff 00cf9300 DPL=0 DS   [-WA]
FS =0030 0000000000000000 ffffffff 00cf9300 DPL=0 DS   [-WA]
GS =0030 0000000000000000 ffffffff 00cf9300 DPL=0 DS   [-WA]
LDT=0000 0000000000000000 0000ffff 00008200 DPL=0 LDT
TR =0000 0000000000000000 0000ffff 00008b00 DPL=0 TSS64-busy
GDT=     000000003f5dc000 00000047
IDT=     000000003efa3018 00000fff
CR0=80010033 CR2=0000000000000000 CR3=000000003f801000 CR4=00000668
DR0=0000000000000000 DR1=0000000000000000 DR2=0000000000000000 DR3=0000000000000000 
DR6=00000000ffff0ff0 DR7=0000000000000400
CCS=0000000000000000 CCD=000000003fe65af8 CCO=EFLAGS
EFER=0000000000000d00
Servicing hardware INT=0x20
    10: v=20 e=0000 i=0 cpl=0 IP=0038:000000003eb57266 pc=000000003eb57266 SP=0030:000000003fe65688 env->regs[R_EAX]=000000003eb6ca80
RAX=000000003eb6ca80 RBX=0000000000000010 RCX=000000003eb6ca80 RDX=abd7f02e4201db00
RSI=000000003e749000 RDI=0000000000000001 RBP=000000003fe656c0 RSP=000000003fe65688
R8 =000000003e749000 R9 =000000003e78bfff R10=0000000000000084 R11=0000000000000042
R12=000000000000001f R13=0000000000000007 R14=000000000002600f R15=000000003e78bfff
RIP=000000003eb57266 RFL=00000206 [-----P-] CPL=0 II=0 A20=1 SMM=0 HLT=0
ES =0030 0000000000000000 ffffffff 00cf9300 DPL=0 DS   [-WA]
CS =0038 0000000000000000 ffffffff 00af9a00 DPL=0 CS64 [-R-]
SS =0030 0000000000000000 ffffffff 00cf9300 DPL=0 DS   [-WA]
DS =0030 0000000000000000 ffffffff 00cf9300 DPL=0 DS   [-WA]
FS =0030 0000000000000000 ffffffff 00cf9300 DPL=0 DS   [-WA]
GS =0030 0000000000000000 ffffffff 00cf9300 DPL=0 DS   [-WA]
LDT=0000 0000000000000000 0000ffff 00008200 DPL=0 LDT
TR =0000 0000000000000000 0000ffff 00008b00 DPL=0 TSS64-busy
GDT=     000000003f5dc000 00000047
IDT=     000000003efa3018 00000fff
CR0=80010033 CR2=0000000000000000 CR3=000000003f801000 CR4=00000668
DR0=0000000000000000 DR1=0000000000000000 DR2=0000000000000000 DR3=0000000000000000 
DR6=00000000ffff0ff0 DR7=0000000000000400
CCS=0000000000000020 CCD=000000003fe65690 CCO=SUBQ
EFER=0000000000000d00
Servicing hardware INT=0x20
    11: v=20 e=0000 i=0 cpl=0 IP=0038:000000003fe82e8c pc=000000003fe82e8c SP=0030:000000003fe65b10 env->regs[R_EAX]=00000000000000af
RAX=00000000000000af RBX=000000003ea03000 RCX=0000000000000000 RDX=000000003ea03000
RSI=000000003fe8bb60 RDI=000000003ea0b000 RBP=000000003fe65ba0 RSP=000000003fe65b10
R8 =00000000000000af R9 =000000003ea0afff R10=0000000000000014 R11=0000000000000000
R12=000000003ea0afff R13=000000003ea0b000 R14=000000003f7ff640 R15=000000003ea0afff
RIP=000000003fe82e8c RFL=00000202 [-------] CPL=0 II=0 A20=1 SMM=0 HLT=0
ES =0030 0000000000000000 ffffffff 00cf9300 DPL=0 DS   [-WA]
CS =0038 0000000000000000 ffffffff 00af9a00 DPL=0 CS64 [-R-]
SS =0030 0000000000000000 ffffffff 00cf9300 DPL=0 DS   [-WA]
DS =0030 0000000000000000 ffffffff 00cf9300 DPL=0 DS   [-WA]
FS =0030 0000000000000000 ffffffff 00cf9300 DPL=0 DS   [-WA]
GS =0030 0000000000000000 ffffffff 00cf9300 DPL=0 DS   [-WA]
LDT=0000 0000000000000000 0000ffff 00008200 DPL=0 LDT
TR =0000 0000000000000000 0000ffff 00008b00 DPL=0 TSS64-busy
GDT=     000000003f5dc000 00000047
IDT=     000000003efa3018 00000fff
CR0=80010033 CR2=0000000000000000 CR3=000000003f801000 CR4=00000668
DR0=0000000000000000 DR1=0000000000000000 DR2=0000000000000000 DR3=0000000000000000 
DR6=00000000ffff0ff0 DR7=0000000000000400
CCS=0000000000000000 CCD=000000003fe65af8 CCO=EFLAGS
EFER=0000000000000d00
Servicing hardware INT=0x20
    12: v=20 e=0000 i=0 cpl=0 IP=0038:000000003e7c5a44 pc=000000003e7c5a44 SP=0030:000000003fe65c30 env->regs[R_EAX]=0000000000000000
RAX=0000000000000000 RBX=8000000000000003 RCX=0000000000000040 RDX=000000003e7cc957
RSI=00000000554d4551 RDI=0000000000000246 RBP=000000003fe65cc0 RSP=000000003fe65c30
R8 =000000000000001f R9 =000000003e7ce847 R10=0000000000000016 R11=0000000000000000
R12=000000003eb53318 R13=000000003f0494b0 R14=000000003fe8a8b0 R15=000000003fe8a8a0
RIP=000000003e7c5a44 RFL=00000202 [-------] CPL=0 II=0 A20=1 SMM=0 HLT=0
ES =0030 0000000000000000 ffffffff 00cf9300 DPL=0 DS   [-WA]
CS =0038 0000000000000000 ffffffff 00af9a00 DPL=0 CS64 [-R-]
SS =0030 0000000000000000 ffffffff 00cf9300 DPL=0 DS   [-WA]
DS =0030 0000000000000000 ffffffff 00cf9300 DPL=0 DS   [-WA]
FS =0030 0000000000000000 ffffffff 00cf9300 DPL=0 DS   [-WA]
GS =0030 0000000000000000 ffffffff 00cf9300 DPL=0 DS   [-WA]
LDT=0000 0000000000000000 0000ffff 00008200 DPL=0 LDT
TR =0000 0000000000000000 0000ffff 00008b00 DPL=0 TSS64-busy
GDT=     000000003f5dc000 00000047
IDT=     000000003efa3018 00000fff
CR0=80010033 CR2=0000000000000000 CR3=000000003f801000 CR4=00000668
DR0=0000000000000000 DR1=0000000000000000 DR2=0000000000000000 DR3=0000000000000000 
DR6=00000000ffff0ff0 DR7=0000000000000400
CCS=0000000000000000 CCD=000000003fe65c10 CCO=EFLAGS
EFER=0000000000000d00
Servicing hardware INT=0x20
    13: v=20 e=0000 i=0 cpl=0 IP=0038:000000003fe82e8c pc=000000003fe82e8c SP=0030:000000003fe65b10 env->regs[R_EAX]=00000000000000af
RAX=00000000000000af RBX=000000003e7be000 RCX=0000000000000000 RDX=000000003e7be000
RSI=000000003fe8bb60 RDI=000000003e7cf000 RBP=000000003fe65ba0 RSP=000000003fe65b10
R8 =00000000000000af R9 =000000003e7cefff R10=0000000000000016 R11=0000000000000000
R12=000000003e7cefff R13=000000003e7cf000 R14=000000003f7ff540 R15=000000003e7cefff
RIP=000000003fe82e8c RFL=00000202 [-------] CPL=0 II=0 A20=1 SMM=0 HLT=0
ES =0030 0000000000000000 ffffffff 00cf9300 DPL=0 DS   [-WA]
CS =0038 0000000000000000 ffffffff 00af9a00 DPL=0 CS64 [-R-]
SS =0030 0000000000000000 ffffffff 00cf9300 DPL=0 DS   [-WA]
DS =0030 0000000000000000 ffffffff 00cf9300 DPL=0 DS   [-WA]
FS =0030 0000000000000000 ffffffff 00cf9300 DPL=0 DS   [-WA]
GS =0030 0000000000000000 ffffffff 00cf9300 DPL=0 DS   [-WA]
LDT=0000 0000000000000000 0000ffff 00008200 DPL=0 LDT
TR =0000 0000000000000000 0000ffff 00008b00 DPL=0 TSS64-busy
GDT=     000000003f5dc000 00000047
IDT=     000000003efa3018 00000fff
CR0=80010033 CR2=0000000000000000 CR3=000000003f801000 CR4=00000668
DR0=0000000000000000 DR1=0000000000000000 DR2=0000000000000000 DR3=0000000000000000 
DR6=00000000ffff0ff0 DR7=0000000000000400
CCS=0000000000000000 CCD=000000003fe65af8 CCO=EFLAGS
EFER=0000000000000d00
Servicing hardware INT=0x20
    14: v=20 e=0000 i=0 cpl=0 IP=0038:000000003fe773b1 pc=000000003fe773b1 SP=0030:000000003fe65c00 env->regs[R_EAX]=46a66107ffe06bdd
RAX=46a66107ffe06bdd RBX=000000003fe65dd0 RCX=000000003fe65dd0 RDX=000000003fe65dd0
RSI=000000003eb7a6b0 RDI=46a66107ffe06bdd RBP=000000003fe65c30 RSP=000000003fe65c00
R8 =000000003fe65dc8 R9 =000000003f209d22 R10=000000000000001b R11=0000000000000000
R12=000000003eb7a698 R13=0000000000000000 R14=000000003fe8a0e0 R15=000000003fe844d1
RIP=000000003fe773b1 RFL=00000202 [-------] CPL=0 II=0 A20=1 SMM=0 HLT=0
ES =0030 0000000000000000 ffffffff 00cf9300 DPL=0 DS   [-WA]
CS =0038 0000000000000000 ffffffff 00af9a00 DPL=0 CS64 [-R-]
SS =0030 0000000000000000 ffffffff 00cf9300 DPL=0 DS   [-WA]
DS =0030 0000000000000000 ffffffff 00cf9300 DPL=0 DS   [-WA]
FS =0030 0000000000000000 ffffffff 00cf9300 DPL=0 DS   [-WA]
GS =0030 0000000000000000 ffffffff 00cf9300 DPL=0 DS   [-WA]
LDT=0000 0000000000000000 0000ffff 00008200 DPL=0 LDT
TR =0000 0000000000000000 0000ffff 00008b00 DPL=0 TSS64-busy
GDT=     000000003f5dc000 00000047
IDT=     000000003efa3018 00000fff
CR0=80010033 CR2=0000000000000000 CR3=000000003f801000 CR4=00000668
DR0=0000000000000000 DR1=0000000000000000 DR2=0000000000000000 DR3=0000000000000000 
DR6=00000000ffff0ff0 DR7=0000000000000400
CCS=0000000000000000 CCD=000000003fe65dd0 CCO=EFLAGS
EFER=0000000000000d00
Servicing hardware INT=0x20
    15: v=20 e=0000 i=0 cpl=0 IP=0038:000000003e7c2693 pc=000000003e7c2693 SP=0030:000000003fe65be8 env->regs[R_EAX]=000000003ea1d018
RAX=000000003ea1d018 RBX=000000003ea1d018 RCX=000000003ea1d018 RDX=000000003e7c6a60
RSI=000000003ea1d02c RDI=0000000000000450 RBP=000000003fe65c50 RSP=000000003fe65be8
R8 =000000003e7c68c0 R9 =000000003ea1d018 R10=0000000000000024 R11=0000000000000000
R12=000000003ea1e698 R13=000000003fe65c70 R14=000000003fe8a8b0 R15=000000003fe8a8a0
RIP=000000003e7c2693 RFL=00000206 [-----P-] CPL=0 II=0 A20=1 SMM=0 HLT=0
ES =0030 0000000000000000 ffffffff 00cf9300 DPL=0 DS   [-WA]
CS =0038 0000000000000000 ffffffff 00af9a00 DPL=0 CS64 [-R-]
SS =0030 0000000000000000 ffffffff 00cf9300 DPL=0 DS   [-WA]
DS =0030 0000000000000000 ffffffff 00cf9300 DPL=0 DS   [-WA]
FS =0030 0000000000000000 ffffffff 00cf9300 DPL=0 DS   [-WA]
GS =0030 0000000000000000 ffffffff 00cf9300 DPL=0 DS   [-WA]
LDT=0000 0000000000000000 0000ffff 00008200 DPL=0 LDT
TR =0000 0000000000000000 0000ffff 00008b00 DPL=0 TSS64-busy
GDT=     000000003f5dc000 00000047
IDT=     000000003efa3018 00000fff
CR0=80010033 CR2=0000000000000000 CR3=000000003f801000 CR4=00000668
DR0=0000000000000000 DR1=0000000000000000 DR2=0000000000000000 DR3=0000000000000000 
DR6=00000000ffff0ff0 DR7=0000000000000400
CCS=0000000000000004 CCD=000000003ea1d018 CCO=EFLAGS
EFER=0000000000000d00
Servicing hardware INT=0x20
    16: v=20 e=0000 i=0 cpl=0 IP=0038:000000003eb264da pc=000000003eb264da SP=0030:000000003fe65978 env->regs[R_EAX]=0000000000000002
RAX=0000000000000002 RBX=0000000000000006 RCX=000000003ea0ae98 RDX=0000000000000006
RSI=0000000000000006 RDI=000000003ea0ae98 RBP=000000003fe659e0 RSP=000000003fe65978
R8 =0000000000000005 R9 =000000003ea0af18 R10=000000003ea0ae98 R11=0000000000000000
R12=000000003ea0af18 R13=000000003ea0ae98 R14=000000003ea116c6 R15=000000003ea10798
RIP=000000003eb264da RFL=00000203 [------C] CPL=0 II=0 A20=1 SMM=0 HLT=0
ES =0030 0000000000000000 ffffffff 00cf9300 DPL=0 DS   [-WA]
CS =0038 0000000000000000 ffffffff 00af9a00 DPL=0 CS64 [-R-]
SS =0030 0000000000000000 ffffffff 00cf9300 DPL=0 DS   [-WA]
DS =0030 0000000000000000 ffffffff 00cf9300 DPL=0 DS   [-WA]
FS =0030 0000000000000000 ffffffff 00cf9300 DPL=0 DS   [-WA]
GS =0030 0000000000000000 ffffffff 00cf9300 DPL=0 DS   [-WA]
LDT=0000 0000000000000000 0000ffff 00008200 DPL=0 LDT
TR =0000 0000000000000000 0000ffff 00008b00 DPL=0 TSS64-busy
GDT=     000000003f5dc000 00000047
IDT=     000000003efa3018 00000fff
CR0=80010033 CR2=0000000000000000 CR3=000000003f801000 CR4=00000668
DR0=0000000000000000 DR1=0000000000000000 DR2=0000000000000000 DR3=0000000000000000 
DR6=00000000ffff0ff0 DR7=0000000000000400
CCS=0000000000000001 CCD=0000000000000002 CCO=EFLAGS
EFER=0000000000000d00
Servicing hardware INT=0x20
    17: v=20 e=0000 i=0 cpl=0 IP=0038:000000003e7ba08d pc=000000003e7ba08d SP=0030:000000003fe65af0 env->regs[R_EAX]=0000000000000000
RAX=0000000000000000 RBX=0000000000000000 RCX=0000000000000514 RDX=0000000000000514
RSI=0000000000000000 RDI=000000003fe65ba0 RBP=000000003fe65b30 RSP=000000003fe65af0
R8 =000000000000001f R9 =0000000000000514 R10=000000000000002c R11=0000000000000000
R12=0000000000000000 R13=000000003fe65ba0 R14=00000000746f2200 R15=000000003e7bbb11
RIP=000000003e7ba08d RFL=00000246 [---Z-P-] CPL=0 II=0 A20=1 SMM=0 HLT=0
ES =0030 0000000000000000 ffffffff 00cf9300 DPL=0 DS   [-WA]
CS =0038 0000000000000000 ffffffff 00af9a00 DPL=0 CS64 [-R-]
SS =0030 0000000000000000 ffffffff 00cf9300 DPL=0 DS   [-WA]
DS =0030 0000000000000000 ffffffff 00cf9300 DPL=0 DS   [-WA]
FS =0030 0000000000000000 ffffffff 00cf9300 DPL=0 DS   [-WA]
GS =0030 0000000000000000 ffffffff 00cf9300 DPL=0 DS   [-WA]
LDT=0000 0000000000000000 0000ffff 00008200 DPL=0 LDT
TR =0000 0000000000000000 0000ffff 00008b00 DPL=0 TSS64-busy
GDT=     000000003f5dc000 00000047
IDT=     000000003efa3018 00000fff
CR0=80010033 CR2=0000000000000000 CR3=000000003f801000 CR4=00000668
DR0=0000000000000000 DR1=0000000000000000 DR2=0000000000000000 DR3=0000000000000000 
DR6=00000000ffff0ff0 DR7=0000000000000400
CCS=0000000000000044 CCD=0000000000000000 CCO=EFLAGS
EFER=0000000000000d00
Servicing hardware INT=0x20
    18: v=20 e=0000 i=0 cpl=0 IP=0038:000000003fe7717b pc=000000003fe7717b SP=0030:000000003fe65948 env->regs[R_EAX]=000000003e7b7088
RAX=000000003e7b7088 RBX=000000003fe8c0a0 RCX=000000003e7b7088 RDX=000000003fe8c0b8
RSI=000000003fe8c0f0 RDI=0000000000001000 RBP=000000003fe659d0 RSP=000000003fe65948
R8 =000000003fe65a98 R9 =0000000000000000 R10=000000003fe65a78 R11=0000000000000000
R12=00000000000001b8 R13=0000000000000006 R14=0000000000000005 R15=000000003e7b7080
RIP=000000003fe7717b RFL=00000206 [-----P-] CPL=0 II=0 A20=1 SMM=0 HLT=0
ES =0030 0000000000000000 ffffffff 00cf9300 DPL=0 DS   [-WA]
CS =0038 0000000000000000 ffffffff 00af9a00 DPL=0 CS64 [-R-]
SS =0030 0000000000000000 ffffffff 00cf9300 DPL=0 DS   [-WA]
DS =0030 0000000000000000 ffffffff 00cf9300 DPL=0 DS   [-WA]
FS =0030 0000000000000000 ffffffff 00cf9300 DPL=0 DS   [-WA]
GS =0030 0000000000000000 ffffffff 00cf9300 DPL=0 DS   [-WA]
LDT=0000 0000000000000000 0000ffff 00008200 DPL=0 LDT
TR =0000 0000000000000000 0000ffff 00008b00 DPL=0 TSS64-busy
GDT=     000000003f5dc000 00000047
IDT=     000000003efa3018 00000fff
CR0=80010033 CR2=0000000000000000 CR3=000000003f801000 CR4=00000668
DR0=0000000000000000 DR1=0000000000000000 DR2=0000000000000000 DR3=0000000000000000 
DR6=00000000ffff0ff0 DR7=0000000000000400
CCS=0000000000000004 CCD=000000003fe65950 CCO=EFLAGS
EFER=0000000000000d00
Servicing hardware INT=0x20
    19: v=20 e=0000 i=0 cpl=0 IP=0038:000000003fe82e8c pc=000000003fe82e8c SP=0030:000000003fe65920 env->regs[R_EAX]=00000000000000af
RAX=00000000000000af RBX=000000003e729000 RCX=0000000000000000 RDX=000000003e729000
RSI=000000003fe8bb60 RDI=000000003e72f000 RBP=000000003fe659b0 RSP=000000003fe65920
R8 =00000000000000af R9 =000000003e72efff R10=000000000000000d R11=000000003e7262e0
R12=000000003e72efff R13=000000003e72f000 R14=000000003ea12840 R15=000000003e72efff
RIP=000000003fe82e8c RFL=00000202 [-------] CPL=0 II=0 A20=1 SMM=0 HLT=0
ES =0030 0000000000000000 ffffffff 00cf9300 DPL=0 DS   [-WA]
CS =0038 0000000000000000 ffffffff 00af9a00 DPL=0 CS64 [-R-]
SS =0030 0000000000000000 ffffffff 00cf9300 DPL=0 DS   [-WA]
DS =0030 0000000000000000 ffffffff 00cf9300 DPL=0 DS   [-WA]
FS =0030 0000000000000000 ffffffff 00cf9300 DPL=0 DS   [-WA]
GS =0030 0000000000000000 ffffffff 00cf9300 DPL=0 DS   [-WA]
LDT=0000 0000000000000000 0000ffff 00008200 DPL=0 LDT
TR =0000 0000000000000000 0000ffff 00008b00 DPL=0 TSS64-busy
GDT=     000000003f5dc000 00000047
IDT=     000000003efa3018 00000fff
CR0=80010033 CR2=0000000000000000 CR3=000000003f801000 CR4=00000668
DR0=0000000000000000 DR1=0000000000000000 DR2=0000000000000000 DR3=0000000000000000 
DR6=00000000ffff0ff0 DR7=0000000000000400
CCS=0000000000000000 CCD=000000003fe65908 CCO=EFLAGS
EFER=0000000000000d00
Servicing hardware INT=0x20
    20: v=20 e=0000 i=0 cpl=0 IP=0038:000000003fe82e8c pc=000000003fe82e8c SP=0030:000000003fe65b10 env->regs[R_EAX]=00000000000000af
RAX=00000000000000af RBX=000000003e728000 RCX=0000000000000000 RDX=000000003e728000
RSI=000000003fe8bb60 RDI=000000003e72d000 RBP=000000003fe65ba0 RSP=000000003fe65b10
R8 =00000000000000af R9 =000000003e72cfff R10=000000003f6bd260 R11=0000000000000000
R12=000000003e72cfff R13=000000003e72d000 R14=000000003ea12200 R15=000000003e72cfff
RIP=000000003fe82e8c RFL=00000202 [-------] CPL=0 II=0 A20=1 SMM=0 HLT=0
ES =0030 0000000000000000 ffffffff 00cf9300 DPL=0 DS   [-WA]
CS =0038 0000000000000000 ffffffff 00af9a00 DPL=0 CS64 [-R-]
SS =0030 0000000000000000 ffffffff 00cf9300 DPL=0 DS   [-WA]
DS =0030 0000000000000000 ffffffff 00cf9300 DPL=0 DS   [-WA]
FS =0030 0000000000000000 ffffffff 00cf9300 DPL=0 DS   [-WA]
GS =0030 0000000000000000 ffffffff 00cf9300 DPL=0 DS   [-WA]
LDT=0000 0000000000000000 0000ffff 00008200 DPL=0 LDT
TR =0000 0000000000000000 0000ffff 00008b00 DPL=0 TSS64-busy
GDT=     000000003f5dc000 00000047
IDT=     000000003efa3018 00000fff
CR0=80010033 CR2=0000000000000000 CR3=000000003f801000 CR4=00000668
DR0=0000000000000000 DR1=0000000000000000 DR2=0000000000000000 DR3=0000000000000000 
DR6=00000000ffff0ff0 DR7=0000000000000400
CCS=0000000000000000 CCD=000000003fe65af8 CCO=EFLAGS
EFER=0000000000000d00
Servicing hardware INT=0x20
    21: v=20 e=0000 i=0 cpl=0 IP=0038:000000003fe773ea pc=000000003fe773ea SP=0030:000000003fe65860 env->regs[R_EAX]=6a5180d0de7afb96
RAX=6a5180d0de7afb96 RBX=000000003fe8a120 RCX=000000003e7b8cb8 RDX=000000003fe8a120
RSI=000000003e7b8cb0 RDI=4a3823dc9042a9de RBP=000000003fe658a0 RSP=000000003fe65860
R8 =000000003fe65a20 R9 =000000003e74a398 R10=000000000000b284 R11=0000000000000000
R12=4181da36b1ee129e R13=0000000000000000 R14=000000003fe8a0e0 R15=000000003fe844d1
RIP=000000003fe773ea RFL=00000206 [-----P-] CPL=0 II=0 A20=1 SMM=0 HLT=0
ES =0030 0000000000000000 ffffffff 00cf9300 DPL=0 DS   [-WA]
CS =0038 0000000000000000 ffffffff 00af9a00 DPL=0 CS64 [-R-]
SS =0030 0000000000000000 ffffffff 00cf9300 DPL=0 DS   [-WA]
DS =0030 0000000000000000 ffffffff 00cf9300 DPL=0 DS   [-WA]
FS =0030 0000000000000000 ffffffff 00cf9300 DPL=0 DS   [-WA]
GS =0030 0000000000000000 ffffffff 00cf9300 DPL=0 DS   [-WA]
LDT=0000 0000000000000000 0000ffff 00008200 DPL=0 LDT
TR =0000 0000000000000000 0000ffff 00008b00 DPL=0 TSS64-busy
GDT=     000000003f5dc000 00000047
IDT=     000000003efa3018 00000fff
CR0=80010033 CR2=0000000000000000 CR3=000000003f801000 CR4=00000668
DR0=0000000000000000 DR1=0000000000000000 DR2=0000000000000000 DR3=0000000000000000 
DR6=00000000ffff0ff0 DR7=0000000000000400
CCS=0000000000000004 CCD=000000003fe65848 CCO=EFLAGS
EFER=0000000000000d00
Servicing hardware INT=0x20
    22: v=20 e=0000 i=0 cpl=0 IP=0038:000000003fe6effd pc=000000003fe6effd SP=0030:000000003fe658d0 env->regs[R_EAX]=0000000000002386
RAX=0000000000002386 RBX=000000003f3ac018 RCX=000000003f3ac020 RDX=0000000000000086
RSI=000000003fe65990 RDI=0000000000000000 RBP=000000003fe65930 RSP=000000003fe658d0
R8 =000000003fe65983 R9 =000000003fe65990 R10=0000000000000010 R11=0000000000000000
R12=000000003fe65984 R13=000000003f4e3618 R14=000000003f4e3698 R15=000000003fe65990
RIP=000000003fe6effd RFL=00000202 [-------] CPL=0 II=0 A20=1 SMM=0 HLT=0
ES =0030 0000000000000000 ffffffff 00cf9300 DPL=0 DS   [-WA]
CS =0038 0000000000000000 ffffffff 00af9a00 DPL=0 CS64 [-R-]
SS =0030 0000000000000000 ffffffff 00cf9300 DPL=0 DS   [-WA]
DS =0030 0000000000000000 ffffffff 00cf9300 DPL=0 DS   [-WA]
FS =0030 0000000000000000 ffffffff 00cf9300 DPL=0 DS   [-WA]
GS =0030 0000000000000000 ffffffff 00cf9300 DPL=0 DS   [-WA]
LDT=0000 0000000000000000 0000ffff 00008200 DPL=0 LDT
TR =0000 0000000000000000 0000ffff 00008b00 DPL=0 TSS64-busy
GDT=     000000003f5dc000 00000047
IDT=     000000003efa3018 00000fff
CR0=80010033 CR2=0000000000000000 CR3=000000003f801000 CR4=00000668
DR0=0000000000000000 DR1=0000000000000000 DR2=0000000000000000 DR3=0000000000000000 
DR6=00000000ffff0ff0 DR7=0000000000000400
CCS=0000000000000000 CCD=0000000000002386 CCO=EFLAGS
EFER=0000000000000d00
Servicing hardware INT=0x20
    23: v=20 e=0000 i=0 cpl=0 IP=0038:000000003fe82e8a pc=000000003fe82e8a SP=0030:000000003fe65920 env->regs[R_EAX]=00000000000000af
RAX=00000000000000af RBX=000000003e5b2000 RCX=0000000000020001 RDX=000000003e5b2000
RSI=000000003fe8bb60 RDI=000000003e671fff RBP=000000003fe659b0 RSP=000000003fe65920
R8 =00000000000000af R9 =000000003e691fff R10=000000000000001d R11=000000003e7263e0
R12=000000003e691fff R13=000000003e692000 R14=000000003f7ff3c0 R15=000000003e691fff
RIP=000000003fe82e8a RFL=00010202 [-------] CPL=0 II=0 A20=1 SMM=0 HLT=0
ES =0030 0000000000000000 ffffffff 00cf9300 DPL=0 DS   [-WA]
CS =0038 0000000000000000 ffffffff 00af9a00 DPL=0 CS64 [-R-]
SS =0030 0000000000000000 ffffffff 00cf9300 DPL=0 DS   [-WA]
DS =0030 0000000000000000 ffffffff 00cf9300 DPL=0 DS   [-WA]
FS =0030 0000000000000000 ffffffff 00cf9300 DPL=0 DS   [-WA]
GS =0030 0000000000000000 ffffffff 00cf9300 DPL=0 DS   [-WA]
LDT=0000 0000000000000000 0000ffff 00008200 DPL=0 LDT
TR =0000 0000000000000000 0000ffff 00008b00 DPL=0 TSS64-busy
GDT=     000000003f5dc000 00000047
IDT=     000000003efa3018 00000fff
CR0=80010033 CR2=0000000000000000 CR3=000000003f801000 CR4=00000668
DR0=0000000000000000 DR1=0000000000000000 DR2=0000000000000000 DR3=0000000000000000 
DR6=00000000ffff0ff0 DR7=0000000000000400
CCS=0000000000000000 CCD=000000003fe65908 CCO=EFLAGS
EFER=0000000000000d00
Servicing hardware INT=0x20
    24: v=20 e=0000 i=0 cpl=0 IP=0038:000000003e506c48 pc=000000003e506c48 SP=0030:000000003fe65840 env->regs[R_EAX]=000000003e576471
RAX=000000003e576471 RBX=000000003fe658de RCX=0000000000000000 RDX=0000000000000002
RSI=0000000000000060 RDI=000000003fe658de RBP=000000003fe658c0 RSP=000000003fe65840
R8 =00000000000000af R9 =0000000000000028 R10=0000000000001300 R11=0000000000000004
R12=0000000000000032 R13=0000000000000000 R14=0000000000000010 R15=0000000000000000
RIP=000000003e506c48 RFL=00000202 [-------] CPL=0 II=0 A20=1 SMM=0 HLT=0
ES =0030 0000000000000000 ffffffff 00cf9300 DPL=0 DS   [-WA]
CS =0038 0000000000000000 ffffffff 00af9a00 DPL=0 CS64 [-R-]
SS =0030 0000000000000000 ffffffff 00cf9300 DPL=0 DS   [-WA]
DS =0030 0000000000000000 ffffffff 00cf9300 DPL=0 DS   [-WA]
FS =0030 0000000000000000 ffffffff 00cf9300 DPL=0 DS   [-WA]
GS =0030 0000000000000000 ffffffff 00cf9300 DPL=0 DS   [-WA]
LDT=0000 0000000000000000 0000ffff 00008200 DPL=0 LDT
TR =0000 0000000000000000 0000ffff 00008b00 DPL=0 TSS64-busy
GDT=     000000003f5dc000 00000047
IDT=     000000003efa3018 00000fff
CR0=80010033 CR2=0000000000000000 CR3=000000003f801000 CR4=00000668
DR0=0000000000000000 DR1=0000000000000000 DR2=0000000000000000 DR3=0000000000000000 
DR6=00000000ffff0ff0 DR7=0000000000000400
CCS=0000000000000000 CCD=0000000000000031 CCO=EFLAGS
EFER=0000000000000d00
Servicing hardware INT=0x20
    25: v=20 e=0000 i=0 cpl=0 IP=0038:000000003e509fe0 pc=000000003e509fe0 SP=0030:000000003fe656f0 env->regs[R_EAX]=000000003e6b8728
RAX=000000003e6b8728 RBX=000000003e5711f3 RCX=0000000000000000 RDX=000000003e6b8728
RSI=000000003e56c333 RDI=0000000000000030 RBP=000000003fe65740 RSP=000000003fe656f0
R8 =0000000000000000 R9 =000000003e6b8718 R10=0000000000000020 R11=0000000000000000
R12=000000003e5711f3 R13=000000003e5ad460 R14=0000000000002f05 R15=0000000000000000
RIP=000000003e509fe0 RFL=00000246 [---Z-P-] CPL=0 II=0 A20=1 SMM=0 HLT=0
ES =0030 0000000000000000 ffffffff 00cf9300 DPL=0 DS   [-WA]
CS =0038 0000000000000000 ffffffff 00af9a00 DPL=0 CS64 [-R-]
SS =0030 0000000000000000 ffffffff 00cf9300 DPL=0 DS   [-WA]
DS =0030 0000000000000000 ffffffff 00cf9300 DPL=0 DS   [-WA]
FS =0030 0000000000000000 ffffffff 00cf9300 DPL=0 DS   [-WA]
GS =0030 0000000000000000 ffffffff 00cf9300 DPL=0 DS   [-WA]
LDT=0000 0000000000000000 0000ffff 00008200 DPL=0 LDT
TR =0000 0000000000000000 0000ffff 00008b00 DPL=0 TSS64-busy
GDT=     000000003f5dc000 00000047
IDT=     000000003efa3018 00000fff
CR0=80010033 CR2=0000000000000000 CR3=000000003f801000 CR4=00000668
DR0=0000000000000000 DR1=0000000000000000 DR2=0000000000000000 DR3=0000000000000000 
DR6=00000000ffff0ff0 DR7=0000000000000400
CCS=0000000000000044 CCD=0000000000000000 CCO=EFLAGS
EFER=0000000000000d00
Servicing hardware INT=0x20
    26: v=20 e=0000 i=0 cpl=0 IP=0038:000000003e50aa44 pc=000000003e50aa44 SP=0030:000000003fe65830 env->regs[R_EAX]=0000000000000030
RAX=0000000000000030 RBX=000000003e682fa8 RCX=000000000000b008 RDX=0000000000000000
RSI=0000000000000010 RDI=000000003e682fa8 RBP=000000003fe65850 RSP=000000003fe65830
R8 =0000000000000000 R9 =000000003e682818 R10=000000003e4fff84 R11=0000000000bd0000
R12=0000000000000030 R13=000000003fe658a0 R14=000000003fe65938 R15=000000003fe65898
RIP=000000003e50aa44 RFL=00000202 [-------] CPL=0 II=0 A20=1 SMM=0 HLT=0
ES =0030 0000000000000000 ffffffff 00cf9300 DPL=0 DS   [-WA]
CS =0038 0000000000000000 ffffffff 00af9a00 DPL=0 CS64 [-R-]
SS =0030 0000000000000000 ffffffff 00cf9300 DPL=0 DS   [-WA]
DS =0030 0000000000000000 ffffffff 00cf9300 DPL=0 DS   [-WA]
FS =0030 0000000000000000 ffffffff 00cf9300 DPL=0 DS   [-WA]
GS =0030 0000000000000000 ffffffff 00cf9300 DPL=0 DS   [-WA]
LDT=0000 0000000000000000 0000ffff 00008200 DPL=0 LDT
TR =0000 0000000000000000 0000ffff 00008b00 DPL=0 TSS64-busy
GDT=     000000003f5dc000 00000047
IDT=     000000003efa3018 00000fff
CR0=80010033 CR2=0000000000000000 CR3=000000003f801000 CR4=00000668
DR0=0000000000000000 DR1=0000000000000000 DR2=0000000000000000 DR3=0000000000000000 
DR6=00000000ffff0ff0 DR7=0000000000000400
CCS=0000000000000000 CCD=0000000000000020 CCO=EFLAGS
EFER=0000000000000d00
Servicing hardware INT=0x20
    27: v=20 e=0000 i=0 cpl=0 IP=0038:000000003e4fe000 pc=000000003e4fe000 SP=0030:000000003fe65990 env->regs[R_EAX]=0000000000369049
RAX=0000000000369049 RBX=000000003e6e3ba8 RCX=0000000000000015 RDX=000000000000000b
RSI=0000000000000488 RDI=00000000dda2ac88 RBP=000000003fe65990 RSP=000000003fe65990
R8 =000000003e67baaf R9 =0000000000000020 R10=0000000000000800 R11=0000000000000000
R12=000000003e6b87a8 R13=000000003fe65a00 R14=000000003fe659e8 R15=000000003e56c333
RIP=000000003e4fe000 RFL=00000286 [--S--P-] CPL=0 II=0 A20=1 SMM=0 HLT=0
ES =0030 0000000000000000 ffffffff 00cf9300 DPL=0 DS   [-WA]
CS =0038 0000000000000000 ffffffff 00af9a00 DPL=0 CS64 [-R-]
SS =0030 0000000000000000 ffffffff 00cf9300 DPL=0 DS   [-WA]
DS =0030 0000000000000000 ffffffff 00cf9300 DPL=0 DS   [-WA]
FS =0030 0000000000000000 ffffffff 00cf9300 DPL=0 DS   [-WA]
GS =0030 0000000000000000 ffffffff 00cf9300 DPL=0 DS   [-WA]
LDT=0000 0000000000000000 0000ffff 00008200 DPL=0 LDT
TR =0000 0000000000000000 0000ffff 00008b00 DPL=0 TSS64-busy
GDT=     000000003f5dc000 00000047
IDT=     000000003efa3018 00000fff
CR0=80010033 CR2=0000000000000000 CR3=000000003f801000 CR4=00000668
DR0=0000000000000000 DR1=0000000000000000 DR2=0000000000000000 DR3=0000000000000000 
DR6=00000000ffff0ff0 DR7=0000000000000400
CCS=0000000000000084 CCD=00000488dda2ac88 CCO=EFLAGS
EFER=0000000000000d00
Servicing hardware INT=0x20
    28: v=20 e=0000 i=0 cpl=0 IP=0038:000000003e52e7d9 pc=000000003e52e7d9 SP=0030:000000003fe65800 env->regs[R_EAX]=000000003e674b28
RAX=000000003e674b28 RBX=000000003fe65868 RCX=0000000000000100 RDX=0000000000000030
RSI=000000003e674b28 RDI=000000003e68a0a8 RBP=000000003fe65840 RSP=000000003fe65800
R8 =0000000000000000 R9 =000000003fe65868 R10=000000003fe658dc R11=0000000000bd0000
R12=0000000000000030 R13=000000003e68a0a8 R14=0000000000000000 R15=0000000000000100
RIP=000000003e52e7d9 RFL=00000246 [---Z-P-] CPL=0 II=0 A20=1 SMM=0 HLT=0
ES =0030 0000000000000000 ffffffff 00cf9300 DPL=0 DS   [-WA]
CS =0038 0000000000000000 ffffffff 00af9a00 DPL=0 CS64 [-R-]
SS =0030 0000000000000000 ffffffff 00cf9300 DPL=0 DS   [-WA]
DS =0030 0000000000000000 ffffffff 00cf9300 DPL=0 DS   [-WA]
FS =0030 0000000000000000 ffffffff 00cf9300 DPL=0 DS   [-WA]
GS =0030 0000000000000000 ffffffff 00cf9300 DPL=0 DS   [-WA]
LDT=0000 0000000000000000 0000ffff 00008200 DPL=0 LDT
TR =0000 0000000000000000 0000ffff 00008b00 DPL=0 TSS64-busy
GDT=     000000003f5dc000 00000047
IDT=     000000003efa3018 00000fff
CR0=80010033 CR2=0000000000000000 CR3=000000003f801000 CR4=00000668
DR0=0000000000000000 DR1=0000000000000000 DR2=0000000000000000 DR3=0000000000000000 
DR6=00000000ffff0ff0 DR7=0000000000000400
CCS=0000000000000044 CCD=0000000000000000 CCO=EFLAGS
EFER=0000000000000d00
Servicing hardware INT=0x20
    29: v=20 e=0000 i=0 cpl=0 IP=0038:000000003e62b2a2 pc=000000003e62b2a2 SP=0030:000000003fe65910 env->regs[R_EAX]=8000000000000003
RAX=8000000000000003 RBX=8000000000000003 RCX=000000003eb6ca80 RDX=0000000000000000
RSI=000000003e671e18 RDI=000000003e6380e0 RBP=000000003fe65970 RSP=000000003fe65910
R8 =000000003fe65948 R9 =000000003e672898 R10=0000000000000021 R11=000000003e7109c0
R12=000000003e638220 R13=0000000000000000 R14=000000003e6380e0 R15=0000000000000000
RIP=000000003e62b2a2 RFL=00000202 [-------] CPL=0 II=0 A20=1 SMM=0 HLT=0
ES =0030 0000000000000000 ffffffff 00cf9300 DPL=0 DS   [-WA]
CS =0038 0000000000000000 ffffffff 00af9a00 DPL=0 CS64 [-R-]
SS =0030 0000000000000000 ffffffff 00cf9300 DPL=0 DS   [-WA]
DS =0030 0000000000000000 ffffffff 00cf9300 DPL=0 DS   [-WA]
FS =0030 0000000000000000 ffffffff 00cf9300 DPL=0 DS   [-WA]
GS =0030 0000000000000000 ffffffff 00cf9300 DPL=0 DS   [-WA]
LDT=0000 0000000000000000 0000ffff 00008200 DPL=0 LDT
TR =0000 0000000000000000 0000ffff 00008b00 DPL=0 TSS64-busy
GDT=     000000003f5dc000 00000047
IDT=     000000003efa3018 00000fff
CR0=80010033 CR2=0000000000000000 CR3=000000003f801000 CR4=00000668
DR0=0000000000000000 DR1=0000000000000000 DR2=0000000000000000 DR3=0000000000000000 
DR6=00000000ffff0ff0 DR7=0000000000000400
CCS=0000000000000000 CCD=000000003fe658c8 CCO=EFLAGS
EFER=0000000000000d00
Servicing hardware INT=0x20
    30: v=20 e=0000 i=0 cpl=0 IP=0038:000000003e781a7a pc=000000003e781a7a SP=0030:000000003fe65940 env->regs[R_EAX]=000000003e66eb18
RAX=000000003e66eb18 RBX=000000003fe65af8 RCX=0000000000000000 RDX=000000003e66ee18
RSI=000000000000000c RDI=0000000000000004 RBP=000000003fe65950 RSP=000000003fe65940
R8 =0000000000000004 R9 =000000003e66ee23 R10=000000003fe658d8 R11=0000000000000000
R12=0000000000000000 R13=0000000000000109 R14=0000000000010000 R15=000000003fe65a20
RIP=000000003e781a7a RFL=00000202 [-------] CPL=0 II=0 A20=1 SMM=0 HLT=0
ES =0030 0000000000000000 ffffffff 00cf9300 DPL=0 DS   [-WA]
CS =0038 0000000000000000 ffffffff 00af9a00 DPL=0 CS64 [-R-]
SS =0030 0000000000000000 ffffffff 00cf9300 DPL=0 DS   [-WA]
DS =0030 0000000000000000 ffffffff 00cf9300 DPL=0 DS   [-WA]
FS =0030 0000000000000000 ffffffff 00cf9300 DPL=0 DS   [-WA]
GS =0030 0000000000000000 ffffffff 00cf9300 DPL=0 DS   [-WA]
LDT=0000 0000000000000000 0000ffff 00008200 DPL=0 LDT
TR =0000 0000000000000000 0000ffff 00008b00 DPL=0 TSS64-busy
GDT=     000000003f5dc000 00000047
IDT=     000000003efa3018 00000fff
CR0=80010033 CR2=0000000000000000 CR3=000000003f801000 CR4=00000668
DR0=0000000000000000 DR1=0000000000000000 DR2=0000000000000000 DR3=0000000000000000 
DR6=00000000ffff0ff0 DR7=0000000000000400
CCS=0000000000000000 CCD=000000003fe65910 CCO=EFLAGS
EFER=0000000000000d00
Servicing hardware INT=0x20
    31: v=20 e=0000 i=0 cpl=0 IP=0038:000000003e781fac pc=000000003e781fac SP=0030:000000003fe65ae0 env->regs[R_EAX]=0000000000000000
RAX=0000000000000000 RBX=000000003e79e5f0 RCX=0000000000000002 RDX=000000000000006e
RSI=000000003e66eb98 RDI=000000003e79e5f0 RBP=000000003fe65b20 RSP=000000003fe65ae0
R8 =0000000000000001 R9 =0000000000000000 R10=000000003f58a1f4 R11=000000003f6d631e
R12=0000000000000002 R13=000000003e66eb98 R14=0000000000000002 R15=000000003e79e5f0
RIP=000000003e781fac RFL=00000246 [---Z-P-] CPL=0 II=0 A20=1 SMM=0 HLT=0
ES =0030 0000000000000000 ffffffff 00cf9300 DPL=0 DS   [-WA]
CS =0038 0000000000000000 ffffffff 00af9a00 DPL=0 CS64 [-R-]
SS =0030 0000000000000000 ffffffff 00cf9300 DPL=0 DS   [-WA]
DS =0030 0000000000000000 ffffffff 00cf9300 DPL=0 DS   [-WA]
FS =0030 0000000000000000 ffffffff 00cf9300 DPL=0 DS   [-WA]
GS =0030 0000000000000000 ffffffff 00cf9300 DPL=0 DS   [-WA]
LDT=0000 0000000000000000 0000ffff 00008200 DPL=0 LDT
TR =0000 0000000000000000 0000ffff 00008b00 DPL=0 TSS64-busy
GDT=     000000003f5dc000 00000047
IDT=     000000003efa3018 00000fff
CR0=80010033 CR2=0000000000000000 CR3=000000003f801000 CR4=00000668
DR0=0000000000000000 DR1=0000000000000000 DR2=0000000000000000 DR3=0000000000000000 
DR6=00000000ffff0ff0 DR7=0000000000000400
CCS=0000000000000044 CCD=0000000000000000 CCO=EFLAGS
EFER=0000000000000d00
Servicing hardware INT=0x20
    32: v=20 e=0000 i=0 cpl=0 IP=0038:000000003ea303b1 pc=000000003ea303b1 SP=0030:000000003fe65690 env->regs[R_EAX]=0000000000000001
RAX=0000000000000001 RBX=0000000000000000 RCX=0000000000000001 RDX=0000000000000cf8
RSI=0000000000000001 RDI=0000000000000000 RBP=000000003fe656f0 RSP=000000003fe65690
R8 =0000000000000000 R9 =0000000000000cf8 R10=0000000000000000 R11=0000000000000000
R12=000000003fe658a4 R13=0000000000000000 R14=000000000000b014 R15=0000000000000004
RIP=000000003ea303b1 RFL=00000202 [-------] CPL=0 II=0 A20=1 SMM=0 HLT=0
ES =0030 0000000000000000 ffffffff 00cf9300 DPL=0 DS   [-WA]
CS =0038 0000000000000000 ffffffff 00af9a00 DPL=0 CS64 [-R-]
SS =0030 0000000000000000 ffffffff 00cf9300 DPL=0 DS   [-WA]
DS =0030 0000000000000000 ffffffff 00cf9300 DPL=0 DS   [-WA]
FS =0030 0000000000000000 ffffffff 00cf9300 DPL=0 DS   [-WA]
GS =0030 0000000000000000 ffffffff 00cf9300 DPL=0 DS   [-WA]
LDT=0000 0000000000000000 0000ffff 00008200 DPL=0 LDT
TR =0000 0000000000000000 0000ffff 00008b00 DPL=0 TSS64-busy
GDT=     000000003f5dc000 00000047
IDT=     000000003efa3018 00000fff
CR0=80010033 CR2=0000000000000000 CR3=000000003f801000 CR4=00000668
DR0=0000000000000000 DR1=0000000000000000 DR2=0000000000000000 DR3=0000000000000000 
DR6=00000000ffff0ff0 DR7=0000000000000400
CCS=0000000000000038 CCD=0000000000000001 CCO=LOGICB
EFER=0000000000000d00
Servicing hardware INT=0x20
    33: v=20 e=0000 i=0 cpl=0 IP=0038:000000003ef9f291 pc=000000003ef9f291 SP=0030:000000003fe65438 env->regs[R_EAX]=0000000000000000
RAX=0000000000000000 RBX=00000000810061e4 RCX=0000000000000002 RDX=000000003efa1880
RSI=0000000000000002 RDI=0000000000000000 RBP=000000003fe65450 RSP=000000003fe65438
R8 =000000003e5e8018 R9 =0000000081000000 R10=000000000000267f R11=0000000000000002
R12=000000003e5ee1fc R13=0000000000000e07 R14=0000000000000004 R15=0000000000000004
RIP=000000003ef9f291 RFL=00000246 [---Z-P-] CPL=0 II=0 A20=1 SMM=0 HLT=0
ES =0030 0000000000000000 ffffffff 00cf9300 DPL=0 DS   [-WA]
CS =0038 0000000000000000 ffffffff 00af9a00 DPL=0 CS64 [-R-]
SS =0030 0000000000000000 ffffffff 00cf9300 DPL=0 DS   [-WA]
DS =0030 0000000000000000 ffffffff 00cf9300 DPL=0 DS   [-WA]
FS =0030 0000000000000000 ffffffff 00cf9300 DPL=0 DS   [-WA]
GS =0030 0000000000000000 ffffffff 00cf9300 DPL=0 DS   [-WA]
LDT=0000 0000000000000000 0000ffff 00008200 DPL=0 LDT
TR =0000 0000000000000000 0000ffff 00008b00 DPL=0 TSS64-busy
GDT=     000000003f5dc000 00000047
IDT=     000000003efa3018 00000fff
CR0=80010033 CR2=0000000000000000 CR3=000000003f801000 CR4=00000668
DR0=0000000000000000 DR1=0000000000000000 DR2=0000000000000000 DR3=0000000000000000 
DR6=00000000ffff0ff0 DR7=0000000000000400
CCS=0000000000000044 CCD=0000000000000000 CCO=EFLAGS
EFER=0000000000000d00
Servicing hardware INT=0x20
    34: v=20 e=0000 i=0 cpl=0 IP=0038:000000003eb57266 pc=000000003eb57266 SP=0030:000000003fe65788 env->regs[R_EAX]=000000003eb6ca80
RAX=000000003eb6ca80 RBX=0000000000000004 RCX=000000003eb6ca80 RDX=0000000000000000
RSI=0000000000000000 RDI=0000000000000001 RBP=000000003fe657c0 RSP=000000003fe65788
R8 =0000000000000000 R9 =0000000000000cf8 R10=0000000000000000 R11=0000000000000000
R12=000000000000001f R13=0000000000000007 R14=0000000000000004 R15=000000003e6650c8
RIP=000000003eb57266 RFL=00000206 [-----P-] CPL=0 II=0 A20=1 SMM=0 HLT=0
ES =0030 0000000000000000 ffffffff 00cf9300 DPL=0 DS   [-WA]
CS =0038 0000000000000000 ffffffff 00af9a00 DPL=0 CS64 [-R-]
SS =0030 0000000000000000 ffffffff 00cf9300 DPL=0 DS   [-WA]
DS =0030 0000000000000000 ffffffff 00cf9300 DPL=0 DS   [-WA]
FS =0030 0000000000000000 ffffffff 00cf9300 DPL=0 DS   [-WA]
GS =0030 0000000000000000 ffffffff 00cf9300 DPL=0 DS   [-WA]
LDT=0000 0000000000000000 0000ffff 00008200 DPL=0 LDT
TR =0000 0000000000000000 0000ffff 00008b00 DPL=0 TSS64-busy
GDT=     000000003f5dc000 00000047
IDT=     000000003efa3018 00000fff
CR0=80010033 CR2=0000000000000000 CR3=000000003f801000 CR4=00000668
DR0=0000000000000000 DR1=0000000000000000 DR2=0000000000000000 DR3=0000000000000000 
DR6=00000000ffff0ff0 DR7=0000000000000400
CCS=0000000000000020 CCD=000000003fe65790 CCO=SUBQ
EFER=0000000000000d00
Servicing hardware INT=0x20
    35: v=20 e=0000 i=0 cpl=0 IP=0038:000000003fe789f4 pc=000000003fe789f4 SP=0030:000000003fe65430 env->regs[R_EAX]=0000000000000001
RAX=0000000000000001 RBX=000000003e660018 RCX=0000000000000007 RDX=000000003e5d1c58
RSI=0000000000000003 RDI=000000003e660018 RBP=000000003fe65490 RSP=000000003fe65430
R8 =00000000000062ff R9 =0000000000000040 R10=000000000000001f R11=0000000000000002
R12=000000000000000c R13=0000000000000100 R14=000000000000000c R15=00000000000082f8
RIP=000000003fe789f4 RFL=00000206 [-----P-] CPL=0 II=0 A20=1 SMM=0 HLT=0
ES =0030 0000000000000000 ffffffff 00cf9300 DPL=0 DS   [-WA]
CS =0038 0000000000000000 ffffffff 00af9a00 DPL=0 CS64 [-R-]
SS =0030 0000000000000000 ffffffff 00cf9300 DPL=0 DS   [-WA]
DS =0030 0000000000000000 ffffffff 00cf9300 DPL=0 DS   [-WA]
FS =0030 0000000000000000 ffffffff 00cf9300 DPL=0 DS   [-WA]
GS =0030 0000000000000000 ffffffff 00cf9300 DPL=0 DS   [-WA]
LDT=0000 0000000000000000 0000ffff 00008200 DPL=0 LDT
TR =0000 0000000000000000 0000ffff 00008b00 DPL=0 TSS64-busy
GDT=     000000003f5dc000 00000047
IDT=     000000003efa3018 00000fff
CR0=80010033 CR2=0000000000000000 CR3=000000003f801000 CR4=00000668
DR0=0000000000000000 DR1=0000000000000000 DR2=0000000000000000 DR3=0000000000000000 
DR6=00000000ffff0ff0 DR7=0000000000000400
CCS=0000000000000004 CCD=000000001d1328f9 CCO=EFLAGS
EFER=0000000000000d00
Servicing hardware INT=0x20
    36: v=20 e=0000 i=0 cpl=0 IP=0038:000000003fe76f1c pc=000000003fe76f1c SP=0030:000000003fe65410 env->regs[R_EAX]=000000000000006e
RAX=000000000000006e RBX=000000003e660018 RCX=0000000000012c67 RDX=000000003e5d1c58
RSI=0000000000000007 RDI=000000003e660018 RBP=000000003fe65420 RSP=000000003fe65410
R8 =000000000001d43c R9 =00000000000000a0 R10=000000000000001f R11=0000000000000003
R12=0000000000000002 R13=0000000000000001 R14=000000000000067d R15=000000000001dabc
RIP=000000003fe76f1c RFL=00000206 [-----P-] CPL=0 II=0 A20=1 SMM=0 HLT=0
ES =0030 0000000000000000 ffffffff 00cf9300 DPL=0 DS   [-WA]
CS =0038 0000000000000000 ffffffff 00af9a00 DPL=0 CS64 [-R-]
SS =0030 0000000000000000 ffffffff 00cf9300 DPL=0 DS   [-WA]
DS =0030 0000000000000000 ffffffff 00cf9300 DPL=0 DS   [-WA]
FS =0030 0000000000000000 ffffffff 00cf9300 DPL=0 DS   [-WA]
GS =0030 0000000000000000 ffffffff 00cf9300 DPL=0 DS   [-WA]
LDT=0000 0000000000000000 0000ffff 00008200 DPL=0 LDT
TR =0000 0000000000000000 0000ffff 00008b00 DPL=0 TSS64-busy
GDT=     000000003f5dc000 00000047
IDT=     000000003efa3018 00000fff
CR0=80010033 CR2=0000000000000000 CR3=000000003f801000 CR4=00000668
DR0=0000000000000000 DR1=0000000000000000 DR2=0000000000000000 DR3=0000000000000000 
DR6=00000000ffff0ff0 DR7=0000000000000400
CCS=0000000000000004 CCD=0000000000003496 CCO=EFLAGS
EFER=0000000000000d00
Servicing hardware INT=0x20
    37: v=20 e=0000 i=0 cpl=0 IP=0038:000000003ea22304 pc=000000003ea22304 SP=0030:000000003fe658d0 env->regs[R_EAX]=0000000000000000
RAX=0000000000000000 RBX=000000003e663b98 RCX=0000000000000000 RDX=0000000000000500
RSI=0000000000000006 RDI=000000003e663c00 RBP=000000003fe659d0 RSP=000000003fe658d0
R8 =0000000000000000 R9 =0000000000000518 R10=000000003fe65b58 R11=0000000000000004
R12=0000000000001000 R13=000000003fe65978 R14=0000000080000000 R15=000000003ea24893
RIP=000000003ea22304 RFL=00000246 [---Z-P-] CPL=0 II=0 A20=1 SMM=0 HLT=0
ES =0030 0000000000000000 ffffffff 00cf9300 DPL=0 DS   [-WA]
CS =0038 0000000000000000 ffffffff 00af9a00 DPL=0 CS64 [-R-]
SS =0030 0000000000000000 ffffffff 00cf9300 DPL=0 DS   [-WA]
DS =0030 0000000000000000 ffffffff 00cf9300 DPL=0 DS   [-WA]
FS =0030 0000000000000000 ffffffff 00cf9300 DPL=0 DS   [-WA]
GS =0030 0000000000000000 ffffffff 00cf9300 DPL=0 DS   [-WA]
LDT=0000 0000000000000000 0000ffff 00008200 DPL=0 LDT
TR =0000 0000000000000000 0000ffff 00008b00 DPL=0 TSS64-busy
GDT=     000000003f5dc000 00000047
IDT=     000000003efa3018 00000fff
CR0=80010033 CR2=0000000000000000 CR3=000000003f801000 CR4=00000668
DR0=0000000000000000 DR1=0000000000000000 DR2=0000000000000000 DR3=0000000000000000 
DR6=00000000ffff0ff0 DR7=0000000000000400
CCS=0000000000000044 CCD=0000000000000500 CCO=EFLAGS
EFER=0000000000000d00
Servicing hardware INT=0x20
    38: v=20 e=0000 i=0 cpl=0 IP=0038:000000003eb36000 pc=000000003eb36000 SP=0030:000000003fe65950 env->regs[R_EAX]=000000003fe8afc0
RAX=000000003fe8afc0 RBX=0000000000000030 RCX=0000000000000001 RDX=0000000000000000
RSI=000000003fe8b9c0 RDI=0000000000000030 RBP=000000003fe65990 RSP=000000003fe65950
R8 =0000000000000001 R9 =000000003fe65978 R10=000000003f58a29c R11=000000003f6d631e
R12=000000003eb76818 R13=0000000000000080 R14=000000003fe8b940 R15=000000003eb76818
RIP=000000003eb36000 RFL=00000246 [---Z-P-] CPL=0 II=0 A20=1 SMM=0 HLT=0
ES =0030 0000000000000000 ffffffff 00cf9300 DPL=0 DS   [-WA]
CS =0038 0000000000000000 ffffffff 00af9a00 DPL=0 CS64 [-R-]
SS =0030 0000000000000000 ffffffff 00cf9300 DPL=0 DS   [-WA]
DS =0030 0000000000000000 ffffffff 00cf9300 DPL=0 DS   [-WA]
FS =0030 0000000000000000 ffffffff 00cf9300 DPL=0 DS   [-WA]
GS =0030 0000000000000000 ffffffff 00cf9300 DPL=0 DS   [-WA]
LDT=0000 0000000000000000 0000ffff 00008200 DPL=0 LDT
TR =0000 0000000000000000 0000ffff 00008b00 DPL=0 TSS64-busy
GDT=     000000003f5dc000 00000047
IDT=     000000003efa3018 00000fff
CR0=80010033 CR2=0000000000000000 CR3=000000003f801000 CR4=00000668
DR0=0000000000000000 DR1=0000000000000000 DR2=0000000000000000 DR3=0000000000000000 
DR6=00000000ffff0ff0 DR7=0000000000000400
CCS=0000000000000044 CCD=0000000000000000 CCO=EFLAGS
EFER=0000000000000d00
Servicing hardware INT=0x20
    39: v=20 e=0000 i=0 cpl=0 IP=0038:000000003f6cea4a pc=000000003f6cea4a SP=0030:000000003fe65710 env->regs[R_EAX]=00000000000000ff
RAX=00000000000000ff RBX=0000000000000000 RCX=0000000000010001 RDX=000000003eac2018
RSI=0000000000000000 RDI=000000003eaf2017 RBP=000000003fe657e0 RSP=000000003fe65710
R8 =00000000000000ff R9 =0000000000000000 R10=000000003f58a3f4 R11=000000003f6d631e
R12=000000003fe65840 R13=000000003fe65788 R14=0000000000000000 R15=000000003eac2018
RIP=000000003f6cea4a RFL=00010206 [-----P-] CPL=0 II=0 A20=1 SMM=0 HLT=0
ES =0030 0000000000000000 ffffffff 00cf9300 DPL=0 DS   [-WA]
CS =0038 0000000000000000 ffffffff 00af9a00 DPL=0 CS64 [-R-]
SS =0030 0000000000000000 ffffffff 00cf9300 DPL=0 DS   [-WA]
DS =0030 0000000000000000 ffffffff 00cf9300 DPL=0 DS   [-WA]
FS =0030 0000000000000000 ffffffff 00cf9300 DPL=0 DS   [-WA]
GS =0030 0000000000000000 ffffffff 00cf9300 DPL=0 DS   [-WA]
LDT=0000 0000000000000000 0000ffff 00008200 DPL=0 LDT
TR =0000 0000000000000000 0000ffff 00008b00 DPL=0 TSS64-busy
GDT=     000000003f5dc000 00000047
IDT=     000000003efa3018 00000fff
CR0=80010033 CR2=0000000000000000 CR3=000000003f801000 CR4=00000668
DR0=0000000000000000 DR1=0000000000000000 DR2=0000000000000000 DR3=0000000000000000 
DR6=00000000ffff0ff0 DR7=0000000000000400
CCS=0000000000000004 CCD=000000003fe65700 CCO=EFLAGS
EFER=0000000000000d00
Servicing hardware INT=0x20
    40: v=20 e=0000 i=0 cpl=0 IP=0038:000000003ef9f2c0 pc=000000003ef9f2c0 SP=0030:000000003fe65580 env->regs[R_EAX]=0000000000000000
RAX=0000000000000000 RBX=0000000080036a0c RCX=0000000000000002 RDX=000000003efa1880
RSI=0000000000000002 RDI=0000000000000000 RBP=000000003fe65590 RSP=000000003fe65580
R8 =000000003fe656dc R9 =0000000080000000 R10=00000000000fffff R11=000000000000000a
R12=000000003fe656dc R13=00000000000f257d R14=0000000000000004 R15=0000000000000000
RIP=000000003ef9f2c0 RFL=00000202 [-------] CPL=0 II=0 A20=1 SMM=0 HLT=0
ES =0030 0000000000000000 ffffffff 00cf9300 DPL=0 DS   [-WA]
CS =0038 0000000000000000 ffffffff 00af9a00 DPL=0 CS64 [-R-]
SS =0030 0000000000000000 ffffffff 00cf9300 DPL=0 DS   [-WA]
DS =0030 0000000000000000 ffffffff 00cf9300 DPL=0 DS   [-WA]
FS =0030 0000000000000000 ffffffff 00cf9300 DPL=0 DS   [-WA]
GS =0030 0000000000000000 ffffffff 00cf9300 DPL=0 DS   [-WA]
LDT=0000 0000000000000000 0000ffff 00008200 DPL=0 LDT
TR =0000 0000000000000000 0000ffff 00008b00 DPL=0 TSS64-busy
GDT=     000000003f5dc000 00000047
IDT=     000000003efa3018 00000fff
CR0=80010033 CR2=0000000000000000 CR3=000000003f801000 CR4=00000668
DR0=0000000000000000 DR1=0000000000000000 DR2=0000000000000000 DR3=0000000000000000 
DR6=00000000ffff0ff0 DR7=0000000000000400
CCS=0000000000000000 CCD=0000000000000001 CCO=EFLAGS
EFER=0000000000000d00
Servicing hardware INT=0x20
    41: v=20 e=0000 i=0 cpl=0 IP=0038:000000003ef9f2c0 pc=000000003ef9f2c0 SP=0030:000000003fe65580 env->regs[R_EAX]=0000000000000000
RAX=0000000000000000 RBX=00000000800dc888 RCX=0000000000000002 RDX=000000003efa1880
RSI=0000000000000002 RDI=0000000000000000 RBP=000000003fe65590 RSP=000000003fe65580
R8 =000000003fe656dc R9 =0000000080000000 R10=00000000000fffff R11=000000000000000a
R12=000000003fe656dc R13=00000000000c8dde R14=0000000000000004 R15=0000000000000000
RIP=000000003ef9f2c0 RFL=00000202 [-------] CPL=0 II=0 A20=1 SMM=0 HLT=0
ES =0030 0000000000000000 ffffffff 00cf9300 DPL=0 DS   [-WA]
CS =0038 0000000000000000 ffffffff 00af9a00 DPL=0 CS64 [-R-]
SS =0030 0000000000000000 ffffffff 00cf9300 DPL=0 DS   [-WA]
DS =0030 0000000000000000 ffffffff 00cf9300 DPL=0 DS   [-WA]
FS =0030 0000000000000000 ffffffff 00cf9300 DPL=0 DS   [-WA]
GS =0030 0000000000000000 ffffffff 00cf9300 DPL=0 DS   [-WA]
LDT=0000 0000000000000000 0000ffff 00008200 DPL=0 LDT
TR =0000 0000000000000000 0000ffff 00008b00 DPL=0 TSS64-busy
GDT=     000000003f5dc000 00000047
IDT=     000000003efa3018 00000fff
CR0=80010033 CR2=0000000000000000 CR3=000000003f801000 CR4=00000668
DR0=0000000000000000 DR1=0000000000000000 DR2=0000000000000000 DR3=0000000000000000 
DR6=00000000ffff0ff0 DR7=0000000000000400
CCS=0000000000000000 CCD=0000000000000001 CCO=EFLAGS
EFER=0000000000000d00
Servicing hardware INT=0x20
    42: v=20 e=0000 i=0 cpl=0 IP=0038:000000003ef9f291 pc=000000003ef9f291 SP=0030:000000003fe65578 env->regs[R_EAX]=0000000000000000
RAX=0000000000000000 RBX=00000000801854a8 RCX=0000000000000002 RDX=000000003efa1880
RSI=0000000000000002 RDI=0000000000000000 RBP=000000003fe65590 RSP=000000003fe65578
R8 =000000003fe656dc R9 =0000000080000000 R10=00000000000fffff R11=000000000000000a
R12=000000003fe656dc R13=000000000009ead6 R14=0000000000000004 R15=0000000000000000
RIP=000000003ef9f291 RFL=00000246 [---Z-P-] CPL=0 II=0 A20=1 SMM=0 HLT=0
ES =0030 0000000000000000 ffffffff 00cf9300 DPL=0 DS   [-WA]
CS =0038 0000000000000000 ffffffff 00af9a00 DPL=0 CS64 [-R-]
SS =0030 0000000000000000 ffffffff 00cf9300 DPL=0 DS   [-WA]
DS =0030 0000000000000000 ffffffff 00cf9300 DPL=0 DS   [-WA]
FS =0030 0000000000000000 ffffffff 00cf9300 DPL=0 DS   [-WA]
GS =0030 0000000000000000 ffffffff 00cf9300 DPL=0 DS   [-WA]
LDT=0000 0000000000000000 0000ffff 00008200 DPL=0 LDT
TR =0000 0000000000000000 0000ffff 00008b00 DPL=0 TSS64-busy
GDT=     000000003f5dc000 00000047
IDT=     000000003efa3018 00000fff
CR0=80010033 CR2=0000000000000000 CR3=000000003f801000 CR4=00000668
DR0=0000000000000000 DR1=0000000000000000 DR2=0000000000000000 DR3=0000000000000000 
DR6=00000000ffff0ff0 DR7=0000000000000400
CCS=0000000000000044 CCD=0000000000000000 CCO=EFLAGS
EFER=0000000000000d00
Servicing hardware INT=0x20
    43: v=20 e=0000 i=0 cpl=0 IP=0038:000000003efa0ae0 pc=000000003efa0ae0 SP=0030:000000003fe655a0 env->regs[R_EAX]=0000000000000000
RAX=0000000000000000 RBX=000000008021cd28 RCX=0000000000000002 RDX=000000003efa1880
RSI=0000000000000002 RDI=0000000000000000 RBP=000000003fe65620 RSP=000000003fe655a0
R8 =000000003fe656dc R9 =0000000080000000 R10=00000000000fffff R11=000000000000000a
R12=000000003fe656dc R13=0000000000078cb6 R14=0000000000000004 R15=0000000000000000
RIP=000000003efa0ae0 RFL=00000293 [--S-A-C] CPL=0 II=0 A20=1 SMM=0 HLT=0
ES =0030 0000000000000000 ffffffff 00cf9300 DPL=0 DS   [-WA]
CS =0038 0000000000000000 ffffffff 00af9a00 DPL=0 CS64 [-R-]
SS =0030 0000000000000000 ffffffff 00cf9300 DPL=0 DS   [-WA]
DS =0030 0000000000000000 ffffffff 00cf9300 DPL=0 DS   [-WA]
FS =0030 0000000000000000 ffffffff 00cf9300 DPL=0 DS   [-WA]
GS =0030 0000000000000000 ffffffff 00cf9300 DPL=0 DS   [-WA]
LDT=0000 0000000000000000 0000ffff 00008200 DPL=0 LDT
TR =0000 0000000000000000 0000ffff 00008b00 DPL=0 TSS64-busy
GDT=     000000003f5dc000 00000047
IDT=     000000003efa3018 00000fff
CR0=80010033 CR2=0000000000000000 CR3=000000003f801000 CR4=00000668
DR0=0000000000000000 DR1=0000000000000000 DR2=0000000000000000 DR3=0000000000000000 
DR6=00000000ffff0ff0 DR7=0000000000000400
CCS=0000000000000091 CCD=fffffffffffffffe CCO=EFLAGS
EFER=0000000000000d00
Servicing hardware INT=0x20
    44: v=20 e=0000 i=0 cpl=0 IP=0038:000000003ef9f2b5 pc=000000003ef9f2b5 SP=0030:000000003fe65598 env->regs[R_EAX]=0000000000000000
RAX=0000000000000000 RBX=00000000802d4590 RCX=0000000000000002 RDX=000000003efa1880
RSI=0000000000000002 RDI=0000000000000000 RBP=000000003fe65620 RSP=000000003fe65598
R8 =000000003fe656dc R9 =0000000080000000 R10=00000000000fffff R11=000000000000000a
R12=000000003fe656dc R13=000000000004ae9c R14=0000000000000004 R15=0000000000000000
RIP=000000003ef9f2b5 RFL=00000246 [---Z-P-] CPL=0 II=0 A20=1 SMM=0 HLT=0
ES =0030 0000000000000000 ffffffff 00cf9300 DPL=0 DS   [-WA]
CS =0038 0000000000000000 ffffffff 00af9a00 DPL=0 CS64 [-R-]
SS =0030 0000000000000000 ffffffff 00cf9300 DPL=0 DS   [-WA]
DS =0030 0000000000000000 ffffffff 00cf9300 DPL=0 DS   [-WA]
FS =0030 0000000000000000 ffffffff 00cf9300 DPL=0 DS   [-WA]
GS =0030 0000000000000000 ffffffff 00cf9300 DPL=0 DS   [-WA]
LDT=0000 0000000000000000 0000ffff 00008200 DPL=0 LDT
TR =0000 0000000000000000 0000ffff 00008b00 DPL=0 TSS64-busy
GDT=     000000003f5dc000 00000047
IDT=     000000003efa3018 00000fff
CR0=80010033 CR2=0000000000000000 CR3=000000003f801000 CR4=00000668
DR0=0000000000000000 DR1=0000000000000000 DR2=0000000000000000 DR3=0000000000000000 
DR6=00000000ffff0ff0 DR7=0000000000000400
CCS=0000000000000044 CCD=0000000000000000 CCO=EFLAGS
EFER=0000000000000d00
Servicing hardware INT=0x20
    45: v=20 e=0000 i=0 cpl=0 IP=0038:000000003efa0a0f pc=000000003efa0a0f SP=0030:000000003fe655a0 env->regs[R_EAX]=0000000000000000
RAX=0000000000000000 RBX=000000008037ca7c RCX=0000000000000002 RDX=000000003efa1880
RSI=0000000000000002 RDI=0000000000000000 RBP=000000003fe65620 RSP=000000003fe655a0
R8 =000000003fe656dc R9 =0000000080000000 R10=00000000000fffff R11=000000000000000a
R12=000000003fe656dc R13=0000000000020d61 R14=0000000000000004 R15=0000000000000000
RIP=000000003efa0a0f RFL=00000202 [-------] CPL=0 II=0 A20=1 SMM=0 HLT=0
ES =0030 0000000000000000 ffffffff 00cf9300 DPL=0 DS   [-WA]
CS =0038 0000000000000000 ffffffff 00af9a00 DPL=0 CS64 [-R-]
SS =0030 0000000000000000 ffffffff 00cf9300 DPL=0 DS   [-WA]
DS =0030 0000000000000000 ffffffff 00cf9300 DPL=0 DS   [-WA]
FS =0030 0000000000000000 ffffffff 00cf9300 DPL=0 DS   [-WA]
GS =0030 0000000000000000 ffffffff 00cf9300 DPL=0 DS   [-WA]
LDT=0000 0000000000000000 0000ffff 00008200 DPL=0 LDT
TR =0000 0000000000000000 0000ffff 00008b00 DPL=0 TSS64-busy
GDT=     000000003f5dc000 00000047
IDT=     000000003efa3018 00000fff
CR0=80010033 CR2=0000000000000000 CR3=000000003f801000 CR4=00000668
DR0=0000000000000000 DR1=0000000000000000 DR2=0000000000000000 DR3=0000000000000000 
DR6=00000000ffff0ff0 DR7=0000000000000400
CCS=0000000000000000 CCD=0000000000000002 CCO=EFLAGS
EFER=0000000000000d00
Servicing hardware INT=0x20
    46: v=20 e=0000 i=0 cpl=0 IP=0038:000000003e63e11a pc=000000003e63e11a SP=0030:000000003fe65640 env->regs[R_EAX]=0000000000000000
RAX=0000000000000000 RBX=0000000000000000 RCX=00000000000e0001 RDX=0000000080000000
RSI=0000000000000004 RDI=0000000080067ffc RBP=000000003fe656e0 RSP=000000003fe65640
R8 =0000000000000000 R9 =0000000000000000 R10=00000000000fffff R11=000000000000000a
R12=00000000803e8000 R13=00000000003e8000 R14=0000000000000000 R15=000000003e660718
RIP=000000003e63e11a RFL=00010246 [---Z-P-] CPL=0 II=0 A20=1 SMM=0 HLT=0
ES =0030 0000000000000000 ffffffff 00cf9300 DPL=0 DS   [-WA]
CS =0038 0000000000000000 ffffffff 00af9a00 DPL=0 CS64 [-R-]
SS =0030 0000000000000000 ffffffff 00cf9300 DPL=0 DS   [-WA]
DS =0030 0000000000000000 ffffffff 00cf9300 DPL=0 DS   [-WA]
FS =0030 0000000000000000 ffffffff 00cf9300 DPL=0 DS   [-WA]
GS =0030 0000000000000000 ffffffff 00cf9300 DPL=0 DS   [-WA]
LDT=0000 0000000000000000 0000ffff 00008200 DPL=0 LDT
TR =0000 0000000000000000 0000ffff 00008b00 DPL=0 TSS64-busy
GDT=     000000003f5dc000 00000047
IDT=     000000003efa3018 00000fff
CR0=80010033 CR2=0000000000000000 CR3=000000003f801000 CR4=00000668
DR0=0000000000000000 DR1=0000000000000000 DR2=0000000000000000 DR3=0000000000000000 
DR6=00000000ffff0ff0 DR7=0000000000000400
CCS=0000000000000044 CCD=0000000000000000 CCO=EFLAGS
EFER=0000000000000d00
Servicing hardware INT=0x20
    47: v=20 e=0000 i=0 cpl=0 IP=0038:000000003ea309b6 pc=000000003ea309b6 SP=0030:000000003fe656a0 env->regs[R_EAX]=0000000000000001
RAX=0000000000000001 RBX=0000000000000007 RCX=0000000000000001 RDX=0000000000000cf8
RSI=0000000000000004 RDI=0000000000000000 RBP=000000003fe65700 RSP=000000003fe656a0
R8 =0000000000000000 R9 =0000000000000cf8 R10=000000000000003d R11=000000003f6d631e
R12=0000000000000001 R13=0000000000000000 R14=0000000000000007 R15=0000000000000002
RIP=000000003ea309b6 RFL=00000202 [-------] CPL=0 II=0 A20=1 SMM=0 HLT=0
ES =0030 0000000000000000 ffffffff 00cf9300 DPL=0 DS   [-WA]
CS =0038 0000000000000000 ffffffff 00af9a00 DPL=0 CS64 [-R-]
SS =0030 0000000000000000 ffffffff 00cf9300 DPL=0 DS   [-WA]
DS =0030 0000000000000000 ffffffff 00cf9300 DPL=0 DS   [-WA]
FS =0030 0000000000000000 ffffffff 00cf9300 DPL=0 DS   [-WA]
GS =0030 0000000000000000 ffffffff 00cf9300 DPL=0 DS   [-WA]
LDT=0000 0000000000000000 0000ffff 00008200 DPL=0 LDT
TR =0000 0000000000000000 0000ffff 00008b00 DPL=0 TSS64-busy
GDT=     000000003f5dc000 00000047
IDT=     000000003efa3018 00000fff
CR0=80010033 CR2=0000000000000000 CR3=000000003f801000 CR4=00000668
DR0=0000000000000000 DR1=0000000000000000 DR2=0000000000000000 DR3=0000000000000000 
DR6=00000000ffff0ff0 DR7=0000000000000400
CCS=0000000000000038 CCD=0000000000000001 CCO=LOGICB
EFER=0000000000000d00
Servicing hardware INT=0x20
    48: v=20 e=0000 i=0 cpl=0 IP=0038:000000003fe7769a pc=000000003fe7769a SP=0030:000000003fe65748 env->regs[R_EAX]=0000000000000180
RAX=0000000000000180 RBX=000000003e5bd018 RCX=000000003e5be1b6 RDX=000000000000007e
RSI=000000003e5be036 RDI=000000003e5bd018 RBP=000000003fe657b0 RSP=000000003fe65748
R8 =0000000000000000 R9 =00000000000000f0 R10=0000000000000013 R11=0000000000000005
R12=0000000000000180 R13=0000000000000000 R14=000000000000000d R15=0000000000000180
RIP=000000003fe7769a RFL=00000202 [-------] CPL=0 II=0 A20=1 SMM=0 HLT=0
ES =0030 0000000000000000 ffffffff 00cf9300 DPL=0 DS   [-WA]
CS =0038 0000000000000000 ffffffff 00af9a00 DPL=0 CS64 [-R-]
SS =0030 0000000000000000 ffffffff 00cf9300 DPL=0 DS   [-WA]
DS =0030 0000000000000000 ffffffff 00cf9300 DPL=0 DS   [-WA]
FS =0030 0000000000000000 ffffffff 00cf9300 DPL=0 DS   [-WA]
GS =0030 0000000000000000 ffffffff 00cf9300 DPL=0 DS   [-WA]
LDT=0000 0000000000000000 0000ffff 00008200 DPL=0 LDT
TR =0000 0000000000000000 0000ffff 00008b00 DPL=0 TSS64-busy
GDT=     000000003f5dc000 00000047
IDT=     000000003efa3018 00000fff
CR0=80010033 CR2=0000000000000000 CR3=000000003f801000 CR4=00000668
DR0=0000000000000000 DR1=0000000000000000 DR2=0000000000000000 DR3=0000000000000000 
DR6=00000000ffff0ff0 DR7=0000000000000400
CCS=0000000000000000 CCD=000000003e5be1b6 CCO=EFLAGS
EFER=0000000000000d00
Servicing hardware INT=0x20
    49: v=20 e=0000 i=0 cpl=0 IP=0038:000000003fe76f97 pc=000000003fe76f97 SP=0030:000000003fe65730 env->regs[R_EAX]=000000000000001c
RAX=000000000000001c RBX=0000000000000006 RCX=0000000000000001 RDX=0000000000000004
RSI=0000000000000004 RDI=000000003e5bd018 RBP=000000003fe65740 RSP=000000003fe65730
R8 =000000000001652d R9 =0000000000000040 R10=000000000000001f R11=0000000000000002
R12=0000000000000005 R13=0000000000000100 R14=0000000000000005 R15=000000000001654b
RIP=000000003fe76f97 RFL=00000202 [-------] CPL=0 II=0 A20=1 SMM=0 HLT=0
ES =0030 0000000000000000 ffffffff 00cf9300 DPL=0 DS   [-WA]
CS =0038 0000000000000000 ffffffff 00af9a00 DPL=0 CS64 [-R-]
SS =0030 0000000000000000 ffffffff 00cf9300 DPL=0 DS   [-WA]
DS =0030 0000000000000000 ffffffff 00cf9300 DPL=0 DS   [-WA]
FS =0030 0000000000000000 ffffffff 00cf9300 DPL=0 DS   [-WA]
GS =0030 0000000000000000 ffffffff 00cf9300 DPL=0 DS   [-WA]
LDT=0000 0000000000000000 0000ffff 00008200 DPL=0 LDT
TR =0000 0000000000000000 0000ffff 00008b00 DPL=0 TSS64-busy
GDT=     000000003f5dc000 00000047
IDT=     000000003efa3018 00000fff
CR0=80010033 CR2=0000000000000000 CR3=000000003f801000 CR4=00000668
DR0=0000000000000000 DR1=0000000000000000 DR2=0000000000000000 DR3=0000000000000000 
DR6=00000000ffff0ff0 DR7=0000000000000400
CCS=0000000000000000 CCD=00000000116b171c CCO=EFLAGS
EFER=0000000000000d00
Servicing hardware INT=0x20
    50: v=20 e=0000 i=0 cpl=0 IP=0038:000000003e40e62f pc=000000003e40e62f SP=0030:000000003fe65920 env->regs[R_EAX]=000000003e425e30
RAX=000000003e425e30 RBX=000000003e429400 RCX=000000003e4a9338 RDX=000000000007ff38
RSI=000000003e429410 RDI=000000003e425e40 RBP=000000003e429340 RSP=000000003fe65920
R8 =000000000004c4b4 R9 =000000003e663798 R10=000000003e4a9458 R11=0000000000000004
R12=00000000000000c0 R13=0000000000000000 R14=800000000000001a R15=0000000080001201
RIP=000000003e40e62f RFL=00000293 [--S-A-C] CPL=0 II=0 A20=1 SMM=0 HLT=0
ES =0030 0000000000000000 ffffffff 00cf9300 DPL=0 DS   [-WA]
CS =0038 0000000000000000 ffffffff 00af9a00 DPL=0 CS64 [-R-]
SS =0030 0000000000000000 ffffffff 00cf9300 DPL=0 DS   [-WA]
DS =0030 0000000000000000 ffffffff 00cf9300 DPL=0 DS   [-WA]
FS =0030 0000000000000000 ffffffff 00cf9300 DPL=0 DS   [-WA]
GS =0030 0000000000000000 ffffffff 00cf9300 DPL=0 DS   [-WA]
LDT=0000 0000000000000000 0000ffff 00008200 DPL=0 LDT
TR =0000 0000000000000000 0000ffff 00008b00 DPL=0 TSS64-busy
GDT=     000000003f5dc000 00000047
IDT=     000000003efa3018 00000fff
CR0=80010033 CR2=0000000000000000 CR3=000000003f801000 CR4=00000668
DR0=0000000000000000 DR1=0000000000000000 DR2=0000000000000000 DR3=0000000000000000 
DR6=00000000ffff0ff0 DR7=0000000000000400
CCS=0000000000000091 CCD=fffffffffff80008 CCO=EFLAGS
EFER=0000000000000d00
Servicing hardware INT=0x20
    51: v=20 e=0000 i=0 cpl=0 IP=0038:000000003efae1ee pc=000000003efae1ee SP=0030:000000003fe658e0 env->regs[R_EAX]=000000003e7b8800
RAX=000000003e7b8800 RBX=000000003e7b8824 RCX=000000003e7b8824 RDX=0000000000000000
RSI=000000000000000c RDI=000000000000000c RBP=000000003fe65910 RSP=000000003fe658e0
R8 =0000000000000007 R9 =000000003f58af24 R10=000000003f58adcc R11=000000003e73d930
R12=000000003e79ee01 R13=000000003fe65a70 R14=000000003fe65a78 R15=000000003e79dc5a
RIP=000000003efae1ee RFL=00000202 [-------] CPL=0 II=0 A20=1 SMM=0 HLT=0
ES =0030 0000000000000000 ffffffff 00cf9300 DPL=0 DS   [-WA]
CS =0038 0000000000000000 ffffffff 00af9a00 DPL=0 CS64 [-R-]
SS =0030 0000000000000000 ffffffff 00cf9300 DPL=0 DS   [-WA]
DS =0030 0000000000000000 ffffffff 00cf9300 DPL=0 DS   [-WA]
FS =0030 0000000000000000 ffffffff 00cf9300 DPL=0 DS   [-WA]
GS =0030 0000000000000000 ffffffff 00cf9300 DPL=0 DS   [-WA]
LDT=0000 0000000000000000 0000ffff 00008200 DPL=0 LDT
TR =0000 0000000000000000 0000ffff 00008b00 DPL=0 TSS64-busy
GDT=     000000003f5dc000 00000047
IDT=     000000003efa3018 00000fff
CR0=80010033 CR2=0000000000000000 CR3=000000003f801000 CR4=00000668
DR0=0000000000000000 DR1=0000000000000000 DR2=0000000000000000 DR3=0000000000000000 
DR6=00000000ffff0ff0 DR7=0000000000000400
CCS=0000000000000000 CCD=000000003fe658c8 CCO=EFLAGS
EFER=0000000000000d00
Servicing hardware INT=0x20
    52: v=20 e=0000 i=0 cpl=0 IP=0038:000000003fe78013 pc=000000003fe78013 SP=0030:000000003fe656b8 env->regs[R_EAX]=000000003e650801
RAX=000000003e650801 RBX=000000003fe8c0a0 RCX=0000000000000010 RDX=000000003fe85f28
RSI=000000003fe8c0b0 RDI=000000003e650a00 RBP=000000003fe65750 RSP=000000003fe656b8
R8 =0000000000000004 R9 =000000003e650898 R10=0000000000000046 R11=000000003e73d930
R12=0000000000000078 R13=0000000000000050 R14=000000003e650898 R15=000000003e650880
RIP=000000003fe78013 RFL=00000206 [-----P-] CPL=0 II=0 A20=1 SMM=0 HLT=0
ES =0030 0000000000000000 ffffffff 00cf9300 DPL=0 DS   [-WA]
CS =0038 0000000000000000 ffffffff 00af9a00 DPL=0 CS64 [-R-]
SS =0030 0000000000000000 ffffffff 00cf9300 DPL=0 DS   [-WA]
DS =0030 0000000000000000 ffffffff 00cf9300 DPL=0 DS   [-WA]
FS =0030 0000000000000000 ffffffff 00cf9300 DPL=0 DS   [-WA]
GS =0030 0000000000000000 ffffffff 00cf9300 DPL=0 DS   [-WA]
LDT=0000 0000000000000000 0000ffff 00008200 DPL=0 LDT
TR =0000 0000000000000000 0000ffff 00008b00 DPL=0 TSS64-busy
GDT=     000000003f5dc000 00000047
IDT=     000000003efa3018 00000fff
CR0=80010033 CR2=0000000000000000 CR3=000000003f801000 CR4=00000668
DR0=0000000000000000 DR1=0000000000000000 DR2=0000000000000000 DR3=0000000000000000 
DR6=00000000ffff0ff0 DR7=0000000000000400
CCS=0000000000000004 CCD=000000003fe656c0 CCO=EFLAGS
EFER=0000000000000d00
Servicing hardware INT=0x20
    53: v=20 e=0000 i=0 cpl=0 IP=0038:000000003efb317f pc=000000003efb317f SP=0030:000000003fe65730 env->regs[R_EAX]=0000000000000001
RAX=0000000000000001 RBX=0000000000000003 RCX=000000003e5c046f RDX=000000003e5c0401
RSI=000000003fe657e0 RDI=000000003fe657e8 RBP=000000003fe65770 RSP=000000003fe65730
R8 =00000000000000af R9 =0000000000000050 R10=000000003f58afe0 R11=000000003e73d980
R12=000000003e5c0098 R13=000000003e5c0398 R14=000000003e5c0a98 R15=000000003fe657e0
RIP=000000003efb317f RFL=00000202 [-------] CPL=0 II=0 A20=1 SMM=0 HLT=0
ES =0030 0000000000000000 ffffffff 00cf9300 DPL=0 DS   [-WA]
CS =0038 0000000000000000 ffffffff 00af9a00 DPL=0 CS64 [-R-]
SS =0030 0000000000000000 ffffffff 00cf9300 DPL=0 DS   [-WA]
DS =0030 0000000000000000 ffffffff 00cf9300 DPL=0 DS   [-WA]
FS =0030 0000000000000000 ffffffff 00cf9300 DPL=0 DS   [-WA]
GS =0030 0000000000000000 ffffffff 00cf9300 DPL=0 DS   [-WA]
LDT=0000 0000000000000000 0000ffff 00008200 DPL=0 LDT
TR =0000 0000000000000000 0000ffff 00008b00 DPL=0 TSS64-busy
GDT=     000000003f5dc000 00000047
IDT=     000000003efa3018 00000fff
CR0=80010033 CR2=0000000000000000 CR3=000000003f801000 CR4=00000668
DR0=0000000000000000 DR1=0000000000000000 DR2=0000000000000000 DR3=0000000000000000 
DR6=00000000ffff0ff0 DR7=0000000000000400
CCS=0000000000000000 CCD=000000003fe65708 CCO=EFLAGS
EFER=0000000000000d00
Servicing hardware INT=0x20
    54: v=20 e=0000 i=0 cpl=0 IP=0038:000000003fe773de pc=000000003fe773de SP=0030:000000003fe65630 env->regs[R_EAX]=11d4d551d3b36f2d
RAX=11d4d551d3b36f2d RBX=000000003e741f90 RCX=000000003e741f90 RDX=000000003e741f90
RSI=000000003eb7c430 RDI=4bbfeaf99da34ae0 RBP=000000003fe65670 RSP=000000003fe65630
R8 =0000000000000004 R9 =000000003e5bec18 R10=000000003ea42974 R11=000000003e73d980
R12=000000003eb7c418 R13=0000000000000000 R14=000000003fe8a0e0 R15=000000003fe844d1
RIP=000000003fe773de RFL=00000206 [-----P-] CPL=0 II=0 A20=1 SMM=0 HLT=0
ES =0030 0000000000000000 ffffffff 00cf9300 DPL=0 DS   [-WA]
CS =0038 0000000000000000 ffffffff 00af9a00 DPL=0 CS64 [-R-]
SS =0030 0000000000000000 ffffffff 00cf9300 DPL=0 DS   [-WA]
DS =0030 0000000000000000 ffffffff 00cf9300 DPL=0 DS   [-WA]
FS =0030 0000000000000000 ffffffff 00cf9300 DPL=0 DS   [-WA]
GS =0030 0000000000000000 ffffffff 00cf9300 DPL=0 DS   [-WA]
LDT=0000 0000000000000000 0000ffff 00008200 DPL=0 LDT
TR =0000 0000000000000000 0000ffff 00008b00 DPL=0 TSS64-busy
GDT=     000000003f5dc000 00000047
IDT=     000000003efa3018 00000fff
CR0=80010033 CR2=0000000000000000 CR3=000000003f801000 CR4=00000668
DR0=0000000000000000 DR1=0000000000000000 DR2=0000000000000000 DR3=0000000000000000 
DR6=00000000ffff0ff0 DR7=0000000000000400
CCS=0000000000000004 CCD=000000003fe65618 CCO=EFLAGS
EFER=0000000000000d00
Servicing hardware INT=0x20
    55: v=20 e=0000 i=0 cpl=0 IP=0038:000000003e71acb4 pc=000000003e71acb4 SP=0030:000000003fe65750 env->regs[R_EAX]=0000000000000000
RAX=0000000000000000 RBX=000000003e660b38 RCX=000000003e5be798 RDX=0000000000000000
RSI=0000000000000500 RDI=000000003e660b38 RBP=000000003fe657b0 RSP=000000003fe65750
R8 =0000000000000004 R9 =0000000000000020 R10=0000000000000028 R11=000000003e73d980
R12=0000000000000000 R13=0000000000000500 R14=0000000000000320 R15=0000000000000000
RIP=000000003e71acb4 RFL=00000246 [---Z-P-] CPL=0 II=0 A20=1 SMM=0 HLT=0
ES =0030 0000000000000000 ffffffff 00cf9300 DPL=0 DS   [-WA]
CS =0038 0000000000000000 ffffffff 00af9a00 DPL=0 CS64 [-R-]
SS =0030 0000000000000000 ffffffff 00cf9300 DPL=0 DS   [-WA]
DS =0030 0000000000000000 ffffffff 00cf9300 DPL=0 DS   [-WA]
FS =0030 0000000000000000 ffffffff 00cf9300 DPL=0 DS   [-WA]
GS =0030 0000000000000000 ffffffff 00cf9300 DPL=0 DS   [-WA]
LDT=0000 0000000000000000 0000ffff 00008200 DPL=0 LDT
TR =0000 0000000000000000 0000ffff 00008b00 DPL=0 TSS64-busy
GDT=     000000003f5dc000 00000047
IDT=     000000003efa3018 00000fff
CR0=80010033 CR2=0000000000000000 CR3=000000003f801000 CR4=00000668
DR0=0000000000000000 DR1=0000000000000000 DR2=0000000000000000 DR3=0000000000000000 
DR6=00000000ffff0ff0 DR7=0000000000000400
CCS=0000000000000044 CCD=0000000000000000 CCO=EFLAGS
EFER=0000000000000d00
Servicing hardware INT=0x20
    56: v=20 e=0000 i=0 cpl=0 IP=0038:000000003e6e11c6 pc=000000003e6e11c6 SP=0030:000000003fe65848 env->regs[R_EAX]=0000000000000000
RAX=0000000000000000 RBX=000000003e5be118 RCX=0000000000000000 RDX=0000000000000000
RSI=0000000000000019 RDI=000000003e5b7918 RBP=000000003fe65900 RSP=000000003fe65848
R8 =0000000000000004 R9 =000000003e5b6018 R10=000000000000004f R11=000000003e73d980
R12=0000000000000000 R13=000000003e6e2be0 R14=000000003e6e2bd0 R15=0000000000000001
RIP=000000003e6e11c6 RFL=00000246 [---Z-P-] CPL=0 II=0 A20=1 SMM=0 HLT=0
ES =0030 0000000000000000 ffffffff 00cf9300 DPL=0 DS   [-WA]
CS =0038 0000000000000000 ffffffff 00af9a00 DPL=0 CS64 [-R-]
SS =0030 0000000000000000 ffffffff 00cf9300 DPL=0 DS   [-WA]
DS =0030 0000000000000000 ffffffff 00cf9300 DPL=0 DS   [-WA]
FS =0030 0000000000000000 ffffffff 00cf9300 DPL=0 DS   [-WA]
GS =0030 0000000000000000 ffffffff 00cf9300 DPL=0 DS   [-WA]
LDT=0000 0000000000000000 0000ffff 00008200 DPL=0 LDT
TR =0000 0000000000000000 0000ffff 00008b00 DPL=0 TSS64-busy
GDT=     000000003f5dc000 00000047
IDT=     000000003efa3018 00000fff
CR0=80010033 CR2=0000000000000000 CR3=000000003f801000 CR4=00000668
DR0=0000000000000000 DR1=0000000000000000 DR2=0000000000000000 DR3=0000000000000000 
DR6=00000000ffff0ff0 DR7=0000000000000400
CCS=0000000000000044 CCD=0000000000000000 CCO=EFLAGS
EFER=0000000000000d00
Servicing hardware INT=0x20
    57: v=20 e=0000 i=0 cpl=0 IP=0038:000000003e6dee6d pc=000000003e6dee6d SP=0030:000000003fe657d0 env->regs[R_EAX]=0000000000000002
RAX=0000000000000002 RBX=00000000005cec84 RCX=000000000000b008 RDX=00000000005cec82
RSI=000000003fe658af RDI=000000003e5b6018 RBP=000000003fe65800 RSP=000000003fe657d0
R8 =0000000000000004 R9 =0000000000000064 R10=000000000000004f R11=000000003e73d980
R12=0000000000000736 R13=000000003fe658af R14=000000003e6e2bd0 R15=0000000000000001
RIP=000000003e6dee6d RFL=00000202 [-------] CPL=0 II=0 A20=1 SMM=0 HLT=0
ES =0030 0000000000000000 ffffffff 00cf9300 DPL=0 DS   [-WA]
CS =0038 0000000000000000 ffffffff 00af9a00 DPL=0 CS64 [-R-]
SS =0030 0000000000000000 ffffffff 00cf9300 DPL=0 DS   [-WA]
DS =0030 0000000000000000 ffffffff 00cf9300 DPL=0 DS   [-WA]
FS =0030 0000000000000000 ffffffff 00cf9300 DPL=0 DS   [-WA]
GS =0030 0000000000000000 ffffffff 00cf9300 DPL=0 DS   [-WA]
LDT=0000 0000000000000000 0000ffff 00008200 DPL=0 LDT
TR =0000 0000000000000000 0000ffff 00008b00 DPL=0 TSS64-busy
GDT=     000000003f5dc000 00000047
IDT=     000000003efa3018 00000fff
CR0=80010033 CR2=0000000000000000 CR3=000000003f801000 CR4=00000668
DR0=0000000000000000 DR1=0000000000000000 DR2=0000000000000000 DR3=0000000000000000 
DR6=00000000ffff0ff0 DR7=0000000000000400
CCS=0000000000000000 CCD=0000000000000002 CCO=EFLAGS
EFER=0000000000000d00
Servicing hardware INT=0x20
    58: v=20 e=0000 i=0 cpl=0 IP=0038:000000003e6dee6d pc=000000003e6dee6d SP=0030:000000003fe657d0 env->regs[R_EAX]=0000000000000052
RAX=0000000000000052 RBX=00000000005d6aad RCX=000000000000b008 RDX=00000000005d6a5b
RSI=000000003fe658af RDI=000000003e5b6018 RBP=000000003fe65800 RSP=000000003fe657d0
R8 =0000000000000004 R9 =0000000000000064 R10=000000000000004f R11=000000003e73d980
R12=0000000000000618 R13=000000003fe658af R14=000000003e6e2bd0 R15=0000000000000001
RIP=000000003e6dee6d RFL=00000202 [-------] CPL=0 II=0 A20=1 SMM=0 HLT=0
ES =0030 0000000000000000 ffffffff 00cf9300 DPL=0 DS   [-WA]
CS =0038 0000000000000000 ffffffff 00af9a00 DPL=0 CS64 [-R-]
SS =0030 0000000000000000 ffffffff 00cf9300 DPL=0 DS   [-WA]
DS =0030 0000000000000000 ffffffff 00cf9300 DPL=0 DS   [-WA]
FS =0030 0000000000000000 ffffffff 00cf9300 DPL=0 DS   [-WA]
GS =0030 0000000000000000 ffffffff 00cf9300 DPL=0 DS   [-WA]
LDT=0000 0000000000000000 0000ffff 00008200 DPL=0 LDT
TR =0000 0000000000000000 0000ffff 00008b00 DPL=0 TSS64-busy
GDT=     000000003f5dc000 00000047
IDT=     000000003efa3018 00000fff
CR0=80010033 CR2=0000000000000000 CR3=000000003f801000 CR4=00000668
DR0=0000000000000000 DR1=0000000000000000 DR2=0000000000000000 DR3=0000000000000000 
DR6=00000000ffff0ff0 DR7=0000000000000400
CCS=0000000000000000 CCD=0000000000000052 CCO=EFLAGS
EFER=0000000000000d00
Servicing hardware INT=0x20
    59: v=20 e=0000 i=0 cpl=0 IP=0038:000000003e6dee6d pc=000000003e6dee6d SP=0030:000000003fe657d0 env->regs[R_EAX]=000000000000000d
RAX=000000000000000d RBX=00000000005df751 RCX=000000000000b008 RDX=00000000005df744
RSI=000000003fe658af RDI=000000003e5b6018 RBP=000000003fe65800 RSP=000000003fe657d0
R8 =0000000000000004 R9 =0000000000000064 R10=000000000000004f R11=000000003e73d980
R12=00000000000004d5 R13=000000003fe658af R14=000000003e6e2bd0 R15=0000000000000001
RIP=000000003e6dee6d RFL=00000202 [-------] CPL=0 II=0 A20=1 SMM=0 HLT=0
ES =0030 0000000000000000 ffffffff 00cf9300 DPL=0 DS   [-WA]
CS =0038 0000000000000000 ffffffff 00af9a00 DPL=0 CS64 [-R-]
SS =0030 0000000000000000 ffffffff 00cf9300 DPL=0 DS   [-WA]
DS =0030 0000000000000000 ffffffff 00cf9300 DPL=0 DS   [-WA]
FS =0030 0000000000000000 ffffffff 00cf9300 DPL=0 DS   [-WA]
GS =0030 0000000000000000 ffffffff 00cf9300 DPL=0 DS   [-WA]
LDT=0000 0000000000000000 0000ffff 00008200 DPL=0 LDT
TR =0000 0000000000000000 0000ffff 00008b00 DPL=0 TSS64-busy
GDT=     000000003f5dc000 00000047
IDT=     000000003efa3018 00000fff
CR0=80010033 CR2=0000000000000000 CR3=000000003f801000 CR4=00000668
DR0=0000000000000000 DR1=0000000000000000 DR2=0000000000000000 DR3=0000000000000000 
DR6=00000000ffff0ff0 DR7=0000000000000400
CCS=0000000000000000 CCD=000000000000000d CCO=EFLAGS
EFER=0000000000000d00
Servicing hardware INT=0x20
    60: v=20 e=0000 i=0 cpl=0 IP=0038:000000003e6dee6d pc=000000003e6dee6d SP=0030:000000003fe657d0 env->regs[R_EAX]=0000000000000041
RAX=0000000000000041 RBX=00000000005e8e9c RCX=000000000000b008 RDX=00000000005e8e5b
RSI=000000003fe658af RDI=000000003e5b6018 RBP=000000003fe65800 RSP=000000003fe657d0
R8 =0000000000000004 R9 =0000000000000064 R10=000000000000004f R11=000000003e73d980
R12=000000000000037d R13=000000003fe658af R14=000000003e6e2bd0 R15=0000000000000001
RIP=000000003e6dee6d RFL=00000206 [-----P-] CPL=0 II=0 A20=1 SMM=0 HLT=0
ES =0030 0000000000000000 ffffffff 00cf9300 DPL=0 DS   [-WA]
CS =0038 0000000000000000 ffffffff 00af9a00 DPL=0 CS64 [-R-]
SS =0030 0000000000000000 ffffffff 00cf9300 DPL=0 DS   [-WA]
DS =0030 0000000000000000 ffffffff 00cf9300 DPL=0 DS   [-WA]
FS =0030 0000000000000000 ffffffff 00cf9300 DPL=0 DS   [-WA]
GS =0030 0000000000000000 ffffffff 00cf9300 DPL=0 DS   [-WA]
LDT=0000 0000000000000000 0000ffff 00008200 DPL=0 LDT
TR =0000 0000000000000000 0000ffff 00008b00 DPL=0 TSS64-busy
GDT=     000000003f5dc000 00000047
IDT=     000000003efa3018 00000fff
CR0=80010033 CR2=0000000000000000 CR3=000000003f801000 CR4=00000668
DR0=0000000000000000 DR1=0000000000000000 DR2=0000000000000000 DR3=0000000000000000 
DR6=00000000ffff0ff0 DR7=0000000000000400
CCS=0000000000000004 CCD=0000000000000041 CCO=EFLAGS
EFER=0000000000000d00
Servicing hardware INT=0x20
    61: v=20 e=0000 i=0 cpl=0 IP=0038:000000003e6dee6d pc=000000003e6dee6d SP=0030:000000003fe657d0 env->regs[R_EAX]=0000000000000052
RAX=0000000000000052 RBX=00000000005f2a40 RCX=000000000000b008 RDX=00000000005f29ee
RSI=000000003fe658af RDI=000000003e5b6018 RBP=000000003fe65800 RSP=000000003fe657d0
R8 =0000000000000004 R9 =0000000000000064 R10=000000000000004f R11=000000003e73d980
R12=000000000000021a R13=000000003fe658af R14=000000003e6e2bd0 R15=0000000000000001
RIP=000000003e6dee6d RFL=00000202 [-------] CPL=0 II=0 A20=1 SMM=0 HLT=0
ES =0030 0000000000000000 ffffffff 00cf9300 DPL=0 DS   [-WA]
CS =0038 0000000000000000 ffffffff 00af9a00 DPL=0 CS64 [-R-]
SS =0030 0000000000000000 ffffffff 00cf9300 DPL=0 DS   [-WA]
DS =0030 0000000000000000 ffffffff 00cf9300 DPL=0 DS   [-WA]
FS =0030 0000000000000000 ffffffff 00cf9300 DPL=0 DS   [-WA]
GS =0030 0000000000000000 ffffffff 00cf9300 DPL=0 DS   [-WA]
LDT=0000 0000000000000000 0000ffff 00008200 DPL=0 LDT
TR =0000 0000000000000000 0000ffff 00008b00 DPL=0 TSS64-busy
GDT=     000000003f5dc000 00000047
IDT=     000000003efa3018 00000fff
CR0=80010033 CR2=0000000000000000 CR3=000000003f801000 CR4=00000668
DR0=0000000000000000 DR1=0000000000000000 DR2=0000000000000000 DR3=0000000000000000 
DR6=00000000ffff0ff0 DR7=0000000000000400
CCS=0000000000000000 CCD=0000000000000052 CCO=EFLAGS
EFER=0000000000000d00
Servicing hardware INT=0x20
    62: v=20 e=0000 i=0 cpl=0 IP=0038:000000003e6dee6d pc=000000003e6dee6d SP=0030:000000003fe657d0 env->regs[R_EAX]=000000000000002f
RAX=000000000000002f RBX=00000000005f99f9 RCX=000000000000b008 RDX=00000000005f99ca
RSI=000000003fe658af RDI=000000003e5b6018 RBP=000000003fe65800 RSP=000000003fe657d0
R8 =0000000000000004 R9 =0000000000000064 R10=000000000000004f R11=000000003e73d980
R12=000000000000011b R13=000000003fe658af R14=000000003e6e2bd0 R15=0000000000000001
RIP=000000003e6dee6d RFL=00000202 [-------] CPL=0 II=0 A20=1 SMM=0 HLT=0
ES =0030 0000000000000000 ffffffff 00cf9300 DPL=0 DS   [-WA]
CS =0038 0000000000000000 ffffffff 00af9a00 DPL=0 CS64 [-R-]
SS =0030 0000000000000000 ffffffff 00cf9300 DPL=0 DS   [-WA]
DS =0030 0000000000000000 ffffffff 00cf9300 DPL=0 DS   [-WA]
FS =0030 0000000000000000 ffffffff 00cf9300 DPL=0 DS   [-WA]
GS =0030 0000000000000000 ffffffff 00cf9300 DPL=0 DS   [-WA]
LDT=0000 0000000000000000 0000ffff 00008200 DPL=0 LDT
TR =0000 0000000000000000 0000ffff 00008b00 DPL=0 TSS64-busy
GDT=     000000003f5dc000 00000047
IDT=     000000003efa3018 00000fff
CR0=80010033 CR2=0000000000000000 CR3=000000003f801000 CR4=00000668
DR0=0000000000000000 DR1=0000000000000000 DR2=0000000000000000 DR3=0000000000000000 
DR6=00000000ffff0ff0 DR7=0000000000000400
CCS=0000000000000000 CCD=000000000000002f CCO=EFLAGS
EFER=0000000000000d00
Servicing hardware INT=0x20
    63: v=20 e=0000 i=0 cpl=0 IP=0038:000000003e6dfabb pc=000000003e6dfabb SP=0030:000000003fe657d0 env->regs[R_EAX]=000000000000001c
RAX=000000000000001c RBX=000000003e5b6018 RCX=0000000000000064 RDX=0000000000000064
RSI=00000000000000fa RDI=000000003e5b6018 RBP=000000003fe65850 RSP=000000003fe657d0
R8 =0000000000000000 R9 =0000000000000064 R10=0000000000000053 R11=0000000000000004
R12=0000000000000000 R13=0000000000000000 R14=00000000000f4240 R15=0000000000000000
RIP=000000003e6dfabb RFL=00000202 [-------] CPL=0 II=0 A20=1 SMM=0 HLT=0
ES =0030 0000000000000000 ffffffff 00cf9300 DPL=0 DS   [-WA]
CS =0038 0000000000000000 ffffffff 00af9a00 DPL=0 CS64 [-R-]
SS =0030 0000000000000000 ffffffff 00cf9300 DPL=0 DS   [-WA]
DS =0030 0000000000000000 ffffffff 00cf9300 DPL=0 DS   [-WA]
FS =0030 0000000000000000 ffffffff 00cf9300 DPL=0 DS   [-WA]
GS =0030 0000000000000000 ffffffff 00cf9300 DPL=0 DS   [-WA]
LDT=0000 0000000000000000 0000ffff 00008200 DPL=0 LDT
TR =0000 0000000000000000 0000ffff 00008b00 DPL=0 TSS64-busy
GDT=     000000003f5dc000 00000047
IDT=     000000003efa3018 00000fff
CR0=80010033 CR2=0000000000000000 CR3=000000003f801000 CR4=00000668
DR0=0000000000000000 DR1=0000000000000000 DR2=0000000000000000 DR3=0000000000000000 
DR6=00000000ffff0ff0 DR7=0000000000000400
CCS=0000000000000000 CCD=0000000000000010 CCO=EFLAGS
EFER=0000000000000d00
Servicing hardware INT=0x20
    64: v=20 e=0000 i=0 cpl=0 IP=0038:000000003e410ef1 pc=000000003e410ef1 SP=0030:000000003fe65720 env->regs[R_EAX]=0000000000000000
RAX=0000000000000000 RBX=000000003fe65808 RCX=000000003eb6ca80 RDX=000000003e5be108
RSI=000000000000000e RDI=0000000000000000 RBP=0000000000000009 RSP=000000003fe65720
R8 =00000000000000af R9 =0000000000000030 R10=0000000000000028 R11=000000003e73d980
R12=000000003fe8afc0 R13=0000000000000000 R14=000000003e4270a0 R15=0000000000000000
RIP=000000003e410ef1 RFL=00000206 [-----P-] CPL=0 II=0 A20=1 SMM=0 HLT=0
ES =0030 0000000000000000 ffffffff 00cf9300 DPL=0 DS   [-WA]
CS =0038 0000000000000000 ffffffff 00af9a00 DPL=0 CS64 [-R-]
SS =0030 0000000000000000 ffffffff 00cf9300 DPL=0 DS   [-WA]
DS =0030 0000000000000000 ffffffff 00cf9300 DPL=0 DS   [-WA]
FS =0030 0000000000000000 ffffffff 00cf9300 DPL=0 DS   [-WA]
GS =0030 0000000000000000 ffffffff 00cf9300 DPL=0 DS   [-WA]
LDT=0000 0000000000000000 0000ffff 00008200 DPL=0 LDT
TR =0000 0000000000000000 0000ffff 00008b00 DPL=0 TSS64-busy
GDT=     000000003f5dc000 00000047
IDT=     000000003efa3018 00000fff
CR0=80010033 CR2=0000000000000000 CR3=000000003f801000 CR4=00000668
DR0=0000000000000000 DR1=0000000000000000 DR2=0000000000000000 DR3=0000000000000000 
DR6=00000000ffff0ff0 DR7=0000000000000400
CCS=0000000000000004 CCD=000000003fe656e8 CCO=EFLAGS
EFER=0000000000000d00
Servicing hardware INT=0x20
    65: v=20 e=0000 i=0 cpl=0 IP=0038:000000003e6d826d pc=000000003e6d826d SP=0030:000000003fe655b0 env->regs[R_EAX]=0000000000000000
RAX=0000000000000000 RBX=000000003e5b4018 RCX=000000003e5b4160 RDX=000000003e5b4fa0
RSI=000000003e5b40d4 RDI=000000003e5b9720 RBP=000000003fe658f0 RSP=000000003fe655b0
R8 =0000000000000000 R9 =000000003fe658af R10=0000000000000000 R11=0000000000000000
R12=0000000000000000 R13=0000000000000001 R14=000000000000000f R15=0000000000008010
RIP=000000003e6d826d RFL=00000202 [-------] CPL=0 II=0 A20=1 SMM=0 HLT=0
ES =0030 0000000000000000 ffffffff 00cf9300 DPL=0 DS   [-WA]
CS =0038 0000000000000000 ffffffff 00af9a00 DPL=0 CS64 [-R-]
SS =0030 0000000000000000 ffffffff 00cf9300 DPL=0 DS   [-WA]
DS =0030 0000000000000000 ffffffff 00cf9300 DPL=0 DS   [-WA]
FS =0030 0000000000000000 ffffffff 00cf9300 DPL=0 DS   [-WA]
GS =0030 0000000000000000 ffffffff 00cf9300 DPL=0 DS   [-WA]
LDT=0000 0000000000000000 0000ffff 00008200 DPL=0 LDT
TR =0000 0000000000000000 0000ffff 00008b00 DPL=0 TSS64-busy
GDT=     000000003f5dc000 00000047
IDT=     000000003efa3018 00000fff
CR0=80010033 CR2=0000000000000000 CR3=000000003f801000 CR4=00000668
DR0=0000000000000000 DR1=0000000000000000 DR2=0000000000000000 DR3=0000000000000000 
DR6=00000000ffff0ff0 DR7=0000000000000400
CCS=0000000000000000 CCD=000000003fe65568 CCO=EFLAGS
EFER=0000000000000d00
Servicing hardware INT=0x20
    66: v=20 e=0000 i=0 cpl=0 IP=0038:000000003efae26c pc=000000003efae26c SP=0030:000000003fe656a0 env->regs[R_EAX]=000000003e666ea4
RAX=000000003e666ea4 RBX=000000003e666e98 RCX=000000003e666e98 RDX=000000003efb6500
RSI=000000000000000c RDI=000000000000000c RBP=000000003fe656e0 RSP=000000003fe656a0
R8 =000000003e666e98 R9 =000000003e5b4898 R10=000000003fe8afc0 R11=0000000000000031
R12=000000003e700e80 R13=0000000000000000 R14=0000000000000000 R15=0000000000000001
RIP=000000003efae26c RFL=00000212 [----A--] CPL=0 II=0 A20=1 SMM=0 HLT=0
ES =0030 0000000000000000 ffffffff 00cf9300 DPL=0 DS   [-WA]
CS =0038 0000000000000000 ffffffff 00af9a00 DPL=0 CS64 [-R-]
SS =0030 0000000000000000 ffffffff 00cf9300 DPL=0 DS   [-WA]
DS =0030 0000000000000000 ffffffff 00cf9300 DPL=0 DS   [-WA]
FS =0030 0000000000000000 ffffffff 00cf9300 DPL=0 DS   [-WA]
GS =0030 0000000000000000 ffffffff 00cf9300 DPL=0 DS   [-WA]
LDT=0000 0000000000000000 0000ffff 00008200 DPL=0 LDT
TR =0000 0000000000000000 0000ffff 00008b00 DPL=0 TSS64-busy
GDT=     000000003f5dc000 00000047
IDT=     000000003efa3018 00000fff
CR0=80010033 CR2=0000000000000000 CR3=000000003f801000 CR4=00000668
DR0=0000000000000000 DR1=0000000000000000 DR2=0000000000000000 DR3=0000000000000000 
DR6=00000000ffff0ff0 DR7=0000000000000400
CCS=0000000000000010 CCD=000000003e666ea4 CCO=EFLAGS
EFER=0000000000000d00
Servicing hardware INT=0x20
    67: v=20 e=0000 i=0 cpl=0 IP=0038:000000003e6d3862 pc=000000003e6d3862 SP=0030:000000003fe65270 env->regs[R_EAX]=0000000000000328
RAX=0000000000000328 RBX=0000000000000190 RCX=000000000000b008 RDX=00000000006260e9
RSI=0000000000626411 RDI=000000003fe653c8 RBP=000000003fe652a0 RSP=000000003fe65270
R8 =000000003fe652c0 R9 =0000000000000177 R10=0000000000000000 R11=0000000000000000
R12=00000000000493e1 R13=0000000000000000 R14=000000003e5b40a0 R15=00000000ffffff00
RIP=000000003e6d3862 RFL=00000206 [-----P-] CPL=0 II=0 A20=1 SMM=0 HLT=0
ES =0030 0000000000000000 ffffffff 00cf9300 DPL=0 DS   [-WA]
CS =0038 0000000000000000 ffffffff 00af9a00 DPL=0 CS64 [-R-]
SS =0030 0000000000000000 ffffffff 00cf9300 DPL=0 DS   [-WA]
DS =0030 0000000000000000 ffffffff 00cf9300 DPL=0 DS   [-WA]
FS =0030 0000000000000000 ffffffff 00cf9300 DPL=0 DS   [-WA]
GS =0030 0000000000000000 ffffffff 00cf9300 DPL=0 DS   [-WA]
LDT=0000 0000000000000000 0000ffff 00008200 DPL=0 LDT
TR =0000 0000000000000000 0000ffff 00008b00 DPL=0 TSS64-busy
GDT=     000000003f5dc000 00000047
IDT=     000000003efa3018 00000fff
CR0=80010033 CR2=0000000000000000 CR3=000000003f801000 CR4=00000668
DR0=0000000000000000 DR1=0000000000000000 DR2=0000000000000000 DR3=0000000000000000 
DR6=00000000ffff0ff0 DR7=0000000000000400
CCS=0000000000000004 CCD=0000000000000328 CCO=EFLAGS
EFER=0000000000000d00
Servicing hardware INT=0x20
    68: v=20 e=0000 i=0 cpl=0 IP=0038:000000003e6d3862 pc=000000003e6d3862 SP=0030:000000003fe64fb0 env->regs[R_EAX]=00000000000001c3
RAX=00000000000001c3 RBX=0000000000000190 RCX=000000000000b008 RDX=000000000062ecc0
RSI=000000000062ee83 RDI=000000003fe65108 RBP=000000003fe64fe0 RSP=000000003fe64fb0
R8 =000000003fe65000 R9 =0000000000000177 R10=0000000000000000 R11=0000000000000000
R12=00000000000493e1 R13=0000000000000000 R14=000000003e5b40a0 R15=00000000ffffff00
RIP=000000003e6d3862 RFL=00000206 [-----P-] CPL=0 II=0 A20=1 SMM=0 HLT=0
ES =0030 0000000000000000 ffffffff 00cf9300 DPL=0 DS   [-WA]
CS =0038 0000000000000000 ffffffff 00af9a00 DPL=0 CS64 [-R-]
SS =0030 0000000000000000 ffffffff 00cf9300 DPL=0 DS   [-WA]
DS =0030 0000000000000000 ffffffff 00cf9300 DPL=0 DS   [-WA]
FS =0030 0000000000000000 ffffffff 00cf9300 DPL=0 DS   [-WA]
GS =0030 0000000000000000 ffffffff 00cf9300 DPL=0 DS   [-WA]
LDT=0000 0000000000000000 0000ffff 00008200 DPL=0 LDT
TR =0000 0000000000000000 0000ffff 00008b00 DPL=0 TSS64-busy
GDT=     000000003f5dc000 00000047
IDT=     000000003efa3018 00000fff
CR0=80010033 CR2=0000000000000000 CR3=000000003f801000 CR4=00000668
DR0=0000000000000000 DR1=0000000000000000 DR2=0000000000000000 DR3=0000000000000000 
DR6=00000000ffff0ff0 DR7=0000000000000400
CCS=0000000000000004 CCD=00000000000001c3 CCO=EFLAGS
EFER=0000000000000d00
Servicing hardware INT=0x20
    69: v=20 e=0000 i=0 cpl=0 IP=0038:000000003ea2d96a pc=000000003ea2d96a SP=0030:000000003fe65080 env->regs[R_EAX]=000000003eb471f0
RAX=000000003eb471f0 RBX=000000003e666018 RCX=000000003eb471f0 RDX=0000000000000000
RSI=8000000000000003 RDI=0000000000000000 RBP=000000003fe650e0 RSP=000000003fe65080
R8 =0000000000000004 R9 =0000000000000011 R10=000000003e4c0218 R11=0000000000000000
R12=0000000000000000 R13=000000003fe651c8 R14=000000000000c040 R15=000000003e5b4198
RIP=000000003ea2d96a RFL=00000202 [-------] CPL=0 II=0 A20=1 SMM=0 HLT=0
ES =0030 0000000000000000 ffffffff 00cf9300 DPL=0 DS   [-WA]
CS =0038 0000000000000000 ffffffff 00af9a00 DPL=0 CS64 [-R-]
SS =0030 0000000000000000 ffffffff 00cf9300 DPL=0 DS   [-WA]
DS =0030 0000000000000000 ffffffff 00cf9300 DPL=0 DS   [-WA]
FS =0030 0000000000000000 ffffffff 00cf9300 DPL=0 DS   [-WA]
GS =0030 0000000000000000 ffffffff 00cf9300 DPL=0 DS   [-WA]
LDT=0000 0000000000000000 0000ffff 00008200 DPL=0 LDT
TR =0000 0000000000000000 0000ffff 00008b00 DPL=0 TSS64-busy
GDT=     000000003f5dc000 00000047
IDT=     000000003efa3018 00000fff
CR0=80010033 CR2=0000000000000000 CR3=000000003f801000 CR4=00000668
DR0=0000000000000000 DR1=0000000000000000 DR2=0000000000000000 DR3=0000000000000000 
DR6=00000000ffff0ff0 DR7=0000000000000400
CCS=0000000000000000 CCD=000000003fe651c8 CCO=EFLAGS
EFER=0000000000000d00
Servicing hardware INT=0x20
    70: v=20 e=0000 i=0 cpl=0 IP=0038:000000003e6d3862 pc=000000003e6d3862 SP=0030:000000003fe65120 env->regs[R_EAX]=00000000000023a5
RAX=00000000000023a5 RBX=0000000000002710 RCX=000000000000b008 RDX=000000000063f6d3
RSI=0000000000641a78 RDI=000000003e5b40d4 RBP=000000003fe65150 RSP=000000003fe65120
R8 =000000003fe65170 R9 =00000000000003f6 R10=0000000000000000 R11=0000000000000000
R12=000000000000c042 R13=0000000000000011 R14=000000000000c040 R15=0000000000000000
RIP=000000003e6d3862 RFL=00000206 [-----P-] CPL=0 II=0 A20=1 SMM=0 HLT=0
ES =0030 0000000000000000 ffffffff 00cf9300 DPL=0 DS   [-WA]
CS =0038 0000000000000000 ffffffff 00af9a00 DPL=0 CS64 [-R-]
SS =0030 0000000000000000 ffffffff 00cf9300 DPL=0 DS   [-WA]
DS =0030 0000000000000000 ffffffff 00cf9300 DPL=0 DS   [-WA]
FS =0030 0000000000000000 ffffffff 00cf9300 DPL=0 DS   [-WA]
GS =0030 0000000000000000 ffffffff 00cf9300 DPL=0 DS   [-WA]
LDT=0000 0000000000000000 0000ffff 00008200 DPL=0 LDT
TR =0000 0000000000000000 0000ffff 00008b00 DPL=0 TSS64-busy
GDT=     000000003f5dc000 00000047
IDT=     000000003efa3018 00000fff
CR0=80010033 CR2=0000000000000000 CR3=000000003f801000 CR4=00000668
DR0=0000000000000000 DR1=0000000000000000 DR2=0000000000000000 DR3=0000000000000000 
DR6=00000000ffff0ff0 DR7=0000000000000400
CCS=0000000000000004 CCD=00000000000023a5 CCO=EFLAGS
EFER=0000000000000d00
Servicing hardware INT=0x20
    71: v=20 e=0000 i=0 cpl=0 IP=0038:000000003e6d3862 pc=000000003e6d3862 SP=0030:000000003fe64f70 env->regs[R_EAX]=000000000000284b
RAX=000000000000284b RBX=0000000000002710 RCX=000000000000b008 RDX=0000000000649253
RSI=000000000064ba9e RDI=000000003e5b40d4 RBP=000000003fe64fa0 RSP=000000003fe64f70
R8 =000000003fe64fc0 R9 =00000000000003f6 R10=0000000000000000 R11=0000000000000000
R12=000000000000c042 R13=0000000000000011 R14=000000000000c040 R15=0000000000000000
RIP=000000003e6d3862 RFL=00000206 [-----P-] CPL=0 II=0 A20=1 SMM=0 HLT=0
ES =0030 0000000000000000 ffffffff 00cf9300 DPL=0 DS   [-WA]
CS =0038 0000000000000000 ffffffff 00af9a00 DPL=0 CS64 [-R-]
SS =0030 0000000000000000 ffffffff 00cf9300 DPL=0 DS   [-WA]
DS =0030 0000000000000000 ffffffff 00cf9300 DPL=0 DS   [-WA]
FS =0030 0000000000000000 ffffffff 00cf9300 DPL=0 DS   [-WA]
GS =0030 0000000000000000 ffffffff 00cf9300 DPL=0 DS   [-WA]
LDT=0000 0000000000000000 0000ffff 00008200 DPL=0 LDT
TR =0000 0000000000000000 0000ffff 00008b00 DPL=0 TSS64-busy
GDT=     000000003f5dc000 00000047
IDT=     000000003efa3018 00000fff
CR0=80010033 CR2=0000000000000000 CR3=000000003f801000 CR4=00000668
DR0=0000000000000000 DR1=0000000000000000 DR2=0000000000000000 DR3=0000000000000000 
DR6=00000000ffff0ff0 DR7=0000000000000400
CCS=0000000000000004 CCD=000000000000284b CCO=EFLAGS
EFER=0000000000000d00
Servicing hardware INT=0x20
    72: v=20 e=0000 i=0 cpl=0 IP=0038:000000003e6d3862 pc=000000003e6d3862 SP=0030:000000003fe64f70 env->regs[R_EAX]=00000000000037ca
RAX=00000000000037ca RBX=0000000000002710 RCX=000000000000b008 RDX=0000000000651e8a
RSI=0000000000655654 RDI=000000003e5b40d4 RBP=000000003fe64fa0 RSP=000000003fe64f70
R8 =000000003fe64fc0 R9 =00000000000003f6 R10=0000000000000000 R11=0000000000000000
R12=000000000000c042 R13=0000000000000011 R14=000000000000c040 R15=0000000000000000
RIP=000000003e6d3862 RFL=00000206 [-----P-] CPL=0 II=0 A20=1 SMM=0 HLT=0
ES =0030 0000000000000000 ffffffff 00cf9300 DPL=0 DS   [-WA]
CS =0038 0000000000000000 ffffffff 00af9a00 DPL=0 CS64 [-R-]
SS =0030 0000000000000000 ffffffff 00cf9300 DPL=0 DS   [-WA]
DS =0030 0000000000000000 ffffffff 00cf9300 DPL=0 DS   [-WA]
FS =0030 0000000000000000 ffffffff 00cf9300 DPL=0 DS   [-WA]
GS =0030 0000000000000000 ffffffff 00cf9300 DPL=0 DS   [-WA]
LDT=0000 0000000000000000 0000ffff 00008200 DPL=0 LDT
TR =0000 0000000000000000 0000ffff 00008b00 DPL=0 TSS64-busy
GDT=     000000003f5dc000 00000047
IDT=     000000003efa3018 00000fff
CR0=80010033 CR2=0000000000000000 CR3=000000003f801000 CR4=00000668
DR0=0000000000000000 DR1=0000000000000000 DR2=0000000000000000 DR3=0000000000000000 
DR6=00000000ffff0ff0 DR7=0000000000000400
CCS=0000000000000004 CCD=00000000000037ca CCO=EFLAGS
EFER=0000000000000d00
Servicing hardware INT=0x20
    73: v=20 e=0000 i=0 cpl=0 IP=0038:000000003e6d3862 pc=000000003e6d3862 SP=0030:000000003fe65110 env->regs[R_EAX]=0000000000004647
RAX=0000000000004647 RBX=0000000000002710 RCX=000000000000b008 RDX=000000000065ac70
RSI=000000000065f2b7 RDI=000000003e5b40d4 RBP=000000003fe65140 RSP=000000003fe65110
R8 =000000003fe65160 R9 =00000000000003f6 R10=0000000000000000 R11=0000000000000000
R12=000000000000c042 R13=0000000000000011 R14=000000000000c040 R15=0000000000000000
RIP=000000003e6d3862 RFL=00000206 [-----P-] CPL=0 II=0 A20=1 SMM=0 HLT=0
ES =0030 0000000000000000 ffffffff 00cf9300 DPL=0 DS   [-WA]
CS =0038 0000000000000000 ffffffff 00af9a00 DPL=0 CS64 [-R-]
SS =0030 0000000000000000 ffffffff 00cf9300 DPL=0 DS   [-WA]
DS =0030 0000000000000000 ffffffff 00cf9300 DPL=0 DS   [-WA]
FS =0030 0000000000000000 ffffffff 00cf9300 DPL=0 DS   [-WA]
GS =0030 0000000000000000 ffffffff 00cf9300 DPL=0 DS   [-WA]
LDT=0000 0000000000000000 0000ffff 00008200 DPL=0 LDT
TR =0000 0000000000000000 0000ffff 00008b00 DPL=0 TSS64-busy
GDT=     000000003f5dc000 00000047
IDT=     000000003efa3018 00000fff
CR0=80010033 CR2=0000000000000000 CR3=000000003f801000 CR4=00000668
DR0=0000000000000000 DR1=0000000000000000 DR2=0000000000000000 DR3=0000000000000000 
DR6=00000000ffff0ff0 DR7=0000000000000400
CCS=0000000000000004 CCD=0000000000004647 CCO=EFLAGS
EFER=0000000000000d00
Servicing hardware INT=0x20
    74: v=20 e=0000 i=0 cpl=0 IP=0038:000000003e6d3862 pc=000000003e6d3862 SP=0030:000000003fe64f10 env->regs[R_EAX]=0000000000006e5c
RAX=0000000000006e5c RBX=0000000000002710 RCX=000000000000b008 RDX=0000000000663962
RSI=000000000066a7be RDI=000000003e5b40d4 RBP=000000003fe64f40 RSP=000000003fe64f10
R8 =000000003fe64f60 R9 =00000000000003f6 R10=0000000000000000 R11=0000000000000000
R12=000000000000c042 R13=0000000000000011 R14=000000000000c040 R15=0000000000000000
RIP=000000003e6d3862 RFL=00000206 [-----P-] CPL=0 II=0 A20=1 SMM=0 HLT=0
ES =0030 0000000000000000 ffffffff 00cf9300 DPL=0 DS   [-WA]
CS =0038 0000000000000000 ffffffff 00af9a00 DPL=0 CS64 [-R-]
SS =0030 0000000000000000 ffffffff 00cf9300 DPL=0 DS   [-WA]
DS =0030 0000000000000000 ffffffff 00cf9300 DPL=0 DS   [-WA]
FS =0030 0000000000000000 ffffffff 00cf9300 DPL=0 DS   [-WA]
GS =0030 0000000000000000 ffffffff 00cf9300 DPL=0 DS   [-WA]
LDT=0000 0000000000000000 0000ffff 00008200 DPL=0 LDT
TR =0000 0000000000000000 0000ffff 00008b00 DPL=0 TSS64-busy
GDT=     000000003f5dc000 00000047
IDT=     000000003efa3018 00000fff
CR0=80010033 CR2=0000000000000000 CR3=000000003f801000 CR4=00000668
DR0=0000000000000000 DR1=0000000000000000 DR2=0000000000000000 DR3=0000000000000000 
DR6=00000000ffff0ff0 DR7=0000000000000400
CCS=0000000000000004 CCD=0000000000006e5c CCO=EFLAGS
EFER=0000000000000d00
Servicing hardware INT=0x20
    75: v=20 e=0000 i=0 cpl=0 IP=0038:000000003e6d3862 pc=000000003e6d3862 SP=0030:000000003fe64d60 env->regs[R_EAX]=0000000000000159
RAX=0000000000000159 RBX=0000000000000064 RCX=000000000000b008 RDX=000000000066b41c
RSI=000000000066b575 RDI=000000003e5b40d4 RBP=000000003fe64d90 RSP=000000003fe64d60
R8 =000000003fe64d7f R9 =000000000000c042 R10=0000000000000000 R11=0000000000000000
R12=000000000004baf1 R13=0000000000000011 R14=000000000000c040 R15=0000000000000000
RIP=000000003e6d3862 RFL=00000206 [-----P-] CPL=0 II=0 A20=1 SMM=0 HLT=0
ES =0030 0000000000000000 ffffffff 00cf9300 DPL=0 DS   [-WA]
CS =0038 0000000000000000 ffffffff 00af9a00 DPL=0 CS64 [-R-]
SS =0030 0000000000000000 ffffffff 00cf9300 DPL=0 DS   [-WA]
DS =0030 0000000000000000 ffffffff 00cf9300 DPL=0 DS   [-WA]
FS =0030 0000000000000000 ffffffff 00cf9300 DPL=0 DS   [-WA]
GS =0030 0000000000000000 ffffffff 00cf9300 DPL=0 DS   [-WA]
LDT=0000 0000000000000000 0000ffff 00008200 DPL=0 LDT
TR =0000 0000000000000000 0000ffff 00008b00 DPL=0 TSS64-busy
GDT=     000000003f5dc000 00000047
IDT=     000000003efa3018 00000fff
CR0=80010033 CR2=0000000000000000 CR3=000000003f801000 CR4=00000668
DR0=0000000000000000 DR1=0000000000000000 DR2=0000000000000000 DR3=0000000000000000 
DR6=00000000ffff0ff0 DR7=0000000000000400
CCS=0000000000000004 CCD=0000000000000159 CCO=EFLAGS
EFER=0000000000000d00
Servicing hardware INT=0x20
    76: v=20 e=0000 i=0 cpl=0 IP=0038:000000003e6d3862 pc=000000003e6d3862 SP=0030:000000003fe64d60 env->regs[R_EAX]=000000000000015a
RAX=000000000000015a RBX=0000000000000064 RCX=000000000000b008 RDX=0000000000674dda
RSI=0000000000674f34 RDI=000000003e5b40d4 RBP=000000003fe64d90 RSP=000000003fe64d60
R8 =000000003fe64d7f R9 =000000000000c042 R10=0000000000000000 R11=0000000000000000
R12=000000000004baf1 R13=0000000000000011 R14=000000000000c040 R15=0000000000000000
RIP=000000003e6d3862 RFL=00000206 [-----P-] CPL=0 II=0 A20=1 SMM=0 HLT=0
ES =0030 0000000000000000 ffffffff 00cf9300 DPL=0 DS   [-WA]
CS =0038 0000000000000000 ffffffff 00af9a00 DPL=0 CS64 [-R-]
SS =0030 0000000000000000 ffffffff 00cf9300 DPL=0 DS   [-WA]
DS =0030 0000000000000000 ffffffff 00cf9300 DPL=0 DS   [-WA]
FS =0030 0000000000000000 ffffffff 00cf9300 DPL=0 DS   [-WA]
GS =0030 0000000000000000 ffffffff 00cf9300 DPL=0 DS   [-WA]
LDT=0000 0000000000000000 0000ffff 00008200 DPL=0 LDT
TR =0000 0000000000000000 0000ffff 00008b00 DPL=0 TSS64-busy
GDT=     000000003f5dc000 00000047
IDT=     000000003efa3018 00000fff
CR0=80010033 CR2=0000000000000000 CR3=000000003f801000 CR4=00000668
DR0=0000000000000000 DR1=0000000000000000 DR2=0000000000000000 DR3=0000000000000000 
DR6=00000000ffff0ff0 DR7=0000000000000400
CCS=0000000000000004 CCD=000000000000015a CCO=EFLAGS
EFER=0000000000000d00
Servicing hardware INT=0x20
    77: v=20 e=0000 i=0 cpl=0 IP=0038:000000003e6d3862 pc=000000003e6d3862 SP=0030:000000003fe64d60 env->regs[R_EAX]=0000000000000116
RAX=0000000000000116 RBX=0000000000002710 RCX=000000000000b008 RDX=000000000067db5f
RSI=000000000067dc75 RDI=000000003e5b40d4 RBP=000000003fe64d90 RSP=000000003fe64d60
R8 =000000003fe64db0 R9 =00000000000003f6 R10=0000000000000000 R11=0000000000000000
R12=000000000000c042 R13=0000000000000011 R14=000000000000c040 R15=0000000000000000
RIP=000000003e6d3862 RFL=00000202 [-------] CPL=0 II=0 A20=1 SMM=0 HLT=0
ES =0030 0000000000000000 ffffffff 00cf9300 DPL=0 DS   [-WA]
CS =0038 0000000000000000 ffffffff 00af9a00 DPL=0 CS64 [-R-]
SS =0030 0000000000000000 ffffffff 00cf9300 DPL=0 DS   [-WA]
DS =0030 0000000000000000 ffffffff 00cf9300 DPL=0 DS   [-WA]
FS =0030 0000000000000000 ffffffff 00cf9300 DPL=0 DS   [-WA]
GS =0030 0000000000000000 ffffffff 00cf9300 DPL=0 DS   [-WA]
LDT=0000 0000000000000000 0000ffff 00008200 DPL=0 LDT
TR =0000 0000000000000000 0000ffff 00008b00 DPL=0 TSS64-busy
GDT=     000000003f5dc000 00000047
IDT=     000000003efa3018 00000fff
CR0=80010033 CR2=0000000000000000 CR3=000000003f801000 CR4=00000668
DR0=0000000000000000 DR1=0000000000000000 DR2=0000000000000000 DR3=0000000000000000 
DR6=00000000ffff0ff0 DR7=0000000000000400
CCS=0000000000000000 CCD=0000000000000116 CCO=EFLAGS
EFER=0000000000000d00
Servicing hardware INT=0x20
    78: v=20 e=0000 i=0 cpl=0 IP=0038:000000003e6d3862 pc=000000003e6d3862 SP=0030:000000003fe64f00 env->regs[R_EAX]=0000000000000c2e
RAX=0000000000000c2e RBX=0000000000002710 RCX=000000000000b008 RDX=000000000068691f
RSI=000000000068754d RDI=000000003e5b40d4 RBP=000000003fe64f30 RSP=000000003fe64f00
R8 =000000003fe64f50 R9 =00000000000003f6 R10=0000000000000000 R11=0000000000000000
R12=000000000000c042 R13=0000000000000011 R14=000000000000c040 R15=0000000000000000
RIP=000000003e6d3862 RFL=00000206 [-----P-] CPL=0 II=0 A20=1 SMM=0 HLT=0
ES =0030 0000000000000000 ffffffff 00cf9300 DPL=0 DS   [-WA]
CS =0038 0000000000000000 ffffffff 00af9a00 DPL=0 CS64 [-R-]
SS =0030 0000000000000000 ffffffff 00cf9300 DPL=0 DS   [-WA]
DS =0030 0000000000000000 ffffffff 00cf9300 DPL=0 DS   [-WA]
FS =0030 0000000000000000 ffffffff 00cf9300 DPL=0 DS   [-WA]
GS =0030 0000000000000000 ffffffff 00cf9300 DPL=0 DS   [-WA]
LDT=0000 0000000000000000 0000ffff 00008200 DPL=0 LDT
TR =0000 0000000000000000 0000ffff 00008b00 DPL=0 TSS64-busy
GDT=     000000003f5dc000 00000047
IDT=     000000003efa3018 00000fff
CR0=80010033 CR2=0000000000000000 CR3=000000003f801000 CR4=00000668
DR0=0000000000000000 DR1=0000000000000000 DR2=0000000000000000 DR3=0000000000000000 
DR6=00000000ffff0ff0 DR7=0000000000000400
CCS=0000000000000004 CCD=0000000000000c2e CCO=EFLAGS
EFER=0000000000000d00
Servicing hardware INT=0x20
    79: v=20 e=0000 i=0 cpl=0 IP=0038:000000003e6d3862 pc=000000003e6d3862 SP=0030:000000003fe65050 env->regs[R_EAX]=0000000000002a43
RAX=0000000000002a43 RBX=0000000000002710 RCX=000000000000b008 RDX=000000000068e77b
RSI=00000000006911be RDI=000000003e5b40d4 RBP=000000003fe65080 RSP=000000003fe65050
R8 =000000003fe650a0 R9 =00000000000003f6 R10=0000000000000000 R11=0000000000000000
R12=000000000000c042 R13=0000000000000011 R14=000000000000c040 R15=0000000000000000
RIP=000000003e6d3862 RFL=00000202 [-------] CPL=0 II=0 A20=1 SMM=0 HLT=0
ES =0030 0000000000000000 ffffffff 00cf9300 DPL=0 DS   [-WA]
CS =0038 0000000000000000 ffffffff 00af9a00 DPL=0 CS64 [-R-]
SS =0030 0000000000000000 ffffffff 00cf9300 DPL=0 DS   [-WA]
DS =0030 0000000000000000 ffffffff 00cf9300 DPL=0 DS   [-WA]
FS =0030 0000000000000000 ffffffff 00cf9300 DPL=0 DS   [-WA]
GS =0030 0000000000000000 ffffffff 00cf9300 DPL=0 DS   [-WA]
LDT=0000 0000000000000000 0000ffff 00008200 DPL=0 LDT
TR =0000 0000000000000000 0000ffff 00008b00 DPL=0 TSS64-busy
GDT=     000000003f5dc000 00000047
IDT=     000000003efa3018 00000fff
CR0=80010033 CR2=0000000000000000 CR3=000000003f801000 CR4=00000668
DR0=0000000000000000 DR1=0000000000000000 DR2=0000000000000000 DR3=0000000000000000 
DR6=00000000ffff0ff0 DR7=0000000000000400
CCS=0000000000000000 CCD=0000000000002a43 CCO=EFLAGS
EFER=0000000000000d00
Servicing hardware INT=0x20
    80: v=20 e=0000 i=0 cpl=0 IP=0038:000000003e6d3862 pc=000000003e6d3862 SP=0030:000000003fe64fa0 env->regs[R_EAX]=0000000000003526
RAX=0000000000003526 RBX=0000000000002710 RCX=000000000000b008 RDX=0000000000697b4a
RSI=000000000069b070 RDI=000000003e5b40d4 RBP=000000003fe64fd0 RSP=000000003fe64fa0
R8 =000000003fe64ff0 R9 =00000000000003f6 R10=0000000000000000 R11=0000000000000000
R12=000000000000c042 R13=0000000000000011 R14=000000000000c040 R15=0000000000000000
RIP=000000003e6d3862 RFL=00000202 [-------] CPL=0 II=0 A20=1 SMM=0 HLT=0
ES =0030 0000000000000000 ffffffff 00cf9300 DPL=0 DS   [-WA]
CS =0038 0000000000000000 ffffffff 00af9a00 DPL=0 CS64 [-R-]
SS =0030 0000000000000000 ffffffff 00cf9300 DPL=0 DS   [-WA]
DS =0030 0000000000000000 ffffffff 00cf9300 DPL=0 DS   [-WA]
FS =0030 0000000000000000 ffffffff 00cf9300 DPL=0 DS   [-WA]
GS =0030 0000000000000000 ffffffff 00cf9300 DPL=0 DS   [-WA]
LDT=0000 0000000000000000 0000ffff 00008200 DPL=0 LDT
TR =0000 0000000000000000 0000ffff 00008b00 DPL=0 TSS64-busy
GDT=     000000003f5dc000 00000047
IDT=     000000003efa3018 00000fff
CR0=80010033 CR2=0000000000000000 CR3=000000003f801000 CR4=00000668
DR0=0000000000000000 DR1=0000000000000000 DR2=0000000000000000 DR3=0000000000000000 
DR6=00000000ffff0ff0 DR7=0000000000000400
CCS=0000000000000000 CCD=0000000000003526 CCO=EFLAGS
EFER=0000000000000d00
Servicing hardware INT=0x20
    81: v=20 e=0000 i=0 cpl=0 IP=0038:000000003fe82e8a pc=000000003fe82e8a SP=0030:000000003fe65440 env->regs[R_EAX]=00000000000000af
RAX=00000000000000af RBX=000000003fe8c0a0 RCX=00000000000d0001 RDX=000000003df62018
RSI=000000003fe8bb60 RDI=000000003e312017 RBP=000000003fe654d0 RSP=000000003fe65440
R8 =00000000000000af R9 =0000000000481000 R10=0000000000000000 R11=0000000000000000
R12=0000000000480028 R13=0000000000480000 R14=000000003df62018 R15=000000003df62000
RIP=000000003fe82e8a RFL=00010206 [-----P-] CPL=0 II=0 A20=1 SMM=0 HLT=0
ES =0030 0000000000000000 ffffffff 00cf9300 DPL=0 DS   [-WA]
CS =0038 0000000000000000 ffffffff 00af9a00 DPL=0 CS64 [-R-]
SS =0030 0000000000000000 ffffffff 00cf9300 DPL=0 DS   [-WA]
DS =0030 0000000000000000 ffffffff 00cf9300 DPL=0 DS   [-WA]
FS =0030 0000000000000000 ffffffff 00cf9300 DPL=0 DS   [-WA]
GS =0030 0000000000000000 ffffffff 00cf9300 DPL=0 DS   [-WA]
LDT=0000 0000000000000000 0000ffff 00008200 DPL=0 LDT
TR =0000 0000000000000000 0000ffff 00008b00 DPL=0 TSS64-busy
GDT=     000000003f5dc000 00000047
IDT=     000000003efa3018 00000fff
CR0=80010033 CR2=0000000000000000 CR3=000000003f801000 CR4=00000668
DR0=0000000000000000 DR1=0000000000000000 DR2=0000000000000000 DR3=0000000000000000 
DR6=00000000ffff0ff0 DR7=0000000000000400
CCS=0000000000000004 CCD=000000003fe65428 CCO=EFLAGS
EFER=0000000000000d00
Servicing hardware INT=0x20
    82: v=20 e=0000 i=0 cpl=0 IP=0038:000000003e6d3862 pc=000000003e6d3862 SP=0030:000000003fe64b80 env->regs[R_EAX]=0000000000006fff
RAX=0000000000006fff RBX=0000000000002710 RCX=000000000000b008 RDX=00000000006a8707
RSI=00000000006af706 RDI=000000003e5b40d4 RBP=000000003fe64bb0 RSP=000000003fe64b80
R8 =000000003fe64bd0 R9 =00000000000003f6 R10=0000000000000000 R11=0000000000000000
R12=000000000000c042 R13=0000000000000011 R14=000000000000c040 R15=0000000000000000
RIP=000000003e6d3862 RFL=00000206 [-----P-] CPL=0 II=0 A20=1 SMM=0 HLT=0
ES =0030 0000000000000000 ffffffff 00cf9300 DPL=0 DS   [-WA]
CS =0038 0000000000000000 ffffffff 00af9a00 DPL=0 CS64 [-R-]
SS =0030 0000000000000000 ffffffff 00cf9300 DPL=0 DS   [-WA]
DS =0030 0000000000000000 ffffffff 00cf9300 DPL=0 DS   [-WA]
FS =0030 0000000000000000 ffffffff 00cf9300 DPL=0 DS   [-WA]
GS =0030 0000000000000000 ffffffff 00cf9300 DPL=0 DS   [-WA]
LDT=0000 0000000000000000 0000ffff 00008200 DPL=0 LDT
TR =0000 0000000000000000 0000ffff 00008b00 DPL=0 TSS64-busy
GDT=     000000003f5dc000 00000047
IDT=     000000003efa3018 00000fff
CR0=80010033 CR2=0000000000000000 CR3=000000003f801000 CR4=00000668
DR0=0000000000000000 DR1=0000000000000000 DR2=0000000000000000 DR3=0000000000000000 
DR6=00000000ffff0ff0 DR7=0000000000000400
CCS=0000000000000004 CCD=0000000000006fff CCO=EFLAGS
EFER=0000000000000d00
Servicing hardware INT=0x20
    83: v=20 e=0000 i=0 cpl=0 IP=0038:000000003e6a9c82 pc=000000003e6a9c82 SP=0030:000000003fe65580 env->regs[R_EAX]=0000000000000001
RAX=0000000000000001 RBX=000000003e4ace98 RCX=0000000000000004 RDX=0000000000000056
RSI=0000000000000008 RDI=000000003fe65536 RBP=000000003fe65600 RSP=000000003fe65580
R8 =000000003e6ab4f2 R9 =000000003e4acee0 R10=000000003e717f20 R11=000000003e718120
R12=0000000000000000 R13=000000003e4c0298 R14=000000003fe655b4 R15=000000003e4aced8
RIP=000000003e6a9c82 RFL=00000202 [-------] CPL=0 II=0 A20=1 SMM=0 HLT=0
ES =0030 0000000000000000 ffffffff 00cf9300 DPL=0 DS   [-WA]
CS =0038 0000000000000000 ffffffff 00af9a00 DPL=0 CS64 [-R-]
SS =0030 0000000000000000 ffffffff 00cf9300 DPL=0 DS   [-WA]
DS =0030 0000000000000000 ffffffff 00cf9300 DPL=0 DS   [-WA]
FS =0030 0000000000000000 ffffffff 00cf9300 DPL=0 DS   [-WA]
GS =0030 0000000000000000 ffffffff 00cf9300 DPL=0 DS   [-WA]
LDT=0000 0000000000000000 0000ffff 00008200 DPL=0 LDT
TR =0000 0000000000000000 0000ffff 00008b00 DPL=0 TSS64-busy
GDT=     000000003f5dc000 00000047
IDT=     000000003efa3018 00000fff
CR0=80010033 CR2=0000000000000000 CR3=000000003f801000 CR4=00000668
DR0=0000000000000000 DR1=0000000000000000 DR2=0000000000000000 DR3=0000000000000000 
DR6=00000000ffff0ff0 DR7=0000000000000400
CCS=0000000000000000 CCD=0000000000000002 CCO=EFLAGS
EFER=0000000000000d00
Servicing hardware INT=0x20
    84: v=20 e=0000 i=0 cpl=0 IP=0038:000000003e6d3862 pc=000000003e6d3862 SP=0030:000000003fe65190 env->regs[R_EAX]=00000000000000dd
RAX=00000000000000dd RBX=0000000000000064 RCX=000000000000b008 RDX=00000000006b9c9b
RSI=00000000006b9d78 RDI=000000003e5b40d4 RBP=000000003fe651c0 RSP=000000003fe65190
R8 =000000003fe651af R9 =000000000000c042 R10=0000000000000000 R11=0000000000000000
R12=000000000004bac4 R13=0000000000000011 R14=000000000000c040 R15=0000000000000000
RIP=000000003e6d3862 RFL=00000206 [-----P-] CPL=0 II=0 A20=1 SMM=0 HLT=0
ES =0030 0000000000000000 ffffffff 00cf9300 DPL=0 DS   [-WA]
CS =0038 0000000000000000 ffffffff 00af9a00 DPL=0 CS64 [-R-]
SS =0030 0000000000000000 ffffffff 00cf9300 DPL=0 DS   [-WA]
DS =0030 0000000000000000 ffffffff 00cf9300 DPL=0 DS   [-WA]
FS =0030 0000000000000000 ffffffff 00cf9300 DPL=0 DS   [-WA]
GS =0030 0000000000000000 ffffffff 00cf9300 DPL=0 DS   [-WA]
LDT=0000 0000000000000000 0000ffff 00008200 DPL=0 LDT
TR =0000 0000000000000000 0000ffff 00008b00 DPL=0 TSS64-busy
GDT=     000000003f5dc000 00000047
IDT=     000000003efa3018 00000fff
CR0=80010033 CR2=0000000000000000 CR3=000000003f801000 CR4=00000668
DR0=0000000000000000 DR1=0000000000000000 DR2=0000000000000000 DR3=0000000000000000 
DR6=00000000ffff0ff0 DR7=0000000000000400
CCS=0000000000000004 CCD=00000000000000dd CCO=EFLAGS
EFER=0000000000000d00
Servicing hardware INT=0x20
    85: v=20 e=0000 i=0 cpl=0 IP=0038:000000003e6d3862 pc=000000003e6d3862 SP=0030:000000003fe65190 env->regs[R_EAX]=000000000000005b
RAX=000000000000005b RBX=0000000000000064 RCX=000000000000b008 RDX=00000000006c277e
RSI=00000000006c27d9 RDI=000000003e5b40d4 RBP=000000003fe651c0 RSP=000000003fe65190
R8 =000000003fe651af R9 =000000000000c042 R10=0000000000000000 R11=0000000000000000
R12=000000000004ba80 R13=0000000000000011 R14=000000000000c040 R15=0000000000000000
RIP=000000003e6d3862 RFL=00000202 [-------] CPL=0 II=0 A20=1 SMM=0 HLT=0
ES =0030 0000000000000000 ffffffff 00cf9300 DPL=0 DS   [-WA]
CS =0038 0000000000000000 ffffffff 00af9a00 DPL=0 CS64 [-R-]
SS =0030 0000000000000000 ffffffff 00cf9300 DPL=0 DS   [-WA]
DS =0030 0000000000000000 ffffffff 00cf9300 DPL=0 DS   [-WA]
FS =0030 0000000000000000 ffffffff 00cf9300 DPL=0 DS   [-WA]
GS =0030 0000000000000000 ffffffff 00cf9300 DPL=0 DS   [-WA]
LDT=0000 0000000000000000 0000ffff 00008200 DPL=0 LDT
TR =0000 0000000000000000 0000ffff 00008b00 DPL=0 TSS64-busy
GDT=     000000003f5dc000 00000047
IDT=     000000003efa3018 00000fff
CR0=80010033 CR2=0000000000000000 CR3=000000003f801000 CR4=00000668
DR0=0000000000000000 DR1=0000000000000000 DR2=0000000000000000 DR3=0000000000000000 
DR6=00000000ffff0ff0 DR7=0000000000000400
CCS=0000000000000000 CCD=000000000000005b CCO=EFLAGS
EFER=0000000000000d00
Servicing hardware INT=0x20
    86: v=20 e=0000 i=0 cpl=0 IP=0038:000000003e6d3862 pc=000000003e6d3862 SP=0030:000000003fe65190 env->regs[R_EAX]=0000000000000162
RAX=0000000000000162 RBX=0000000000000064 RCX=000000000000b008 RDX=00000000006cb41e
RSI=00000000006cb580 RDI=000000003e5b40d4 RBP=000000003fe651c0 RSP=000000003fe65190
R8 =000000003fe651af R9 =000000000000c042 R10=0000000000000000 R11=0000000000000000
R12=000000000004ba3f R13=0000000000000011 R14=000000000000c040 R15=0000000000000000
RIP=000000003e6d3862 RFL=00000202 [-------] CPL=0 II=0 A20=1 SMM=0 HLT=0
ES =0030 0000000000000000 ffffffff 00cf9300 DPL=0 DS   [-WA]
CS =0038 0000000000000000 ffffffff 00af9a00 DPL=0 CS64 [-R-]
SS =0030 0000000000000000 ffffffff 00cf9300 DPL=0 DS   [-WA]
DS =0030 0000000000000000 ffffffff 00cf9300 DPL=0 DS   [-WA]
FS =0030 0000000000000000 ffffffff 00cf9300 DPL=0 DS   [-WA]
GS =0030 0000000000000000 ffffffff 00cf9300 DPL=0 DS   [-WA]
LDT=0000 0000000000000000 0000ffff 00008200 DPL=0 LDT
TR =0000 0000000000000000 0000ffff 00008b00 DPL=0 TSS64-busy
GDT=     000000003f5dc000 00000047
IDT=     000000003efa3018 00000fff
CR0=80010033 CR2=0000000000000000 CR3=000000003f801000 CR4=00000668
DR0=0000000000000000 DR1=0000000000000000 DR2=0000000000000000 DR3=0000000000000000 
DR6=00000000ffff0ff0 DR7=0000000000000400
CCS=0000000000000000 CCD=0000000000000162 CCO=EFLAGS
EFER=0000000000000d00
Servicing hardware INT=0x20
    87: v=20 e=0000 i=0 cpl=0 IP=0038:000000003e6d3862 pc=000000003e6d3862 SP=0030:000000003fe65190 env->regs[R_EAX]=0000000000003606
RAX=0000000000003606 RBX=0000000000002710 RCX=000000000000b008 RDX=00000000006d4f3a
RSI=00000000006d8540 RDI=000000003e5b40d4 RBP=000000003fe651c0 RSP=000000003fe65190
R8 =000000003fe651e0 R9 =00000000000003f6 R10=0000000000000000 R11=0000000000000000
R12=000000000000c042 R13=0000000000000011 R14=000000000000c040 R15=0000000000000000
RIP=000000003e6d3862 RFL=00000206 [-----P-] CPL=0 II=0 A20=1 SMM=0 HLT=0
ES =0030 0000000000000000 ffffffff 00cf9300 DPL=0 DS   [-WA]
CS =0038 0000000000000000 ffffffff 00af9a00 DPL=0 CS64 [-R-]
SS =0030 0000000000000000 ffffffff 00cf9300 DPL=0 DS   [-WA]
DS =0030 0000000000000000 ffffffff 00cf9300 DPL=0 DS   [-WA]
FS =0030 0000000000000000 ffffffff 00cf9300 DPL=0 DS   [-WA]
GS =0030 0000000000000000 ffffffff 00cf9300 DPL=0 DS   [-WA]
LDT=0000 0000000000000000 0000ffff 00008200 DPL=0 LDT
TR =0000 0000000000000000 0000ffff 00008b00 DPL=0 TSS64-busy
GDT=     000000003f5dc000 00000047
IDT=     000000003efa3018 00000fff
CR0=80010033 CR2=0000000000000000 CR3=000000003f801000 CR4=00000668
DR0=0000000000000000 DR1=0000000000000000 DR2=0000000000000000 DR3=0000000000000000 
DR6=00000000ffff0ff0 DR7=0000000000000400
CCS=0000000000000004 CCD=0000000000003606 CCO=EFLAGS
EFER=0000000000000d00
Servicing hardware INT=0x20
    88: v=20 e=0000 i=0 cpl=0 IP=0038:000000003e6d3862 pc=000000003e6d3862 SP=0030:000000003fe650e0 env->regs[R_EAX]=00000000000052e4
RAX=00000000000052e4 RBX=0000000000002710 RCX=000000000000b008 RDX=00000000006ddb89
RSI=00000000006e2e6d RDI=000000003e5b40d4 RBP=000000003fe65110 RSP=000000003fe650e0
R8 =000000003fe65130 R9 =00000000000003f6 R10=0000000000000000 R11=0000000000000000
R12=000000000000c042 R13=0000000000000011 R14=000000000000c040 R15=0000000000000000
RIP=000000003e6d3862 RFL=00000206 [-----P-] CPL=0 II=0 A20=1 SMM=0 HLT=0
ES =0030 0000000000000000 ffffffff 00cf9300 DPL=0 DS   [-WA]
CS =0038 0000000000000000 ffffffff 00af9a00 DPL=0 CS64 [-R-]
SS =0030 0000000000000000 ffffffff 00cf9300 DPL=0 DS   [-WA]
DS =0030 0000000000000000 ffffffff 00cf9300 DPL=0 DS   [-WA]
FS =0030 0000000000000000 ffffffff 00cf9300 DPL=0 DS   [-WA]
GS =0030 0000000000000000 ffffffff 00cf9300 DPL=0 DS   [-WA]
LDT=0000 0000000000000000 0000ffff 00008200 DPL=0 LDT
TR =0000 0000000000000000 0000ffff 00008b00 DPL=0 TSS64-busy
GDT=     000000003f5dc000 00000047
IDT=     000000003efa3018 00000fff
CR0=80010033 CR2=0000000000000000 CR3=000000003f801000 CR4=00000668
DR0=0000000000000000 DR1=0000000000000000 DR2=0000000000000000 DR3=0000000000000000 
DR6=00000000ffff0ff0 DR7=0000000000000400
CCS=0000000000000004 CCD=00000000000052e4 CCO=EFLAGS
EFER=0000000000000d00
Servicing hardware INT=0x20
    89: v=20 e=0000 i=0 cpl=0 IP=0038:000000003e6d3862 pc=000000003e6d3862 SP=0030:000000003fe650e0 env->regs[R_EAX]=0000000000006765
RAX=0000000000006765 RBX=0000000000002710 RCX=000000000000b008 RDX=00000000006e6942
RSI=00000000006ed0a7 RDI=000000003e5b40d4 RBP=000000003fe65110 RSP=000000003fe650e0
R8 =000000003fe65130 R9 =00000000000003f6 R10=0000000000000000 R11=0000000000000000
R12=000000000000c042 R13=0000000000000011 R14=000000000000c040 R15=0000000000000000
RIP=000000003e6d3862 RFL=00000206 [-----P-] CPL=0 II=0 A20=1 SMM=0 HLT=0
ES =0030 0000000000000000 ffffffff 00cf9300 DPL=0 DS   [-WA]
CS =0038 0000000000000000 ffffffff 00af9a00 DPL=0 CS64 [-R-]
SS =0030 0000000000000000 ffffffff 00cf9300 DPL=0 DS   [-WA]
DS =0030 0000000000000000 ffffffff 00cf9300 DPL=0 DS   [-WA]
FS =0030 0000000000000000 ffffffff 00cf9300 DPL=0 DS   [-WA]
GS =0030 0000000000000000 ffffffff 00cf9300 DPL=0 DS   [-WA]
LDT=0000 0000000000000000 0000ffff 00008200 DPL=0 LDT
TR =0000 0000000000000000 0000ffff 00008b00 DPL=0 TSS64-busy
GDT=     000000003f5dc000 00000047
IDT=     000000003efa3018 00000fff
CR0=80010033 CR2=0000000000000000 CR3=000000003f801000 CR4=00000668
DR0=0000000000000000 DR1=0000000000000000 DR2=0000000000000000 DR3=0000000000000000 
DR6=00000000ffff0ff0 DR7=0000000000000400
CCS=0000000000000004 CCD=0000000000006765 CCO=EFLAGS
EFER=0000000000000d00
Servicing hardware INT=0x20
    90: v=20 e=0000 i=0 cpl=0 IP=0038:000000003e6d3862 pc=000000003e6d3862 SP=0030:000000003fe65240 env->regs[R_EAX]=0000000000000050
RAX=0000000000000050 RBX=0000000000000064 RCX=000000000000b008 RDX=00000000006ee356
RSI=00000000006ee3a6 RDI=000000003e5b40d4 RBP=000000003fe65270 RSP=000000003fe65240
R8 =000000003fe6525f R9 =000000000000c042 R10=0000000000000000 R11=0000000000000000
R12=000000000004baf1 R13=0000000000000011 R14=000000000000c040 R15=0000000000000000
RIP=000000003e6d3862 RFL=00000206 [-----P-] CPL=0 II=0 A20=1 SMM=0 HLT=0
ES =0030 0000000000000000 ffffffff 00cf9300 DPL=0 DS   [-WA]
CS =0038 0000000000000000 ffffffff 00af9a00 DPL=0 CS64 [-R-]
SS =0030 0000000000000000 ffffffff 00cf9300 DPL=0 DS   [-WA]
DS =0030 0000000000000000 ffffffff 00cf9300 DPL=0 DS   [-WA]
FS =0030 0000000000000000 ffffffff 00cf9300 DPL=0 DS   [-WA]
GS =0030 0000000000000000 ffffffff 00cf9300 DPL=0 DS   [-WA]
LDT=0000 0000000000000000 0000ffff 00008200 DPL=0 LDT
TR =0000 0000000000000000 0000ffff 00008b00 DPL=0 TSS64-busy
GDT=     000000003f5dc000 00000047
IDT=     000000003efa3018 00000fff
CR0=80010033 CR2=0000000000000000 CR3=000000003f801000 CR4=00000668
DR0=0000000000000000 DR1=0000000000000000 DR2=0000000000000000 DR3=0000000000000000 
DR6=00000000ffff0ff0 DR7=0000000000000400
CCS=0000000000000004 CCD=0000000000000050 CCO=EFLAGS
EFER=0000000000000d00
Servicing hardware INT=0x20
    91: v=20 e=0000 i=0 cpl=0 IP=0038:000000003e6d3862 pc=000000003e6d3862 SP=0030:000000003fe65240 env->regs[R_EAX]=0000000000000156
RAX=0000000000000156 RBX=0000000000000064 RCX=000000000000b008 RDX=00000000006f6f34
RSI=00000000006f708a RDI=000000003e5b40d4 RBP=000000003fe65270 RSP=000000003fe65240
R8 =000000003fe6525f R9 =000000000000c042 R10=0000000000000000 R11=0000000000000000
R12=000000000004bab0 R13=0000000000000011 R14=000000000000c040 R15=0000000000000000
RIP=000000003e6d3862 RFL=00000206 [-----P-] CPL=0 II=0 A20=1 SMM=0 HLT=0
ES =0030 0000000000000000 ffffffff 00cf9300 DPL=0 DS   [-WA]
CS =0038 0000000000000000 ffffffff 00af9a00 DPL=0 CS64 [-R-]
SS =0030 0000000000000000 ffffffff 00cf9300 DPL=0 DS   [-WA]
DS =0030 0000000000000000 ffffffff 00cf9300 DPL=0 DS   [-WA]
FS =0030 0000000000000000 ffffffff 00cf9300 DPL=0 DS   [-WA]
GS =0030 0000000000000000 ffffffff 00cf9300 DPL=0 DS   [-WA]
LDT=0000 0000000000000000 0000ffff 00008200 DPL=0 LDT
TR =0000 0000000000000000 0000ffff 00008b00 DPL=0 TSS64-busy
GDT=     000000003f5dc000 00000047
IDT=     000000003efa3018 00000fff
CR0=80010033 CR2=0000000000000000 CR3=000000003f801000 CR4=00000668
DR0=0000000000000000 DR1=0000000000000000 DR2=0000000000000000 DR3=0000000000000000 
DR6=00000000ffff0ff0 DR7=0000000000000400
CCS=0000000000000004 CCD=0000000000000156 CCO=EFLAGS
EFER=0000000000000d00
Servicing hardware INT=0x20
    92: v=20 e=0000 i=0 cpl=0 IP=0038:000000003e6d3862 pc=000000003e6d3862 SP=0030:000000003fe65240 env->regs[R_EAX]=00000000000030a8
RAX=00000000000030a8 RBX=0000000000002710 RCX=000000000000b008 RDX=00000000007000dc
RSI=0000000000703184 RDI=000000003e5b40d4 RBP=000000003fe65270 RSP=000000003fe65240
R8 =000000003fe65290 R9 =00000000000003f6 R10=0000000000000000 R11=0000000000000000
R12=000000000000c042 R13=0000000000000011 R14=000000000000c040 R15=0000000000000000
RIP=000000003e6d3862 RFL=00000202 [-------] CPL=0 II=0 A20=1 SMM=0 HLT=0
ES =0030 0000000000000000 ffffffff 00cf9300 DPL=0 DS   [-WA]
CS =0038 0000000000000000 ffffffff 00af9a00 DPL=0 CS64 [-R-]
SS =0030 0000000000000000 ffffffff 00cf9300 DPL=0 DS   [-WA]
DS =0030 0000000000000000 ffffffff 00cf9300 DPL=0 DS   [-WA]
FS =0030 0000000000000000 ffffffff 00cf9300 DPL=0 DS   [-WA]
GS =0030 0000000000000000 ffffffff 00cf9300 DPL=0 DS   [-WA]
LDT=0000 0000000000000000 0000ffff 00008200 DPL=0 LDT
TR =0000 0000000000000000 0000ffff 00008b00 DPL=0 TSS64-busy
GDT=     000000003f5dc000 00000047
IDT=     000000003efa3018 00000fff
CR0=80010033 CR2=0000000000000000 CR3=000000003f801000 CR4=00000668
DR0=0000000000000000 DR1=0000000000000000 DR2=0000000000000000 DR3=0000000000000000 
DR6=00000000ffff0ff0 DR7=0000000000000400
CCS=0000000000000000 CCD=00000000000030a8 CCO=EFLAGS
EFER=0000000000000d00
Servicing hardware INT=0x20
    93: v=20 e=0000 i=0 cpl=0 IP=0038:000000003ef9f419 pc=000000003ef9f419 SP=0030:000000003fe65110 env->regs[R_EAX]=0000000000000001
RAX=0000000000000001 RBX=000000000000c042 RCX=000000000000c042 RDX=000000000000c042
RSI=0000000000000000 RDI=0000000000000000 RBP=000000003fe65130 RSP=000000003fe65110
R8 =000000003fe6525f R9 =000000000000c042 R10=0000000000000000 R11=0000000000000000
R12=000000003fe6525f R13=0000000000000001 R14=0000000000000001 R15=0000000000000001
RIP=000000003ef9f419 RFL=00000246 [---Z-P-] CPL=0 II=0 A20=1 SMM=0 HLT=0
ES =0030 0000000000000000 ffffffff 00cf9300 DPL=0 DS   [-WA]
CS =0038 0000000000000000 ffffffff 00af9a00 DPL=0 CS64 [-R-]
SS =0030 0000000000000000 ffffffff 00cf9300 DPL=0 DS   [-WA]
DS =0030 0000000000000000 ffffffff 00cf9300 DPL=0 DS   [-WA]
FS =0030 0000000000000000 ffffffff 00cf9300 DPL=0 DS   [-WA]
GS =0030 0000000000000000 ffffffff 00cf9300 DPL=0 DS   [-WA]
LDT=0000 0000000000000000 0000ffff 00008200 DPL=0 LDT
TR =0000 0000000000000000 0000ffff 00008b00 DPL=0 TSS64-busy
GDT=     000000003f5dc000 00000047
IDT=     000000003efa3018 00000fff
CR0=80010033 CR2=0000000000000000 CR3=000000003f801000 CR4=00000668
DR0=0000000000000000 DR1=0000000000000000 DR2=0000000000000000 DR3=0000000000000000 
DR6=00000000ffff0ff0 DR7=0000000000000400
CCS=0000000000000044 CCD=0000000000000000 CCO=EFLAGS
EFER=0000000000000d00
Servicing hardware INT=0x20
    94: v=20 e=0000 i=0 cpl=0 IP=0038:000000003e6d3862 pc=000000003e6d3862 SP=0030:000000003fe65240 env->regs[R_EAX]=0000000000006757
RAX=0000000000006757 RBX=0000000000002710 RCX=000000000000b008 RDX=000000000071141e
RSI=0000000000717b75 RDI=000000003e5b40d4 RBP=000000003fe65270 RSP=000000003fe65240
R8 =000000003fe65290 R9 =00000000000003f6 R10=0000000000000000 R11=0000000000000000
R12=000000000000c042 R13=0000000000000011 R14=000000000000c040 R15=0000000000000000
RIP=000000003e6d3862 RFL=00000202 [-------] CPL=0 II=0 A20=1 SMM=0 HLT=0
ES =0030 0000000000000000 ffffffff 00cf9300 DPL=0 DS   [-WA]
CS =0038 0000000000000000 ffffffff 00af9a00 DPL=0 CS64 [-R-]
SS =0030 0000000000000000 ffffffff 00cf9300 DPL=0 DS   [-WA]
DS =0030 0000000000000000 ffffffff 00cf9300 DPL=0 DS   [-WA]
FS =0030 0000000000000000 ffffffff 00cf9300 DPL=0 DS   [-WA]
GS =0030 0000000000000000 ffffffff 00cf9300 DPL=0 DS   [-WA]
LDT=0000 0000000000000000 0000ffff 00008200 DPL=0 LDT
TR =0000 0000000000000000 0000ffff 00008b00 DPL=0 TSS64-busy
GDT=     000000003f5dc000 00000047
IDT=     000000003efa3018 00000fff
CR0=80010033 CR2=0000000000000000 CR3=000000003f801000 CR4=00000668
DR0=0000000000000000 DR1=0000000000000000 DR2=0000000000000000 DR3=0000000000000000 
DR6=00000000ffff0ff0 DR7=0000000000000400
CCS=0000000000000000 CCD=0000000000006757 CCO=EFLAGS
EFER=0000000000000d00
Servicing hardware INT=0x20
    95: v=20 e=0000 i=0 cpl=0 IP=0038:000000003e6d3862 pc=000000003e6d3862 SP=0030:000000003fe65240 env->regs[R_EAX]=0000000000000159
RAX=0000000000000159 RBX=0000000000000064 RCX=000000000000b008 RDX=0000000000719e01
RSI=0000000000719f5a RDI=000000003e5b40d4 RBP=000000003fe65270 RSP=000000003fe65240
R8 =000000003fe6525f R9 =000000000000c042 R10=0000000000000000 R11=0000000000000000
R12=000000000004bae6 R13=0000000000000011 R14=000000000000c040 R15=0000000000000000
RIP=000000003e6d3862 RFL=00000206 [-----P-] CPL=0 II=0 A20=1 SMM=0 HLT=0
ES =0030 0000000000000000 ffffffff 00cf9300 DPL=0 DS   [-WA]
CS =0038 0000000000000000 ffffffff 00af9a00 DPL=0 CS64 [-R-]
SS =0030 0000000000000000 ffffffff 00cf9300 DPL=0 DS   [-WA]
DS =0030 0000000000000000 ffffffff 00cf9300 DPL=0 DS   [-WA]
FS =0030 0000000000000000 ffffffff 00cf9300 DPL=0 DS   [-WA]
GS =0030 0000000000000000 ffffffff 00cf9300 DPL=0 DS   [-WA]
LDT=0000 0000000000000000 0000ffff 00008200 DPL=0 LDT
TR =0000 0000000000000000 0000ffff 00008b00 DPL=0 TSS64-busy
GDT=     000000003f5dc000 00000047
IDT=     000000003efa3018 00000fff
CR0=80010033 CR2=0000000000000000 CR3=000000003f801000 CR4=00000668
DR0=0000000000000000 DR1=0000000000000000 DR2=0000000000000000 DR3=0000000000000000 
DR6=00000000ffff0ff0 DR7=0000000000000400
CCS=0000000000000004 CCD=0000000000000159 CCO=EFLAGS
EFER=0000000000000d00
Servicing hardware INT=0x20
    96: v=20 e=0000 i=0 cpl=0 IP=0038:000000003e6d3862 pc=000000003e6d3862 SP=0030:000000003fe65240 env->regs[R_EAX]=0000000000000060
RAX=0000000000000060 RBX=0000000000000064 RCX=000000000000b008 RDX=00000000007229d0
RSI=0000000000722a30 RDI=000000003e5b40d4 RBP=000000003fe65270 RSP=000000003fe65240
R8 =000000003fe6525f R9 =000000000000c042 R10=0000000000000000 R11=0000000000000000
R12=000000000004baa4 R13=0000000000000011 R14=000000000000c040 R15=0000000000000000
RIP=000000003e6d3862 RFL=00000206 [-----P-] CPL=0 II=0 A20=1 SMM=0 HLT=0
ES =0030 0000000000000000 ffffffff 00cf9300 DPL=0 DS   [-WA]
CS =0038 0000000000000000 ffffffff 00af9a00 DPL=0 CS64 [-R-]
SS =0030 0000000000000000 ffffffff 00cf9300 DPL=0 DS   [-WA]
DS =0030 0000000000000000 ffffffff 00cf9300 DPL=0 DS   [-WA]
FS =0030 0000000000000000 ffffffff 00cf9300 DPL=0 DS   [-WA]
GS =0030 0000000000000000 ffffffff 00cf9300 DPL=0 DS   [-WA]
LDT=0000 0000000000000000 0000ffff 00008200 DPL=0 LDT
TR =0000 0000000000000000 0000ffff 00008b00 DPL=0 TSS64-busy
GDT=     000000003f5dc000 00000047
IDT=     000000003efa3018 00000fff
CR0=80010033 CR2=0000000000000000 CR3=000000003f801000 CR4=00000668
DR0=0000000000000000 DR1=0000000000000000 DR2=0000000000000000 DR3=0000000000000000 
DR6=00000000ffff0ff0 DR7=0000000000000400
CCS=0000000000000004 CCD=0000000000000060 CCO=EFLAGS
EFER=0000000000000d00
Servicing hardware INT=0x20
    97: v=20 e=0000 i=0 cpl=0 IP=0038:000000003e6d3862 pc=000000003e6d3862 SP=0030:000000003fe65240 env->regs[R_EAX]=0000000000000164
RAX=0000000000000164 RBX=0000000000000064 RCX=000000000000b008 RDX=000000000072b298
RSI=000000000072b3fc RDI=000000003e5b40d4 RBP=000000003fe65270 RSP=000000003fe65240
R8 =000000003fe6525f R9 =000000000000c042 R10=0000000000000000 R11=0000000000000000
R12=000000000004ba62 R13=0000000000000011 R14=000000000000c040 R15=0000000000000000
RIP=000000003e6d3862 RFL=00000202 [-------] CPL=0 II=0 A20=1 SMM=0 HLT=0
ES =0030 0000000000000000 ffffffff 00cf9300 DPL=0 DS   [-WA]
CS =0038 0000000000000000 ffffffff 00af9a00 DPL=0 CS64 [-R-]
SS =0030 0000000000000000 ffffffff 00cf9300 DPL=0 DS   [-WA]
DS =0030 0000000000000000 ffffffff 00cf9300 DPL=0 DS   [-WA]
FS =0030 0000000000000000 ffffffff 00cf9300 DPL=0 DS   [-WA]
GS =0030 0000000000000000 ffffffff 00cf9300 DPL=0 DS   [-WA]
LDT=0000 0000000000000000 0000ffff 00008200 DPL=0 LDT
TR =0000 0000000000000000 0000ffff 00008b00 DPL=0 TSS64-busy
GDT=     000000003f5dc000 00000047
IDT=     000000003efa3018 00000fff
CR0=80010033 CR2=0000000000000000 CR3=000000003f801000 CR4=00000668
DR0=0000000000000000 DR1=0000000000000000 DR2=0000000000000000 DR3=0000000000000000 
DR6=00000000ffff0ff0 DR7=0000000000000400
CCS=0000000000000000 CCD=0000000000000164 CCO=EFLAGS
EFER=0000000000000d00
Servicing hardware INT=0x20
    98: v=20 e=0000 i=0 cpl=0 IP=0038:000000003e6d3862 pc=000000003e6d3862 SP=0030:000000003fe65240 env->regs[R_EAX]=0000000000000146
RAX=0000000000000146 RBX=0000000000000064 RCX=000000000000b008 RDX=0000000000730b94
RSI=0000000000730cda RDI=000000003e5b40d4 RBP=000000003fe65270 RSP=000000003fe65240
R8 =000000003fe6525f R9 =000000000000c042 R10=0000000000000000 R11=0000000000000000
R12=000000000004ba39 R13=0000000000000011 R14=000000000000c040 R15=0000000000000000
RIP=000000003e6d3862 RFL=00000202 [-------] CPL=0 II=0 A20=1 SMM=0 HLT=0
ES =0030 0000000000000000 ffffffff 00cf9300 DPL=0 DS   [-WA]
CS =0038 0000000000000000 ffffffff 00af9a00 DPL=0 CS64 [-R-]
SS =0030 0000000000000000 ffffffff 00cf9300 DPL=0 DS   [-WA]
DS =0030 0000000000000000 ffffffff 00cf9300 DPL=0 DS   [-WA]
FS =0030 0000000000000000 ffffffff 00cf9300 DPL=0 DS   [-WA]
GS =0030 0000000000000000 ffffffff 00cf9300 DPL=0 DS   [-WA]
LDT=0000 0000000000000000 0000ffff 00008200 DPL=0 LDT
TR =0000 0000000000000000 0000ffff 00008b00 DPL=0 TSS64-busy
GDT=     000000003f5dc000 00000047
IDT=     000000003efa3018 00000fff
CR0=80010033 CR2=0000000000000000 CR3=000000003f801000 CR4=00000668
DR0=0000000000000000 DR1=0000000000000000 DR2=0000000000000000 DR3=0000000000000000 
DR6=00000000ffff0ff0 DR7=0000000000000400
CCS=0000000000000000 CCD=0000000000000146 CCO=EFLAGS
EFER=0000000000000d00
Servicing hardware INT=0x20
    99: v=20 e=0000 i=0 cpl=0 IP=0038:000000003e7290fd pc=000000003e7290fd SP=0030:000000003fe655f0 env->regs[R_EAX]=000000003e4ac001
RAX=000000003e4ac001 RBX=000000003fe65730 RCX=000000003fe65730 RDX=000000003e4ac020
RSI=000000003e4ac020 RDI=0000000000000068 RBP=000000003fe65620 RSP=000000003fe655f0
R8 =0000000000000057 R9 =0000000000001bf9 R10=0000000000000000 R11=0000000000000000
R12=000000003e322018 R13=0000000000000000 R14=0000000000000001 R15=0000000000000001
RIP=000000003e7290fd RFL=00000206 [-----P-] CPL=0 II=0 A20=1 SMM=0 HLT=0
ES =0030 0000000000000000 ffffffff 00cf9300 DPL=0 DS   [-WA]
CS =0038 0000000000000000 ffffffff 00af9a00 DPL=0 CS64 [-R-]
SS =0030 0000000000000000 ffffffff 00cf9300 DPL=0 DS   [-WA]
DS =0030 0000000000000000 ffffffff 00cf9300 DPL=0 DS   [-WA]
FS =0030 0000000000000000 ffffffff 00cf9300 DPL=0 DS   [-WA]
GS =0030 0000000000000000 ffffffff 00cf9300 DPL=0 DS   [-WA]
LDT=0000 0000000000000000 0000ffff 00008200 DPL=0 LDT
TR =0000 0000000000000000 0000ffff 00008b00 DPL=0 TSS64-busy
GDT=     000000003f5dc000 00000047
IDT=     000000003efa3018 00000fff
CR0=80010033 CR2=0000000000000000 CR3=000000003f801000 CR4=00000668
DR0=0000000000000000 DR1=0000000000000000 DR2=0000000000000000 DR3=0000000000000000 
DR6=00000000ffff0ff0 DR7=0000000000000400
CCS=0000000000000004 CCD=000000003fe655d8 CCO=EFLAGS
EFER=0000000000000d00
Servicing hardware INT=0x20
   100: v=20 e=0000 i=0 cpl=0 IP=0038:000000003e6d3862 pc=000000003e6d3862 SP=0030:000000003fe65240 env->regs[R_EAX]=0000000000000073
RAX=0000000000000073 RBX=0000000000000064 RCX=000000000000b008 RDX=0000000000745910
RSI=0000000000745983 RDI=000000003e5b40d4 RBP=000000003fe65270 RSP=000000003fe65240
R8 =000000003fe6525f R9 =000000000000c042 R10=0000000000000000 R11=0000000000000000
R12=000000000004babe R13=0000000000000011 R14=000000000000c040 R15=0000000000000000
RIP=000000003e6d3862 RFL=00000202 [-------] CPL=0 II=0 A20=1 SMM=0 HLT=0
ES =0030 0000000000000000 ffffffff 00cf9300 DPL=0 DS   [-WA]
CS =0038 0000000000000000 ffffffff 00af9a00 DPL=0 CS64 [-R-]
SS =0030 0000000000000000 ffffffff 00cf9300 DPL=0 DS   [-WA]
DS =0030 0000000000000000 ffffffff 00cf9300 DPL=0 DS   [-WA]
FS =0030 0000000000000000 ffffffff 00cf9300 DPL=0 DS   [-WA]
GS =0030 0000000000000000 ffffffff 00cf9300 DPL=0 DS   [-WA]
LDT=0000 0000000000000000 0000ffff 00008200 DPL=0 LDT
TR =0000 0000000000000000 0000ffff 00008b00 DPL=0 TSS64-busy
GDT=     000000003f5dc000 00000047
IDT=     000000003efa3018 00000fff
CR0=80010033 CR2=0000000000000000 CR3=000000003f801000 CR4=00000668
DR0=0000000000000000 DR1=0000000000000000 DR2=0000000000000000 DR3=0000000000000000 
DR6=00000000ffff0ff0 DR7=0000000000000400
CCS=0000000000000000 CCD=0000000000000073 CCO=EFLAGS
EFER=0000000000000d00
Servicing hardware INT=0x20
   101: v=20 e=0000 i=0 cpl=0 IP=0038:000000003e6d3862 pc=000000003e6d3862 SP=0030:000000003fe65240 env->regs[R_EAX]=000000000000005b
RAX=000000000000005b RBX=0000000000000064 RCX=000000000000b008 RDX=000000000074e543
RSI=000000000074e59e RDI=000000003e5b40d4 RBP=000000003fe65270 RSP=000000003fe65240
R8 =000000003fe6525f R9 =000000000000c042 R10=0000000000000000 R11=0000000000000000
R12=000000000004ba7c R13=0000000000000011 R14=000000000000c040 R15=0000000000000000
RIP=000000003e6d3862 RFL=00000202 [-------] CPL=0 II=0 A20=1 SMM=0 HLT=0
ES =0030 0000000000000000 ffffffff 00cf9300 DPL=0 DS   [-WA]
CS =0038 0000000000000000 ffffffff 00af9a00 DPL=0 CS64 [-R-]
SS =0030 0000000000000000 ffffffff 00cf9300 DPL=0 DS   [-WA]
DS =0030 0000000000000000 ffffffff 00cf9300 DPL=0 DS   [-WA]
FS =0030 0000000000000000 ffffffff 00cf9300 DPL=0 DS   [-WA]
GS =0030 0000000000000000 ffffffff 00cf9300 DPL=0 DS   [-WA]
LDT=0000 0000000000000000 0000ffff 00008200 DPL=0 LDT
TR =0000 0000000000000000 0000ffff 00008b00 DPL=0 TSS64-busy
GDT=     000000003f5dc000 00000047
IDT=     000000003efa3018 00000fff
CR0=80010033 CR2=0000000000000000 CR3=000000003f801000 CR4=00000668
DR0=0000000000000000 DR1=0000000000000000 DR2=0000000000000000 DR3=0000000000000000 
DR6=00000000ffff0ff0 DR7=0000000000000400
CCS=0000000000000000 CCD=000000000000005b CCO=EFLAGS
EFER=0000000000000d00
Servicing hardware INT=0x20
   102: v=20 e=0000 i=0 cpl=0 IP=0038:000000003e6d3862 pc=000000003e6d3862 SP=0030:000000003fe65240 env->regs[R_EAX]=0000000000001ab8
RAX=0000000000001ab8 RBX=0000000000002710 RCX=000000000000b008 RDX=000000000075823b
RSI=0000000000759cf3 RDI=000000003e5b40d4 RBP=000000003fe65270 RSP=000000003fe65240
R8 =000000003fe65290 R9 =00000000000003f6 R10=0000000000000000 R11=0000000000000000
R12=000000000000c042 R13=0000000000000011 R14=000000000000c040 R15=0000000000000000
RIP=000000003e6d3862 RFL=00000206 [-----P-] CPL=0 II=0 A20=1 SMM=0 HLT=0
ES =0030 0000000000000000 ffffffff 00cf9300 DPL=0 DS   [-WA]
CS =0038 0000000000000000 ffffffff 00af9a00 DPL=0 CS64 [-R-]
SS =0030 0000000000000000 ffffffff 00cf9300 DPL=0 DS   [-WA]
DS =0030 0000000000000000 ffffffff 00cf9300 DPL=0 DS   [-WA]
FS =0030 0000000000000000 ffffffff 00cf9300 DPL=0 DS   [-WA]
GS =0030 0000000000000000 ffffffff 00cf9300 DPL=0 DS   [-WA]
LDT=0000 0000000000000000 0000ffff 00008200 DPL=0 LDT
TR =0000 0000000000000000 0000ffff 00008b00 DPL=0 TSS64-busy
GDT=     000000003f5dc000 00000047
IDT=     000000003efa3018 00000fff
CR0=80010033 CR2=0000000000000000 CR3=000000003f801000 CR4=00000668
DR0=0000000000000000 DR1=0000000000000000 DR2=0000000000000000 DR3=0000000000000000 
DR6=00000000ffff0ff0 DR7=0000000000000400
CCS=0000000000000004 CCD=0000000000001ab8 CCO=EFLAGS
EFER=0000000000000d00
Servicing hardware INT=0x20
   103: v=20 e=0000 i=0 cpl=0 IP=0038:000000003e6d3862 pc=000000003e6d3862 SP=0030:000000003fe65060 env->regs[R_EAX]=0000000000000160
RAX=0000000000000160 RBX=0000000000000064 RCX=000000000000b008 RDX=000000000075fd09
RSI=000000000075fe69 RDI=000000003e5b40d4 RBP=000000003fe65090 RSP=000000003fe65060
R8 =000000003fe6507f R9 =000000000000c042 R10=0000000000000000 R11=0000000000000000
R12=000000000004bad7 R13=0000000000000011 R14=000000000000c040 R15=0000000000000000
RIP=000000003e6d3862 RFL=00000206 [-----P-] CPL=0 II=0 A20=1 SMM=0 HLT=0
ES =0030 0000000000000000 ffffffff 00cf9300 DPL=0 DS   [-WA]
CS =0038 0000000000000000 ffffffff 00af9a00 DPL=0 CS64 [-R-]
SS =0030 0000000000000000 ffffffff 00cf9300 DPL=0 DS   [-WA]
DS =0030 0000000000000000 ffffffff 00cf9300 DPL=0 DS   [-WA]
FS =0030 0000000000000000 ffffffff 00cf9300 DPL=0 DS   [-WA]
GS =0030 0000000000000000 ffffffff 00cf9300 DPL=0 DS   [-WA]
LDT=0000 0000000000000000 0000ffff 00008200 DPL=0 LDT
TR =0000 0000000000000000 0000ffff 00008b00 DPL=0 TSS64-busy
GDT=     000000003f5dc000 00000047
IDT=     000000003efa3018 00000fff
CR0=80010033 CR2=0000000000000000 CR3=000000003f801000 CR4=00000668
DR0=0000000000000000 DR1=0000000000000000 DR2=0000000000000000 DR3=0000000000000000 
DR6=00000000ffff0ff0 DR7=0000000000000400
CCS=0000000000000004 CCD=0000000000000160 CCO=EFLAGS
EFER=0000000000000d00
Servicing hardware INT=0x20
   104: v=20 e=0000 i=0 cpl=0 IP=0038:000000003e6d3862 pc=000000003e6d3862 SP=0030:000000003fe65060 env->regs[R_EAX]=0000000000007cd5
RAX=0000000000007cd5 RBX=0000000000002710 RCX=000000000000b008 RDX=0000000000768dee
RSI=0000000000770ac3 RDI=000000003e5b40d4 RBP=000000003fe65090 RSP=000000003fe65060
R8 =000000003fe650b0 R9 =00000000000003f6 R10=0000000000000000 R11=0000000000000000
R12=000000000000c042 R13=0000000000000011 R14=000000000000c040 R15=0000000000000000
RIP=000000003e6d3862 RFL=00000202 [-------] CPL=0 II=0 A20=1 SMM=0 HLT=0
ES =0030 0000000000000000 ffffffff 00cf9300 DPL=0 DS   [-WA]
CS =0038 0000000000000000 ffffffff 00af9a00 DPL=0 CS64 [-R-]
SS =0030 0000000000000000 ffffffff 00cf9300 DPL=0 DS   [-WA]
DS =0030 0000000000000000 ffffffff 00cf9300 DPL=0 DS   [-WA]
FS =0030 0000000000000000 ffffffff 00cf9300 DPL=0 DS   [-WA]
GS =0030 0000000000000000 ffffffff 00cf9300 DPL=0 DS   [-WA]
LDT=0000 0000000000000000 0000ffff 00008200 DPL=0 LDT
TR =0000 0000000000000000 0000ffff 00008b00 DPL=0 TSS64-busy
GDT=     000000003f5dc000 00000047
IDT=     000000003efa3018 00000fff
CR0=80010033 CR2=0000000000000000 CR3=000000003f801000 CR4=00000668
DR0=0000000000000000 DR1=0000000000000000 DR2=0000000000000000 DR3=0000000000000000 
DR6=00000000ffff0ff0 DR7=0000000000000400
CCS=0000000000000000 CCD=0000000000007cd5 CCO=EFLAGS
EFER=0000000000000d00
Servicing hardware INT=0x20
   105: v=20 e=0000 i=0 cpl=0 IP=0038:000000003e6d3862 pc=000000003e6d3862 SP=0030:000000003fe65060 env->regs[R_EAX]=0000000000000117
RAX=0000000000000117 RBX=0000000000000064 RCX=000000000000b008 RDX=000000000077184e
RSI=0000000000771965 RDI=000000003e5b40d4 RBP=000000003fe65090 RSP=000000003fe65060
R8 =000000003fe6507f R9 =000000000000c042 R10=0000000000000000 R11=0000000000000000
R12=000000000004baf1 R13=0000000000000011 R14=000000000000c040 R15=0000000000000000
RIP=000000003e6d3862 RFL=00000206 [-----P-] CPL=0 II=0 A20=1 SMM=0 HLT=0
ES =0030 0000000000000000 ffffffff 00cf9300 DPL=0 DS   [-WA]
CS =0038 0000000000000000 ffffffff 00af9a00 DPL=0 CS64 [-R-]
SS =0030 0000000000000000 ffffffff 00cf9300 DPL=0 DS   [-WA]
DS =0030 0000000000000000 ffffffff 00cf9300 DPL=0 DS   [-WA]
FS =0030 0000000000000000 ffffffff 00cf9300 DPL=0 DS   [-WA]
GS =0030 0000000000000000 ffffffff 00cf9300 DPL=0 DS   [-WA]
LDT=0000 0000000000000000 0000ffff 00008200 DPL=0 LDT
TR =0000 0000000000000000 0000ffff 00008b00 DPL=0 TSS64-busy
GDT=     000000003f5dc000 00000047
IDT=     000000003efa3018 00000fff
CR0=80010033 CR2=0000000000000000 CR3=000000003f801000 CR4=00000668
DR0=0000000000000000 DR1=0000000000000000 DR2=0000000000000000 DR3=0000000000000000 
DR6=00000000ffff0ff0 DR7=0000000000000400
CCS=0000000000000004 CCD=0000000000000117 CCO=EFLAGS
EFER=0000000000000d00
Servicing hardware INT=0x20
   106: v=20 e=0000 i=0 cpl=0 IP=0038:000000003e6d3862 pc=000000003e6d3862 SP=0030:000000003fe65060 env->regs[R_EAX]=00000000000000f6
RAX=00000000000000f6 RBX=0000000000000064 RCX=000000000000b008 RDX=000000000077a09d
RSI=000000000077a193 RDI=000000003e5b40d4 RBP=000000003fe65090 RSP=000000003fe65060
R8 =000000003fe6507f R9 =000000000000c042 R10=0000000000000000 R11=0000000000000000
R12=000000000004bab0 R13=0000000000000011 R14=000000000000c040 R15=0000000000000000
RIP=000000003e6d3862 RFL=00000206 [-----P-] CPL=0 II=0 A20=1 SMM=0 HLT=0
ES =0030 0000000000000000 ffffffff 00cf9300 DPL=0 DS   [-WA]
CS =0038 0000000000000000 ffffffff 00af9a00 DPL=0 CS64 [-R-]
SS =0030 0000000000000000 ffffffff 00cf9300 DPL=0 DS   [-WA]
DS =0030 0000000000000000 ffffffff 00cf9300 DPL=0 DS   [-WA]
FS =0030 0000000000000000 ffffffff 00cf9300 DPL=0 DS   [-WA]
GS =0030 0000000000000000 ffffffff 00cf9300 DPL=0 DS   [-WA]
LDT=0000 0000000000000000 0000ffff 00008200 DPL=0 LDT
TR =0000 0000000000000000 0000ffff 00008b00 DPL=0 TSS64-busy
GDT=     000000003f5dc000 00000047
IDT=     000000003efa3018 00000fff
CR0=80010033 CR2=0000000000000000 CR3=000000003f801000 CR4=00000668
DR0=0000000000000000 DR1=0000000000000000 DR2=0000000000000000 DR3=0000000000000000 
DR6=00000000ffff0ff0 DR7=0000000000000400
CCS=0000000000000004 CCD=00000000000000f6 CCO=EFLAGS
EFER=0000000000000d00
Servicing hardware INT=0x20
   107: v=20 e=0000 i=0 cpl=0 IP=0038:000000003e6d3862 pc=000000003e6d3862 SP=0030:000000003fe65060 env->regs[R_EAX]=00000000000028b4
RAX=00000000000028b4 RBX=0000000000002710 RCX=000000000000b008 RDX=0000000000782d2f
RSI=00000000007855e3 RDI=000000003e5b40d4 RBP=000000003fe65090 RSP=000000003fe65060
R8 =000000003fe650b0 R9 =00000000000003f6 R10=0000000000000000 R11=0000000000000000
R12=000000000000c042 R13=0000000000000011 R14=000000000000c040 R15=0000000000000000
RIP=000000003e6d3862 RFL=00000206 [-----P-] CPL=0 II=0 A20=1 SMM=0 HLT=0
ES =0030 0000000000000000 ffffffff 00cf9300 DPL=0 DS   [-WA]
CS =0038 0000000000000000 ffffffff 00af9a00 DPL=0 CS64 [-R-]
SS =0030 0000000000000000 ffffffff 00cf9300 DPL=0 DS   [-WA]
DS =0030 0000000000000000 ffffffff 00cf9300 DPL=0 DS   [-WA]
FS =0030 0000000000000000 ffffffff 00cf9300 DPL=0 DS   [-WA]
GS =0030 0000000000000000 ffffffff 00cf9300 DPL=0 DS   [-WA]
LDT=0000 0000000000000000 0000ffff 00008200 DPL=0 LDT
TR =0000 0000000000000000 0000ffff 00008b00 DPL=0 TSS64-busy
GDT=     000000003f5dc000 00000047
IDT=     000000003efa3018 00000fff
CR0=80010033 CR2=0000000000000000 CR3=000000003f801000 CR4=00000668
DR0=0000000000000000 DR1=0000000000000000 DR2=0000000000000000 DR3=0000000000000000 
DR6=00000000ffff0ff0 DR7=0000000000000400
CCS=0000000000000004 CCD=00000000000028b4 CCO=EFLAGS
EFER=0000000000000d00
Servicing hardware INT=0x20
   108: v=20 e=0000 i=0 cpl=0 IP=0038:000000003e6d3862 pc=000000003e6d3862 SP=0030:000000003fe65060 env->regs[R_EAX]=00000000000000d7
RAX=00000000000000d7 RBX=0000000000000064 RCX=000000000000b008 RDX=000000000078b810
RSI=000000000078b8e7 RDI=000000003e5b40d4 RBP=000000003fe65090 RSP=000000003fe65060
R8 =000000003fe6507f R9 =000000000000c042 R10=0000000000000000 R11=0000000000000000
R12=000000000004bac9 R13=0000000000000011 R14=000000000000c040 R15=0000000000000000
RIP=000000003e6d3862 RFL=00000206 [-----P-] CPL=0 II=0 A20=1 SMM=0 HLT=0
ES =0030 0000000000000000 ffffffff 00cf9300 DPL=0 DS   [-WA]
CS =0038 0000000000000000 ffffffff 00af9a00 DPL=0 CS64 [-R-]
SS =0030 0000000000000000 ffffffff 00cf9300 DPL=0 DS   [-WA]
DS =0030 0000000000000000 ffffffff 00cf9300 DPL=0 DS   [-WA]
FS =0030 0000000000000000 ffffffff 00cf9300 DPL=0 DS   [-WA]
GS =0030 0000000000000000 ffffffff 00cf9300 DPL=0 DS   [-WA]
LDT=0000 0000000000000000 0000ffff 00008200 DPL=0 LDT
TR =0000 0000000000000000 0000ffff 00008b00 DPL=0 TSS64-busy
GDT=     000000003f5dc000 00000047
IDT=     000000003efa3018 00000fff
CR0=80010033 CR2=0000000000000000 CR3=000000003f801000 CR4=00000668
DR0=0000000000000000 DR1=0000000000000000 DR2=0000000000000000 DR3=0000000000000000 
DR6=00000000ffff0ff0 DR7=0000000000000400
CCS=0000000000000004 CCD=00000000000000d7 CCO=EFLAGS
EFER=0000000000000d00
Servicing hardware INT=0x20
   109: v=20 e=0000 i=0 cpl=0 IP=0038:000000003e6d3862 pc=000000003e6d3862 SP=0030:000000003fe65060 env->regs[R_EAX]=00000000000000ba
RAX=00000000000000ba RBX=0000000000000064 RCX=000000000000b008 RDX=00000000007943e9
RSI=00000000007944a3 RDI=000000003e5b40d4 RBP=000000003fe65090 RSP=000000003fe65060
R8 =000000003fe6507f R9 =000000000000c042 R10=0000000000000000 R11=0000000000000000
R12=000000000004ba87 R13=0000000000000011 R14=000000000000c040 R15=0000000000000000
RIP=000000003e6d3862 RFL=00000202 [-------] CPL=0 II=0 A20=1 SMM=0 HLT=0
ES =0030 0000000000000000 ffffffff 00cf9300 DPL=0 DS   [-WA]
CS =0038 0000000000000000 ffffffff 00af9a00 DPL=0 CS64 [-R-]
SS =0030 0000000000000000 ffffffff 00cf9300 DPL=0 DS   [-WA]
DS =0030 0000000000000000 ffffffff 00cf9300 DPL=0 DS   [-WA]
FS =0030 0000000000000000 ffffffff 00cf9300 DPL=0 DS   [-WA]
GS =0030 0000000000000000 ffffffff 00cf9300 DPL=0 DS   [-WA]
LDT=0000 0000000000000000 0000ffff 00008200 DPL=0 LDT
TR =0000 0000000000000000 0000ffff 00008b00 DPL=0 TSS64-busy
GDT=     000000003f5dc000 00000047
IDT=     000000003efa3018 00000fff
CR0=80010033 CR2=0000000000000000 CR3=000000003f801000 CR4=00000668
DR0=0000000000000000 DR1=0000000000000000 DR2=0000000000000000 DR3=0000000000000000 
DR6=00000000ffff0ff0 DR7=0000000000000400
CCS=0000000000000000 CCD=00000000000000ba CCO=EFLAGS
EFER=0000000000000d00
Servicing hardware INT=0x20
   110: v=20 e=0000 i=0 cpl=0 IP=0038:000000003e6d3862 pc=000000003e6d3862 SP=0030:000000003fe65060 env->regs[R_EAX]=00000000000062de
RAX=00000000000062de RBX=0000000000002710 RCX=000000000000b008 RDX=000000000079e0b7
RSI=00000000007a4395 RDI=000000003e5b40d4 RBP=000000003fe65090 RSP=000000003fe65060
R8 =000000003fe650b0 R9 =00000000000003f6 R10=0000000000000000 R11=0000000000000000
R12=000000000000c042 R13=0000000000000011 R14=000000000000c040 R15=0000000000000000
RIP=000000003e6d3862 RFL=00000206 [-----P-] CPL=0 II=0 A20=1 SMM=0 HLT=0
ES =0030 0000000000000000 ffffffff 00cf9300 DPL=0 DS   [-WA]
CS =0038 0000000000000000 ffffffff 00af9a00 DPL=0 CS64 [-R-]
SS =0030 0000000000000000 ffffffff 00cf9300 DPL=0 DS   [-WA]
DS =0030 0000000000000000 ffffffff 00cf9300 DPL=0 DS   [-WA]
FS =0030 0000000000000000 ffffffff 00cf9300 DPL=0 DS   [-WA]
GS =0030 0000000000000000 ffffffff 00cf9300 DPL=0 DS   [-WA]
LDT=0000 0000000000000000 0000ffff 00008200 DPL=0 LDT
TR =0000 0000000000000000 0000ffff 00008b00 DPL=0 TSS64-busy
GDT=     000000003f5dc000 00000047
IDT=     000000003efa3018 00000fff
CR0=80010033 CR2=0000000000000000 CR3=000000003f801000 CR4=00000668
DR0=0000000000000000 DR1=0000000000000000 DR2=0000000000000000 DR3=0000000000000000 
DR6=00000000ffff0ff0 DR7=0000000000000400
CCS=0000000000000004 CCD=00000000000062de CCO=EFLAGS
EFER=0000000000000d00
Servicing hardware INT=0x20
   111: v=20 e=0000 i=0 cpl=0 IP=0038:000000003e6d3862 pc=000000003e6d3862 SP=0030:000000003fe650a0 env->regs[R_EAX]=000000000000008a
RAX=000000000000008a RBX=0000000000000064 RCX=000000000000b008 RDX=00000000007a5bd4
RSI=00000000007a5c5e RDI=000000003e5b40d4 RBP=000000003fe650d0 RSP=000000003fe650a0
R8 =000000003fe650bf R9 =000000000000c042 R10=0000000000000000 R11=0000000000000000
R12=000000000004baec R13=0000000000000011 R14=000000000000c040 R15=0000000000000000
RIP=000000003e6d3862 RFL=00000202 [-------] CPL=0 II=0 A20=1 SMM=0 HLT=0
ES =0030 0000000000000000 ffffffff 00cf9300 DPL=0 DS   [-WA]
CS =0038 0000000000000000 ffffffff 00af9a00 DPL=0 CS64 [-R-]
SS =0030 0000000000000000 ffffffff 00cf9300 DPL=0 DS   [-WA]
DS =0030 0000000000000000 ffffffff 00cf9300 DPL=0 DS   [-WA]
FS =0030 0000000000000000 ffffffff 00cf9300 DPL=0 DS   [-WA]
GS =0030 0000000000000000 ffffffff 00cf9300 DPL=0 DS   [-WA]
LDT=0000 0000000000000000 0000ffff 00008200 DPL=0 LDT
TR =0000 0000000000000000 0000ffff 00008b00 DPL=0 TSS64-busy
GDT=     000000003f5dc000 00000047
IDT=     000000003efa3018 00000fff
CR0=80010033 CR2=0000000000000000 CR3=000000003f801000 CR4=00000668
DR0=0000000000000000 DR1=0000000000000000 DR2=0000000000000000 DR3=0000000000000000 
DR6=00000000ffff0ff0 DR7=0000000000000400
CCS=0000000000000000 CCD=000000000000008a CCO=EFLAGS
EFER=0000000000000d00
Servicing hardware INT=0x20
   112: v=20 e=0000 i=0 cpl=0 IP=0038:000000003e6d3862 pc=000000003e6d3862 SP=0030:000000003fe650a0 env->regs[R_EAX]=0000000000003cce
RAX=0000000000003cce RBX=0000000000002710 RCX=000000000000b008 RDX=00000000007afa6b
RSI=00000000007b3739 RDI=000000003e5b40d4 RBP=000000003fe650d0 RSP=000000003fe650a0
R8 =000000003fe650f0 R9 =00000000000003f6 R10=0000000000000000 R11=0000000000000000
R12=000000000000c042 R13=0000000000000011 R14=000000000000c040 R15=0000000000000000
RIP=000000003e6d3862 RFL=00000202 [-------] CPL=0 II=0 A20=1 SMM=0 HLT=0
ES =0030 0000000000000000 ffffffff 00cf9300 DPL=0 DS   [-WA]
CS =0038 0000000000000000 ffffffff 00af9a00 DPL=0 CS64 [-R-]
SS =0030 0000000000000000 ffffffff 00cf9300 DPL=0 DS   [-WA]
DS =0030 0000000000000000 ffffffff 00cf9300 DPL=0 DS   [-WA]
FS =0030 0000000000000000 ffffffff 00cf9300 DPL=0 DS   [-WA]
GS =0030 0000000000000000 ffffffff 00cf9300 DPL=0 DS   [-WA]
LDT=0000 0000000000000000 0000ffff 00008200 DPL=0 LDT
TR =0000 0000000000000000 0000ffff 00008b00 DPL=0 TSS64-busy
GDT=     000000003f5dc000 00000047
IDT=     000000003efa3018 00000fff
CR0=80010033 CR2=0000000000000000 CR3=000000003f801000 CR4=00000668
DR0=0000000000000000 DR1=0000000000000000 DR2=0000000000000000 DR3=0000000000000000 
DR6=00000000ffff0ff0 DR7=0000000000000400
CCS=0000000000000000 CCD=0000000000003cce CCO=EFLAGS
EFER=0000000000000d00
Servicing hardware INT=0x20
   113: v=20 e=0000 i=0 cpl=0 IP=0038:000000003e6d3862 pc=000000003e6d3862 SP=0030:000000003fe650a0 env->regs[R_EAX]=0000000000000107
RAX=0000000000000107 RBX=0000000000000064 RCX=000000000000b008 RDX=00000000007b734d
RSI=00000000007b7454 RDI=000000003e5b40d4 RBP=000000003fe650d0 RSP=000000003fe650a0
R8 =000000003fe650bf R9 =000000000000c042 R10=0000000000000000 R11=0000000000000000
R12=000000000004bad3 R13=0000000000000011 R14=000000000000c040 R15=0000000000000000
RIP=000000003e6d3862 RFL=00000202 [-------] CPL=0 II=0 A20=1 SMM=0 HLT=0
ES =0030 0000000000000000 ffffffff 00cf9300 DPL=0 DS   [-WA]
CS =0038 0000000000000000 ffffffff 00af9a00 DPL=0 CS64 [-R-]
SS =0030 0000000000000000 ffffffff 00cf9300 DPL=0 DS   [-WA]
DS =0030 0000000000000000 ffffffff 00cf9300 DPL=0 DS   [-WA]
FS =0030 0000000000000000 ffffffff 00cf9300 DPL=0 DS   [-WA]
GS =0030 0000000000000000 ffffffff 00cf9300 DPL=0 DS   [-WA]
LDT=0000 0000000000000000 0000ffff 00008200 DPL=0 LDT
TR =0000 0000000000000000 0000ffff 00008b00 DPL=0 TSS64-busy
GDT=     000000003f5dc000 00000047
IDT=     000000003efa3018 00000fff
CR0=80010033 CR2=0000000000000000 CR3=000000003f801000 CR4=00000668
DR0=0000000000000000 DR1=0000000000000000 DR2=0000000000000000 DR3=0000000000000000 
DR6=00000000ffff0ff0 DR7=0000000000000400
CCS=0000000000000000 CCD=0000000000000107 CCO=EFLAGS
EFER=0000000000000d00
Servicing hardware INT=0x20
   114: v=20 e=0000 i=0 cpl=0 IP=0038:000000003e6d3862 pc=000000003e6d3862 SP=0030:000000003fe650a0 env->regs[R_EAX]=00000000000017d7
RAX=00000000000017d7 RBX=0000000000002710 RCX=000000000000b008 RDX=00000000007c0e2d
RSI=00000000007c2604 RDI=000000003e5b40d4 RBP=000000003fe650d0 RSP=000000003fe650a0
R8 =000000003fe650f0 R9 =00000000000003f6 R10=0000000000000000 R11=0000000000000000
R12=000000000000c042 R13=0000000000000011 R14=000000000000c040 R15=0000000000000000
RIP=000000003e6d3862 RFL=00000206 [-----P-] CPL=0 II=0 A20=1 SMM=0 HLT=0
ES =0030 0000000000000000 ffffffff 00cf9300 DPL=0 DS   [-WA]
CS =0038 0000000000000000 ffffffff 00af9a00 DPL=0 CS64 [-R-]
SS =0030 0000000000000000 ffffffff 00cf9300 DPL=0 DS   [-WA]
DS =0030 0000000000000000 ffffffff 00cf9300 DPL=0 DS   [-WA]
FS =0030 0000000000000000 ffffffff 00cf9300 DPL=0 DS   [-WA]
GS =0030 0000000000000000 ffffffff 00cf9300 DPL=0 DS   [-WA]
LDT=0000 0000000000000000 0000ffff 00008200 DPL=0 LDT
TR =0000 0000000000000000 0000ffff 00008b00 DPL=0 TSS64-busy
GDT=     000000003f5dc000 00000047
IDT=     000000003efa3018 00000fff
CR0=80010033 CR2=0000000000000000 CR3=000000003f801000 CR4=00000668
DR0=0000000000000000 DR1=0000000000000000 DR2=0000000000000000 DR3=0000000000000000 
DR6=00000000ffff0ff0 DR7=0000000000000400
CCS=0000000000000004 CCD=00000000000017d7 CCO=EFLAGS
EFER=0000000000000d00
Servicing hardware INT=0x20
   115: v=20 e=0000 i=0 cpl=0 IP=0038:000000003e6d3862 pc=000000003e6d3862 SP=0030:000000003fe650a0 env->regs[R_EAX]=0000000000000017
RAX=0000000000000017 RBX=0000000000000064 RCX=000000000000b008 RDX=00000000007c8b50
RSI=00000000007c8b67 RDI=000000003e5b40d4 RBP=000000003fe650d0 RSP=000000003fe650a0
R8 =000000003fe650bf R9 =000000000000c042 R10=0000000000000000 R11=0000000000000000
R12=000000000004babe R13=0000000000000011 R14=000000000000c040 R15=0000000000000000
RIP=000000003e6d3862 RFL=00000206 [-----P-] CPL=0 II=0 A20=1 SMM=0 HLT=0
ES =0030 0000000000000000 ffffffff 00cf9300 DPL=0 DS   [-WA]
CS =0038 0000000000000000 ffffffff 00af9a00 DPL=0 CS64 [-R-]
SS =0030 0000000000000000 ffffffff 00cf9300 DPL=0 DS   [-WA]
DS =0030 0000000000000000 ffffffff 00cf9300 DPL=0 DS   [-WA]
FS =0030 0000000000000000 ffffffff 00cf9300 DPL=0 DS   [-WA]
GS =0030 0000000000000000 ffffffff 00cf9300 DPL=0 DS   [-WA]
LDT=0000 0000000000000000 0000ffff 00008200 DPL=0 LDT
TR =0000 0000000000000000 0000ffff 00008b00 DPL=0 TSS64-busy
GDT=     000000003f5dc000 00000047
IDT=     000000003efa3018 00000fff
CR0=80010033 CR2=0000000000000000 CR3=000000003f801000 CR4=00000668
DR0=0000000000000000 DR1=0000000000000000 DR2=0000000000000000 DR3=0000000000000000 
DR6=00000000ffff0ff0 DR7=0000000000000400
CCS=0000000000000004 CCD=0000000000000017 CCO=EFLAGS
EFER=0000000000000d00
Servicing hardware INT=0x20
   116: v=20 e=0000 i=0 cpl=0 IP=0038:000000003e6d3862 pc=000000003e6d3862 SP=0030:000000003fe650a0 env->regs[R_EAX]=0000000000000b50
RAX=0000000000000b50 RBX=0000000000002710 RCX=000000000000b008 RDX=00000000007d27f4
RSI=00000000007d3344 RDI=000000003e5b40d4 RBP=000000003fe650d0 RSP=000000003fe650a0
R8 =000000003fe650f0 R9 =00000000000003f6 R10=0000000000000000 R11=0000000000000000
R12=000000000000c042 R13=0000000000000011 R14=000000000000c040 R15=0000000000000000
RIP=000000003e6d3862 RFL=00000206 [-----P-] CPL=0 II=0 A20=1 SMM=0 HLT=0
ES =0030 0000000000000000 ffffffff 00cf9300 DPL=0 DS   [-WA]
CS =0038 0000000000000000 ffffffff 00af9a00 DPL=0 CS64 [-R-]
SS =0030 0000000000000000 ffffffff 00cf9300 DPL=0 DS   [-WA]
DS =0030 0000000000000000 ffffffff 00cf9300 DPL=0 DS   [-WA]
FS =0030 0000000000000000 ffffffff 00cf9300 DPL=0 DS   [-WA]
GS =0030 0000000000000000 ffffffff 00cf9300 DPL=0 DS   [-WA]
LDT=0000 0000000000000000 0000ffff 00008200 DPL=0 LDT
TR =0000 0000000000000000 0000ffff 00008b00 DPL=0 TSS64-busy
GDT=     000000003f5dc000 00000047
IDT=     000000003efa3018 00000fff
CR0=80010033 CR2=0000000000000000 CR3=000000003f801000 CR4=00000668
DR0=0000000000000000 DR1=0000000000000000 DR2=0000000000000000 DR3=0000000000000000 
DR6=00000000ffff0ff0 DR7=0000000000000400
CCS=0000000000000004 CCD=0000000000000b50 CCO=EFLAGS
EFER=0000000000000d00
Servicing hardware INT=0x20
   117: v=20 e=0000 i=0 cpl=0 IP=0038:000000003e6d3862 pc=000000003e6d3862 SP=0030:000000003fe650a0 env->regs[R_EAX]=00000000000000f6
RAX=00000000000000f6 RBX=0000000000000064 RCX=000000000000b008 RDX=00000000007da2d6
RSI=00000000007da3cc RDI=000000003e5b40d4 RBP=000000003fe650d0 RSP=000000003fe650a0
R8 =000000003fe650bf R9 =000000000000c042 R10=0000000000000000 R11=0000000000000000
R12=000000000004bab9 R13=0000000000000011 R14=000000000000c040 R15=0000000000000000
RIP=000000003e6d3862 RFL=00000206 [-----P-] CPL=0 II=0 A20=1 SMM=0 HLT=0
ES =0030 0000000000000000 ffffffff 00cf9300 DPL=0 DS   [-WA]
CS =0038 0000000000000000 ffffffff 00af9a00 DPL=0 CS64 [-R-]
SS =0030 0000000000000000 ffffffff 00cf9300 DPL=0 DS   [-WA]
DS =0030 0000000000000000 ffffffff 00cf9300 DPL=0 DS   [-WA]
FS =0030 0000000000000000 ffffffff 00cf9300 DPL=0 DS   [-WA]
GS =0030 0000000000000000 ffffffff 00cf9300 DPL=0 DS   [-WA]
LDT=0000 0000000000000000 0000ffff 00008200 DPL=0 LDT
TR =0000 0000000000000000 0000ffff 00008b00 DPL=0 TSS64-busy
GDT=     000000003f5dc000 00000047
IDT=     000000003efa3018 00000fff
CR0=80010033 CR2=0000000000000000 CR3=000000003f801000 CR4=00000668
DR0=0000000000000000 DR1=0000000000000000 DR2=0000000000000000 DR3=0000000000000000 
DR6=00000000ffff0ff0 DR7=0000000000000400
CCS=0000000000000004 CCD=00000000000000f6 CCO=EFLAGS
EFER=0000000000000d00
Servicing hardware INT=0x20
   118: v=20 e=0000 i=0 cpl=0 IP=0038:000000003fe82e8c pc=000000003fe82e8c SP=0030:000000003fe64f90 env->regs[R_EAX]=00000000000000af
RAX=00000000000000af RBX=000000003df4c000 RCX=0000000000000000 RDX=000000003df4c000
RSI=000000003fe8bb60 RDI=000000003df5d000 RBP=000000003fe65020 RSP=000000003fe64f90
R8 =00000000000000af R9 =000000003df5cfff R10=0000000000000000 R11=0000000000000000
R12=000000003df5cfff R13=000000003df5d000 R14=000000003ea12400 R15=000000003df5cfff
RIP=000000003fe82e8c RFL=00000206 [-----P-] CPL=0 II=0 A20=1 SMM=0 HLT=0
ES =0030 0000000000000000 ffffffff 00cf9300 DPL=0 DS   [-WA]
CS =0038 0000000000000000 ffffffff 00af9a00 DPL=0 CS64 [-R-]
SS =0030 0000000000000000 ffffffff 00cf9300 DPL=0 DS   [-WA]
DS =0030 0000000000000000 ffffffff 00cf9300 DPL=0 DS   [-WA]
FS =0030 0000000000000000 ffffffff 00cf9300 DPL=0 DS   [-WA]
GS =0030 0000000000000000 ffffffff 00cf9300 DPL=0 DS   [-WA]
LDT=0000 0000000000000000 0000ffff 00008200 DPL=0 LDT
TR =0000 0000000000000000 0000ffff 00008b00 DPL=0 TSS64-busy
GDT=     000000003f5dc000 00000047
IDT=     000000003efa3018 00000fff
CR0=80010033 CR2=0000000000000000 CR3=000000003f801000 CR4=00000668
DR0=0000000000000000 DR1=0000000000000000 DR2=0000000000000000 DR3=0000000000000000 
DR6=00000000ffff0ff0 DR7=0000000000000400
CCS=0000000000000004 CCD=000000003fe64f78 CCO=EFLAGS
EFER=0000000000000d00
Servicing hardware INT=0x20
   119: v=20 e=0000 i=0 cpl=0 IP=0038:000000003eb57266 pc=000000003eb57266 SP=0030:000000003fe655b8 env->regs[R_EAX]=000000003eb6ca80
RAX=000000003eb6ca80 RBX=0000000000000010 RCX=000000003eb6ca80 RDX=abd7f02e4201db00
RSI=000000003e4ad000 RDI=0000000000000001 RBP=000000003fe655f0 RSP=000000003fe655b8
R8 =000000003e4ad000 R9 =000000003e4adfff R10=000000003fe8afc0 R11=000000003e73d980
R12=000000000000001f R13=0000000000000007 R14=000000000002600f R15=000000003e4adfff
RIP=000000003eb57266 RFL=00000206 [-----P-] CPL=0 II=0 A20=1 SMM=0 HLT=0
ES =0030 0000000000000000 ffffffff 00cf9300 DPL=0 DS   [-WA]
CS =0038 0000000000000000 ffffffff 00af9a00 DPL=0 CS64 [-R-]
SS =0030 0000000000000000 ffffffff 00cf9300 DPL=0 DS   [-WA]
DS =0030 0000000000000000 ffffffff 00cf9300 DPL=0 DS   [-WA]
FS =0030 0000000000000000 ffffffff 00cf9300 DPL=0 DS   [-WA]
GS =0030 0000000000000000 ffffffff 00cf9300 DPL=0 DS   [-WA]
LDT=0000 0000000000000000 0000ffff 00008200 DPL=0 LDT
TR =0000 0000000000000000 0000ffff 00008b00 DPL=0 TSS64-busy
GDT=     000000003f5dc000 00000047
IDT=     000000003efa3018 00000fff
CR0=80010033 CR2=0000000000000000 CR3=000000003f801000 CR4=00000668
DR0=0000000000000000 DR1=0000000000000000 DR2=0000000000000000 DR3=0000000000000000 
DR6=00000000ffff0ff0 DR7=0000000000000400
CCS=0000000000000020 CCD=000000003fe655c0 CCO=SUBQ
EFER=0000000000000d00
Servicing hardware INT=0x20
   120: v=20 e=0000 i=0 cpl=0 IP=0038:000000003fe6662e pc=000000003fe6662e SP=0030:000000003fe658f0 env->regs[R_EAX]=000000003e7b7318
RAX=000000003e7b7318 RBX=000000003e7b7320 RCX=0000000000000010 RDX=000000003e629eb0
RSI=000000003e629ee0 RDI=000000003eb90718 RBP=000000003fe65910 RSP=000000003fe658f0
R8 =000000003fe659d8 R9 =000000003e671e18 R10=000000003fe8afc0 R11=000000003e73d980
R12=000000003eb90718 R13=000000003fe8a250 R14=000000003fe844d1 R15=000000003e629eb0
RIP=000000003fe6662e RFL=00000246 [---Z-P-] CPL=0 II=0 A20=1 SMM=0 HLT=0
ES =0030 0000000000000000 ffffffff 00cf9300 DPL=0 DS   [-WA]
CS =0038 0000000000000000 ffffffff 00af9a00 DPL=0 CS64 [-R-]
SS =0030 0000000000000000 ffffffff 00cf9300 DPL=0 DS   [-WA]
DS =0030 0000000000000000 ffffffff 00cf9300 DPL=0 DS   [-WA]
FS =0030 0000000000000000 ffffffff 00cf9300 DPL=0 DS   [-WA]
GS =0030 0000000000000000 ffffffff 00cf9300 DPL=0 DS   [-WA]
LDT=0000 0000000000000000 0000ffff 00008200 DPL=0 LDT
TR =0000 0000000000000000 0000ffff 00008b00 DPL=0 TSS64-busy
GDT=     000000003f5dc000 00000047
IDT=     000000003efa3018 00000fff
CR0=80010033 CR2=0000000000000000 CR3=000000003f801000 CR4=00000668
DR0=0000000000000000 DR1=0000000000000000 DR2=0000000000000000 DR3=0000000000000000 
DR6=00000000ffff0ff0 DR7=0000000000000400
CCS=0000000000000044 CCD=0000000000000000 CCO=EFLAGS
EFER=0000000000000d00
Servicing hardware INT=0x20
   121: v=20 e=0000 i=0 cpl=0 IP=0038:000000003e738e67 pc=000000003e738e67 SP=0030:000000003fe65930 env->regs[R_EAX]=0000000000000000
RAX=0000000000000000 RBX=000000003e73d980 RCX=000000003eb47e18 RDX=0000000000000001
RSI=0000000000000027 RDI=0000000000000000 RBP=000000003fe65a10 RSP=000000003fe65930
R8 =000000003e73dba0 R9 =000000003e7bd798 R10=000000003fe8afc0 R11=000000003e73d980
R12=000000003eb47d18 R13=0000000000000000 R14=0000000000000000 R15=0000000000000000
RIP=000000003e738e67 RFL=00000246 [---Z-P-] CPL=0 II=0 A20=1 SMM=0 HLT=0
ES =0030 0000000000000000 ffffffff 00cf9300 DPL=0 DS   [-WA]
CS =0038 0000000000000000 ffffffff 00af9a00 DPL=0 CS64 [-R-]
SS =0030 0000000000000000 ffffffff 00cf9300 DPL=0 DS   [-WA]
DS =0030 0000000000000000 ffffffff 00cf9300 DPL=0 DS   [-WA]
FS =0030 0000000000000000 ffffffff 00cf9300 DPL=0 DS   [-WA]
GS =0030 0000000000000000 ffffffff 00cf9300 DPL=0 DS   [-WA]
LDT=0000 0000000000000000 0000ffff 00008200 DPL=0 LDT
TR =0000 0000000000000000 0000ffff 00008b00 DPL=0 TSS64-busy
GDT=     000000003f5dc000 00000047
IDT=     000000003efa3018 00000fff
CR0=80010033 CR2=0000000000000000 CR3=000000003f801000 CR4=00000668
DR0=0000000000000000 DR1=0000000000000000 DR2=0000000000000000 DR3=0000000000000000 
DR6=00000000ffff0ff0 DR7=0000000000000400
CCS=0000000000000044 CCD=0000000000000000 CCO=EFLAGS
EFER=0000000000000d00
Servicing hardware INT=0x20
   122: v=20 e=0000 i=0 cpl=0 IP=0038:000000003ea3068a pc=000000003ea3068a SP=0030:000000003fe65550 env->regs[R_EAX]=0000000000000001
RAX=0000000000000001 RBX=00000000800009ff RCX=0000000000000001 RDX=0000000000000cf8
RSI=0000000000000001 RDI=0000000000000000 RBP=000000003fe655b0 RSP=000000003fe65550
R8 =0000000000000000 R9 =0000000000000cf8 R10=0000000000000015 R11=000000003e73d931
R12=0000000000000000 R13=0000000000000001 R14=000000000000903c R15=0000000000000001
RIP=000000003ea3068a RFL=00000202 [-------] CPL=0 II=0 A20=1 SMM=0 HLT=0
ES =0030 0000000000000000 ffffffff 00cf9300 DPL=0 DS   [-WA]
CS =0038 0000000000000000 ffffffff 00af9a00 DPL=0 CS64 [-R-]
SS =0030 0000000000000000 ffffffff 00cf9300 DPL=0 DS   [-WA]
DS =0030 0000000000000000 ffffffff 00cf9300 DPL=0 DS   [-WA]
FS =0030 0000000000000000 ffffffff 00cf9300 DPL=0 DS   [-WA]
GS =0030 0000000000000000 ffffffff 00cf9300 DPL=0 DS   [-WA]
LDT=0000 0000000000000000 0000ffff 00008200 DPL=0 LDT
TR =0000 0000000000000000 0000ffff 00008b00 DPL=0 TSS64-busy
GDT=     000000003f5dc000 00000047
IDT=     000000003efa3018 00000fff
CR0=80010033 CR2=0000000000000000 CR3=000000003f801000 CR4=00000668
DR0=0000000000000000 DR1=0000000000000000 DR2=0000000000000000 DR3=0000000000000000 
DR6=00000000ffff0ff0 DR7=0000000000000400
CCS=0000000000000038 CCD=0000000000000001 CCO=LOGICB
EFER=0000000000000d00
Servicing hardware INT=0x20
   123: v=20 e=0000 i=0 cpl=0 IP=0038:000000003e6d3862 pc=000000003e6d3862 SP=0030:000000003fe65110 env->regs[R_EAX]=00000000000002ac
RAX=00000000000002ac RBX=0000000000000190 RCX=000000000000b008 RDX=000000000080eddc
RSI=000000000080f088 RDI=000000003fe65268 RBP=000000003fe65140 RSP=000000003fe65110
R8 =000000003fe65160 R9 =0000000000000177 R10=0000000000000000 R11=0000000000000000
R12=00000000000493e1 R13=0000000000000000 R14=000000003e5b40a0 R15=00000000ffffff00
RIP=000000003e6d3862 RFL=00000206 [-----P-] CPL=0 II=0 A20=1 SMM=0 HLT=0
ES =0030 0000000000000000 ffffffff 00cf9300 DPL=0 DS   [-WA]
CS =0038 0000000000000000 ffffffff 00af9a00 DPL=0 CS64 [-R-]
SS =0030 0000000000000000 ffffffff 00cf9300 DPL=0 DS   [-WA]
DS =0030 0000000000000000 ffffffff 00cf9300 DPL=0 DS   [-WA]
FS =0030 0000000000000000 ffffffff 00cf9300 DPL=0 DS   [-WA]
GS =0030 0000000000000000 ffffffff 00cf9300 DPL=0 DS   [-WA]
LDT=0000 0000000000000000 0000ffff 00008200 DPL=0 LDT
TR =0000 0000000000000000 0000ffff 00008b00 DPL=0 TSS64-busy
GDT=     000000003f5dc000 00000047
IDT=     000000003efa3018 00000fff
CR0=80010033 CR2=0000000000000000 CR3=000000003f801000 CR4=00000668
DR0=0000000000000000 DR1=0000000000000000 DR2=0000000000000000 DR3=0000000000000000 
DR6=00000000ffff0ff0 DR7=0000000000000400
CCS=0000000000000004 CCD=00000000000002ac CCO=EFLAGS
EFER=0000000000000d00
Servicing hardware INT=0x20
   124: v=20 e=0000 i=0 cpl=0 IP=0038:000000003e6d3862 pc=000000003e6d3862 SP=0030:000000003fe65140 env->regs[R_EAX]=000000000000252c
RAX=000000000000252c RBX=0000000000002710 RCX=000000000000b008 RDX=0000000000817b64
RSI=000000000081a090 RDI=000000003e5b40d4 RBP=000000003fe65170 RSP=000000003fe65140
R8 =000000003fe65190 R9 =00000000000003f6 R10=0000000000000000 R11=0000000000000000
R12=000000000000c042 R13=0000000000000011 R14=000000000000c040 R15=0000000000000000
RIP=000000003e6d3862 RFL=00000202 [-------] CPL=0 II=0 A20=1 SMM=0 HLT=0
ES =0030 0000000000000000 ffffffff 00cf9300 DPL=0 DS   [-WA]
CS =0038 0000000000000000 ffffffff 00af9a00 DPL=0 CS64 [-R-]
SS =0030 0000000000000000 ffffffff 00cf9300 DPL=0 DS   [-WA]
DS =0030 0000000000000000 ffffffff 00cf9300 DPL=0 DS   [-WA]
FS =0030 0000000000000000 ffffffff 00cf9300 DPL=0 DS   [-WA]
GS =0030 0000000000000000 ffffffff 00cf9300 DPL=0 DS   [-WA]
LDT=0000 0000000000000000 0000ffff 00008200 DPL=0 LDT
TR =0000 0000000000000000 0000ffff 00008b00 DPL=0 TSS64-busy
GDT=     000000003f5dc000 00000047
IDT=     000000003efa3018 00000fff
CR0=80010033 CR2=0000000000000000 CR3=000000003f801000 CR4=00000668
DR0=0000000000000000 DR1=0000000000000000 DR2=0000000000000000 DR3=0000000000000000 
DR6=00000000ffff0ff0 DR7=0000000000000400
CCS=0000000000000000 CCD=000000000000252c CCO=EFLAGS
EFER=0000000000000d00
Servicing hardware INT=0x20
   125: v=20 e=0000 i=0 cpl=0 IP=0038:000000003e6d3862 pc=000000003e6d3862 SP=0030:000000003fe64f90 env->regs[R_EAX]=000000000000272c
RAX=000000000000272c RBX=0000000000002710 RCX=000000000000b008 RDX=0000000000821666
RSI=0000000000823d92 RDI=000000003e5b40d4 RBP=000000003fe64fc0 RSP=000000003fe64f90
R8 =000000003fe64fe0 R9 =00000000000003f6 R10=0000000000000000 R11=0000000000000000
R12=000000000000c042 R13=0000000000000011 R14=000000000000c040 R15=0000000000000000
RIP=000000003e6d3862 RFL=00000202 [-------] CPL=0 II=0 A20=1 SMM=0 HLT=0
ES =0030 0000000000000000 ffffffff 00cf9300 DPL=0 DS   [-WA]
CS =0038 0000000000000000 ffffffff 00af9a00 DPL=0 CS64 [-R-]
SS =0030 0000000000000000 ffffffff 00cf9300 DPL=0 DS   [-WA]
DS =0030 0000000000000000 ffffffff 00cf9300 DPL=0 DS   [-WA]
FS =0030 0000000000000000 ffffffff 00cf9300 DPL=0 DS   [-WA]
GS =0030 0000000000000000 ffffffff 00cf9300 DPL=0 DS   [-WA]
LDT=0000 0000000000000000 0000ffff 00008200 DPL=0 LDT
TR =0000 0000000000000000 0000ffff 00008b00 DPL=0 TSS64-busy
GDT=     000000003f5dc000 00000047
IDT=     000000003efa3018 00000fff
CR0=80010033 CR2=0000000000000000 CR3=000000003f801000 CR4=00000668
DR0=0000000000000000 DR1=0000000000000000 DR2=0000000000000000 DR3=0000000000000000 
DR6=00000000ffff0ff0 DR7=0000000000000400
CCS=0000000000000000 CCD=000000000000272c CCO=EFLAGS
EFER=0000000000000d00
Servicing hardware INT=0x20
   126: v=20 e=0000 i=0 cpl=0 IP=0038:000000003e6d3862 pc=000000003e6d3862 SP=0030:000000003fe64f90 env->regs[R_EAX]=0000000000003a8a
RAX=0000000000003a8a RBX=0000000000002710 RCX=000000000000b008 RDX=0000000000829c40
RSI=000000000082d6ca RDI=000000003e5b40d4 RBP=000000003fe64fc0 RSP=000000003fe64f90
R8 =000000003fe64fe0 R9 =00000000000003f6 R10=0000000000000000 R11=0000000000000000
R12=000000000000c042 R13=0000000000000011 R14=000000000000c040 R15=0000000000000000
RIP=000000003e6d3862 RFL=00000202 [-------] CPL=0 II=0 A20=1 SMM=0 HLT=0
ES =0030 0000000000000000 ffffffff 00cf9300 DPL=0 DS   [-WA]
CS =0038 0000000000000000 ffffffff 00af9a00 DPL=0 CS64 [-R-]
SS =0030 0000000000000000 ffffffff 00cf9300 DPL=0 DS   [-WA]
DS =0030 0000000000000000 ffffffff 00cf9300 DPL=0 DS   [-WA]
FS =0030 0000000000000000 ffffffff 00cf9300 DPL=0 DS   [-WA]
GS =0030 0000000000000000 ffffffff 00cf9300 DPL=0 DS   [-WA]
LDT=0000 0000000000000000 0000ffff 00008200 DPL=0 LDT
TR =0000 0000000000000000 0000ffff 00008b00 DPL=0 TSS64-busy
GDT=     000000003f5dc000 00000047
IDT=     000000003efa3018 00000fff
CR0=80010033 CR2=0000000000000000 CR3=000000003f801000 CR4=00000668
DR0=0000000000000000 DR1=0000000000000000 DR2=0000000000000000 DR3=0000000000000000 
DR6=00000000ffff0ff0 DR7=0000000000000400
CCS=0000000000000000 CCD=0000000000003a8a CCO=EFLAGS
EFER=0000000000000d00
Servicing hardware INT=0x20
   127: v=20 e=0000 i=0 cpl=0 IP=0038:000000003e6d3862 pc=000000003e6d3862 SP=0030:000000003fe65130 env->regs[R_EAX]=0000000000005480
RAX=0000000000005480 RBX=0000000000002710 RCX=000000000000b008 RDX=0000000000831a9e
RSI=0000000000836f1e RDI=000000003e5b40d4 RBP=000000003fe65160 RSP=000000003fe65130
R8 =000000003fe65180 R9 =00000000000003f6 R10=0000000000000000 R11=0000000000000000
R12=000000000000c042 R13=0000000000000011 R14=000000000000c040 R15=0000000000000000
RIP=000000003e6d3862 RFL=00000202 [-------] CPL=0 II=0 A20=1 SMM=0 HLT=0
ES =0030 0000000000000000 ffffffff 00cf9300 DPL=0 DS   [-WA]
CS =0038 0000000000000000 ffffffff 00af9a00 DPL=0 CS64 [-R-]
SS =0030 0000000000000000 ffffffff 00cf9300 DPL=0 DS   [-WA]
DS =0030 0000000000000000 ffffffff 00cf9300 DPL=0 DS   [-WA]
FS =0030 0000000000000000 ffffffff 00cf9300 DPL=0 DS   [-WA]
GS =0030 0000000000000000 ffffffff 00cf9300 DPL=0 DS   [-WA]
LDT=0000 0000000000000000 0000ffff 00008200 DPL=0 LDT
TR =0000 0000000000000000 0000ffff 00008b00 DPL=0 TSS64-busy
GDT=     000000003f5dc000 00000047
IDT=     000000003efa3018 00000fff
CR0=80010033 CR2=0000000000000000 CR3=000000003f801000 CR4=00000668
DR0=0000000000000000 DR1=0000000000000000 DR2=0000000000000000 DR3=0000000000000000 
DR6=00000000ffff0ff0 DR7=0000000000000400
CCS=0000000000000000 CCD=0000000000005480 CCO=EFLAGS
EFER=0000000000000d00
Servicing hardware INT=0x20
   128: v=20 e=0000 i=0 cpl=0 IP=0038:000000003ea303b1 pc=000000003ea303b1 SP=0030:000000003fe65550 env->regs[R_EAX]=0000000000000001
RAX=0000000000000001 RBX=00000000100e8086 RCX=0000000000000001 RDX=0000000000000cf8
RSI=0000000000000001 RDI=0000000000000000 RBP=000000003fe655b0 RSP=000000003fe65550
R8 =0000000000000000 R9 =0000000000000cf8 R10=0000000000000028 R11=000000003e6f2920
R12=000000003fe6575c R13=0000000000000000 R14=0000000000018000 R15=0000000000000004
RIP=000000003ea303b1 RFL=00000202 [-------] CPL=0 II=0 A20=1 SMM=0 HLT=0
ES =0030 0000000000000000 ffffffff 00cf9300 DPL=0 DS   [-WA]
CS =0038 0000000000000000 ffffffff 00af9a00 DPL=0 CS64 [-R-]
SS =0030 0000000000000000 ffffffff 00cf9300 DPL=0 DS   [-WA]
DS =0030 0000000000000000 ffffffff 00cf9300 DPL=0 DS   [-WA]
FS =0030 0000000000000000 ffffffff 00cf9300 DPL=0 DS   [-WA]
GS =0030 0000000000000000 ffffffff 00cf9300 DPL=0 DS   [-WA]
LDT=0000 0000000000000000 0000ffff 00008200 DPL=0 LDT
TR =0000 0000000000000000 0000ffff 00008b00 DPL=0 TSS64-busy
GDT=     000000003f5dc000 00000047
IDT=     000000003efa3018 00000fff
CR0=80010033 CR2=0000000000000000 CR3=000000003f801000 CR4=00000668
DR0=0000000000000000 DR1=0000000000000000 DR2=0000000000000000 DR3=0000000000000000 
DR6=00000000ffff0ff0 DR7=0000000000000400
CCS=0000000000000038 CCD=0000000000000001 CCO=LOGICB
EFER=0000000000000d00
Servicing hardware INT=0x20
   129: v=20 e=0000 i=0 cpl=0 IP=0038:000000003eb55171 pc=000000003eb55171 SP=0030:000000003fe656f0 env->regs[R_EAX]=00000000000008ed
RAX=00000000000008ed RBX=0000000000843d88 RCX=000000000000b008 RDX=000000000084349b
RSI=000000000000000d RDI=0000000000000dfb RBP=000000003fe65700 RSP=000000003fe656f0
R8 =000000003fe6579c R9 =0000000000000030 R10=000000003e425c00 R11=000000003e4260d0
R12=0000000000000000 R13=000000003e427ef8 R14=0000000000000004 R15=000000003e427f18
RIP=000000003eb55171 RFL=00000206 [-----P-] CPL=0 II=0 A20=1 SMM=0 HLT=0
ES =0030 0000000000000000 ffffffff 00cf9300 DPL=0 DS   [-WA]
CS =0038 0000000000000000 ffffffff 00af9a00 DPL=0 CS64 [-R-]
SS =0030 0000000000000000 ffffffff 00cf9300 DPL=0 DS   [-WA]
DS =0030 0000000000000000 ffffffff 00cf9300 DPL=0 DS   [-WA]
FS =0030 0000000000000000 ffffffff 00cf9300 DPL=0 DS   [-WA]
GS =0030 0000000000000000 ffffffff 00cf9300 DPL=0 DS   [-WA]
LDT=0000 0000000000000000 0000ffff 00008200 DPL=0 LDT
TR =0000 0000000000000000 0000ffff 00008b00 DPL=0 TSS64-busy
GDT=     000000003f5dc000 00000047
IDT=     000000003efa3018 00000fff
CR0=80010033 CR2=0000000000000000 CR3=000000003f801000 CR4=00000668
DR0=0000000000000000 DR1=0000000000000000 DR2=0000000000000000 DR3=0000000000000000 
DR6=00000000ffff0ff0 DR7=0000000000000400
CCS=0000000000000004 CCD=00000000000008ed CCO=EFLAGS
EFER=0000000000000d00
Servicing hardware INT=0x20
   130: v=20 e=0000 i=0 cpl=0 IP=0038:000000003eb55171 pc=000000003eb55171 SP=0030:000000003fe656f0 env->regs[R_EAX]=00000000000007c0
RAX=00000000000007c0 RBX=000000000084d783 RCX=000000000000b008 RDX=000000000084cfc3
RSI=000000000000000d RDI=0000000000000dfb RBP=000000003fe65700 RSP=000000003fe656f0
R8 =000000003fe6579c R9 =0000000000000030 R10=000000003e425c00 R11=000000003e4260d0
R12=0000000000000000 R13=000000003e427ef8 R14=0000000000000004 R15=000000003e427f18
RIP=000000003eb55171 RFL=00000206 [-----P-] CPL=0 II=0 A20=1 SMM=0 HLT=0
ES =0030 0000000000000000 ffffffff 00cf9300 DPL=0 DS   [-WA]
CS =0038 0000000000000000 ffffffff 00af9a00 DPL=0 CS64 [-R-]
SS =0030 0000000000000000 ffffffff 00cf9300 DPL=0 DS   [-WA]
DS =0030 0000000000000000 ffffffff 00cf9300 DPL=0 DS   [-WA]
FS =0030 0000000000000000 ffffffff 00cf9300 DPL=0 DS   [-WA]
GS =0030 0000000000000000 ffffffff 00cf9300 DPL=0 DS   [-WA]
LDT=0000 0000000000000000 0000ffff 00008200 DPL=0 LDT
TR =0000 0000000000000000 0000ffff 00008b00 DPL=0 TSS64-busy
GDT=     000000003f5dc000 00000047
IDT=     000000003efa3018 00000fff
CR0=80010033 CR2=0000000000000000 CR3=000000003f801000 CR4=00000668
DR0=0000000000000000 DR1=0000000000000000 DR2=0000000000000000 DR3=0000000000000000 
DR6=00000000ffff0ff0 DR7=0000000000000400
CCS=0000000000000004 CCD=00000000000007c0 CCO=EFLAGS
EFER=0000000000000d00
Servicing hardware INT=0x20
   131: v=20 e=0000 i=0 cpl=0 IP=0038:000000003eb55171 pc=000000003eb55171 SP=0030:000000003fe656f0 env->regs[R_EAX]=000000000000003b
RAX=000000000000003b RBX=0000000000855648 RCX=000000000000b008 RDX=000000000085560d
RSI=000000000000000d RDI=0000000000000dfb RBP=000000003fe65700 RSP=000000003fe656f0
R8 =000000003fe6579c R9 =0000000000000030 R10=000000003e425c00 R11=000000003e4260d0
R12=0000000000000000 R13=000000003e427ef8 R14=0000000000000004 R15=000000003e427f18
RIP=000000003eb55171 RFL=00000202 [-------] CPL=0 II=0 A20=1 SMM=0 HLT=0
ES =0030 0000000000000000 ffffffff 00cf9300 DPL=0 DS   [-WA]
CS =0038 0000000000000000 ffffffff 00af9a00 DPL=0 CS64 [-R-]
SS =0030 0000000000000000 ffffffff 00cf9300 DPL=0 DS   [-WA]
DS =0030 0000000000000000 ffffffff 00cf9300 DPL=0 DS   [-WA]
FS =0030 0000000000000000 ffffffff 00cf9300 DPL=0 DS   [-WA]
GS =0030 0000000000000000 ffffffff 00cf9300 DPL=0 DS   [-WA]
LDT=0000 0000000000000000 0000ffff 00008200 DPL=0 LDT
TR =0000 0000000000000000 0000ffff 00008b00 DPL=0 TSS64-busy
GDT=     000000003f5dc000 00000047
IDT=     000000003efa3018 00000fff
CR0=80010033 CR2=0000000000000000 CR3=000000003f801000 CR4=00000668
DR0=0000000000000000 DR1=0000000000000000 DR2=0000000000000000 DR3=0000000000000000 
DR6=00000000ffff0ff0 DR7=0000000000000400
CCS=0000000000000000 CCD=000000000000003b CCO=EFLAGS
EFER=0000000000000d00
Servicing hardware INT=0x20
   132: v=20 e=0000 i=0 cpl=0 IP=0038:000000003eb55171 pc=000000003eb55171 SP=0030:000000003fe656f0 env->regs[R_EAX]=00000000000001aa
RAX=00000000000001aa RBX=000000000085e3fe RCX=000000000000b008 RDX=000000000085e254
RSI=000000000000000d RDI=0000000000000dfb RBP=000000003fe65700 RSP=000000003fe656f0
R8 =000000003fe6579c R9 =0000000000000030 R10=000000003e425c00 R11=000000003e4260d0
R12=0000000000000000 R13=000000003e427ef8 R14=0000000000000004 R15=000000003e427f18
RIP=000000003eb55171 RFL=00000206 [-----P-] CPL=0 II=0 A20=1 SMM=0 HLT=0
ES =0030 0000000000000000 ffffffff 00cf9300 DPL=0 DS   [-WA]
CS =0038 0000000000000000 ffffffff 00af9a00 DPL=0 CS64 [-R-]
SS =0030 0000000000000000 ffffffff 00cf9300 DPL=0 DS   [-WA]
DS =0030 0000000000000000 ffffffff 00cf9300 DPL=0 DS   [-WA]
FS =0030 0000000000000000 ffffffff 00cf9300 DPL=0 DS   [-WA]
GS =0030 0000000000000000 ffffffff 00cf9300 DPL=0 DS   [-WA]
LDT=0000 0000000000000000 0000ffff 00008200 DPL=0 LDT
TR =0000 0000000000000000 0000ffff 00008b00 DPL=0 TSS64-busy
GDT=     000000003f5dc000 00000047
IDT=     000000003efa3018 00000fff
CR0=80010033 CR2=0000000000000000 CR3=000000003f801000 CR4=00000668
DR0=0000000000000000 DR1=0000000000000000 DR2=0000000000000000 DR3=0000000000000000 
DR6=00000000ffff0ff0 DR7=0000000000000400
CCS=0000000000000004 CCD=00000000000001aa CCO=EFLAGS
EFER=0000000000000d00
Servicing hardware INT=0x20
   133: v=20 e=0000 i=0 cpl=0 IP=0038:000000003e6d3862 pc=000000003e6d3862 SP=0030:000000003fe64eb0 env->regs[R_EAX]=00000000000000a2
RAX=00000000000000a2 RBX=0000000000000064 RCX=000000000000b008 RDX=0000000000865fbb
RSI=000000000086605d RDI=000000003e5b40d4 RBP=000000003fe64ee0 RSP=000000003fe64eb0
R8 =000000003fe64ecf R9 =000000000000c042 R10=0000000000000000 R11=0000000000000000
R12=000000000004bae9 R13=0000000000000011 R14=000000000000c040 R15=0000000000000000
RIP=000000003e6d3862 RFL=00000202 [-------] CPL=0 II=0 A20=1 SMM=0 HLT=0
ES =0030 0000000000000000 ffffffff 00cf9300 DPL=0 DS   [-WA]
CS =0038 0000000000000000 ffffffff 00af9a00 DPL=0 CS64 [-R-]
SS =0030 0000000000000000 ffffffff 00cf9300 DPL=0 DS   [-WA]
DS =0030 0000000000000000 ffffffff 00cf9300 DPL=0 DS   [-WA]
FS =0030 0000000000000000 ffffffff 00cf9300 DPL=0 DS   [-WA]
GS =0030 0000000000000000 ffffffff 00cf9300 DPL=0 DS   [-WA]
LDT=0000 0000000000000000 0000ffff 00008200 DPL=0 LDT
TR =0000 0000000000000000 0000ffff 00008b00 DPL=0 TSS64-busy
GDT=     000000003f5dc000 00000047
IDT=     000000003efa3018 00000fff
CR0=80010033 CR2=0000000000000000 CR3=000000003f801000 CR4=00000668
DR0=0000000000000000 DR1=0000000000000000 DR2=0000000000000000 DR3=0000000000000000 
DR6=00000000ffff0ff0 DR7=0000000000000400
CCS=0000000000000000 CCD=00000000000000a2 CCO=EFLAGS
EFER=0000000000000d00
Servicing hardware INT=0x20
   134: v=20 e=0000 i=0 cpl=0 IP=0038:000000003e6d3862 pc=000000003e6d3862 SP=0030:000000003fe64eb0 env->regs[R_EAX]=0000000000003d77
RAX=0000000000003d77 RBX=0000000000002710 RCX=000000000000b008 RDX=000000000086fbd0
RSI=0000000000873947 RDI=000000003e5b40d4 RBP=000000003fe64ee0 RSP=000000003fe64eb0
R8 =000000003fe64f00 R9 =00000000000003f6 R10=0000000000000000 R11=0000000000000000
R12=000000000000c042 R13=0000000000000011 R14=000000000000c040 R15=0000000000000000
RIP=000000003e6d3862 RFL=00000206 [-----P-] CPL=0 II=0 A20=1 SMM=0 HLT=0
ES =0030 0000000000000000 ffffffff 00cf9300 DPL=0 DS   [-WA]
CS =0038 0000000000000000 ffffffff 00af9a00 DPL=0 CS64 [-R-]
SS =0030 0000000000000000 ffffffff 00cf9300 DPL=0 DS   [-WA]
DS =0030 0000000000000000 ffffffff 00cf9300 DPL=0 DS   [-WA]
FS =0030 0000000000000000 ffffffff 00cf9300 DPL=0 DS   [-WA]
GS =0030 0000000000000000 ffffffff 00cf9300 DPL=0 DS   [-WA]
LDT=0000 0000000000000000 0000ffff 00008200 DPL=0 LDT
TR =0000 0000000000000000 0000ffff 00008b00 DPL=0 TSS64-busy
GDT=     000000003f5dc000 00000047
IDT=     000000003efa3018 00000fff
CR0=80010033 CR2=0000000000000000 CR3=000000003f801000 CR4=00000668
DR0=0000000000000000 DR1=0000000000000000 DR2=0000000000000000 DR3=0000000000000000 
DR6=00000000ffff0ff0 DR7=0000000000000400
CCS=0000000000000004 CCD=0000000000003d77 CCO=EFLAGS
EFER=0000000000000d00
Servicing hardware INT=0x20
   135: v=20 e=0000 i=0 cpl=0 IP=0038:000000003e6d3862 pc=000000003e6d3862 SP=0030:000000003fe64eb0 env->regs[R_EAX]=0000000000000097
RAX=0000000000000097 RBX=0000000000000064 RCX=000000000000b008 RDX=00000000008775b6
RSI=000000000087764d RDI=000000003e5b40d4 RBP=000000003fe64ee0 RSP=000000003fe64eb0
R8 =000000003fe64ecf R9 =000000000000c042 R10=0000000000000000 R11=0000000000000000
R12=000000000004bad2 R13=0000000000000011 R14=000000000000c040 R15=0000000000000000
RIP=000000003e6d3862 RFL=00000202 [-------] CPL=0 II=0 A20=1 SMM=0 HLT=0
ES =0030 0000000000000000 ffffffff 00cf9300 DPL=0 DS   [-WA]
CS =0038 0000000000000000 ffffffff 00af9a00 DPL=0 CS64 [-R-]
SS =0030 0000000000000000 ffffffff 00cf9300 DPL=0 DS   [-WA]
DS =0030 0000000000000000 ffffffff 00cf9300 DPL=0 DS   [-WA]
FS =0030 0000000000000000 ffffffff 00cf9300 DPL=0 DS   [-WA]
GS =0030 0000000000000000 ffffffff 00cf9300 DPL=0 DS   [-WA]
LDT=0000 0000000000000000 0000ffff 00008200 DPL=0 LDT
TR =0000 0000000000000000 0000ffff 00008b00 DPL=0 TSS64-busy
GDT=     000000003f5dc000 00000047
IDT=     000000003efa3018 00000fff
CR0=80010033 CR2=0000000000000000 CR3=000000003f801000 CR4=00000668
DR0=0000000000000000 DR1=0000000000000000 DR2=0000000000000000 DR3=0000000000000000 
DR6=00000000ffff0ff0 DR7=0000000000000400
CCS=0000000000000000 CCD=0000000000000097 CCO=EFLAGS
EFER=0000000000000d00
Servicing hardware INT=0x20
   136: v=20 e=0000 i=0 cpl=0 IP=0038:000000003e6d3862 pc=000000003e6d3862 SP=0030:000000003fe64eb0 env->regs[R_EAX]=0000000000001970
RAX=0000000000001970 RBX=0000000000002710 RCX=000000000000b008 RDX=00000000008808a4
RSI=0000000000882214 RDI=000000003e5b40d4 RBP=000000003fe64ee0 RSP=000000003fe64eb0
R8 =000000003fe64f00 R9 =00000000000003f6 R10=0000000000000000 R11=0000000000000000
R12=000000000000c042 R13=0000000000000011 R14=000000000000c040 R15=0000000000000000
RIP=000000003e6d3862 RFL=00000202 [-------] CPL=0 II=0 A20=1 SMM=0 HLT=0
ES =0030 0000000000000000 ffffffff 00cf9300 DPL=0 DS   [-WA]
CS =0038 0000000000000000 ffffffff 00af9a00 DPL=0 CS64 [-R-]
SS =0030 0000000000000000 ffffffff 00cf9300 DPL=0 DS   [-WA]
DS =0030 0000000000000000 ffffffff 00cf9300 DPL=0 DS   [-WA]
FS =0030 0000000000000000 ffffffff 00cf9300 DPL=0 DS   [-WA]
GS =0030 0000000000000000 ffffffff 00cf9300 DPL=0 DS   [-WA]
LDT=0000 0000000000000000 0000ffff 00008200 DPL=0 LDT
TR =0000 0000000000000000 0000ffff 00008b00 DPL=0 TSS64-busy
GDT=     000000003f5dc000 00000047
IDT=     000000003efa3018 00000fff
CR0=80010033 CR2=0000000000000000 CR3=000000003f801000 CR4=00000668
DR0=0000000000000000 DR1=0000000000000000 DR2=0000000000000000 DR3=0000000000000000 
DR6=00000000ffff0ff0 DR7=0000000000000400
CCS=0000000000000000 CCD=0000000000001970 CCO=EFLAGS
EFER=0000000000000d00
Servicing hardware INT=0x20
   137: v=20 e=0000 i=0 cpl=0 IP=0038:000000003e6d3862 pc=000000003e6d3862 SP=0030:000000003fe64eb0 env->regs[R_EAX]=000000000000002f
RAX=000000000000002f RBX=0000000000000064 RCX=000000000000b008 RDX=0000000000888f46
RSI=0000000000888f75 RDI=000000003e5b40d4 RBP=000000003fe64ee0 RSP=000000003fe64eb0
R8 =000000003fe64ecf R9 =000000000000c042 R10=0000000000000000 R11=0000000000000000
R12=000000000004baba R13=0000000000000011 R14=000000000000c040 R15=0000000000000000
RIP=000000003e6d3862 RFL=00000202 [-------] CPL=0 II=0 A20=1 SMM=0 HLT=0
ES =0030 0000000000000000 ffffffff 00cf9300 DPL=0 DS   [-WA]
CS =0038 0000000000000000 ffffffff 00af9a00 DPL=0 CS64 [-R-]
SS =0030 0000000000000000 ffffffff 00cf9300 DPL=0 DS   [-WA]
DS =0030 0000000000000000 ffffffff 00cf9300 DPL=0 DS   [-WA]
FS =0030 0000000000000000 ffffffff 00cf9300 DPL=0 DS   [-WA]
GS =0030 0000000000000000 ffffffff 00cf9300 DPL=0 DS   [-WA]
LDT=0000 0000000000000000 0000ffff 00008200 DPL=0 LDT
TR =0000 0000000000000000 0000ffff 00008b00 DPL=0 TSS64-busy
GDT=     000000003f5dc000 00000047
IDT=     000000003efa3018 00000fff
CR0=80010033 CR2=0000000000000000 CR3=000000003f801000 CR4=00000668
DR0=0000000000000000 DR1=0000000000000000 DR2=0000000000000000 DR3=0000000000000000 
DR6=00000000ffff0ff0 DR7=0000000000000400
CCS=0000000000000000 CCD=000000000000002f CCO=EFLAGS
EFER=0000000000000d00
Servicing hardware INT=0x20
   138: v=20 e=0000 i=0 cpl=0 IP=0038:000000003e6d3862 pc=000000003e6d3862 SP=0030:000000003fe64eb0 env->regs[R_EAX]=0000000000000bdf
RAX=0000000000000bdf RBX=0000000000002710 RCX=000000000000b008 RDX=000000000089208c
RSI=0000000000892c6b RDI=000000003e5b40d4 RBP=000000003fe64ee0 RSP=000000003fe64eb0
R8 =000000003fe64f00 R9 =00000000000003f6 R10=0000000000000000 R11=0000000000000000
R12=000000000000c042 R13=0000000000000011 R14=000000000000c040 R15=0000000000000000
RIP=000000003e6d3862 RFL=00000202 [-------] CPL=0 II=0 A20=1 SMM=0 HLT=0
ES =0030 0000000000000000 ffffffff 00cf9300 DPL=0 DS   [-WA]
CS =0038 0000000000000000 ffffffff 00af9a00 DPL=0 CS64 [-R-]
SS =0030 0000000000000000 ffffffff 00cf9300 DPL=0 DS   [-WA]
DS =0030 0000000000000000 ffffffff 00cf9300 DPL=0 DS   [-WA]
FS =0030 0000000000000000 ffffffff 00cf9300 DPL=0 DS   [-WA]
GS =0030 0000000000000000 ffffffff 00cf9300 DPL=0 DS   [-WA]
LDT=0000 0000000000000000 0000ffff 00008200 DPL=0 LDT
TR =0000 0000000000000000 0000ffff 00008b00 DPL=0 TSS64-busy
GDT=     000000003f5dc000 00000047
IDT=     000000003efa3018 00000fff
CR0=80010033 CR2=0000000000000000 CR3=000000003f801000 CR4=00000668
DR0=0000000000000000 DR1=0000000000000000 DR2=0000000000000000 DR3=0000000000000000 
DR6=00000000ffff0ff0 DR7=0000000000000400
CCS=0000000000000000 CCD=0000000000000bdf CCO=EFLAGS
EFER=0000000000000d00
Servicing hardware INT=0x20
   139: v=20 e=0000 i=0 cpl=0 IP=0038:000000003e6d3862 pc=000000003e6d3862 SP=0030:000000003fe64ef0 env->regs[R_EAX]=0000000000006a91
RAX=0000000000006a91 RBX=0000000000002710 RCX=000000000000b008 RDX=000000000089bb41
RSI=00000000008a25d2 RDI=000000003e5b40d4 RBP=000000003fe64f20 RSP=000000003fe64ef0
R8 =000000003fe64f40 R9 =00000000000003f6 R10=0000000000000000 R11=0000000000000000
R12=000000000000c042 R13=0000000000000011 R14=000000000000c040 R15=0000000000000000
RIP=000000003e6d3862 RFL=00000202 [-------] CPL=0 II=0 A20=1 SMM=0 HLT=0
ES =0030 0000000000000000 ffffffff 00cf9300 DPL=0 DS   [-WA]
CS =0038 0000000000000000 ffffffff 00af9a00 DPL=0 CS64 [-R-]
SS =0030 0000000000000000 ffffffff 00cf9300 DPL=0 DS   [-WA]
DS =0030 0000000000000000 ffffffff 00cf9300 DPL=0 DS   [-WA]
FS =0030 0000000000000000 ffffffff 00cf9300 DPL=0 DS   [-WA]
GS =0030 0000000000000000 ffffffff 00cf9300 DPL=0 DS   [-WA]
LDT=0000 0000000000000000 0000ffff 00008200 DPL=0 LDT
TR =0000 0000000000000000 0000ffff 00008b00 DPL=0 TSS64-busy
GDT=     000000003f5dc000 00000047
IDT=     000000003efa3018 00000fff
CR0=80010033 CR2=0000000000000000 CR3=000000003f801000 CR4=00000668
DR0=0000000000000000 DR1=0000000000000000 DR2=0000000000000000 DR3=0000000000000000 
DR6=00000000ffff0ff0 DR7=0000000000000400
CCS=0000000000000000 CCD=0000000000006a91 CCO=EFLAGS
EFER=0000000000000d00
Servicing hardware INT=0x20
   140: v=20 e=0000 i=0 cpl=0 IP=0038:000000003e6d3862 pc=000000003e6d3862 SP=0030:000000003fe64ef0 env->regs[R_EAX]=0000000000000059
RAX=0000000000000059 RBX=0000000000000064 RCX=000000000000b008 RDX=00000000008a3301
RSI=00000000008a335a RDI=000000003e5b40d4 RBP=000000003fe64f20 RSP=000000003fe64ef0
R8 =000000003fe64f0f R9 =000000000000c042 R10=0000000000000000 R11=0000000000000000
R12=000000000004baf1 R13=0000000000000011 R14=000000000000c040 R15=0000000000000000
RIP=000000003e6d3862 RFL=00000206 [-----P-] CPL=0 II=0 A20=1 SMM=0 HLT=0
ES =0030 0000000000000000 ffffffff 00cf9300 DPL=0 DS   [-WA]
CS =0038 0000000000000000 ffffffff 00af9a00 DPL=0 CS64 [-R-]
SS =0030 0000000000000000 ffffffff 00cf9300 DPL=0 DS   [-WA]
DS =0030 0000000000000000 ffffffff 00cf9300 DPL=0 DS   [-WA]
FS =0030 0000000000000000 ffffffff 00cf9300 DPL=0 DS   [-WA]
GS =0030 0000000000000000 ffffffff 00cf9300 DPL=0 DS   [-WA]
LDT=0000 0000000000000000 0000ffff 00008200 DPL=0 LDT
TR =0000 0000000000000000 0000ffff 00008b00 DPL=0 TSS64-busy
GDT=     000000003f5dc000 00000047
IDT=     000000003efa3018 00000fff
CR0=80010033 CR2=0000000000000000 CR3=000000003f801000 CR4=00000668
DR0=0000000000000000 DR1=0000000000000000 DR2=0000000000000000 DR3=0000000000000000 
DR6=00000000ffff0ff0 DR7=0000000000000400
CCS=0000000000000004 CCD=0000000000000059 CCO=EFLAGS
EFER=0000000000000d00
Servicing hardware INT=0x20
   141: v=20 e=0000 i=0 cpl=0 IP=0038:000000003e6d3862 pc=000000003e6d3862 SP=0030:000000003fe64ef0 env->regs[R_EAX]=0000000000005b0e
RAX=0000000000005b0e RBX=0000000000002710 RCX=000000000000b008 RDX=00000000008ace44
RSI=00000000008b2952 RDI=000000003e5b40d4 RBP=000000003fe64f20 RSP=000000003fe64ef0
R8 =000000003fe64f40 R9 =00000000000003f6 R10=0000000000000000 R11=0000000000000000
R12=000000000000c042 R13=0000000000000011 R14=000000000000c040 R15=0000000000000000
RIP=000000003e6d3862 RFL=00000202 [-------] CPL=0 II=0 A20=1 SMM=0 HLT=0
ES =0030 0000000000000000 ffffffff 00cf9300 DPL=0 DS   [-WA]
CS =0038 0000000000000000 ffffffff 00af9a00 DPL=0 CS64 [-R-]
SS =0030 0000000000000000 ffffffff 00cf9300 DPL=0 DS   [-WA]
DS =0030 0000000000000000 ffffffff 00cf9300 DPL=0 DS   [-WA]
FS =0030 0000000000000000 ffffffff 00cf9300 DPL=0 DS   [-WA]
GS =0030 0000000000000000 ffffffff 00cf9300 DPL=0 DS   [-WA]
LDT=0000 0000000000000000 0000ffff 00008200 DPL=0 LDT
TR =0000 0000000000000000 0000ffff 00008b00 DPL=0 TSS64-busy
GDT=     000000003f5dc000 00000047
IDT=     000000003efa3018 00000fff
CR0=80010033 CR2=0000000000000000 CR3=000000003f801000 CR4=00000668
DR0=0000000000000000 DR1=0000000000000000 DR2=0000000000000000 DR3=0000000000000000 
DR6=00000000ffff0ff0 DR7=0000000000000400
CCS=0000000000000000 CCD=0000000000005b0e CCO=EFLAGS
EFER=0000000000000d00
Servicing hardware INT=0x20
   142: v=20 e=0000 i=0 cpl=0 IP=0038:000000003e6d3862 pc=000000003e6d3862 SP=0030:000000003fe64ef0 env->regs[R_EAX]=00000000000000ee
RAX=00000000000000ee RBX=0000000000000064 RCX=000000000000b008 RDX=00000000008b4a73
RSI=00000000008b4b61 RDI=000000003e5b40d4 RBP=000000003fe64f20 RSP=000000003fe64ef0
R8 =000000003fe64f0f R9 =000000000000c042 R10=0000000000000000 R11=0000000000000000
R12=000000000004bae4 R13=0000000000000011 R14=000000000000c040 R15=0000000000000000
RIP=000000003e6d3862 RFL=00000206 [-----P-] CPL=0 II=0 A20=1 SMM=0 HLT=0
ES =0030 0000000000000000 ffffffff 00cf9300 DPL=0 DS   [-WA]
CS =0038 0000000000000000 ffffffff 00af9a00 DPL=0 CS64 [-R-]
SS =0030 0000000000000000 ffffffff 00cf9300 DPL=0 DS   [-WA]
DS =0030 0000000000000000 ffffffff 00cf9300 DPL=0 DS   [-WA]
FS =0030 0000000000000000 ffffffff 00cf9300 DPL=0 DS   [-WA]
GS =0030 0000000000000000 ffffffff 00cf9300 DPL=0 DS   [-WA]
LDT=0000 0000000000000000 0000ffff 00008200 DPL=0 LDT
TR =0000 0000000000000000 0000ffff 00008b00 DPL=0 TSS64-busy
GDT=     000000003f5dc000 00000047
IDT=     000000003efa3018 00000fff
CR0=80010033 CR2=0000000000000000 CR3=000000003f801000 CR4=00000668
DR0=0000000000000000 DR1=0000000000000000 DR2=0000000000000000 DR3=0000000000000000 
DR6=00000000ffff0ff0 DR7=0000000000000400
CCS=0000000000000004 CCD=00000000000000ee CCO=EFLAGS
EFER=0000000000000d00
Servicing hardware INT=0x20
   143: v=20 e=0000 i=0 cpl=0 IP=0038:000000003e6d3811 pc=000000003e6d3811 SP=0030:000000003fe64e80 env->regs[R_EAX]=00000000008be613
RAX=00000000008be613 RBX=000000000000b008 RCX=000000000000b008 RDX=000000000000b008
RSI=00000000008c3068 RDI=000000003e5b40d4 RBP=000000003fe64ee0 RSP=000000003fe64e80
R8 =000000003fe64f40 R9 =00000000000003f6 R10=0000000000000000 R11=0000000000000000
R12=0000000000000000 R13=0000000000000011 R14=000000000000c040 R15=0000000000000000
RIP=000000003e6d3811 RFL=00000293 [--S-A-C] CPL=0 II=0 A20=1 SMM=0 HLT=0
ES =0030 0000000000000000 ffffffff 00cf9300 DPL=0 DS   [-WA]
CS =0038 0000000000000000 ffffffff 00af9a00 DPL=0 CS64 [-R-]
SS =0030 0000000000000000 ffffffff 00cf9300 DPL=0 DS   [-WA]
DS =0030 0000000000000000 ffffffff 00cf9300 DPL=0 DS   [-WA]
FS =0030 0000000000000000 ffffffff 00cf9300 DPL=0 DS   [-WA]
GS =0030 0000000000000000 ffffffff 00cf9300 DPL=0 DS   [-WA]
LDT=0000 0000000000000000 0000ffff 00008200 DPL=0 LDT
TR =0000 0000000000000000 0000ffff 00008b00 DPL=0 TSS64-busy
GDT=     000000003f5dc000 00000047
IDT=     000000003efa3018 00000fff
CR0=80010033 CR2=0000000000000000 CR3=000000003f801000 CR4=00000668
DR0=0000000000000000 DR1=0000000000000000 DR2=0000000000000000 DR3=0000000000000000 
DR6=00000000ffff0ff0 DR7=0000000000000400
CCS=0000000000000091 CCD=00000000000049fe CCO=EFLAGS
EFER=0000000000000d00
Servicing hardware INT=0x20
   144: v=20 e=0000 i=0 cpl=0 IP=0038:000000003e6d3862 pc=000000003e6d3862 SP=0030:000000003fe64ef0 env->regs[R_EAX]=0000000000000153
RAX=0000000000000153 RBX=0000000000000064 RCX=000000000000b008 RDX=00000000008c61e2
RSI=00000000008c6335 RDI=000000003e5b40d4 RBP=000000003fe64f20 RSP=000000003fe64ef0
R8 =000000003fe64f0f R9 =000000000000c042 R10=0000000000000000 R11=0000000000000000
R12=000000000004badc R13=0000000000000011 R14=000000000000c040 R15=0000000000000000
RIP=000000003e6d3862 RFL=00000206 [-----P-] CPL=0 II=0 A20=1 SMM=0 HLT=0
ES =0030 0000000000000000 ffffffff 00cf9300 DPL=0 DS   [-WA]
CS =0038 0000000000000000 ffffffff 00af9a00 DPL=0 CS64 [-R-]
SS =0030 0000000000000000 ffffffff 00cf9300 DPL=0 DS   [-WA]
DS =0030 0000000000000000 ffffffff 00cf9300 DPL=0 DS   [-WA]
FS =0030 0000000000000000 ffffffff 00cf9300 DPL=0 DS   [-WA]
GS =0030 0000000000000000 ffffffff 00cf9300 DPL=0 DS   [-WA]
LDT=0000 0000000000000000 0000ffff 00008200 DPL=0 LDT
TR =0000 0000000000000000 0000ffff 00008b00 DPL=0 TSS64-busy
GDT=     000000003f5dc000 00000047
IDT=     000000003efa3018 00000fff
CR0=80010033 CR2=0000000000000000 CR3=000000003f801000 CR4=00000668
DR0=0000000000000000 DR1=0000000000000000 DR2=0000000000000000 DR3=0000000000000000 
DR6=00000000ffff0ff0 DR7=0000000000000400
CCS=0000000000000004 CCD=0000000000000153 CCO=EFLAGS
EFER=0000000000000d00
Servicing hardware INT=0x20
   145: v=20 e=0000 i=0 cpl=0 IP=0038:000000003e6d3862 pc=000000003e6d3862 SP=0030:000000003fe64ef0 env->regs[R_EAX]=0000000000006013
RAX=0000000000006013 RBX=0000000000002710 RCX=000000000000b008 RDX=00000000008cf0d3
RSI=00000000008d50e6 RDI=000000003e5b40d4 RBP=000000003fe64f20 RSP=000000003fe64ef0
R8 =000000003fe64f40 R9 =00000000000003f6 R10=0000000000000000 R11=0000000000000000
R12=000000000000c042 R13=0000000000000011 R14=000000000000c040 R15=0000000000000000
RIP=000000003e6d3862 RFL=00000202 [-------] CPL=0 II=0 A20=1 SMM=0 HLT=0
ES =0030 0000000000000000 ffffffff 00cf9300 DPL=0 DS   [-WA]
CS =0038 0000000000000000 ffffffff 00af9a00 DPL=0 CS64 [-R-]
SS =0030 0000000000000000 ffffffff 00cf9300 DPL=0 DS   [-WA]
DS =0030 0000000000000000 ffffffff 00cf9300 DPL=0 DS   [-WA]
FS =0030 0000000000000000 ffffffff 00cf9300 DPL=0 DS   [-WA]
GS =0030 0000000000000000 ffffffff 00cf9300 DPL=0 DS   [-WA]
LDT=0000 0000000000000000 0000ffff 00008200 DPL=0 LDT
TR =0000 0000000000000000 0000ffff 00008b00 DPL=0 TSS64-busy
GDT=     000000003f5dc000 00000047
IDT=     000000003efa3018 00000fff
CR0=80010033 CR2=0000000000000000 CR3=000000003f801000 CR4=00000668
DR0=0000000000000000 DR1=0000000000000000 DR2=0000000000000000 DR3=0000000000000000 
DR6=00000000ffff0ff0 DR7=0000000000000400
CCS=0000000000000000 CCD=0000000000006013 CCO=EFLAGS
EFER=0000000000000d00
Servicing hardware INT=0x20
   146: v=20 e=0000 i=0 cpl=0 IP=0038:000000003fe6662e pc=000000003fe6662e SP=0030:000000003fe658a0 env->regs[R_EAX]=000000003e664b98
RAX=000000003e664b98 RBX=000000003e664ba0 RCX=0000000000000010 RDX=000000003fe8a140
RSI=000000003fe65ac8 RDI=000000003e715398 RBP=000000003fe658c0 RSP=000000003fe658a0
R8 =000000003fe659d8 R9 =000000003f4ecf98 R10=000000003fe8afc0 R11=000000003e73d980
R12=000000003e715398 R13=000000003fe8a250 R14=000000003fe844d1 R15=000000003fe8a140
RIP=000000003fe6662e RFL=00000246 [---Z-P-] CPL=0 II=0 A20=1 SMM=0 HLT=0
ES =0030 0000000000000000 ffffffff 00cf9300 DPL=0 DS   [-WA]
CS =0038 0000000000000000 ffffffff 00af9a00 DPL=0 CS64 [-R-]
SS =0030 0000000000000000 ffffffff 00cf9300 DPL=0 DS   [-WA]
DS =0030 0000000000000000 ffffffff 00cf9300 DPL=0 DS   [-WA]
FS =0030 0000000000000000 ffffffff 00cf9300 DPL=0 DS   [-WA]
GS =0030 0000000000000000 ffffffff 00cf9300 DPL=0 DS   [-WA]
LDT=0000 0000000000000000 0000ffff 00008200 DPL=0 LDT
TR =0000 0000000000000000 0000ffff 00008b00 DPL=0 TSS64-busy
GDT=     000000003f5dc000 00000047
IDT=     000000003efa3018 00000fff
CR0=80010033 CR2=0000000000000000 CR3=000000003f801000 CR4=00000668
DR0=0000000000000000 DR1=0000000000000000 DR2=0000000000000000 DR3=0000000000000000 
DR6=00000000ffff0ff0 DR7=0000000000000400
CCS=0000000000000044 CCD=0000000000000000 CCO=EFLAGS
EFER=0000000000000d00
Servicing hardware INT=0x20
   147: v=20 e=0000 i=0 cpl=0 IP=0038:000000003fe6662e pc=000000003fe6662e SP=0030:000000003fe658a0 env->regs[R_EAX]=000000003e665818
RAX=000000003e665818 RBX=000000003e665820 RCX=0000000000000010 RDX=000000003fe8a140
RSI=000000003fe65ac8 RDI=000000003e672898 RBP=000000003fe658c0 RSP=000000003fe658a0
R8 =000000003fe659d8 R9 =000000003f4ecf98 R10=000000003fe8afc0 R11=000000003e73d980
R12=000000003e672898 R13=000000003fe8a250 R14=000000003fe844d1 R15=000000003fe8a140
RIP=000000003fe6662e RFL=00000246 [---Z-P-] CPL=0 II=0 A20=1 SMM=0 HLT=0
ES =0030 0000000000000000 ffffffff 00cf9300 DPL=0 DS   [-WA]
CS =0038 0000000000000000 ffffffff 00af9a00 DPL=0 CS64 [-R-]
SS =0030 0000000000000000 ffffffff 00cf9300 DPL=0 DS   [-WA]
DS =0030 0000000000000000 ffffffff 00cf9300 DPL=0 DS   [-WA]
FS =0030 0000000000000000 ffffffff 00cf9300 DPL=0 DS   [-WA]
GS =0030 0000000000000000 ffffffff 00cf9300 DPL=0 DS   [-WA]
LDT=0000 0000000000000000 0000ffff 00008200 DPL=0 LDT
TR =0000 0000000000000000 0000ffff 00008b00 DPL=0 TSS64-busy
GDT=     000000003f5dc000 00000047
IDT=     000000003efa3018 00000fff
CR0=80010033 CR2=0000000000000000 CR3=000000003f801000 CR4=00000668
DR0=0000000000000000 DR1=0000000000000000 DR2=0000000000000000 DR3=0000000000000000 
DR6=00000000ffff0ff0 DR7=0000000000000400
CCS=0000000000000044 CCD=0000000000000000 CCO=EFLAGS
EFER=0000000000000d00
Servicing hardware INT=0x20
   148: v=20 e=0000 i=0 cpl=0 IP=0038:000000003fe66c35 pc=000000003fe66c35 SP=0030:000000003fe658c0 env->regs[R_EAX]=00000000090cc000
RAX=00000000090cc000 RBX=000000003eb53720 RCX=000000003fe8a148 RDX=719f1e26090cc000
RSI=0000000000000000 RDI=000000003fe8a140 RBP=000000003fe65900 RSP=000000003fe658c0
R8 =000000003df58998 R9 =000000003df58998 R10=000000003fe8afc0 R11=000000003e73d980
R12=000000003eb53718 R13=0000000000000000 R14=000000003fe8a0e0 R15=000000003fe844d1
RIP=000000003fe66c35 RFL=00000246 [---Z-P-] CPL=0 II=0 A20=1 SMM=0 HLT=0
ES =0030 0000000000000000 ffffffff 00cf9300 DPL=0 DS   [-WA]
CS =0038 0000000000000000 ffffffff 00af9a00 DPL=0 CS64 [-R-]
SS =0030 0000000000000000 ffffffff 00cf9300 DPL=0 DS   [-WA]
DS =0030 0000000000000000 ffffffff 00cf9300 DPL=0 DS   [-WA]
FS =0030 0000000000000000 ffffffff 00cf9300 DPL=0 DS   [-WA]
GS =0030 0000000000000000 ffffffff 00cf9300 DPL=0 DS   [-WA]
LDT=0000 0000000000000000 0000ffff 00008200 DPL=0 LDT
TR =0000 0000000000000000 0000ffff 00008b00 DPL=0 TSS64-busy
GDT=     000000003f5dc000 00000047
IDT=     000000003efa3018 00000fff
CR0=80010033 CR2=0000000000000000 CR3=000000003f801000 CR4=00000668
DR0=0000000000000000 DR1=0000000000000000 DR2=0000000000000000 DR3=0000000000000000 
DR6=00000000ffff0ff0 DR7=0000000000000400
CCS=0000000000000044 CCD=0000000000000000 CCO=EFLAGS
EFER=0000000000000d00
Servicing hardware INT=0x20
   149: v=20 e=0000 i=0 cpl=0 IP=0038:000000003fe66653 pc=000000003fe66653 SP=0030:000000003fe65928 env->regs[R_EAX]=0000000000000000
RAX=0000000000000000 RBX=0000000000000000 RCX=0000000000000010 RDX=000000003e638220
RSI=000000003e638220 RDI=000000003e672898 RBP=000000003fe659a0 RSP=000000003fe65928
R8 =000000003fe659e8 R9 =000000003e672898 R10=0000000000000028 R11=000000003e73d980
R12=0000000000000010 R13=0000000000000000 R14=000000003e672898 R15=000000003e638220
RIP=000000003fe66653 RFL=00000246 [---Z-P-] CPL=0 II=0 A20=1 SMM=0 HLT=0
ES =0030 0000000000000000 ffffffff 00cf9300 DPL=0 DS   [-WA]
CS =0038 0000000000000000 ffffffff 00af9a00 DPL=0 CS64 [-R-]
SS =0030 0000000000000000 ffffffff 00cf9300 DPL=0 DS   [-WA]
DS =0030 0000000000000000 ffffffff 00cf9300 DPL=0 DS   [-WA]
FS =0030 0000000000000000 ffffffff 00cf9300 DPL=0 DS   [-WA]
GS =0030 0000000000000000 ffffffff 00cf9300 DPL=0 DS   [-WA]
LDT=0000 0000000000000000 0000ffff 00008200 DPL=0 LDT
TR =0000 0000000000000000 0000ffff 00008b00 DPL=0 TSS64-busy
GDT=     000000003f5dc000 00000047
IDT=     000000003efa3018 00000fff
CR0=80010033 CR2=0000000000000000 CR3=000000003f801000 CR4=00000668
DR0=0000000000000000 DR1=0000000000000000 DR2=0000000000000000 DR3=0000000000000000 
DR6=00000000ffff0ff0 DR7=0000000000000400
CCS=0000000000000044 CCD=0000000000000000 CCO=EFLAGS
EFER=0000000000000d00
Servicing hardware INT=0x20
   150: v=20 e=0000 i=0 cpl=0 IP=0038:000000003fe69e6c pc=000000003fe69e6c SP=0030:000000003fe65620 env->regs[R_EAX]=000000003e7a8b18
RAX=000000003e7a8b18 RBX=0000000000000000 RCX=000000003eb6ca80 RDX=000000003e650d98
RSI=000000003e7a8a58 RDI=000000003e7a8b30 RBP=000000003fe65710 RSP=000000003fe65620
R8 =0000000000000004 R9 =000000003e6512a0 R10=000000003fe8afc0 R11=000000003e73d980
R12=000000003df58998 R13=800000000000000e R14=0000000000000000 R15=000000003e7a8a20
RIP=000000003fe69e6c RFL=00000297 [--S-APC] CPL=0 II=0 A20=1 SMM=0 HLT=0
ES =0030 0000000000000000 ffffffff 00cf9300 DPL=0 DS   [-WA]
CS =0038 0000000000000000 ffffffff 00af9a00 DPL=0 CS64 [-R-]
SS =0030 0000000000000000 ffffffff 00cf9300 DPL=0 DS   [-WA]
DS =0030 0000000000000000 ffffffff 00cf9300 DPL=0 DS   [-WA]
FS =0030 0000000000000000 ffffffff 00cf9300 DPL=0 DS   [-WA]
GS =0030 0000000000000000 ffffffff 00cf9300 DPL=0 DS   [-WA]
LDT=0000 0000000000000000 0000ffff 00008200 DPL=0 LDT
TR =0000 0000000000000000 0000ffff 00008b00 DPL=0 TSS64-busy
GDT=     000000003f5dc000 00000047
IDT=     000000003efa3018 00000fff
CR0=80010033 CR2=0000000000000000 CR3=000000003f801000 CR4=00000668
DR0=0000000000000000 DR1=0000000000000000 DR2=0000000000000000 DR3=0000000000000000 
DR6=00000000ffff0ff0 DR7=0000000000000400
CCS=0000000000000095 CCD=ffffffffffea8848 CCO=EFLAGS
EFER=0000000000000d00
Servicing hardware INT=0x20
   151: v=20 e=0000 i=0 cpl=0 IP=0038:000000003efa0609 pc=000000003efa0609 SP=0030:000000003fe65270 env->regs[R_EAX]=0000000000000000
RAX=0000000000000000 RBX=0000000000000170 RCX=0000000000000001 RDX=0000000000000170
RSI=0000000000000001 RDI=0000000000000000 RBP=000000003fe652e0 RSP=000000003fe65270
R8 =000000003fe653f2 R9 =0000000000000170 R10=0000000000000000 R11=0000000000000001
R12=0000000000000001 R13=000000003fe653f2 R14=0000000000000002 R15=0000000000000002
RIP=000000003efa0609 RFL=00000246 [---Z-P-] CPL=0 II=0 A20=1 SMM=0 HLT=0
ES =0030 0000000000000000 ffffffff 00cf9300 DPL=0 DS   [-WA]
CS =0038 0000000000000000 ffffffff 00af9a00 DPL=0 CS64 [-R-]
SS =0030 0000000000000000 ffffffff 00cf9300 DPL=0 DS   [-WA]
DS =0030 0000000000000000 ffffffff 00cf9300 DPL=0 DS   [-WA]
FS =0030 0000000000000000 ffffffff 00cf9300 DPL=0 DS   [-WA]
GS =0030 0000000000000000 ffffffff 00cf9300 DPL=0 DS   [-WA]
LDT=0000 0000000000000000 0000ffff 00008200 DPL=0 LDT
TR =0000 0000000000000000 0000ffff 00008b00 DPL=0 TSS64-busy
GDT=     000000003f5dc000 00000047
IDT=     000000003efa3018 00000fff
CR0=80010033 CR2=0000000000000000 CR3=000000003f801000 CR4=00000668
DR0=0000000000000000 DR1=0000000000000000 DR2=0000000000000000 DR3=0000000000000000 
DR6=00000000ffff0ff0 DR7=0000000000000400
CCS=0000000000000044 CCD=0000000000000000 CCO=EFLAGS
EFER=0000000000000d00
Servicing hardware INT=0x20
   152: v=20 e=0000 i=0 cpl=0 IP=0038:000000003e6d3862 pc=000000003e6d3862 SP=0030:000000003fe65240 env->regs[R_EAX]=000000000000448f
RAX=000000000000448f RBX=0000000000002710 RCX=000000000000b008 RDX=000000000090cfb4
RSI=0000000000911443 RDI=000000003e5b40d4 RBP=000000003fe65270 RSP=000000003fe65240
R8 =000000003fe65290 R9 =00000000000003f6 R10=0000000000000000 R11=0000000000000000
R12=000000000000c042 R13=0000000000000011 R14=000000000000c040 R15=0000000000000000
RIP=000000003e6d3862 RFL=00000202 [-------] CPL=0 II=0 A20=1 SMM=0 HLT=0
ES =0030 0000000000000000 ffffffff 00cf9300 DPL=0 DS   [-WA]
CS =0038 0000000000000000 ffffffff 00af9a00 DPL=0 CS64 [-R-]
SS =0030 0000000000000000 ffffffff 00cf9300 DPL=0 DS   [-WA]
DS =0030 0000000000000000 ffffffff 00cf9300 DPL=0 DS   [-WA]
FS =0030 0000000000000000 ffffffff 00cf9300 DPL=0 DS   [-WA]
GS =0030 0000000000000000 ffffffff 00cf9300 DPL=0 DS   [-WA]
LDT=0000 0000000000000000 0000ffff 00008200 DPL=0 LDT
TR =0000 0000000000000000 0000ffff 00008b00 DPL=0 TSS64-busy
GDT=     000000003f5dc000 00000047
IDT=     000000003efa3018 00000fff
CR0=80010033 CR2=0000000000000000 CR3=000000003f801000 CR4=00000668
DR0=0000000000000000 DR1=0000000000000000 DR2=0000000000000000 DR3=0000000000000000 
DR6=00000000ffff0ff0 DR7=0000000000000400
CCS=0000000000000000 CCD=000000000000448f CCO=EFLAGS
EFER=0000000000000d00
Servicing hardware INT=0x20
   153: v=20 e=0000 i=0 cpl=0 IP=0038:000000003e6d3862 pc=000000003e6d3862 SP=0030:000000003fe65090 env->regs[R_EAX]=0000000000005235
RAX=0000000000005235 RBX=0000000000002710 RCX=000000000000b008 RDX=0000000000915cae
RSI=000000000091aee3 RDI=000000003e5b40d4 RBP=000000003fe650c0 RSP=000000003fe65090
R8 =000000003fe650e0 R9 =00000000000003f6 R10=0000000000000000 R11=0000000000000000
R12=000000000000c042 R13=0000000000000011 R14=000000000000c040 R15=0000000000000000
RIP=000000003e6d3862 RFL=00000206 [-----P-] CPL=0 II=0 A20=1 SMM=0 HLT=0
ES =0030 0000000000000000 ffffffff 00cf9300 DPL=0 DS   [-WA]
CS =0038 0000000000000000 ffffffff 00af9a00 DPL=0 CS64 [-R-]
SS =0030 0000000000000000 ffffffff 00cf9300 DPL=0 DS   [-WA]
DS =0030 0000000000000000 ffffffff 00cf9300 DPL=0 DS   [-WA]
FS =0030 0000000000000000 ffffffff 00cf9300 DPL=0 DS   [-WA]
GS =0030 0000000000000000 ffffffff 00cf9300 DPL=0 DS   [-WA]
LDT=0000 0000000000000000 0000ffff 00008200 DPL=0 LDT
TR =0000 0000000000000000 0000ffff 00008b00 DPL=0 TSS64-busy
GDT=     000000003f5dc000 00000047
IDT=     000000003efa3018 00000fff
CR0=80010033 CR2=0000000000000000 CR3=000000003f801000 CR4=00000668
DR0=0000000000000000 DR1=0000000000000000 DR2=0000000000000000 DR3=0000000000000000 
DR6=00000000ffff0ff0 DR7=0000000000000400
CCS=0000000000000004 CCD=0000000000005235 CCO=EFLAGS
EFER=0000000000000d00
Servicing hardware INT=0x20
   154: v=20 e=0000 i=0 cpl=0 IP=0038:000000003e6d3862 pc=000000003e6d3862 SP=0030:000000003fe65090 env->regs[R_EAX]=0000000000005ea2
RAX=0000000000005ea2 RBX=0000000000002710 RCX=000000000000b008 RDX=000000000091e9a7
RSI=0000000000924849 RDI=000000003e5b40d4 RBP=000000003fe650c0 RSP=000000003fe65090
R8 =000000003fe650e0 R9 =00000000000003f6 R10=0000000000000000 R11=0000000000000000
R12=000000000000c042 R13=0000000000000011 R14=000000000000c040 R15=0000000000000000
RIP=000000003e6d3862 RFL=00000202 [-------] CPL=0 II=0 A20=1 SMM=0 HLT=0
ES =0030 0000000000000000 ffffffff 00cf9300 DPL=0 DS   [-WA]
CS =0038 0000000000000000 ffffffff 00af9a00 DPL=0 CS64 [-R-]
SS =0030 0000000000000000 ffffffff 00cf9300 DPL=0 DS   [-WA]
DS =0030 0000000000000000 ffffffff 00cf9300 DPL=0 DS   [-WA]
FS =0030 0000000000000000 ffffffff 00cf9300 DPL=0 DS   [-WA]
GS =0030 0000000000000000 ffffffff 00cf9300 DPL=0 DS   [-WA]
LDT=0000 0000000000000000 0000ffff 00008200 DPL=0 LDT
TR =0000 0000000000000000 0000ffff 00008b00 DPL=0 TSS64-busy
GDT=     000000003f5dc000 00000047
IDT=     000000003efa3018 00000fff
CR0=80010033 CR2=0000000000000000 CR3=000000003f801000 CR4=00000668
DR0=0000000000000000 DR1=0000000000000000 DR2=0000000000000000 DR3=0000000000000000 
DR6=00000000ffff0ff0 DR7=0000000000000400
CCS=0000000000000000 CCD=0000000000005ea2 CCO=EFLAGS
EFER=0000000000000d00
Servicing hardware INT=0x20
   155: v=20 e=0000 i=0 cpl=0 IP=0038:000000003e6d3862 pc=000000003e6d3862 SP=0030:000000003fe65230 env->regs[R_EAX]=0000000000006b8f
RAX=0000000000006b8f RBX=0000000000002710 RCX=000000000000b008 RDX=000000000092756a
RSI=000000000092e0f9 RDI=000000003e5b40d4 RBP=000000003fe65260 RSP=000000003fe65230
R8 =000000003fe65280 R9 =00000000000003f6 R10=0000000000000000 R11=0000000000000000
R12=000000000000c042 R13=0000000000000011 R14=000000000000c040 R15=0000000000000000
RIP=000000003e6d3862 RFL=00000202 [-------] CPL=0 II=0 A20=1 SMM=0 HLT=0
ES =0030 0000000000000000 ffffffff 00cf9300 DPL=0 DS   [-WA]
CS =0038 0000000000000000 ffffffff 00af9a00 DPL=0 CS64 [-R-]
SS =0030 0000000000000000 ffffffff 00cf9300 DPL=0 DS   [-WA]
DS =0030 0000000000000000 ffffffff 00cf9300 DPL=0 DS   [-WA]
FS =0030 0000000000000000 ffffffff 00cf9300 DPL=0 DS   [-WA]
GS =0030 0000000000000000 ffffffff 00cf9300 DPL=0 DS   [-WA]
LDT=0000 0000000000000000 0000ffff 00008200 DPL=0 LDT
TR =0000 0000000000000000 0000ffff 00008b00 DPL=0 TSS64-busy
GDT=     000000003f5dc000 00000047
IDT=     000000003efa3018 00000fff
CR0=80010033 CR2=0000000000000000 CR3=000000003f801000 CR4=00000668
DR0=0000000000000000 DR1=0000000000000000 DR2=0000000000000000 DR3=0000000000000000 
DR6=00000000ffff0ff0 DR7=0000000000000400
CCS=0000000000000000 CCD=0000000000006b8f CCO=EFLAGS
EFER=0000000000000d00
Servicing hardware INT=0x20
   156: v=20 e=0000 i=0 cpl=0 IP=0038:000000003fe66c47 pc=000000003fe66c47 SP=0030:000000003fe655b0 env->regs[R_EAX]=0000000090003800
RAX=0000000090003800 RBX=000000003f4e3b20 RCX=000000003e427238 RDX=4dc13f2790003800
RSI=0000000000000000 RDI=000000003e427230 RBP=000000003fe65610 RSP=000000003fe655b0
R8 =0000000000000000 R9 =000000003fe65770 R10=0000000000000028 R11=000000003e73d980
R12=000000003f4e3b18 R13=0000000000000000 R14=000000003fe8a0e0 R15=000000003fe844d1
RIP=000000003fe66c47 RFL=00000286 [--S--P-] CPL=0 II=0 A20=1 SMM=0 HLT=0
ES =0030 0000000000000000 ffffffff 00cf9300 DPL=0 DS   [-WA]
CS =0038 0000000000000000 ffffffff 00af9a00 DPL=0 CS64 [-R-]
SS =0030 0000000000000000 ffffffff 00cf9300 DPL=0 DS   [-WA]
DS =0030 0000000000000000 ffffffff 00cf9300 DPL=0 DS   [-WA]
FS =0030 0000000000000000 ffffffff 00cf9300 DPL=0 DS   [-WA]
GS =0030 0000000000000000 ffffffff 00cf9300 DPL=0 DS   [-WA]
LDT=0000 0000000000000000 0000ffff 00008200 DPL=0 LDT
TR =0000 0000000000000000 0000ffff 00008b00 DPL=0 TSS64-busy
GDT=     000000003f5dc000 00000047
IDT=     000000003efa3018 00000fff
CR0=80010033 CR2=0000000000000000 CR3=000000003f801000 CR4=00000668
DR0=0000000000000000 DR1=0000000000000000 DR2=0000000000000000 DR3=0000000000000000 
DR6=00000000ffff0ff0 DR7=0000000000000400
CCS=0000000000000084 CCD=4dc13f2790003800 CCO=EFLAGS
EFER=0000000000000d00
Servicing hardware INT=0x20
   157: v=20 e=0000 i=0 cpl=0 IP=0038:000000003fe773de pc=000000003fe773de SP=0030:000000003fe65580 env->regs[R_EAX]=11d2ba0bce345171
RAX=11d2ba0bce345171 RBX=000000003e6ace40 RCX=000000003e6ace40 RDX=000000003e6ace40
RSI=000000003e7a8bb0 RDI=11d269c7387477c1 RBP=000000003fe655c0 RSP=000000003fe65580
R8 =000000003fe656e8 R9 =000000003e727518 R10=0000000000000028 R11=000000003e73d980
R12=000000003e7a8918 R13=000000003e7a8b30 R14=000000003e6ace40 R15=000000003fe844d1
RIP=000000003fe773de RFL=00000202 [-------] CPL=0 II=0 A20=1 SMM=0 HLT=0
ES =0030 0000000000000000 ffffffff 00cf9300 DPL=0 DS   [-WA]
CS =0038 0000000000000000 ffffffff 00af9a00 DPL=0 CS64 [-R-]
SS =0030 0000000000000000 ffffffff 00cf9300 DPL=0 DS   [-WA]
DS =0030 0000000000000000 ffffffff 00cf9300 DPL=0 DS   [-WA]
FS =0030 0000000000000000 ffffffff 00cf9300 DPL=0 DS   [-WA]
GS =0030 0000000000000000 ffffffff 00cf9300 DPL=0 DS   [-WA]
LDT=0000 0000000000000000 0000ffff 00008200 DPL=0 LDT
TR =0000 0000000000000000 0000ffff 00008b00 DPL=0 TSS64-busy
GDT=     000000003f5dc000 00000047
IDT=     000000003efa3018 00000fff
CR0=80010033 CR2=0000000000000000 CR3=000000003f801000 CR4=00000668
DR0=0000000000000000 DR1=0000000000000000 DR2=0000000000000000 DR3=0000000000000000 
DR6=00000000ffff0ff0 DR7=0000000000000400
CCS=0000000000000000 CCD=000000003fe65568 CCO=EFLAGS
EFER=0000000000000d00
Servicing hardware INT=0x20
   158: v=20 e=0000 i=0 cpl=0 IP=0038:000000003fe6662e pc=000000003fe6662e SP=0030:000000003fe657f0 env->regs[R_EAX]=000000003e7a7d98
RAX=000000003e7a7d98 RBX=000000003e7a7da0 RCX=0000000000000010 RDX=000000003df58c08
RSI=0000000000000028 RDI=000000003e7a7d98 RBP=000000003fe65810 RSP=000000003fe657f0
R8 =00000000000000af R9 =0000000000000140 R10=000000003fe8afc0 R11=000000003e73d980
R12=000000003e7a7d98 R13=000000003fe8a250 R14=000000003fe844d1 R15=0000000000000000
RIP=000000003fe6662e RFL=00000246 [---Z-P-] CPL=0 II=0 A20=1 SMM=0 HLT=0
ES =0030 0000000000000000 ffffffff 00cf9300 DPL=0 DS   [-WA]
CS =0038 0000000000000000 ffffffff 00af9a00 DPL=0 CS64 [-R-]
SS =0030 0000000000000000 ffffffff 00cf9300 DPL=0 DS   [-WA]
DS =0030 0000000000000000 ffffffff 00cf9300 DPL=0 DS   [-WA]
FS =0030 0000000000000000 ffffffff 00cf9300 DPL=0 DS   [-WA]
GS =0030 0000000000000000 ffffffff 00cf9300 DPL=0 DS   [-WA]
LDT=0000 0000000000000000 0000ffff 00008200 DPL=0 LDT
TR =0000 0000000000000000 0000ffff 00008b00 DPL=0 TSS64-busy
GDT=     000000003f5dc000 00000047
IDT=     000000003efa3018 00000fff
CR0=80010033 CR2=0000000000000000 CR3=000000003f801000 CR4=00000668
DR0=0000000000000000 DR1=0000000000000000 DR2=0000000000000000 DR3=0000000000000000 
DR6=00000000ffff0ff0 DR7=0000000000000400
CCS=0000000000000044 CCD=0000000000000000 CCO=EFLAGS
EFER=0000000000000d00
Servicing hardware INT=0x20
   159: v=20 e=0000 i=0 cpl=0 IP=0038:000000003e6d3854 pc=000000003e6d3854 SP=0030:000000003fe65340 env->regs[R_EAX]=000000000094a5ad
RAX=000000000094a5ad RBX=0000000000002710 RCX=000000000000b008 RDX=000000000000b008
RSI=000000000094bc8e RDI=000000003e5b40d4 RBP=000000003fe65370 RSP=000000003fe65340
R8 =000000003fe65390 R9 =00000000000003f6 R10=0000000000000000 R11=0000000000000000
R12=000000000000c042 R13=0000000000000011 R14=000000000000c040 R15=0000000000000000
RIP=000000003e6d3854 RFL=00000202 [-------] CPL=0 II=0 A20=1 SMM=0 HLT=0
ES =0030 0000000000000000 ffffffff 00cf9300 DPL=0 DS   [-WA]
CS =0038 0000000000000000 ffffffff 00af9a00 DPL=0 CS64 [-R-]
SS =0030 0000000000000000 ffffffff 00cf9300 DPL=0 DS   [-WA]
DS =0030 0000000000000000 ffffffff 00cf9300 DPL=0 DS   [-WA]
FS =0030 0000000000000000 ffffffff 00cf9300 DPL=0 DS   [-WA]
GS =0030 0000000000000000 ffffffff 00cf9300 DPL=0 DS   [-WA]
LDT=0000 0000000000000000 0000ffff 00008200 DPL=0 LDT
TR =0000 0000000000000000 0000ffff 00008b00 DPL=0 TSS64-busy
GDT=     000000003f5dc000 00000047
IDT=     000000003efa3018 00000fff
CR0=80010033 CR2=0000000000000000 CR3=000000003f801000 CR4=00000668
DR0=0000000000000000 DR1=0000000000000000 DR2=0000000000000000 DR3=0000000000000000 
DR6=00000000ffff0ff0 DR7=0000000000000400
CCS=0000000000000000 CCD=000000003fe65310 CCO=EFLAGS
EFER=0000000000000d00
Servicing hardware INT=0x20
   160: v=20 e=0000 i=0 cpl=0 IP=0038:000000003e6d3862 pc=000000003e6d3862 SP=0030:000000003fe65190 env->regs[R_EAX]=0000000000003394
RAX=0000000000003394 RBX=0000000000002710 RCX=000000000000b008 RDX=00000000009523da
RSI=000000000095576e RDI=000000003e5b40d4 RBP=000000003fe651c0 RSP=000000003fe65190
R8 =000000003fe651e0 R9 =00000000000003f6 R10=0000000000000000 R11=0000000000000000
R12=000000000000c042 R13=0000000000000011 R14=000000000000c040 R15=0000000000000000
RIP=000000003e6d3862 RFL=00000202 [-------] CPL=0 II=0 A20=1 SMM=0 HLT=0
ES =0030 0000000000000000 ffffffff 00cf9300 DPL=0 DS   [-WA]
CS =0038 0000000000000000 ffffffff 00af9a00 DPL=0 CS64 [-R-]
SS =0030 0000000000000000 ffffffff 00cf9300 DPL=0 DS   [-WA]
DS =0030 0000000000000000 ffffffff 00cf9300 DPL=0 DS   [-WA]
FS =0030 0000000000000000 ffffffff 00cf9300 DPL=0 DS   [-WA]
GS =0030 0000000000000000 ffffffff 00cf9300 DPL=0 DS   [-WA]
LDT=0000 0000000000000000 0000ffff 00008200 DPL=0 LDT
TR =0000 0000000000000000 0000ffff 00008b00 DPL=0 TSS64-busy
GDT=     000000003f5dc000 00000047
IDT=     000000003efa3018 00000fff
CR0=80010033 CR2=0000000000000000 CR3=000000003f801000 CR4=00000668
DR0=0000000000000000 DR1=0000000000000000 DR2=0000000000000000 DR3=0000000000000000 
DR6=00000000ffff0ff0 DR7=0000000000000400
CCS=0000000000000000 CCD=0000000000003394 CCO=EFLAGS
EFER=0000000000000d00
Servicing hardware INT=0x20
   161: v=20 e=0000 i=0 cpl=0 IP=0038:000000003e6d3862 pc=000000003e6d3862 SP=0030:000000003fe65190 env->regs[R_EAX]=0000000000003263
RAX=0000000000003263 RBX=0000000000002710 RCX=000000000000b008 RDX=000000000095be01
RSI=000000000095f064 RDI=000000003e5b40d4 RBP=000000003fe651c0 RSP=000000003fe65190
R8 =000000003fe651e0 R9 =00000000000003f6 R10=0000000000000000 R11=0000000000000000
R12=000000000000c042 R13=0000000000000011 R14=000000000000c040 R15=0000000000000000
RIP=000000003e6d3862 RFL=00000206 [-----P-] CPL=0 II=0 A20=1 SMM=0 HLT=0
ES =0030 0000000000000000 ffffffff 00cf9300 DPL=0 DS   [-WA]
CS =0038 0000000000000000 ffffffff 00af9a00 DPL=0 CS64 [-R-]
SS =0030 0000000000000000 ffffffff 00cf9300 DPL=0 DS   [-WA]
DS =0030 0000000000000000 ffffffff 00cf9300 DPL=0 DS   [-WA]
FS =0030 0000000000000000 ffffffff 00cf9300 DPL=0 DS   [-WA]
GS =0030 0000000000000000 ffffffff 00cf9300 DPL=0 DS   [-WA]
LDT=0000 0000000000000000 0000ffff 00008200 DPL=0 LDT
TR =0000 0000000000000000 0000ffff 00008b00 DPL=0 TSS64-busy
GDT=     000000003f5dc000 00000047
IDT=     000000003efa3018 00000fff
CR0=80010033 CR2=0000000000000000 CR3=000000003f801000 CR4=00000668
DR0=0000000000000000 DR1=0000000000000000 DR2=0000000000000000 DR3=0000000000000000 
DR6=00000000ffff0ff0 DR7=0000000000000400
CCS=0000000000000004 CCD=0000000000003263 CCO=EFLAGS
EFER=0000000000000d00
Servicing hardware INT=0x20
   162: v=20 e=0000 i=0 cpl=0 IP=0038:000000003e6d3862 pc=000000003e6d3862 SP=0030:000000003fe65330 env->regs[R_EAX]=0000000000003df4
RAX=0000000000003df4 RBX=0000000000002710 RCX=000000000000b008 RDX=0000000000964a4a
RSI=000000000096883e RDI=000000003e5b40d4 RBP=000000003fe65360 RSP=000000003fe65330
R8 =000000003fe65380 R9 =00000000000003f6 R10=0000000000000000 R11=0000000000000000
R12=000000000000c042 R13=0000000000000011 R14=000000000000c040 R15=0000000000000000
RIP=000000003e6d3862 RFL=00000202 [-------] CPL=0 II=0 A20=1 SMM=0 HLT=0
ES =0030 0000000000000000 ffffffff 00cf9300 DPL=0 DS   [-WA]
CS =0038 0000000000000000 ffffffff 00af9a00 DPL=0 CS64 [-R-]
SS =0030 0000000000000000 ffffffff 00cf9300 DPL=0 DS   [-WA]
DS =0030 0000000000000000 ffffffff 00cf9300 DPL=0 DS   [-WA]
FS =0030 0000000000000000 ffffffff 00cf9300 DPL=0 DS   [-WA]
GS =0030 0000000000000000 ffffffff 00cf9300 DPL=0 DS   [-WA]
LDT=0000 0000000000000000 0000ffff 00008200 DPL=0 LDT
TR =0000 0000000000000000 0000ffff 00008b00 DPL=0 TSS64-busy
GDT=     000000003f5dc000 00000047
IDT=     000000003efa3018 00000fff
CR0=80010033 CR2=0000000000000000 CR3=000000003f801000 CR4=00000668
DR0=0000000000000000 DR1=0000000000000000 DR2=0000000000000000 DR3=0000000000000000 
DR6=00000000ffff0ff0 DR7=0000000000000400
CCS=0000000000000000 CCD=0000000000003df4 CCO=EFLAGS
EFER=0000000000000d00
Servicing hardware INT=0x20
   163: v=20 e=0000 i=0 cpl=0 IP=0038:000000003ea3068a pc=000000003ea3068a SP=0030:000000003fe65000 env->regs[R_EAX]=0000000000000001
RAX=0000000000000001 RBX=0000000080000900 RCX=0000000000000001 RDX=0000000000000cf8
RSI=0000000000000001 RDI=0000000000000001 RBP=000000003fe65060 RSP=000000003fe65000
R8 =0000000000000000 R9 =0000000000000cf8 R10=0000000000000000 R11=0000000000000000
R12=0000000000000000 R13=0000000000000001 R14=0000000000009034 R15=0000000000000001
RIP=000000003ea3068a RFL=00000202 [-------] CPL=0 II=0 A20=1 SMM=0 HLT=0
ES =0030 0000000000000000 ffffffff 00cf9300 DPL=0 DS   [-WA]
CS =0038 0000000000000000 ffffffff 00af9a00 DPL=0 CS64 [-R-]
SS =0030 0000000000000000 ffffffff 00cf9300 DPL=0 DS   [-WA]
DS =0030 0000000000000000 ffffffff 00cf9300 DPL=0 DS   [-WA]
FS =0030 0000000000000000 ffffffff 00cf9300 DPL=0 DS   [-WA]
GS =0030 0000000000000000 ffffffff 00cf9300 DPL=0 DS   [-WA]
LDT=0000 0000000000000000 0000ffff 00008200 DPL=0 LDT
TR =0000 0000000000000000 0000ffff 00008b00 DPL=0 TSS64-busy
GDT=     000000003f5dc000 00000047
IDT=     000000003efa3018 00000fff
CR0=80010033 CR2=0000000000000000 CR3=000000003f801000 CR4=00000668
DR0=0000000000000000 DR1=0000000000000000 DR2=0000000000000000 DR3=0000000000000000 
DR6=00000000ffff0ff0 DR7=0000000000000400
CCS=0000000000000038 CCD=0000000000000001 CCO=LOGICB
EFER=0000000000000d00
Servicing hardware INT=0x20
   164: v=20 e=0000 i=0 cpl=0 IP=0038:000000003fe71b4a pc=000000003fe71b4a SP=0030:000000003fe65840 env->regs[R_EAX]=0000000000000007
RAX=0000000000000007 RBX=000000003fe8c0a0 RCX=0000000000001100 RDX=000000003fe89660
RSI=000000003fe6591c RDI=0000000000001000 RBP=000000003fe65880 RSP=000000003fe65840
R8 =00000000000000af R9 =00000000000000d0 R10=000000003f58b514 R11=000000003e73d980
R12=00000000000000f8 R13=000000003df58880 R14=0000000000000001 R15=000000003df58898
RIP=000000003fe71b4a RFL=00000287 [--S--PC] CPL=0 II=0 A20=1 SMM=0 HLT=0
ES =0030 0000000000000000 ffffffff 00cf9300 DPL=0 DS   [-WA]
CS =0038 0000000000000000 ffffffff 00af9a00 DPL=0 CS64 [-R-]
SS =0030 0000000000000000 ffffffff 00cf9300 DPL=0 DS   [-WA]
DS =0030 0000000000000000 ffffffff 00cf9300 DPL=0 DS   [-WA]
FS =0030 0000000000000000 ffffffff 00cf9300 DPL=0 DS   [-WA]
GS =0030 0000000000000000 ffffffff 00cf9300 DPL=0 DS   [-WA]
LDT=0000 0000000000000000 0000ffff 00008200 DPL=0 LDT
TR =0000 0000000000000000 0000ffff 00008b00 DPL=0 TSS64-busy
GDT=     000000003f5dc000 00000047
IDT=     000000003efa3018 00000fff
CR0=80010033 CR2=0000000000000000 CR3=000000003f801000 CR4=00000668
DR0=0000000000000000 DR1=0000000000000000 DR2=0000000000000000 DR3=0000000000000000 
DR6=00000000ffff0ff0 DR7=0000000000000400
CCS=0000000000000085 CCD=ffffffffff000000 CCO=EFLAGS
EFER=0000000000000d00
Servicing hardware INT=0x20
   165: v=20 e=0000 i=0 cpl=0 IP=0038:000000003e6d3862 pc=000000003e6d3862 SP=0030:000000003fe64f80 env->regs[R_EAX]=0000000000000049
RAX=0000000000000049 RBX=0000000000000064 RCX=000000000000b008 RDX=000000000097da6c
RSI=000000000097dab5 RDI=000000003e5b40d4 RBP=000000003fe64fb0 RSP=000000003fe64f80
R8 =000000003fe64f9f R9 =000000000000c042 R10=0000000000000000 R11=0000000000000000
R12=000000000004bac6 R13=0000000000000011 R14=000000000000c040 R15=0000000000000000
RIP=000000003e6d3862 RFL=00000202 [-------] CPL=0 II=0 A20=1 SMM=0 HLT=0
ES =0030 0000000000000000 ffffffff 00cf9300 DPL=0 DS   [-WA]
CS =0038 0000000000000000 ffffffff 00af9a00 DPL=0 CS64 [-R-]
SS =0030 0000000000000000 ffffffff 00cf9300 DPL=0 DS   [-WA]
DS =0030 0000000000000000 ffffffff 00cf9300 DPL=0 DS   [-WA]
FS =0030 0000000000000000 ffffffff 00cf9300 DPL=0 DS   [-WA]
GS =0030 0000000000000000 ffffffff 00cf9300 DPL=0 DS   [-WA]
LDT=0000 0000000000000000 0000ffff 00008200 DPL=0 LDT
TR =0000 0000000000000000 0000ffff 00008b00 DPL=0 TSS64-busy
GDT=     000000003f5dc000 00000047
IDT=     000000003efa3018 00000fff
CR0=80010033 CR2=0000000000000000 CR3=000000003f801000 CR4=00000668
DR0=0000000000000000 DR1=0000000000000000 DR2=0000000000000000 DR3=0000000000000000 
DR6=00000000ffff0ff0 DR7=0000000000000400
CCS=0000000000000000 CCD=0000000000000049 CCO=EFLAGS
EFER=0000000000000d00
Servicing hardware INT=0x20
   166: v=20 e=0000 i=0 cpl=0 IP=0038:000000003e6d3862 pc=000000003e6d3862 SP=0030:000000003fe64f80 env->regs[R_EAX]=00000000000017a5
RAX=00000000000017a5 RBX=0000000000002710 RCX=000000000000b008 RDX=000000000098660f
RSI=0000000000987db4 RDI=000000003e5b40d4 RBP=000000003fe64fb0 RSP=000000003fe64f80
R8 =000000003fe64fd0 R9 =00000000000003f6 R10=0000000000000000 R11=0000000000000000
R12=000000000000c042 R13=0000000000000011 R14=000000000000c040 R15=0000000000000000
RIP=000000003e6d3862 RFL=00000206 [-----P-] CPL=0 II=0 A20=1 SMM=0 HLT=0
ES =0030 0000000000000000 ffffffff 00cf9300 DPL=0 DS   [-WA]
CS =0038 0000000000000000 ffffffff 00af9a00 DPL=0 CS64 [-R-]
SS =0030 0000000000000000 ffffffff 00cf9300 DPL=0 DS   [-WA]
DS =0030 0000000000000000 ffffffff 00cf9300 DPL=0 DS   [-WA]
FS =0030 0000000000000000 ffffffff 00cf9300 DPL=0 DS   [-WA]
GS =0030 0000000000000000 ffffffff 00cf9300 DPL=0 DS   [-WA]
LDT=0000 0000000000000000 0000ffff 00008200 DPL=0 LDT
TR =0000 0000000000000000 0000ffff 00008b00 DPL=0 TSS64-busy
GDT=     000000003f5dc000 00000047
IDT=     000000003efa3018 00000fff
CR0=80010033 CR2=0000000000000000 CR3=000000003f801000 CR4=00000668
DR0=0000000000000000 DR1=0000000000000000 DR2=0000000000000000 DR3=0000000000000000 
DR6=00000000ffff0ff0 DR7=0000000000000400
CCS=0000000000000004 CCD=00000000000017a5 CCO=EFLAGS
EFER=0000000000000d00
Servicing hardware INT=0x20
   167: v=20 e=0000 i=0 cpl=0 IP=0038:000000003e6d3862 pc=000000003e6d3862 SP=0030:000000003fe64f80 env->regs[R_EAX]=000000000000694d
RAX=000000000000694d RBX=0000000000002710 RCX=000000000000b008 RDX=0000000000990018
RSI=0000000000996965 RDI=000000003e5b40d4 RBP=000000003fe64fb0 RSP=000000003fe64f80
R8 =000000003fe64fd0 R9 =00000000000003f6 R10=0000000000000000 R11=0000000000000000
R12=000000000000c042 R13=0000000000000011 R14=000000000000c040 R15=0000000000000000
RIP=000000003e6d3862 RFL=00000206 [-----P-] CPL=0 II=0 A20=1 SMM=0 HLT=0
ES =0030 0000000000000000 ffffffff 00cf9300 DPL=0 DS   [-WA]
CS =0038 0000000000000000 ffffffff 00af9a00 DPL=0 CS64 [-R-]
SS =0030 0000000000000000 ffffffff 00cf9300 DPL=0 DS   [-WA]
DS =0030 0000000000000000 ffffffff 00cf9300 DPL=0 DS   [-WA]
FS =0030 0000000000000000 ffffffff 00cf9300 DPL=0 DS   [-WA]
GS =0030 0000000000000000 ffffffff 00cf9300 DPL=0 DS   [-WA]
LDT=0000 0000000000000000 0000ffff 00008200 DPL=0 LDT
TR =0000 0000000000000000 0000ffff 00008b00 DPL=0 TSS64-busy
GDT=     000000003f5dc000 00000047
IDT=     000000003efa3018 00000fff
CR0=80010033 CR2=0000000000000000 CR3=000000003f801000 CR4=00000668
DR0=0000000000000000 DR1=0000000000000000 DR2=0000000000000000 DR3=0000000000000000 
DR6=00000000ffff0ff0 DR7=0000000000000400
CCS=0000000000000004 CCD=000000000000694d CCO=EFLAGS
EFER=0000000000000d00
Servicing hardware INT=0x20
   168: v=20 e=0000 i=0 cpl=0 IP=0038:000000003e6d3862 pc=000000003e6d3862 SP=0030:000000003fe64f80 env->regs[R_EAX]=00000000000000e7
RAX=00000000000000e7 RBX=0000000000000064 RCX=000000000000b008 RDX=0000000000997dc2
RSI=0000000000997ea9 RDI=000000003e5b40d4 RBP=000000003fe64fb0 RSP=000000003fe64f80
R8 =000000003fe64f9f R9 =000000000000c042 R10=0000000000000000 R11=0000000000000000
R12=000000000004baec R13=0000000000000011 R14=000000000000c040 R15=0000000000000000
RIP=000000003e6d3862 RFL=00000206 [-----P-] CPL=0 II=0 A20=1 SMM=0 HLT=0
ES =0030 0000000000000000 ffffffff 00cf9300 DPL=0 DS   [-WA]
CS =0038 0000000000000000 ffffffff 00af9a00 DPL=0 CS64 [-R-]
SS =0030 0000000000000000 ffffffff 00cf9300 DPL=0 DS   [-WA]
DS =0030 0000000000000000 ffffffff 00cf9300 DPL=0 DS   [-WA]
FS =0030 0000000000000000 ffffffff 00cf9300 DPL=0 DS   [-WA]
GS =0030 0000000000000000 ffffffff 00cf9300 DPL=0 DS   [-WA]
LDT=0000 0000000000000000 0000ffff 00008200 DPL=0 LDT
TR =0000 0000000000000000 0000ffff 00008b00 DPL=0 TSS64-busy
GDT=     000000003f5dc000 00000047
IDT=     000000003efa3018 00000fff
CR0=80010033 CR2=0000000000000000 CR3=000000003f801000 CR4=00000668
DR0=0000000000000000 DR1=0000000000000000 DR2=0000000000000000 DR3=0000000000000000 
DR6=00000000ffff0ff0 DR7=0000000000000400
CCS=0000000000000004 CCD=00000000000000e7 CCO=EFLAGS
EFER=0000000000000d00
Servicing hardware INT=0x20
   169: v=20 e=0000 i=0 cpl=0 IP=0038:000000003e6d3862 pc=000000003e6d3862 SP=0030:000000003fe64f80 env->regs[R_EAX]=0000000000005d4a
RAX=0000000000005d4a RBX=0000000000002710 RCX=000000000000b008 RDX=00000000009a1872
RSI=00000000009a75bc RDI=000000003e5b40d4 RBP=000000003fe64fb0 RSP=000000003fe64f80
R8 =000000003fe64fd0 R9 =00000000000003f6 R10=0000000000000000 R11=0000000000000000
R12=000000000000c042 R13=0000000000000011 R14=000000000000c040 R15=0000000000000000
RIP=000000003e6d3862 RFL=00000202 [-------] CPL=0 II=0 A20=1 SMM=0 HLT=0
ES =0030 0000000000000000 ffffffff 00cf9300 DPL=0 DS   [-WA]
CS =0038 0000000000000000 ffffffff 00af9a00 DPL=0 CS64 [-R-]
SS =0030 0000000000000000 ffffffff 00cf9300 DPL=0 DS   [-WA]
DS =0030 0000000000000000 ffffffff 00cf9300 DPL=0 DS   [-WA]
FS =0030 0000000000000000 ffffffff 00cf9300 DPL=0 DS   [-WA]
GS =0030 0000000000000000 ffffffff 00cf9300 DPL=0 DS   [-WA]
LDT=0000 0000000000000000 0000ffff 00008200 DPL=0 LDT
TR =0000 0000000000000000 0000ffff 00008b00 DPL=0 TSS64-busy
GDT=     000000003f5dc000 00000047
IDT=     000000003efa3018 00000fff
CR0=80010033 CR2=0000000000000000 CR3=000000003f801000 CR4=00000668
DR0=0000000000000000 DR1=0000000000000000 DR2=0000000000000000 DR3=0000000000000000 
DR6=00000000ffff0ff0 DR7=0000000000000400
CCS=0000000000000000 CCD=0000000000005d4a CCO=EFLAGS
EFER=0000000000000d00
Servicing hardware INT=0x20
   170: v=20 e=0000 i=0 cpl=0 IP=0038:000000003e6d3862 pc=000000003e6d3862 SP=0030:000000003fe64fc0 env->regs[R_EAX]=0000000000000088
RAX=0000000000000088 RBX=0000000000000064 RCX=000000000000b008 RDX=00000000009a9554
RSI=00000000009a95dc RDI=000000003e5b40d4 RBP=000000003fe64ff0 RSP=000000003fe64fc0
R8 =000000003fe64fdf R9 =000000000000c042 R10=0000000000000000 R11=0000000000000000
R12=000000000004bae7 R13=0000000000000011 R14=000000000000c040 R15=0000000000000000
RIP=000000003e6d3862 RFL=00000206 [-----P-] CPL=0 II=0 A20=1 SMM=0 HLT=0
ES =0030 0000000000000000 ffffffff 00cf9300 DPL=0 DS   [-WA]
CS =0038 0000000000000000 ffffffff 00af9a00 DPL=0 CS64 [-R-]
SS =0030 0000000000000000 ffffffff 00cf9300 DPL=0 DS   [-WA]
DS =0030 0000000000000000 ffffffff 00cf9300 DPL=0 DS   [-WA]
FS =0030 0000000000000000 ffffffff 00cf9300 DPL=0 DS   [-WA]
GS =0030 0000000000000000 ffffffff 00cf9300 DPL=0 DS   [-WA]
LDT=0000 0000000000000000 0000ffff 00008200 DPL=0 LDT
TR =0000 0000000000000000 0000ffff 00008b00 DPL=0 TSS64-busy
GDT=     000000003f5dc000 00000047
IDT=     000000003efa3018 00000fff
CR0=80010033 CR2=0000000000000000 CR3=000000003f801000 CR4=00000668
DR0=0000000000000000 DR1=0000000000000000 DR2=0000000000000000 DR3=0000000000000000 
DR6=00000000ffff0ff0 DR7=0000000000000400
CCS=0000000000000004 CCD=0000000000000088 CCO=EFLAGS
EFER=0000000000000d00
Servicing hardware INT=0x20
   171: v=20 e=0000 i=0 cpl=0 IP=0038:000000003e6d3862 pc=000000003e6d3862 SP=0030:000000003fe64fc0 env->regs[R_EAX]=0000000000003b12
RAX=0000000000003b12 RBX=0000000000002710 RCX=000000000000b008 RDX=00000000009b31a6
RSI=00000000009b6cb8 RDI=000000003e5b40d4 RBP=000000003fe64ff0 RSP=000000003fe64fc0
R8 =000000003fe65010 R9 =00000000000003f6 R10=0000000000000000 R11=0000000000000000
R12=000000000000c042 R13=0000000000000011 R14=000000000000c040 R15=0000000000000000
RIP=000000003e6d3862 RFL=00000206 [-----P-] CPL=0 II=0 A20=1 SMM=0 HLT=0
ES =0030 0000000000000000 ffffffff 00cf9300 DPL=0 DS   [-WA]
CS =0038 0000000000000000 ffffffff 00af9a00 DPL=0 CS64 [-R-]
SS =0030 0000000000000000 ffffffff 00cf9300 DPL=0 DS   [-WA]
DS =0030 0000000000000000 ffffffff 00cf9300 DPL=0 DS   [-WA]
FS =0030 0000000000000000 ffffffff 00cf9300 DPL=0 DS   [-WA]
GS =0030 0000000000000000 ffffffff 00cf9300 DPL=0 DS   [-WA]
LDT=0000 0000000000000000 0000ffff 00008200 DPL=0 LDT
TR =0000 0000000000000000 0000ffff 00008b00 DPL=0 TSS64-busy
GDT=     000000003f5dc000 00000047
IDT=     000000003efa3018 00000fff
CR0=80010033 CR2=0000000000000000 CR3=000000003f801000 CR4=00000668
DR0=0000000000000000 DR1=0000000000000000 DR2=0000000000000000 DR3=0000000000000000 
DR6=00000000ffff0ff0 DR7=0000000000000400
CCS=0000000000000004 CCD=0000000000003b12 CCO=EFLAGS
EFER=0000000000000d00
Servicing hardware INT=0x20
   172: v=20 e=0000 i=0 cpl=0 IP=0038:000000003e6d3862 pc=000000003e6d3862 SP=0030:000000003fe64fc0 env->regs[R_EAX]=00000000000000f9
RAX=00000000000000f9 RBX=0000000000000064 RCX=000000000000b008 RDX=00000000009bacf7
RSI=00000000009badf0 RDI=000000003e5b40d4 RBP=000000003fe64ff0 RSP=000000003fe64fc0
R8 =000000003fe64fdf R9 =000000000000c042 R10=0000000000000000 R11=0000000000000000
R12=000000000004bad1 R13=0000000000000011 R14=000000000000c040 R15=0000000000000000
RIP=000000003e6d3862 RFL=00000206 [-----P-] CPL=0 II=0 A20=1 SMM=0 HLT=0
ES =0030 0000000000000000 ffffffff 00cf9300 DPL=0 DS   [-WA]
CS =0038 0000000000000000 ffffffff 00af9a00 DPL=0 CS64 [-R-]
SS =0030 0000000000000000 ffffffff 00cf9300 DPL=0 DS   [-WA]
DS =0030 0000000000000000 ffffffff 00cf9300 DPL=0 DS   [-WA]
FS =0030 0000000000000000 ffffffff 00cf9300 DPL=0 DS   [-WA]
GS =0030 0000000000000000 ffffffff 00cf9300 DPL=0 DS   [-WA]
LDT=0000 0000000000000000 0000ffff 00008200 DPL=0 LDT
TR =0000 0000000000000000 0000ffff 00008b00 DPL=0 TSS64-busy
GDT=     000000003f5dc000 00000047
IDT=     000000003efa3018 00000fff
CR0=80010033 CR2=0000000000000000 CR3=000000003f801000 CR4=00000668
DR0=0000000000000000 DR1=0000000000000000 DR2=0000000000000000 DR3=0000000000000000 
DR6=00000000ffff0ff0 DR7=0000000000000400
CCS=0000000000000004 CCD=00000000000000f9 CCO=EFLAGS
EFER=0000000000000d00
Servicing hardware INT=0x20
   173: v=20 e=0000 i=0 cpl=0 IP=0038:000000003e6d3862 pc=000000003e6d3862 SP=0030:000000003fe64fc0 env->regs[R_EAX]=00000000000020f6
RAX=00000000000020f6 RBX=0000000000002710 RCX=000000000000b008 RDX=00000000009c3dd7
RSI=00000000009c5ecd RDI=000000003e5b40d4 RBP=000000003fe64ff0 RSP=000000003fe64fc0
R8 =000000003fe65010 R9 =00000000000003f6 R10=0000000000000000 R11=0000000000000000
R12=000000000000c042 R13=0000000000000011 R14=000000000000c040 R15=0000000000000000
RIP=000000003e6d3862 RFL=00000206 [-----P-] CPL=0 II=0 A20=1 SMM=0 HLT=0
ES =0030 0000000000000000 ffffffff 00cf9300 DPL=0 DS   [-WA]
CS =0038 0000000000000000 ffffffff 00af9a00 DPL=0 CS64 [-R-]
SS =0030 0000000000000000 ffffffff 00cf9300 DPL=0 DS   [-WA]
DS =0030 0000000000000000 ffffffff 00cf9300 DPL=0 DS   [-WA]
FS =0030 0000000000000000 ffffffff 00cf9300 DPL=0 DS   [-WA]
GS =0030 0000000000000000 ffffffff 00cf9300 DPL=0 DS   [-WA]
LDT=0000 0000000000000000 0000ffff 00008200 DPL=0 LDT
TR =0000 0000000000000000 0000ffff 00008b00 DPL=0 TSS64-busy
GDT=     000000003f5dc000 00000047
IDT=     000000003efa3018 00000fff
CR0=80010033 CR2=0000000000000000 CR3=000000003f801000 CR4=00000668
DR0=0000000000000000 DR1=0000000000000000 DR2=0000000000000000 DR3=0000000000000000 
DR6=00000000ffff0ff0 DR7=0000000000000400
CCS=0000000000000004 CCD=00000000000020f6 CCO=EFLAGS
EFER=0000000000000d00
Servicing hardware INT=0x20
   174: v=20 e=0000 i=0 cpl=0 IP=0038:000000003e6d3862 pc=000000003e6d3862 SP=0030:000000003fe64fc0 env->regs[R_EAX]=00000000000000fa
RAX=00000000000000fa RBX=0000000000000064 RCX=000000000000b008 RDX=00000000009cc4bf
RSI=00000000009cc5b9 RDI=000000003e5b40d4 RBP=000000003fe64ff0 RSP=000000003fe64fc0
R8 =000000003fe64fdf R9 =000000000000c042 R10=0000000000000000 R11=0000000000000000
R12=000000000004babd R13=0000000000000011 R14=000000000000c040 R15=0000000000000000
RIP=000000003e6d3862 RFL=00000206 [-----P-] CPL=0 II=0 A20=1 SMM=0 HLT=0
ES =0030 0000000000000000 ffffffff 00cf9300 DPL=0 DS   [-WA]
CS =0038 0000000000000000 ffffffff 00af9a00 DPL=0 CS64 [-R-]
SS =0030 0000000000000000 ffffffff 00cf9300 DPL=0 DS   [-WA]
DS =0030 0000000000000000 ffffffff 00cf9300 DPL=0 DS   [-WA]
FS =0030 0000000000000000 ffffffff 00cf9300 DPL=0 DS   [-WA]
GS =0030 0000000000000000 ffffffff 00cf9300 DPL=0 DS   [-WA]
LDT=0000 0000000000000000 0000ffff 00008200 DPL=0 LDT
TR =0000 0000000000000000 0000ffff 00008b00 DPL=0 TSS64-busy
GDT=     000000003f5dc000 00000047
IDT=     000000003efa3018 00000fff
CR0=80010033 CR2=0000000000000000 CR3=000000003f801000 CR4=00000668
DR0=0000000000000000 DR1=0000000000000000 DR2=0000000000000000 DR3=0000000000000000 
DR6=00000000ffff0ff0 DR7=0000000000000400
CCS=0000000000000004 CCD=00000000000000fa CCO=EFLAGS
EFER=0000000000000d00
Servicing hardware INT=0x20
   175: v=20 e=0000 i=0 cpl=0 IP=0038:000000003e6d3862 pc=000000003e6d3862 SP=0030:000000003fe64fc0 env->regs[R_EAX]=00000000000008ea
RAX=00000000000008ea RBX=0000000000002710 RCX=000000000000b008 RDX=00000000009d6300
RSI=00000000009d6bea RDI=000000003e5b40d4 RBP=000000003fe64ff0 RSP=000000003fe64fc0
R8 =000000003fe65010 R9 =00000000000003f6 R10=0000000000000000 R11=0000000000000000
R12=000000000000c042 R13=0000000000000011 R14=000000000000c040 R15=0000000000000000
RIP=000000003e6d3862 RFL=00000202 [-------] CPL=0 II=0 A20=1 SMM=0 HLT=0
ES =0030 0000000000000000 ffffffff 00cf9300 DPL=0 DS   [-WA]
CS =0038 0000000000000000 ffffffff 00af9a00 DPL=0 CS64 [-R-]
SS =0030 0000000000000000 ffffffff 00cf9300 DPL=0 DS   [-WA]
DS =0030 0000000000000000 ffffffff 00cf9300 DPL=0 DS   [-WA]
FS =0030 0000000000000000 ffffffff 00cf9300 DPL=0 DS   [-WA]
GS =0030 0000000000000000 ffffffff 00cf9300 DPL=0 DS   [-WA]
LDT=0000 0000000000000000 0000ffff 00008200 DPL=0 LDT
TR =0000 0000000000000000 0000ffff 00008b00 DPL=0 TSS64-busy
GDT=     000000003f5dc000 00000047
IDT=     000000003efa3018 00000fff
CR0=80010033 CR2=0000000000000000 CR3=000000003f801000 CR4=00000668
DR0=0000000000000000 DR1=0000000000000000 DR2=0000000000000000 DR3=0000000000000000 
DR6=00000000ffff0ff0 DR7=0000000000000400
CCS=0000000000000000 CCD=00000000000008ea CCO=EFLAGS
EFER=0000000000000d00
Servicing hardware INT=0x20
   176: v=20 e=0000 i=0 cpl=0 IP=0038:000000003e6d3862 pc=000000003e6d3862 SP=0030:000000003fe64fc0 env->regs[R_EAX]=000000000000008d
RAX=000000000000008d RBX=0000000000000064 RCX=000000000000b008 RDX=00000000009dd8a3
RSI=00000000009dd930 RDI=000000003e5b40d4 RBP=000000003fe64ff0 RSP=000000003fe64fc0
R8 =000000003fe64fdf R9 =000000000000c042 R10=0000000000000000 R11=0000000000000000
R12=000000000004bab9 R13=0000000000000011 R14=000000000000c040 R15=0000000000000000
RIP=000000003e6d3862 RFL=00000206 [-----P-] CPL=0 II=0 A20=1 SMM=0 HLT=0
ES =0030 0000000000000000 ffffffff 00cf9300 DPL=0 DS   [-WA]
CS =0038 0000000000000000 ffffffff 00af9a00 DPL=0 CS64 [-R-]
SS =0030 0000000000000000 ffffffff 00cf9300 DPL=0 DS   [-WA]
DS =0030 0000000000000000 ffffffff 00cf9300 DPL=0 DS   [-WA]
FS =0030 0000000000000000 ffffffff 00cf9300 DPL=0 DS   [-WA]
GS =0030 0000000000000000 ffffffff 00cf9300 DPL=0 DS   [-WA]
LDT=0000 0000000000000000 0000ffff 00008200 DPL=0 LDT
TR =0000 0000000000000000 0000ffff 00008b00 DPL=0 TSS64-busy
GDT=     000000003f5dc000 00000047
IDT=     000000003efa3018 00000fff
CR0=80010033 CR2=0000000000000000 CR3=000000003f801000 CR4=00000668
DR0=0000000000000000 DR1=0000000000000000 DR2=0000000000000000 DR3=0000000000000000 
DR6=00000000ffff0ff0 DR7=0000000000000400
CCS=0000000000000004 CCD=000000000000008d CCO=EFLAGS
EFER=0000000000000d00
Servicing hardware INT=0x20
   177: v=20 e=0000 i=0 cpl=0 IP=0038:000000003e6d3862 pc=000000003e6d3862 SP=0030:000000003fe64eb0 env->regs[R_EAX]=00000000000000d9
RAX=00000000000000d9 RBX=0000000000000064 RCX=000000000000b008 RDX=00000000009e994a
RSI=00000000009e9a23 RDI=000000003e5b40d4 RBP=000000003fe64ee0 RSP=000000003fe64eb0
R8 =000000003fe64ecf R9 =000000000000c042 R10=0000000000000000 R11=0000000000000000
R12=000000000004baf1 R13=0000000000000011 R14=000000000000c040 R15=0000000000000000
RIP=000000003e6d3862 RFL=00000202 [-------] CPL=0 II=0 A20=1 SMM=0 HLT=0
ES =0030 0000000000000000 ffffffff 00cf9300 DPL=0 DS   [-WA]
CS =0038 0000000000000000 ffffffff 00af9a00 DPL=0 CS64 [-R-]
SS =0030 0000000000000000 ffffffff 00cf9300 DPL=0 DS   [-WA]
DS =0030 0000000000000000 ffffffff 00cf9300 DPL=0 DS   [-WA]
FS =0030 0000000000000000 ffffffff 00cf9300 DPL=0 DS   [-WA]
GS =0030 0000000000000000 ffffffff 00cf9300 DPL=0 DS   [-WA]
LDT=0000 0000000000000000 0000ffff 00008200 DPL=0 LDT
TR =0000 0000000000000000 0000ffff 00008b00 DPL=0 TSS64-busy
GDT=     000000003f5dc000 00000047
IDT=     000000003efa3018 00000fff
CR0=80010033 CR2=0000000000000000 CR3=000000003f801000 CR4=00000668
DR0=0000000000000000 DR1=0000000000000000 DR2=0000000000000000 DR3=0000000000000000 
DR6=00000000ffff0ff0 DR7=0000000000000400
CCS=0000000000000000 CCD=00000000000000d9 CCO=EFLAGS
EFER=0000000000000d00
Servicing hardware INT=0x20
   178: v=20 e=0000 i=0 cpl=0 IP=0038:000000003e6d3862 pc=000000003e6d3862 SP=0030:000000003fe64eb0 env->regs[R_EAX]=0000000000006d6a
RAX=0000000000006d6a RBX=0000000000002710 RCX=000000000000b008 RDX=00000000009f0730
RSI=00000000009f749a RDI=000000003e5b40d4 RBP=000000003fe64ee0 RSP=000000003fe64eb0
R8 =000000003fe64f00 R9 =00000000000003f6 R10=0000000000000000 R11=0000000000000000
R12=000000000000c042 R13=0000000000000011 R14=000000000000c040 R15=0000000000000000
RIP=000000003e6d3862 RFL=00000206 [-----P-] CPL=0 II=0 A20=1 SMM=0 HLT=0
ES =0030 0000000000000000 ffffffff 00cf9300 DPL=0 DS   [-WA]
CS =0038 0000000000000000 ffffffff 00af9a00 DPL=0 CS64 [-R-]
SS =0030 0000000000000000 ffffffff 00cf9300 DPL=0 DS   [-WA]
DS =0030 0000000000000000 ffffffff 00cf9300 DPL=0 DS   [-WA]
FS =0030 0000000000000000 ffffffff 00cf9300 DPL=0 DS   [-WA]
GS =0030 0000000000000000 ffffffff 00cf9300 DPL=0 DS   [-WA]
LDT=0000 0000000000000000 0000ffff 00008200 DPL=0 LDT
TR =0000 0000000000000000 0000ffff 00008b00 DPL=0 TSS64-busy
GDT=     000000003f5dc000 00000047
IDT=     000000003efa3018 00000fff
CR0=80010033 CR2=0000000000000000 CR3=000000003f801000 CR4=00000668
DR0=0000000000000000 DR1=0000000000000000 DR2=0000000000000000 DR3=0000000000000000 
DR6=00000000ffff0ff0 DR7=0000000000000400
CCS=0000000000000004 CCD=0000000000006d6a CCO=EFLAGS
EFER=0000000000000d00
Servicing hardware INT=0x20
   179: v=20 e=0000 i=0 cpl=0 IP=0038:000000003e6d3862 pc=000000003e6d3862 SP=0030:000000003fe64eb0 env->regs[R_EAX]=00000000000000d6
RAX=00000000000000d6 RBX=0000000000000064 RCX=000000000000b008 RDX=00000000009f818a
RSI=00000000009f8260 RDI=000000003e5b40d4 RBP=000000003fe64ee0 RSP=000000003fe64eb0
R8 =000000003fe64ecf R9 =000000000000c042 R10=0000000000000000 R11=0000000000000000
R12=000000000004baf1 R13=0000000000000011 R14=000000000000c040 R15=0000000000000000
RIP=000000003e6d3862 RFL=00000202 [-------] CPL=0 II=0 A20=1 SMM=0 HLT=0
ES =0030 0000000000000000 ffffffff 00cf9300 DPL=0 DS   [-WA]
CS =0038 0000000000000000 ffffffff 00af9a00 DPL=0 CS64 [-R-]
SS =0030 0000000000000000 ffffffff 00cf9300 DPL=0 DS   [-WA]
DS =0030 0000000000000000 ffffffff 00cf9300 DPL=0 DS   [-WA]
FS =0030 0000000000000000 ffffffff 00cf9300 DPL=0 DS   [-WA]
GS =0030 0000000000000000 ffffffff 00cf9300 DPL=0 DS   [-WA]
LDT=0000 0000000000000000 0000ffff 00008200 DPL=0 LDT
TR =0000 0000000000000000 0000ffff 00008b00 DPL=0 TSS64-busy
GDT=     000000003f5dc000 00000047
IDT=     000000003efa3018 00000fff
CR0=80010033 CR2=0000000000000000 CR3=000000003f801000 CR4=00000668
DR0=0000000000000000 DR1=0000000000000000 DR2=0000000000000000 DR3=0000000000000000 
DR6=00000000ffff0ff0 DR7=0000000000000400
CCS=0000000000000000 CCD=00000000000000d6 CCO=EFLAGS
EFER=0000000000000d00
Servicing hardware INT=0x20
   180: v=20 e=0000 i=0 cpl=0 IP=0038:000000003e6d3862 pc=000000003e6d3862 SP=0030:000000003fe64eb0 env->regs[R_EAX]=0000000000005b94
RAX=0000000000005b94 RBX=0000000000002710 RCX=000000000000b008 RDX=0000000000a01557
RSI=0000000000a070eb RDI=000000003e5b40d4 RBP=000000003fe64ee0 RSP=000000003fe64eb0
R8 =000000003fe64f00 R9 =00000000000003f6 R10=0000000000000000 R11=0000000000000000
R12=000000000000c042 R13=0000000000000011 R14=000000000000c040 R15=0000000000000000
RIP=000000003e6d3862 RFL=00000202 [-------] CPL=0 II=0 A20=1 SMM=0 HLT=0
ES =0030 0000000000000000 ffffffff 00cf9300 DPL=0 DS   [-WA]
CS =0038 0000000000000000 ffffffff 00af9a00 DPL=0 CS64 [-R-]
SS =0030 0000000000000000 ffffffff 00cf9300 DPL=0 DS   [-WA]
DS =0030 0000000000000000 ffffffff 00cf9300 DPL=0 DS   [-WA]
FS =0030 0000000000000000 ffffffff 00cf9300 DPL=0 DS   [-WA]
GS =0030 0000000000000000 ffffffff 00cf9300 DPL=0 DS   [-WA]
LDT=0000 0000000000000000 0000ffff 00008200 DPL=0 LDT
TR =0000 0000000000000000 0000ffff 00008b00 DPL=0 TSS64-busy
GDT=     000000003f5dc000 00000047
IDT=     000000003efa3018 00000fff
CR0=80010033 CR2=0000000000000000 CR3=000000003f801000 CR4=00000668
DR0=0000000000000000 DR1=0000000000000000 DR2=0000000000000000 DR3=0000000000000000 
DR6=00000000ffff0ff0 DR7=0000000000000400
CCS=0000000000000000 CCD=0000000000005b94 CCO=EFLAGS
EFER=0000000000000d00
Servicing hardware INT=0x20
   181: v=20 e=0000 i=0 cpl=0 IP=0038:000000003e6d3862 pc=000000003e6d3862 SP=0030:000000003fe64eb0 env->regs[R_EAX]=0000000000000134
RAX=0000000000000134 RBX=0000000000000064 RCX=000000000000b008 RDX=0000000000a09779
RSI=0000000000a098ad RDI=000000003e5b40d4 RBP=000000003fe64ee0 RSP=000000003fe64eb0
R8 =000000003fe64ecf R9 =000000000000c042 R10=0000000000000000 R11=0000000000000000
R12=000000000004bae1 R13=0000000000000011 R14=000000000000c040 R15=0000000000000000
RIP=000000003e6d3862 RFL=00000202 [-------] CPL=0 II=0 A20=1 SMM=0 HLT=0
ES =0030 0000000000000000 ffffffff 00cf9300 DPL=0 DS   [-WA]
CS =0038 0000000000000000 ffffffff 00af9a00 DPL=0 CS64 [-R-]
SS =0030 0000000000000000 ffffffff 00cf9300 DPL=0 DS   [-WA]
DS =0030 0000000000000000 ffffffff 00cf9300 DPL=0 DS   [-WA]
FS =0030 0000000000000000 ffffffff 00cf9300 DPL=0 DS   [-WA]
GS =0030 0000000000000000 ffffffff 00cf9300 DPL=0 DS   [-WA]
LDT=0000 0000000000000000 0000ffff 00008200 DPL=0 LDT
TR =0000 0000000000000000 0000ffff 00008b00 DPL=0 TSS64-busy
GDT=     000000003f5dc000 00000047
IDT=     000000003efa3018 00000fff
CR0=80010033 CR2=0000000000000000 CR3=000000003f801000 CR4=00000668
DR0=0000000000000000 DR1=0000000000000000 DR2=0000000000000000 DR3=0000000000000000 
DR6=00000000ffff0ff0 DR7=0000000000000400
CCS=0000000000000000 CCD=0000000000000134 CCO=EFLAGS
EFER=0000000000000d00
Servicing hardware INT=0x20
   182: v=20 e=0000 i=0 cpl=0 IP=0038:000000003e6d3862 pc=000000003e6d3862 SP=0030:000000003fe64ef0 env->regs[R_EAX]=00000000000000e7
RAX=00000000000000e7 RBX=0000000000000064 RCX=000000000000b008 RDX=0000000000a19c4e
RSI=0000000000a19d35 RDI=000000003e5b40d4 RBP=000000003fe64f20 RSP=000000003fe64ef0
R8 =000000003fe64f0f R9 =000000000000c042 R10=0000000000000000 R11=0000000000000000
R12=000000000004baf1 R13=0000000000000011 R14=000000000000c040 R15=0000000000000000
RIP=000000003e6d3862 RFL=00000206 [-----P-] CPL=0 II=0 A20=1 SMM=0 HLT=0
ES =0030 0000000000000000 ffffffff 00cf9300 DPL=0 DS   [-WA]
CS =0038 0000000000000000 ffffffff 00af9a00 DPL=0 CS64 [-R-]
SS =0030 0000000000000000 ffffffff 00cf9300 DPL=0 DS   [-WA]
DS =0030 0000000000000000 ffffffff 00cf9300 DPL=0 DS   [-WA]
FS =0030 0000000000000000 ffffffff 00cf9300 DPL=0 DS   [-WA]
GS =0030 0000000000000000 ffffffff 00cf9300 DPL=0 DS   [-WA]
LDT=0000 0000000000000000 0000ffff 00008200 DPL=0 LDT
TR =0000 0000000000000000 0000ffff 00008b00 DPL=0 TSS64-busy
GDT=     000000003f5dc000 00000047
IDT=     000000003efa3018 00000fff
CR0=80010033 CR2=0000000000000000 CR3=000000003f801000 CR4=00000668
DR0=0000000000000000 DR1=0000000000000000 DR2=0000000000000000 DR3=0000000000000000 
DR6=00000000ffff0ff0 DR7=0000000000000400
CCS=0000000000000004 CCD=00000000000000e7 CCO=EFLAGS
EFER=0000000000000d00
Servicing hardware INT=0x20
   183: v=20 e=0000 i=0 cpl=0 IP=0038:000000003e6d3862 pc=000000003e6d3862 SP=0030:000000003fe64ef0 env->regs[R_EAX]=0000000000000059
RAX=0000000000000059 RBX=0000000000000064 RCX=000000000000b008 RDX=0000000000a1af09
RSI=0000000000a1af62 RDI=000000003e5b40d4 RBP=000000003fe64f20 RSP=000000003fe64ef0
R8 =000000003fe64f0f R9 =000000000000c042 R10=0000000000000000 R11=0000000000000000
R12=000000000004bae8 R13=0000000000000011 R14=000000000000c040 R15=0000000000000000
RIP=000000003e6d3862 RFL=00000206 [-----P-] CPL=0 II=0 A20=1 SMM=0 HLT=0
ES =0030 0000000000000000 ffffffff 00cf9300 DPL=0 DS   [-WA]
CS =0038 0000000000000000 ffffffff 00af9a00 DPL=0 CS64 [-R-]
SS =0030 0000000000000000 ffffffff 00cf9300 DPL=0 DS   [-WA]
DS =0030 0000000000000000 ffffffff 00cf9300 DPL=0 DS   [-WA]
FS =0030 0000000000000000 ffffffff 00cf9300 DPL=0 DS   [-WA]
GS =0030 0000000000000000 ffffffff 00cf9300 DPL=0 DS   [-WA]
LDT=0000 0000000000000000 0000ffff 00008200 DPL=0 LDT
TR =0000 0000000000000000 0000ffff 00008b00 DPL=0 TSS64-busy
GDT=     000000003f5dc000 00000047
IDT=     000000003efa3018 00000fff
CR0=80010033 CR2=0000000000000000 CR3=000000003f801000 CR4=00000668
DR0=0000000000000000 DR1=0000000000000000 DR2=0000000000000000 DR3=0000000000000000 
DR6=00000000ffff0ff0 DR7=0000000000000400
CCS=0000000000000004 CCD=0000000000000059 CCO=EFLAGS
EFER=0000000000000d00
Servicing hardware INT=0x20
   184: v=20 e=0000 i=0 cpl=0 IP=0038:000000003e6d3862 pc=000000003e6d3862 SP=0030:000000003fe64ef0 env->regs[R_EAX]=0000000000000100
RAX=0000000000000100 RBX=0000000000000064 RCX=000000000000b008 RDX=0000000000a29c3f
RSI=0000000000a29d3f RDI=000000003e5b40d4 RBP=000000003fe64f20 RSP=000000003fe64ef0
R8 =000000003fe64f0f R9 =000000000000c042 R10=0000000000000000 R11=0000000000000000
R12=000000000004baf1 R13=0000000000000011 R14=000000000000c040 R15=0000000000000000
RIP=000000003e6d3862 RFL=00000206 [-----P-] CPL=0 II=0 A20=1 SMM=0 HLT=0
ES =0030 0000000000000000 ffffffff 00cf9300 DPL=0 DS   [-WA]
CS =0038 0000000000000000 ffffffff 00af9a00 DPL=0 CS64 [-R-]
SS =0030 0000000000000000 ffffffff 00cf9300 DPL=0 DS   [-WA]
DS =0030 0000000000000000 ffffffff 00cf9300 DPL=0 DS   [-WA]
FS =0030 0000000000000000 ffffffff 00cf9300 DPL=0 DS   [-WA]
GS =0030 0000000000000000 ffffffff 00cf9300 DPL=0 DS   [-WA]
LDT=0000 0000000000000000 0000ffff 00008200 DPL=0 LDT
TR =0000 0000000000000000 0000ffff 00008b00 DPL=0 TSS64-busy
GDT=     000000003f5dc000 00000047
IDT=     000000003efa3018 00000fff
CR0=80010033 CR2=0000000000000000 CR3=000000003f801000 CR4=00000668
DR0=0000000000000000 DR1=0000000000000000 DR2=0000000000000000 DR3=0000000000000000 
DR6=00000000ffff0ff0 DR7=0000000000000400
CCS=0000000000000004 CCD=0000000000000100 CCO=EFLAGS
EFER=0000000000000d00
Servicing hardware INT=0x20
   185: v=20 e=0000 i=0 cpl=0 IP=0038:000000003e6d3862 pc=000000003e6d3862 SP=0030:000000003fe64ef0 env->regs[R_EAX]=00000000000000d1
RAX=00000000000000d1 RBX=0000000000000064 RCX=000000000000b008 RDX=0000000000a2c6c7
RSI=0000000000a2c798 RDI=000000003e5b40d4 RBP=000000003fe64f20 RSP=000000003fe64ef0
R8 =000000003fe64f0f R9 =000000000000c042 R10=0000000000000000 R11=0000000000000000
R12=000000000004bada R13=0000000000000011 R14=000000000000c040 R15=0000000000000000
RIP=000000003e6d3862 RFL=00000206 [-----P-] CPL=0 II=0 A20=1 SMM=0 HLT=0
ES =0030 0000000000000000 ffffffff 00cf9300 DPL=0 DS   [-WA]
CS =0038 0000000000000000 ffffffff 00af9a00 DPL=0 CS64 [-R-]
SS =0030 0000000000000000 ffffffff 00cf9300 DPL=0 DS   [-WA]
DS =0030 0000000000000000 ffffffff 00cf9300 DPL=0 DS   [-WA]
FS =0030 0000000000000000 ffffffff 00cf9300 DPL=0 DS   [-WA]
GS =0030 0000000000000000 ffffffff 00cf9300 DPL=0 DS   [-WA]
LDT=0000 0000000000000000 0000ffff 00008200 DPL=0 LDT
TR =0000 0000000000000000 0000ffff 00008b00 DPL=0 TSS64-busy
GDT=     000000003f5dc000 00000047
IDT=     000000003efa3018 00000fff
CR0=80010033 CR2=0000000000000000 CR3=000000003f801000 CR4=00000668
DR0=0000000000000000 DR1=0000000000000000 DR2=0000000000000000 DR3=0000000000000000 
DR6=00000000ffff0ff0 DR7=0000000000000400
CCS=0000000000000004 CCD=00000000000000d1 CCO=EFLAGS
EFER=0000000000000d00
Servicing hardware INT=0x20
   186: v=20 e=0000 i=0 cpl=0 IP=0038:000000003e6d3862 pc=000000003e6d3862 SP=0030:000000003fe64ef0 env->regs[R_EAX]=0000000000000108
RAX=0000000000000108 RBX=0000000000000064 RCX=000000000000b008 RDX=0000000000a399a8
RSI=0000000000a39ab0 RDI=000000003e5b40d4 RBP=000000003fe64f20 RSP=000000003fe64ef0
R8 =000000003fe64f0f R9 =000000000000c042 R10=0000000000000000 R11=0000000000000000
R12=000000000004baf1 R13=0000000000000011 R14=000000000000c040 R15=0000000000000000
RIP=000000003e6d3862 RFL=00000202 [-------] CPL=0 II=0 A20=1 SMM=0 HLT=0
ES =0030 0000000000000000 ffffffff 00cf9300 DPL=0 DS   [-WA]
CS =0038 0000000000000000 ffffffff 00af9a00 DPL=0 CS64 [-R-]
SS =0030 0000000000000000 ffffffff 00cf9300 DPL=0 DS   [-WA]
DS =0030 0000000000000000 ffffffff 00cf9300 DPL=0 DS   [-WA]
FS =0030 0000000000000000 ffffffff 00cf9300 DPL=0 DS   [-WA]
GS =0030 0000000000000000 ffffffff 00cf9300 DPL=0 DS   [-WA]
LDT=0000 0000000000000000 0000ffff 00008200 DPL=0 LDT
TR =0000 0000000000000000 0000ffff 00008b00 DPL=0 TSS64-busy
GDT=     000000003f5dc000 00000047
IDT=     000000003efa3018 00000fff
CR0=80010033 CR2=0000000000000000 CR3=000000003f801000 CR4=00000668
DR0=0000000000000000 DR1=0000000000000000 DR2=0000000000000000 DR3=0000000000000000 
DR6=00000000ffff0ff0 DR7=0000000000000400
CCS=0000000000000000 CCD=0000000000000108 CCO=EFLAGS
EFER=0000000000000d00
Servicing hardware INT=0x20
   187: v=20 e=0000 i=0 cpl=0 IP=0038:000000003e6d3862 pc=000000003e6d3862 SP=0030:000000003fe64ef0 env->regs[R_EAX]=0000000000000054
RAX=0000000000000054 RBX=0000000000000064 RCX=000000000000b008 RDX=0000000000a3de7c
RSI=0000000000a3ded0 RDI=000000003e5b40d4 RBP=000000003fe64f20 RSP=000000003fe64ef0
R8 =000000003fe64f0f R9 =000000000000c042 R10=0000000000000000 R11=0000000000000000
R12=000000000004baca R13=0000000000000011 R14=000000000000c040 R15=0000000000000000
RIP=000000003e6d3862 RFL=00000202 [-------] CPL=0 II=0 A20=1 SMM=0 HLT=0
ES =0030 0000000000000000 ffffffff 00cf9300 DPL=0 DS   [-WA]
CS =0038 0000000000000000 ffffffff 00af9a00 DPL=0 CS64 [-R-]
SS =0030 0000000000000000 ffffffff 00cf9300 DPL=0 DS   [-WA]
DS =0030 0000000000000000 ffffffff 00cf9300 DPL=0 DS   [-WA]
FS =0030 0000000000000000 ffffffff 00cf9300 DPL=0 DS   [-WA]
GS =0030 0000000000000000 ffffffff 00cf9300 DPL=0 DS   [-WA]
LDT=0000 0000000000000000 0000ffff 00008200 DPL=0 LDT
TR =0000 0000000000000000 0000ffff 00008b00 DPL=0 TSS64-busy
GDT=     000000003f5dc000 00000047
IDT=     000000003efa3018 00000fff
CR0=80010033 CR2=0000000000000000 CR3=000000003f801000 CR4=00000668
DR0=0000000000000000 DR1=0000000000000000 DR2=0000000000000000 DR3=0000000000000000 
DR6=00000000ffff0ff0 DR7=0000000000000400
CCS=0000000000000000 CCD=0000000000000054 CCO=EFLAGS
EFER=0000000000000d00
Servicing hardware INT=0x20
   188: v=20 e=0000 i=0 cpl=0 IP=0038:000000003e6d3862 pc=000000003e6d3862 SP=0030:000000003fe64ef0 env->regs[R_EAX]=0000000000002189
RAX=0000000000002189 RBX=0000000000002710 RCX=000000000000b008 RDX=0000000000a48b85
RSI=0000000000a4ad0e RDI=000000003e5b40d4 RBP=000000003fe64f20 RSP=000000003fe64ef0
R8 =000000003fe64f40 R9 =00000000000003f6 R10=0000000000000000 R11=0000000000000000
R12=000000000000c042 R13=0000000000000011 R14=000000000000c040 R15=0000000000000000
RIP=000000003e6d3862 RFL=00000202 [-------] CPL=0 II=0 A20=1 SMM=0 HLT=0
ES =0030 0000000000000000 ffffffff 00cf9300 DPL=0 DS   [-WA]
CS =0038 0000000000000000 ffffffff 00af9a00 DPL=0 CS64 [-R-]
SS =0030 0000000000000000 ffffffff 00cf9300 DPL=0 DS   [-WA]
DS =0030 0000000000000000 ffffffff 00cf9300 DPL=0 DS   [-WA]
FS =0030 0000000000000000 ffffffff 00cf9300 DPL=0 DS   [-WA]
GS =0030 0000000000000000 ffffffff 00cf9300 DPL=0 DS   [-WA]
LDT=0000 0000000000000000 0000ffff 00008200 DPL=0 LDT
TR =0000 0000000000000000 0000ffff 00008b00 DPL=0 TSS64-busy
GDT=     000000003f5dc000 00000047
IDT=     000000003efa3018 00000fff
CR0=80010033 CR2=0000000000000000 CR3=000000003f801000 CR4=00000668
DR0=0000000000000000 DR1=0000000000000000 DR2=0000000000000000 DR3=0000000000000000 
DR6=00000000ffff0ff0 DR7=0000000000000400
CCS=0000000000000000 CCD=0000000000002189 CCO=EFLAGS
EFER=0000000000000d00
Servicing hardware INT=0x20
   189: v=20 e=0000 i=0 cpl=0 IP=0038:000000003e6d3862 pc=000000003e6d3862 SP=0030:000000003fe64ef0 env->regs[R_EAX]=0000000000000066
RAX=0000000000000066 RBX=0000000000000064 RCX=000000000000b008 RDX=0000000000a4f5f2
RSI=0000000000a4f658 RDI=000000003e5b40d4 RBP=000000003fe64f20 RSP=000000003fe64ef0
R8 =000000003fe64f0f R9 =000000000000c042 R10=0000000000000000 R11=0000000000000000
R12=000000000004bacd R13=0000000000000011 R14=000000000000c040 R15=0000000000000000
RIP=000000003e6d3862 RFL=00000206 [-----P-] CPL=0 II=0 A20=1 SMM=0 HLT=0
ES =0030 0000000000000000 ffffffff 00cf9300 DPL=0 DS   [-WA]
CS =0038 0000000000000000 ffffffff 00af9a00 DPL=0 CS64 [-R-]
SS =0030 0000000000000000 ffffffff 00cf9300 DPL=0 DS   [-WA]
DS =0030 0000000000000000 ffffffff 00cf9300 DPL=0 DS   [-WA]
FS =0030 0000000000000000 ffffffff 00cf9300 DPL=0 DS   [-WA]
GS =0030 0000000000000000 ffffffff 00cf9300 DPL=0 DS   [-WA]
LDT=0000 0000000000000000 0000ffff 00008200 DPL=0 LDT
TR =0000 0000000000000000 0000ffff 00008b00 DPL=0 TSS64-busy
GDT=     000000003f5dc000 00000047
IDT=     000000003efa3018 00000fff
CR0=80010033 CR2=0000000000000000 CR3=000000003f801000 CR4=00000668
DR0=0000000000000000 DR1=0000000000000000 DR2=0000000000000000 DR3=0000000000000000 
DR6=00000000ffff0ff0 DR7=0000000000000400
CCS=0000000000000004 CCD=0000000000000066 CCO=EFLAGS
EFER=0000000000000d00
Servicing hardware INT=0x20
   190: v=20 e=0000 i=0 cpl=0 IP=0038:000000003e6d3862 pc=000000003e6d3862 SP=0030:000000003fe64f70 env->regs[R_EAX]=00000000000000cf
RAX=00000000000000cf RBX=0000000000000064 RCX=000000000000b008 RDX=0000000000a5fc3b
RSI=0000000000a5fd0a RDI=000000003e5b40d4 RBP=000000003fe64fa0 RSP=000000003fe64f70
R8 =000000003fe64f8f R9 =000000000000c042 R10=0000000000000000 R11=0000000000000000
R12=000000000004baf1 R13=0000000000000011 R14=000000000000c040 R15=0000000000000000
RIP=000000003e6d3862 RFL=00000206 [-----P-] CPL=0 II=0 A20=1 SMM=0 HLT=0
ES =0030 0000000000000000 ffffffff 00cf9300 DPL=0 DS   [-WA]
CS =0038 0000000000000000 ffffffff 00af9a00 DPL=0 CS64 [-R-]
SS =0030 0000000000000000 ffffffff 00cf9300 DPL=0 DS   [-WA]
DS =0030 0000000000000000 ffffffff 00cf9300 DPL=0 DS   [-WA]
FS =0030 0000000000000000 ffffffff 00cf9300 DPL=0 DS   [-WA]
GS =0030 0000000000000000 ffffffff 00cf9300 DPL=0 DS   [-WA]
LDT=0000 0000000000000000 0000ffff 00008200 DPL=0 LDT
TR =0000 0000000000000000 0000ffff 00008b00 DPL=0 TSS64-busy
GDT=     000000003f5dc000 00000047
IDT=     000000003efa3018 00000fff
CR0=80010033 CR2=0000000000000000 CR3=000000003f801000 CR4=00000668
DR0=0000000000000000 DR1=0000000000000000 DR2=0000000000000000 DR3=0000000000000000 
DR6=00000000ffff0ff0 DR7=0000000000000400
CCS=0000000000000004 CCD=00000000000000cf CCO=EFLAGS
EFER=0000000000000d00
Servicing hardware INT=0x20
   191: v=20 e=0000 i=0 cpl=0 IP=0038:000000003e6d3862 pc=000000003e6d3862 SP=0030:000000003fe64f70 env->regs[R_EAX]=00000000000000d8
RAX=00000000000000d8 RBX=0000000000000064 RCX=000000000000b008 RDX=0000000000a60d9e
RSI=0000000000a60e76 RDI=000000003e5b40d4 RBP=000000003fe64fa0 RSP=000000003fe64f70
R8 =000000003fe64f8f R9 =000000000000c042 R10=0000000000000000 R11=0000000000000000
R12=000000000004bae8 R13=0000000000000011 R14=000000000000c040 R15=0000000000000000
RIP=000000003e6d3862 RFL=00000206 [-----P-] CPL=0 II=0 A20=1 SMM=0 HLT=0
ES =0030 0000000000000000 ffffffff 00cf9300 DPL=0 DS   [-WA]
CS =0038 0000000000000000 ffffffff 00af9a00 DPL=0 CS64 [-R-]
SS =0030 0000000000000000 ffffffff 00cf9300 DPL=0 DS   [-WA]
DS =0030 0000000000000000 ffffffff 00cf9300 DPL=0 DS   [-WA]
FS =0030 0000000000000000 ffffffff 00cf9300 DPL=0 DS   [-WA]
GS =0030 0000000000000000 ffffffff 00cf9300 DPL=0 DS   [-WA]
LDT=0000 0000000000000000 0000ffff 00008200 DPL=0 LDT
TR =0000 0000000000000000 0000ffff 00008b00 DPL=0 TSS64-busy
GDT=     000000003f5dc000 00000047
IDT=     000000003efa3018 00000fff
CR0=80010033 CR2=0000000000000000 CR3=000000003f801000 CR4=00000668
DR0=0000000000000000 DR1=0000000000000000 DR2=0000000000000000 DR3=0000000000000000 
DR6=00000000ffff0ff0 DR7=0000000000000400
CCS=0000000000000004 CCD=00000000000000d8 CCO=EFLAGS
EFER=0000000000000d00
Servicing hardware INT=0x20
   192: v=20 e=0000 i=0 cpl=0 IP=0038:000000003e6d3862 pc=000000003e6d3862 SP=0030:000000003fe64f70 env->regs[R_EAX]=00000000000000e2
RAX=00000000000000e2 RBX=0000000000000064 RCX=000000000000b008 RDX=0000000000a6f4e6
RSI=0000000000a6f5c8 RDI=000000003e5b40d4 RBP=000000003fe64fa0 RSP=000000003fe64f70
R8 =000000003fe64f8f R9 =000000000000c042 R10=0000000000000000 R11=0000000000000000
R12=000000000004baf1 R13=0000000000000011 R14=000000000000c040 R15=0000000000000000
RIP=000000003e6d3862 RFL=00000206 [-----P-] CPL=0 II=0 A20=1 SMM=0 HLT=0
ES =0030 0000000000000000 ffffffff 00cf9300 DPL=0 DS   [-WA]
CS =0038 0000000000000000 ffffffff 00af9a00 DPL=0 CS64 [-R-]
SS =0030 0000000000000000 ffffffff 00cf9300 DPL=0 DS   [-WA]
DS =0030 0000000000000000 ffffffff 00cf9300 DPL=0 DS   [-WA]
FS =0030 0000000000000000 ffffffff 00cf9300 DPL=0 DS   [-WA]
GS =0030 0000000000000000 ffffffff 00cf9300 DPL=0 DS   [-WA]
LDT=0000 0000000000000000 0000ffff 00008200 DPL=0 LDT
TR =0000 0000000000000000 0000ffff 00008b00 DPL=0 TSS64-busy
GDT=     000000003f5dc000 00000047
IDT=     000000003efa3018 00000fff
CR0=80010033 CR2=0000000000000000 CR3=000000003f801000 CR4=00000668
DR0=0000000000000000 DR1=0000000000000000 DR2=0000000000000000 DR3=0000000000000000 
DR6=00000000ffff0ff0 DR7=0000000000000400
CCS=0000000000000004 CCD=00000000000000e2 CCO=EFLAGS
EFER=0000000000000d00
Servicing hardware INT=0x20
   193: v=20 e=0000 i=0 cpl=0 IP=0038:000000003e6d3862 pc=000000003e6d3862 SP=0030:000000003fe64f70 env->regs[R_EAX]=0000000000000092
RAX=0000000000000092 RBX=0000000000000064 RCX=000000000000b008 RDX=0000000000a7254c
RSI=0000000000a725de RDI=000000003e5b40d4 RBP=000000003fe64fa0 RSP=000000003fe64f70
R8 =000000003fe64f8f R9 =000000000000c042 R10=0000000000000000 R11=0000000000000000
R12=000000000004bad7 R13=0000000000000011 R14=000000000000c040 R15=0000000000000000
RIP=000000003e6d3862 RFL=00000202 [-------] CPL=0 II=0 A20=1 SMM=0 HLT=0
ES =0030 0000000000000000 ffffffff 00cf9300 DPL=0 DS   [-WA]
CS =0038 0000000000000000 ffffffff 00af9a00 DPL=0 CS64 [-R-]
SS =0030 0000000000000000 ffffffff 00cf9300 DPL=0 DS   [-WA]
DS =0030 0000000000000000 ffffffff 00cf9300 DPL=0 DS   [-WA]
FS =0030 0000000000000000 ffffffff 00cf9300 DPL=0 DS   [-WA]
GS =0030 0000000000000000 ffffffff 00cf9300 DPL=0 DS   [-WA]
LDT=0000 0000000000000000 0000ffff 00008200 DPL=0 LDT
TR =0000 0000000000000000 0000ffff 00008b00 DPL=0 TSS64-busy
GDT=     000000003f5dc000 00000047
IDT=     000000003efa3018 00000fff
CR0=80010033 CR2=0000000000000000 CR3=000000003f801000 CR4=00000668
DR0=0000000000000000 DR1=0000000000000000 DR2=0000000000000000 DR3=0000000000000000 
DR6=00000000ffff0ff0 DR7=0000000000000400
CCS=0000000000000000 CCD=0000000000000092 CCO=EFLAGS
EFER=0000000000000d00
Servicing hardware INT=0x20
   194: v=20 e=0000 i=0 cpl=0 IP=0038:000000003e6d3862 pc=000000003e6d3862 SP=0030:000000003fe64f70 env->regs[R_EAX]=000000000000004e
RAX=000000000000004e RBX=0000000000000064 RCX=000000000000b008 RDX=0000000000a7ec90
RSI=0000000000a7ecde RDI=000000003e5b40d4 RBP=000000003fe64fa0 RSP=000000003fe64f70
R8 =000000003fe64f8f R9 =000000000000c042 R10=0000000000000000 R11=0000000000000000
R12=000000000004baf1 R13=0000000000000011 R14=000000000000c040 R15=0000000000000000
RIP=000000003e6d3862 RFL=00000206 [-----P-] CPL=0 II=0 A20=1 SMM=0 HLT=0
ES =0030 0000000000000000 ffffffff 00cf9300 DPL=0 DS   [-WA]
CS =0038 0000000000000000 ffffffff 00af9a00 DPL=0 CS64 [-R-]
SS =0030 0000000000000000 ffffffff 00cf9300 DPL=0 DS   [-WA]
DS =0030 0000000000000000 ffffffff 00cf9300 DPL=0 DS   [-WA]
FS =0030 0000000000000000 ffffffff 00cf9300 DPL=0 DS   [-WA]
GS =0030 0000000000000000 ffffffff 00cf9300 DPL=0 DS   [-WA]
LDT=0000 0000000000000000 0000ffff 00008200 DPL=0 LDT
TR =0000 0000000000000000 0000ffff 00008b00 DPL=0 TSS64-busy
GDT=     000000003f5dc000 00000047
IDT=     000000003efa3018 00000fff
CR0=80010033 CR2=0000000000000000 CR3=000000003f801000 CR4=00000668
DR0=0000000000000000 DR1=0000000000000000 DR2=0000000000000000 DR3=0000000000000000 
DR6=00000000ffff0ff0 DR7=0000000000000400
CCS=0000000000000004 CCD=000000000000004e CCO=EFLAGS
EFER=0000000000000d00
Servicing hardware INT=0x20
   195: v=20 e=0000 i=0 cpl=0 IP=0038:000000003ef9f419 pc=000000003ef9f419 SP=0030:000000003fe64e00 env->regs[R_EAX]=0000000000000058
RAX=0000000000000058 RBX=00000000000001f7 RCX=00000000000001f7 RDX=00000000000001f7
RSI=0000000000000000 RDI=0000000000000000 RBP=000000003fe64e20 RSP=000000003fe64e00
R8 =000000003fe64f4f R9 =00000000000001f7 R10=0000000000000000 R11=0000000000000000
R12=000000003fe64f4f R13=0000000000000001 R14=0000000000000001 R15=0000000000000001
RIP=000000003ef9f419 RFL=00000246 [---Z-P-] CPL=0 II=0 A20=1 SMM=0 HLT=0
ES =0030 0000000000000000 ffffffff 00cf9300 DPL=0 DS   [-WA]
CS =0038 0000000000000000 ffffffff 00af9a00 DPL=0 CS64 [-R-]
SS =0030 0000000000000000 ffffffff 00cf9300 DPL=0 DS   [-WA]
DS =0030 0000000000000000 ffffffff 00cf9300 DPL=0 DS   [-WA]
FS =0030 0000000000000000 ffffffff 00cf9300 DPL=0 DS   [-WA]
GS =0030 0000000000000000 ffffffff 00cf9300 DPL=0 DS   [-WA]
LDT=0000 0000000000000000 0000ffff 00008200 DPL=0 LDT
TR =0000 0000000000000000 0000ffff 00008b00 DPL=0 TSS64-busy
GDT=     000000003f5dc000 00000047
IDT=     000000003efa3018 00000fff
CR0=80010033 CR2=0000000000000000 CR3=000000003f801000 CR4=00000668
DR0=0000000000000000 DR1=0000000000000000 DR2=0000000000000000 DR3=0000000000000000 
DR6=00000000ffff0ff0 DR7=0000000000000400
CCS=0000000000000044 CCD=0000000000000000 CCO=EFLAGS
EFER=0000000000000d00
Servicing hardware INT=0x20
   196: v=20 e=0000 i=0 cpl=0 IP=0038:000000003e6d3862 pc=000000003e6d3862 SP=0030:000000003fe64fb0 env->regs[R_EAX]=00000000000000df
RAX=00000000000000df RBX=0000000000000064 RCX=000000000000b008 RDX=0000000000a8fc18
RSI=0000000000a8fcf7 RDI=000000003e5b40d4 RBP=000000003fe64fe0 RSP=000000003fe64fb0
R8 =000000003fe64fcf R9 =000000000000c042 R10=0000000000000000 R11=0000000000000000
R12=000000000004baf1 R13=0000000000000011 R14=000000000000c040 R15=0000000000000000
RIP=000000003e6d3862 RFL=00000202 [-------] CPL=0 II=0 A20=1 SMM=0 HLT=0
ES =0030 0000000000000000 ffffffff 00cf9300 DPL=0 DS   [-WA]
CS =0038 0000000000000000 ffffffff 00af9a00 DPL=0 CS64 [-R-]
SS =0030 0000000000000000 ffffffff 00cf9300 DPL=0 DS   [-WA]
DS =0030 0000000000000000 ffffffff 00cf9300 DPL=0 DS   [-WA]
FS =0030 0000000000000000 ffffffff 00cf9300 DPL=0 DS   [-WA]
GS =0030 0000000000000000 ffffffff 00cf9300 DPL=0 DS   [-WA]
LDT=0000 0000000000000000 0000ffff 00008200 DPL=0 LDT
TR =0000 0000000000000000 0000ffff 00008b00 DPL=0 TSS64-busy
GDT=     000000003f5dc000 00000047
IDT=     000000003efa3018 00000fff
CR0=80010033 CR2=0000000000000000 CR3=000000003f801000 CR4=00000668
DR0=0000000000000000 DR1=0000000000000000 DR2=0000000000000000 DR3=0000000000000000 
DR6=00000000ffff0ff0 DR7=0000000000000400
CCS=0000000000000000 CCD=00000000000000df CCO=EFLAGS
EFER=0000000000000d00
Servicing hardware INT=0x20
   197: v=20 e=0000 i=0 cpl=0 IP=0038:000000003e6d3862 pc=000000003e6d3862 SP=0030:000000003fe64fb0 env->regs[R_EAX]=00000000000000a3
RAX=00000000000000a3 RBX=0000000000000064 RCX=000000000000b008 RDX=0000000000a954cd
RSI=0000000000a95570 RDI=000000003e5b40d4 RBP=000000003fe64fe0 RSP=000000003fe64fb0
R8 =000000003fe64fcf R9 =000000000000c042 R10=0000000000000000 R11=0000000000000000
R12=000000000004bac7 R13=0000000000000011 R14=000000000000c040 R15=0000000000000000
RIP=000000003e6d3862 RFL=00000206 [-----P-] CPL=0 II=0 A20=1 SMM=0 HLT=0
ES =0030 0000000000000000 ffffffff 00cf9300 DPL=0 DS   [-WA]
CS =0038 0000000000000000 ffffffff 00af9a00 DPL=0 CS64 [-R-]
SS =0030 0000000000000000 ffffffff 00cf9300 DPL=0 DS   [-WA]
DS =0030 0000000000000000 ffffffff 00cf9300 DPL=0 DS   [-WA]
FS =0030 0000000000000000 ffffffff 00cf9300 DPL=0 DS   [-WA]
GS =0030 0000000000000000 ffffffff 00cf9300 DPL=0 DS   [-WA]
LDT=0000 0000000000000000 0000ffff 00008200 DPL=0 LDT
TR =0000 0000000000000000 0000ffff 00008b00 DPL=0 TSS64-busy
GDT=     000000003f5dc000 00000047
IDT=     000000003efa3018 00000fff
CR0=80010033 CR2=0000000000000000 CR3=000000003f801000 CR4=00000668
DR0=0000000000000000 DR1=0000000000000000 DR2=0000000000000000 DR3=0000000000000000 
DR6=00000000ffff0ff0 DR7=0000000000000400
CCS=0000000000000004 CCD=00000000000000a3 CCO=EFLAGS
EFER=0000000000000d00
Servicing hardware INT=0x20
   198: v=20 e=0000 i=0 cpl=0 IP=0038:000000003e6d3862 pc=000000003e6d3862 SP=0030:000000003fe64fb0 env->regs[R_EAX]=0000000000000120
RAX=0000000000000120 RBX=0000000000000064 RCX=000000000000b008 RDX=0000000000a9f1b6
RSI=0000000000a9f2d6 RDI=000000003e5b40d4 RBP=000000003fe64fe0 RSP=000000003fe64fb0
R8 =000000003fe64fcf R9 =000000000000c042 R10=0000000000000000 R11=0000000000000000
R12=000000000004baf1 R13=0000000000000011 R14=000000000000c040 R15=0000000000000000
RIP=000000003e6d3862 RFL=00000202 [-------] CPL=0 II=0 A20=1 SMM=0 HLT=0
ES =0030 0000000000000000 ffffffff 00cf9300 DPL=0 DS   [-WA]
CS =0038 0000000000000000 ffffffff 00af9a00 DPL=0 CS64 [-R-]
SS =0030 0000000000000000 ffffffff 00cf9300 DPL=0 DS   [-WA]
DS =0030 0000000000000000 ffffffff 00cf9300 DPL=0 DS   [-WA]
FS =0030 0000000000000000 ffffffff 00cf9300 DPL=0 DS   [-WA]
GS =0030 0000000000000000 ffffffff 00cf9300 DPL=0 DS   [-WA]
LDT=0000 0000000000000000 0000ffff 00008200 DPL=0 LDT
TR =0000 0000000000000000 0000ffff 00008b00 DPL=0 TSS64-busy
GDT=     000000003f5dc000 00000047
IDT=     000000003efa3018 00000fff
CR0=80010033 CR2=0000000000000000 CR3=000000003f801000 CR4=00000668
DR0=0000000000000000 DR1=0000000000000000 DR2=0000000000000000 DR3=0000000000000000 
DR6=00000000ffff0ff0 DR7=0000000000000400
CCS=0000000000000000 CCD=0000000000000120 CCO=EFLAGS
EFER=0000000000000d00
Servicing hardware INT=0x20
   199: v=20 e=0000 i=0 cpl=0 IP=0038:000000003e6d3862 pc=000000003e6d3862 SP=0030:000000003fe64fb0 env->regs[R_EAX]=000000000000629c
RAX=000000000000629c RBX=0000000000002710 RCX=000000000000b008 RDX=0000000000aa7ab3
RSI=0000000000aadd4f RDI=000000003e5b40d4 RBP=000000003fe64fe0 RSP=000000003fe64fb0
R8 =000000003fe65000 R9 =00000000000003f6 R10=0000000000000000 R11=0000000000000000
R12=000000000000c042 R13=0000000000000011 R14=000000000000c040 R15=0000000000000000
RIP=000000003e6d3862 RFL=00000206 [-----P-] CPL=0 II=0 A20=1 SMM=0 HLT=0
ES =0030 0000000000000000 ffffffff 00cf9300 DPL=0 DS   [-WA]
CS =0038 0000000000000000 ffffffff 00af9a00 DPL=0 CS64 [-R-]
SS =0030 0000000000000000 ffffffff 00cf9300 DPL=0 DS   [-WA]
DS =0030 0000000000000000 ffffffff 00cf9300 DPL=0 DS   [-WA]
FS =0030 0000000000000000 ffffffff 00cf9300 DPL=0 DS   [-WA]
GS =0030 0000000000000000 ffffffff 00cf9300 DPL=0 DS   [-WA]
LDT=0000 0000000000000000 0000ffff 00008200 DPL=0 LDT
TR =0000 0000000000000000 0000ffff 00008b00 DPL=0 TSS64-busy
GDT=     000000003f5dc000 00000047
IDT=     000000003efa3018 00000fff
CR0=80010033 CR2=0000000000000000 CR3=000000003f801000 CR4=00000668
DR0=0000000000000000 DR1=0000000000000000 DR2=0000000000000000 DR3=0000000000000000 
DR6=00000000ffff0ff0 DR7=0000000000000400
CCS=0000000000000004 CCD=000000000000629c CCO=EFLAGS
EFER=0000000000000d00
Servicing hardware INT=0x20
   200: v=20 e=0000 i=0 cpl=0 IP=0038:000000003e6d3862 pc=000000003e6d3862 SP=0030:000000003fe64fb0 env->regs[R_EAX]=0000000000000029
RAX=0000000000000029 RBX=0000000000000064 RCX=000000000000b008 RDX=0000000000aaf867
RSI=0000000000aaf890 RDI=000000003e5b40d4 RBP=000000003fe64fe0 RSP=000000003fe64fb0
R8 =000000003fe64fcf R9 =000000000000c042 R10=0000000000000000 R11=0000000000000000
R12=000000000004bae8 R13=0000000000000011 R14=000000000000c040 R15=0000000000000000
RIP=000000003e6d3862 RFL=00000202 [-------] CPL=0 II=0 A20=1 SMM=0 HLT=0
ES =0030 0000000000000000 ffffffff 00cf9300 DPL=0 DS   [-WA]
CS =0038 0000000000000000 ffffffff 00af9a00 DPL=0 CS64 [-R-]
SS =0030 0000000000000000 ffffffff 00cf9300 DPL=0 DS   [-WA]
DS =0030 0000000000000000 ffffffff 00cf9300 DPL=0 DS   [-WA]
FS =0030 0000000000000000 ffffffff 00cf9300 DPL=0 DS   [-WA]
GS =0030 0000000000000000 ffffffff 00cf9300 DPL=0 DS   [-WA]
LDT=0000 0000000000000000 0000ffff 00008200 DPL=0 LDT
TR =0000 0000000000000000 0000ffff 00008b00 DPL=0 TSS64-busy
GDT=     000000003f5dc000 00000047
IDT=     000000003efa3018 00000fff
CR0=80010033 CR2=0000000000000000 CR3=000000003f801000 CR4=00000668
DR0=0000000000000000 DR1=0000000000000000 DR2=0000000000000000 DR3=0000000000000000 
DR6=00000000ffff0ff0 DR7=0000000000000400
CCS=0000000000000000 CCD=0000000000000029 CCO=EFLAGS
EFER=0000000000000d00
Servicing hardware INT=0x20
   201: v=20 e=0000 i=0 cpl=0 IP=0038:000000003e6d3862 pc=000000003e6d3862 SP=0030:000000003fe64fb0 env->regs[R_EAX]=000000000000010f
RAX=000000000000010f RBX=0000000000000064 RCX=000000000000b008 RDX=0000000000abfc05
RSI=0000000000abfd14 RDI=000000003e5b40d4 RBP=000000003fe64fe0 RSP=000000003fe64fb0
R8 =000000003fe64fcf R9 =000000000000c042 R10=0000000000000000 R11=0000000000000000
R12=000000000004baf1 R13=0000000000000011 R14=000000000000c040 R15=0000000000000000
RIP=000000003e6d3862 RFL=00000206 [-----P-] CPL=0 II=0 A20=1 SMM=0 HLT=0
ES =0030 0000000000000000 ffffffff 00cf9300 DPL=0 DS   [-WA]
CS =0038 0000000000000000 ffffffff 00af9a00 DPL=0 CS64 [-R-]
SS =0030 0000000000000000 ffffffff 00cf9300 DPL=0 DS   [-WA]
DS =0030 0000000000000000 ffffffff 00cf9300 DPL=0 DS   [-WA]
FS =0030 0000000000000000 ffffffff 00cf9300 DPL=0 DS   [-WA]
GS =0030 0000000000000000 ffffffff 00cf9300 DPL=0 DS   [-WA]
LDT=0000 0000000000000000 0000ffff 00008200 DPL=0 LDT
TR =0000 0000000000000000 0000ffff 00008b00 DPL=0 TSS64-busy
GDT=     000000003f5dc000 00000047
IDT=     000000003efa3018 00000fff
CR0=80010033 CR2=0000000000000000 CR3=000000003f801000 CR4=00000668
DR0=0000000000000000 DR1=0000000000000000 DR2=0000000000000000 DR3=0000000000000000 
DR6=00000000ffff0ff0 DR7=0000000000000400
CCS=0000000000000004 CCD=000000000000010f CCO=EFLAGS
EFER=0000000000000d00
Servicing hardware INT=0x20
   202: v=20 e=0000 i=0 cpl=0 IP=0038:000000003e6d3862 pc=000000003e6d3862 SP=0030:000000003fe64fb0 env->regs[R_EAX]=000000000000008b
RAX=000000000000008b RBX=0000000000000064 RCX=000000000000b008 RDX=0000000000ac0fbf
RSI=0000000000ac104a RDI=000000003e5b40d4 RBP=000000003fe64fe0 RSP=000000003fe64fb0
R8 =000000003fe64fcf R9 =000000000000c042 R10=0000000000000000 R11=0000000000000000
R12=000000000004bae7 R13=0000000000000011 R14=000000000000c040 R15=0000000000000000
RIP=000000003e6d3862 RFL=00000206 [-----P-] CPL=0 II=0 A20=1 SMM=0 HLT=0
ES =0030 0000000000000000 ffffffff 00cf9300 DPL=0 DS   [-WA]
CS =0038 0000000000000000 ffffffff 00af9a00 DPL=0 CS64 [-R-]
SS =0030 0000000000000000 ffffffff 00cf9300 DPL=0 DS   [-WA]
DS =0030 0000000000000000 ffffffff 00cf9300 DPL=0 DS   [-WA]
FS =0030 0000000000000000 ffffffff 00cf9300 DPL=0 DS   [-WA]
GS =0030 0000000000000000 ffffffff 00cf9300 DPL=0 DS   [-WA]
LDT=0000 0000000000000000 0000ffff 00008200 DPL=0 LDT
TR =0000 0000000000000000 0000ffff 00008b00 DPL=0 TSS64-busy
GDT=     000000003f5dc000 00000047
IDT=     000000003efa3018 00000fff
CR0=80010033 CR2=0000000000000000 CR3=000000003f801000 CR4=00000668
DR0=0000000000000000 DR1=0000000000000000 DR2=0000000000000000 DR3=0000000000000000 
DR6=00000000ffff0ff0 DR7=0000000000000400
CCS=0000000000000004 CCD=000000000000008b CCO=EFLAGS
EFER=0000000000000d00
Servicing hardware INT=0x20
   203: v=20 e=0000 i=0 cpl=0 IP=0038:000000003fe6659b pc=000000003fe6659b SP=0030:000000003fe65548 env->regs[R_EAX]=0000000000000008
RAX=0000000000000008 RBX=8000000000000002 RCX=0000000000000010 RDX=000000003e79f140
RSI=0000000000000000 RDI=000000003e4c0518 RBP=000000003fe655c0 RSP=000000003fe65548
R8 =000000003fe65638 R9 =000000003f4ecf98 R10=000000003f58b75c R11=000000003f6d631e
R12=0000000000000001 R13=00000000000004f7 R14=000000003f4ecf98 R15=000000003e79f140
RIP=000000003fe6659b RFL=00000206 [-----P-] CPL=0 II=0 A20=1 SMM=0 HLT=0
ES =0030 0000000000000000 ffffffff 00cf9300 DPL=0 DS   [-WA]
CS =0038 0000000000000000 ffffffff 00af9a00 DPL=0 CS64 [-R-]
SS =0030 0000000000000000 ffffffff 00cf9300 DPL=0 DS   [-WA]
DS =0030 0000000000000000 ffffffff 00cf9300 DPL=0 DS   [-WA]
FS =0030 0000000000000000 ffffffff 00cf9300 DPL=0 DS   [-WA]
GS =0030 0000000000000000 ffffffff 00cf9300 DPL=0 DS   [-WA]
LDT=0000 0000000000000000 0000ffff 00008200 DPL=0 LDT
TR =0000 0000000000000000 0000ffff 00008b00 DPL=0 TSS64-busy
GDT=     000000003f5dc000 00000047
IDT=     000000003efa3018 00000fff
CR0=80010033 CR2=0000000000000000 CR3=000000003f801000 CR4=00000668
DR0=0000000000000000 DR1=0000000000000000 DR2=0000000000000000 DR3=0000000000000000 
DR6=00000000ffff0ff0 DR7=0000000000000400
CCS=0000000000000004 CCD=000000003fe65530 CCO=EFLAGS
EFER=0000000000000d00
Servicing hardware INT=0x20
   204: v=20 e=0000 i=0 cpl=0 IP=0038:000000003e6d3862 pc=000000003e6d3862 SP=0030:000000003fe64ea0 env->regs[R_EAX]=0000000000000025
RAX=0000000000000025 RBX=0000000000000064 RCX=000000000000b008 RDX=0000000000ad2765
RSI=0000000000ad278a RDI=000000003e5b40d4 RBP=000000003fe64ed0 RSP=000000003fe64ea0
R8 =000000003fe64ebf R9 =000000000000c042 R10=0000000000000000 R11=0000000000000000
R12=000000000004baef R13=0000000000000011 R14=000000000000c040 R15=0000000000000000
RIP=000000003e6d3862 RFL=00000202 [-------] CPL=0 II=0 A20=1 SMM=0 HLT=0
ES =0030 0000000000000000 ffffffff 00cf9300 DPL=0 DS   [-WA]
CS =0038 0000000000000000 ffffffff 00af9a00 DPL=0 CS64 [-R-]
SS =0030 0000000000000000 ffffffff 00cf9300 DPL=0 DS   [-WA]
DS =0030 0000000000000000 ffffffff 00cf9300 DPL=0 DS   [-WA]
FS =0030 0000000000000000 ffffffff 00cf9300 DPL=0 DS   [-WA]
GS =0030 0000000000000000 ffffffff 00cf9300 DPL=0 DS   [-WA]
LDT=0000 0000000000000000 0000ffff 00008200 DPL=0 LDT
TR =0000 0000000000000000 0000ffff 00008b00 DPL=0 TSS64-busy
GDT=     000000003f5dc000 00000047
IDT=     000000003efa3018 00000fff
CR0=80010033 CR2=0000000000000000 CR3=000000003f801000 CR4=00000668
DR0=0000000000000000 DR1=0000000000000000 DR2=0000000000000000 DR3=0000000000000000 
DR6=00000000ffff0ff0 DR7=0000000000000400
CCS=0000000000000000 CCD=0000000000000025 CCO=EFLAGS
EFER=0000000000000d00
Servicing hardware INT=0x20
   205: v=20 e=0000 i=0 cpl=0 IP=0038:000000003e6d3862 pc=000000003e6d3862 SP=0030:000000003fe64ea0 env->regs[R_EAX]=0000000000001248
RAX=0000000000001248 RBX=0000000000002710 RCX=000000000000b008 RDX=0000000000adf3c2
RSI=0000000000ae060a RDI=000000003e5b40d4 RBP=000000003fe64ed0 RSP=000000003fe64ea0
R8 =000000003fe64ef0 R9 =00000000000003f6 R10=0000000000000000 R11=0000000000000000
R12=000000000000c042 R13=0000000000000011 R14=000000000000c040 R15=0000000000000000
RIP=000000003e6d3862 RFL=00000206 [-----P-] CPL=0 II=0 A20=1 SMM=0 HLT=0
ES =0030 0000000000000000 ffffffff 00cf9300 DPL=0 DS   [-WA]
CS =0038 0000000000000000 ffffffff 00af9a00 DPL=0 CS64 [-R-]
SS =0030 0000000000000000 ffffffff 00cf9300 DPL=0 DS   [-WA]
DS =0030 0000000000000000 ffffffff 00cf9300 DPL=0 DS   [-WA]
FS =0030 0000000000000000 ffffffff 00cf9300 DPL=0 DS   [-WA]
GS =0030 0000000000000000 ffffffff 00cf9300 DPL=0 DS   [-WA]
LDT=0000 0000000000000000 0000ffff 00008200 DPL=0 LDT
TR =0000 0000000000000000 0000ffff 00008b00 DPL=0 TSS64-busy
GDT=     000000003f5dc000 00000047
IDT=     000000003efa3018 00000fff
CR0=80010033 CR2=0000000000000000 CR3=000000003f801000 CR4=00000668
DR0=0000000000000000 DR1=0000000000000000 DR2=0000000000000000 DR3=0000000000000000 
DR6=00000000ffff0ff0 DR7=0000000000000400
CCS=0000000000000004 CCD=0000000000001248 CCO=EFLAGS
EFER=0000000000000d00
Servicing hardware INT=0x20
   206: v=20 e=0000 i=0 cpl=0 IP=0038:000000003e6d3862 pc=000000003e6d3862 SP=0030:000000003fe64ea0 env->regs[R_EAX]=000000000000009c
RAX=000000000000009c RBX=0000000000000064 RCX=000000000000b008 RDX=0000000000ae3f4d
RSI=0000000000ae3fe9 RDI=000000003e5b40d4 RBP=000000003fe64ed0 RSP=000000003fe64ea0
R8 =000000003fe64ebf R9 =000000000000c042 R10=0000000000000000 R11=0000000000000000
R12=000000000004bad5 R13=0000000000000011 R14=000000000000c040 R15=0000000000000000
RIP=000000003e6d3862 RFL=00000206 [-----P-] CPL=0 II=0 A20=1 SMM=0 HLT=0
ES =0030 0000000000000000 ffffffff 00cf9300 DPL=0 DS   [-WA]
CS =0038 0000000000000000 ffffffff 00af9a00 DPL=0 CS64 [-R-]
SS =0030 0000000000000000 ffffffff 00cf9300 DPL=0 DS   [-WA]
DS =0030 0000000000000000 ffffffff 00cf9300 DPL=0 DS   [-WA]
FS =0030 0000000000000000 ffffffff 00cf9300 DPL=0 DS   [-WA]
GS =0030 0000000000000000 ffffffff 00cf9300 DPL=0 DS   [-WA]
LDT=0000 0000000000000000 0000ffff 00008200 DPL=0 LDT
TR =0000 0000000000000000 0000ffff 00008b00 DPL=0 TSS64-busy
GDT=     000000003f5dc000 00000047
IDT=     000000003efa3018 00000fff
CR0=80010033 CR2=0000000000000000 CR3=000000003f801000 CR4=00000668
DR0=0000000000000000 DR1=0000000000000000 DR2=0000000000000000 DR3=0000000000000000 
DR6=00000000ffff0ff0 DR7=0000000000000400
CCS=0000000000000004 CCD=000000000000009c CCO=EFLAGS
EFER=0000000000000d00
Servicing hardware INT=0x20
   207: v=20 e=0000 i=0 cpl=0 IP=0038:000000003e6d3862 pc=000000003e6d3862 SP=0030:000000003fe64ea0 env->regs[R_EAX]=0000000000000111
RAX=0000000000000111 RBX=0000000000000064 RCX=000000000000b008 RDX=0000000000aef94c
RSI=0000000000aefa5d RDI=000000003e5b40d4 RBP=000000003fe64ed0 RSP=000000003fe64ea0
R8 =000000003fe64ebf R9 =000000000000c042 R10=0000000000000000 R11=0000000000000000
R12=000000000004baf1 R13=0000000000000011 R14=000000000000c040 R15=0000000000000000
RIP=000000003e6d3862 RFL=00000206 [-----P-] CPL=0 II=0 A20=1 SMM=0 HLT=0
ES =0030 0000000000000000 ffffffff 00cf9300 DPL=0 DS   [-WA]
CS =0038 0000000000000000 ffffffff 00af9a00 DPL=0 CS64 [-R-]
SS =0030 0000000000000000 ffffffff 00cf9300 DPL=0 DS   [-WA]
DS =0030 0000000000000000 ffffffff 00cf9300 DPL=0 DS   [-WA]
FS =0030 0000000000000000 ffffffff 00cf9300 DPL=0 DS   [-WA]
GS =0030 0000000000000000 ffffffff 00cf9300 DPL=0 DS   [-WA]
LDT=0000 0000000000000000 0000ffff 00008200 DPL=0 LDT
TR =0000 0000000000000000 0000ffff 00008b00 DPL=0 TSS64-busy
GDT=     000000003f5dc000 00000047
IDT=     000000003efa3018 00000fff
CR0=80010033 CR2=0000000000000000 CR3=000000003f801000 CR4=00000668
DR0=0000000000000000 DR1=0000000000000000 DR2=0000000000000000 DR3=0000000000000000 
DR6=00000000ffff0ff0 DR7=0000000000000400
CCS=0000000000000004 CCD=0000000000000111 CCO=EFLAGS
EFER=0000000000000d00
Servicing hardware INT=0x20
   208: v=20 e=0000 i=0 cpl=0 IP=0038:000000003e6d3862 pc=000000003e6d3862 SP=0030:000000003fe64ea0 env->regs[R_EAX]=0000000000000032
RAX=0000000000000032 RBX=0000000000000064 RCX=000000000000b008 RDX=0000000000af56ca
RSI=0000000000af56fc RDI=000000003e5b40d4 RBP=000000003fe64ed0 RSP=000000003fe64ea0
R8 =000000003fe64ebf R9 =000000000000c042 R10=0000000000000000 R11=0000000000000000
R12=000000000004babd R13=0000000000000011 R14=000000000000c040 R15=0000000000000000
RIP=000000003e6d3862 RFL=00000202 [-------] CPL=0 II=0 A20=1 SMM=0 HLT=0
ES =0030 0000000000000000 ffffffff 00cf9300 DPL=0 DS   [-WA]
CS =0038 0000000000000000 ffffffff 00af9a00 DPL=0 CS64 [-R-]
SS =0030 0000000000000000 ffffffff 00cf9300 DPL=0 DS   [-WA]
DS =0030 0000000000000000 ffffffff 00cf9300 DPL=0 DS   [-WA]
FS =0030 0000000000000000 ffffffff 00cf9300 DPL=0 DS   [-WA]
GS =0030 0000000000000000 ffffffff 00cf9300 DPL=0 DS   [-WA]
LDT=0000 0000000000000000 0000ffff 00008200 DPL=0 LDT
TR =0000 0000000000000000 0000ffff 00008b00 DPL=0 TSS64-busy
GDT=     000000003f5dc000 00000047
IDT=     000000003efa3018 00000fff
CR0=80010033 CR2=0000000000000000 CR3=000000003f801000 CR4=00000668
DR0=0000000000000000 DR1=0000000000000000 DR2=0000000000000000 DR3=0000000000000000 
DR6=00000000ffff0ff0 DR7=0000000000000400
CCS=0000000000000000 CCD=0000000000000032 CCO=EFLAGS
EFER=0000000000000d00
Servicing hardware INT=0x20
   209: v=20 e=0000 i=0 cpl=0 IP=0038:000000003e6d3862 pc=000000003e6d3862 SP=0030:000000003fe64ee0 env->regs[R_EAX]=0000000000000114
RAX=0000000000000114 RBX=0000000000000064 RCX=000000000000b008 RDX=0000000000b00322
RSI=0000000000b00436 RDI=000000003e5b40d4 RBP=000000003fe64f10 RSP=000000003fe64ee0
R8 =000000003fe64eff R9 =000000000000c042 R10=0000000000000000 R11=0000000000000000
R12=000000000004baf1 R13=0000000000000011 R14=000000000000c040 R15=0000000000000000
RIP=000000003e6d3862 RFL=00000206 [-----P-] CPL=0 II=0 A20=1 SMM=0 HLT=0
ES =0030 0000000000000000 ffffffff 00cf9300 DPL=0 DS   [-WA]
CS =0038 0000000000000000 ffffffff 00af9a00 DPL=0 CS64 [-R-]
SS =0030 0000000000000000 ffffffff 00cf9300 DPL=0 DS   [-WA]
DS =0030 0000000000000000 ffffffff 00cf9300 DPL=0 DS   [-WA]
FS =0030 0000000000000000 ffffffff 00cf9300 DPL=0 DS   [-WA]
GS =0030 0000000000000000 ffffffff 00cf9300 DPL=0 DS   [-WA]
LDT=0000 0000000000000000 0000ffff 00008200 DPL=0 LDT
TR =0000 0000000000000000 0000ffff 00008b00 DPL=0 TSS64-busy
GDT=     000000003f5dc000 00000047
IDT=     000000003efa3018 00000fff
CR0=80010033 CR2=0000000000000000 CR3=000000003f801000 CR4=00000668
DR0=0000000000000000 DR1=0000000000000000 DR2=0000000000000000 DR3=0000000000000000 
DR6=00000000ffff0ff0 DR7=0000000000000400
CCS=0000000000000004 CCD=0000000000000114 CCO=EFLAGS
EFER=0000000000000d00
Servicing hardware INT=0x20
   210: v=20 e=0000 i=0 cpl=0 IP=0038:000000003e6d3862 pc=000000003e6d3862 SP=0030:000000003fe64ee0 env->regs[R_EAX]=00000000000063c8
RAX=00000000000063c8 RBX=0000000000002710 RCX=000000000000b008 RDX=0000000000b080dd
RSI=0000000000b0e4a5 RDI=000000003e5b40d4 RBP=000000003fe64f10 RSP=000000003fe64ee0
R8 =000000003fe64f30 R9 =00000000000003f6 R10=0000000000000000 R11=0000000000000000
R12=000000000000c042 R13=0000000000000011 R14=000000000000c040 R15=0000000000000000
RIP=000000003e6d3862 RFL=00000202 [-------] CPL=0 II=0 A20=1 SMM=0 HLT=0
ES =0030 0000000000000000 ffffffff 00cf9300 DPL=0 DS   [-WA]
CS =0038 0000000000000000 ffffffff 00af9a00 DPL=0 CS64 [-R-]
SS =0030 0000000000000000 ffffffff 00cf9300 DPL=0 DS   [-WA]
DS =0030 0000000000000000 ffffffff 00cf9300 DPL=0 DS   [-WA]
FS =0030 0000000000000000 ffffffff 00cf9300 DPL=0 DS   [-WA]
GS =0030 0000000000000000 ffffffff 00cf9300 DPL=0 DS   [-WA]
LDT=0000 0000000000000000 0000ffff 00008200 DPL=0 LDT
TR =0000 0000000000000000 0000ffff 00008b00 DPL=0 TSS64-busy
GDT=     000000003f5dc000 00000047
IDT=     000000003efa3018 00000fff
CR0=80010033 CR2=0000000000000000 CR3=000000003f801000 CR4=00000668
DR0=0000000000000000 DR1=0000000000000000 DR2=0000000000000000 DR3=0000000000000000 
DR6=00000000ffff0ff0 DR7=0000000000000400
CCS=0000000000000000 CCD=00000000000063c8 CCO=EFLAGS
EFER=0000000000000d00
Servicing hardware INT=0x20
   211: v=20 e=0000 i=0 cpl=0 IP=0038:000000003e6d3862 pc=000000003e6d3862 SP=0030:000000003fe64ee0 env->regs[R_EAX]=0000000000000108
RAX=0000000000000108 RBX=0000000000000064 RCX=000000000000b008 RDX=0000000000b0fa3b
RSI=0000000000b0fb43 RDI=000000003e5b40d4 RBP=000000003fe64f10 RSP=000000003fe64ee0
R8 =000000003fe64eff R9 =000000000000c042 R10=0000000000000000 R11=0000000000000000
R12=000000000004baeb R13=0000000000000011 R14=000000000000c040 R15=0000000000000000
RIP=000000003e6d3862 RFL=00000202 [-------] CPL=0 II=0 A20=1 SMM=0 HLT=0
ES =0030 0000000000000000 ffffffff 00cf9300 DPL=0 DS   [-WA]
CS =0038 0000000000000000 ffffffff 00af9a00 DPL=0 CS64 [-R-]
SS =0030 0000000000000000 ffffffff 00cf9300 DPL=0 DS   [-WA]
DS =0030 0000000000000000 ffffffff 00cf9300 DPL=0 DS   [-WA]
FS =0030 0000000000000000 ffffffff 00cf9300 DPL=0 DS   [-WA]
GS =0030 0000000000000000 ffffffff 00cf9300 DPL=0 DS   [-WA]
LDT=0000 0000000000000000 0000ffff 00008200 DPL=0 LDT
TR =0000 0000000000000000 0000ffff 00008b00 DPL=0 TSS64-busy
GDT=     000000003f5dc000 00000047
IDT=     000000003efa3018 00000fff
CR0=80010033 CR2=0000000000000000 CR3=000000003f801000 CR4=00000668
DR0=0000000000000000 DR1=0000000000000000 DR2=0000000000000000 DR3=0000000000000000 
DR6=00000000ffff0ff0 DR7=0000000000000400
CCS=0000000000000000 CCD=0000000000000108 CCO=EFLAGS
EFER=0000000000000d00
Servicing hardware INT=0x20
   212: v=20 e=0000 i=0 cpl=0 IP=0038:000000003e6d3862 pc=000000003e6d3862 SP=0030:000000003fe64ee0 env->regs[R_EAX]=00000000000000fb
RAX=00000000000000fb RBX=0000000000000064 RCX=000000000000b008 RDX=0000000000b1ddec
RSI=0000000000b1dee7 RDI=000000003e5b40d4 RBP=000000003fe64f10 RSP=000000003fe64ee0
R8 =000000003fe64eff R9 =000000000000c042 R10=0000000000000000 R11=0000000000000000
R12=000000000004baf1 R13=0000000000000011 R14=000000000000c040 R15=0000000000000000
RIP=000000003e6d3862 RFL=00000202 [-------] CPL=0 II=0 A20=1 SMM=0 HLT=0
ES =0030 0000000000000000 ffffffff 00cf9300 DPL=0 DS   [-WA]
CS =0038 0000000000000000 ffffffff 00af9a00 DPL=0 CS64 [-R-]
SS =0030 0000000000000000 ffffffff 00cf9300 DPL=0 DS   [-WA]
DS =0030 0000000000000000 ffffffff 00cf9300 DPL=0 DS   [-WA]
FS =0030 0000000000000000 ffffffff 00cf9300 DPL=0 DS   [-WA]
GS =0030 0000000000000000 ffffffff 00cf9300 DPL=0 DS   [-WA]
LDT=0000 0000000000000000 0000ffff 00008200 DPL=0 LDT
TR =0000 0000000000000000 0000ffff 00008b00 DPL=0 TSS64-busy
GDT=     000000003f5dc000 00000047
IDT=     000000003efa3018 00000fff
CR0=80010033 CR2=0000000000000000 CR3=000000003f801000 CR4=00000668
DR0=0000000000000000 DR1=0000000000000000 DR2=0000000000000000 DR3=0000000000000000 
DR6=00000000ffff0ff0 DR7=0000000000000400
CCS=0000000000000000 CCD=00000000000000fb CCO=EFLAGS
EFER=0000000000000d00
Servicing hardware INT=0x20
   213: v=20 e=0000 i=0 cpl=0 IP=0038:000000003e6d3862 pc=000000003e6d3862 SP=0030:000000003fe64ee0 env->regs[R_EAX]=000000000000008b
RAX=000000000000008b RBX=0000000000000064 RCX=000000000000b008 RDX=0000000000b211d6
RSI=0000000000b21261 RDI=000000003e5b40d4 RBP=000000003fe64f10 RSP=000000003fe64ee0
R8 =000000003fe64eff R9 =000000000000c042 R10=0000000000000000 R11=0000000000000000
R12=000000000004bad2 R13=0000000000000011 R14=000000000000c040 R15=0000000000000000
RIP=000000003e6d3862 RFL=00000206 [-----P-] CPL=0 II=0 A20=1 SMM=0 HLT=0
ES =0030 0000000000000000 ffffffff 00cf9300 DPL=0 DS   [-WA]
CS =0038 0000000000000000 ffffffff 00af9a00 DPL=0 CS64 [-R-]
SS =0030 0000000000000000 ffffffff 00cf9300 DPL=0 DS   [-WA]
DS =0030 0000000000000000 ffffffff 00cf9300 DPL=0 DS   [-WA]
FS =0030 0000000000000000 ffffffff 00cf9300 DPL=0 DS   [-WA]
GS =0030 0000000000000000 ffffffff 00cf9300 DPL=0 DS   [-WA]
LDT=0000 0000000000000000 0000ffff 00008200 DPL=0 LDT
TR =0000 0000000000000000 0000ffff 00008b00 DPL=0 TSS64-busy
GDT=     000000003f5dc000 00000047
IDT=     000000003efa3018 00000fff
CR0=80010033 CR2=0000000000000000 CR3=000000003f801000 CR4=00000668
DR0=0000000000000000 DR1=0000000000000000 DR2=0000000000000000 DR3=0000000000000000 
DR6=00000000ffff0ff0 DR7=0000000000000400
CCS=0000000000000004 CCD=000000000000008b CCO=EFLAGS
EFER=0000000000000d00
Servicing hardware INT=0x20
   214: v=20 e=0000 i=0 cpl=0 IP=0038:000000003e6d3862 pc=000000003e6d3862 SP=0030:000000003fe64ee0 env->regs[R_EAX]=0000000000000121
RAX=0000000000000121 RBX=0000000000000064 RCX=000000000000b008 RDX=0000000000b2ec6c
RSI=0000000000b2ed8d RDI=000000003e5b40d4 RBP=000000003fe64f10 RSP=000000003fe64ee0
R8 =000000003fe64eff R9 =000000000000c042 R10=0000000000000000 R11=0000000000000000
R12=000000000004baf1 R13=0000000000000011 R14=000000000000c040 R15=0000000000000000
RIP=000000003e6d3862 RFL=00000206 [-----P-] CPL=0 II=0 A20=1 SMM=0 HLT=0
ES =0030 0000000000000000 ffffffff 00cf9300 DPL=0 DS   [-WA]
CS =0038 0000000000000000 ffffffff 00af9a00 DPL=0 CS64 [-R-]
SS =0030 0000000000000000 ffffffff 00cf9300 DPL=0 DS   [-WA]
DS =0030 0000000000000000 ffffffff 00cf9300 DPL=0 DS   [-WA]
FS =0030 0000000000000000 ffffffff 00cf9300 DPL=0 DS   [-WA]
GS =0030 0000000000000000 ffffffff 00cf9300 DPL=0 DS   [-WA]
LDT=0000 0000000000000000 0000ffff 00008200 DPL=0 LDT
TR =0000 0000000000000000 0000ffff 00008b00 DPL=0 TSS64-busy
GDT=     000000003f5dc000 00000047
IDT=     000000003efa3018 00000fff
CR0=80010033 CR2=0000000000000000 CR3=000000003f801000 CR4=00000668
DR0=0000000000000000 DR1=0000000000000000 DR2=0000000000000000 DR3=0000000000000000 
DR6=00000000ffff0ff0 DR7=0000000000000400
CCS=0000000000000004 CCD=0000000000000121 CCO=EFLAGS
EFER=0000000000000d00
Servicing hardware INT=0x20
   215: v=20 e=0000 i=0 cpl=0 IP=0038:000000003e6d3862 pc=000000003e6d3862 SP=0030:000000003fe64ee0 env->regs[R_EAX]=0000000000000160
RAX=0000000000000160 RBX=0000000000000064 RCX=000000000000b008 RDX=0000000000b32993
RSI=0000000000b32af3 RDI=000000003e5b40d4 RBP=000000003fe64f10 RSP=000000003fe64ee0
R8 =000000003fe64eff R9 =000000000000c042 R10=0000000000000000 R11=0000000000000000
R12=000000000004bacc R13=0000000000000011 R14=000000000000c040 R15=0000000000000000
RIP=000000003e6d3862 RFL=00000206 [-----P-] CPL=0 II=0 A20=1 SMM=0 HLT=0
ES =0030 0000000000000000 ffffffff 00cf9300 DPL=0 DS   [-WA]
CS =0038 0000000000000000 ffffffff 00af9a00 DPL=0 CS64 [-R-]
SS =0030 0000000000000000 ffffffff 00cf9300 DPL=0 DS   [-WA]
DS =0030 0000000000000000 ffffffff 00cf9300 DPL=0 DS   [-WA]
FS =0030 0000000000000000 ffffffff 00cf9300 DPL=0 DS   [-WA]
GS =0030 0000000000000000 ffffffff 00cf9300 DPL=0 DS   [-WA]
LDT=0000 0000000000000000 0000ffff 00008200 DPL=0 LDT
TR =0000 0000000000000000 0000ffff 00008b00 DPL=0 TSS64-busy
GDT=     000000003f5dc000 00000047
IDT=     000000003efa3018 00000fff
CR0=80010033 CR2=0000000000000000 CR3=000000003f801000 CR4=00000668
DR0=0000000000000000 DR1=0000000000000000 DR2=0000000000000000 DR3=0000000000000000 
DR6=00000000ffff0ff0 DR7=0000000000000400
CCS=0000000000000004 CCD=0000000000000160 CCO=EFLAGS
EFER=0000000000000d00
Servicing hardware INT=0x20
   216: v=20 e=0000 i=0 cpl=0 IP=0038:000000003e6d3862 pc=000000003e6d3862 SP=0030:000000003fe64ee0 env->regs[R_EAX]=00000000000005e3
RAX=00000000000005e3 RBX=0000000000002710 RCX=000000000000b008 RDX=0000000000b3e763
RSI=0000000000b3ed46 RDI=000000003e5b40d4 RBP=000000003fe64f10 RSP=000000003fe64ee0
R8 =000000003fe64f30 R9 =00000000000003f6 R10=0000000000000000 R11=0000000000000000
R12=000000000000c042 R13=0000000000000011 R14=000000000000c040 R15=0000000000000000
RIP=000000003e6d3862 RFL=00000202 [-------] CPL=0 II=0 A20=1 SMM=0 HLT=0
ES =0030 0000000000000000 ffffffff 00cf9300 DPL=0 DS   [-WA]
CS =0038 0000000000000000 ffffffff 00af9a00 DPL=0 CS64 [-R-]
SS =0030 0000000000000000 ffffffff 00cf9300 DPL=0 DS   [-WA]
DS =0030 0000000000000000 ffffffff 00cf9300 DPL=0 DS   [-WA]
FS =0030 0000000000000000 ffffffff 00cf9300 DPL=0 DS   [-WA]
GS =0030 0000000000000000 ffffffff 00cf9300 DPL=0 DS   [-WA]
LDT=0000 0000000000000000 0000ffff 00008200 DPL=0 LDT
TR =0000 0000000000000000 0000ffff 00008b00 DPL=0 TSS64-busy
GDT=     000000003f5dc000 00000047
IDT=     000000003efa3018 00000fff
CR0=80010033 CR2=0000000000000000 CR3=000000003f801000 CR4=00000668
DR0=0000000000000000 DR1=0000000000000000 DR2=0000000000000000 DR3=0000000000000000 
DR6=00000000ffff0ff0 DR7=0000000000000400
CCS=0000000000000000 CCD=00000000000005e3 CCO=EFLAGS
EFER=0000000000000d00
Servicing hardware INT=0x20
   217: v=20 e=0000 i=0 cpl=0 IP=0038:000000003e6d3862 pc=000000003e6d3862 SP=0030:000000003fe64f70 env->regs[R_EAX]=0000000000000090
RAX=0000000000000090 RBX=0000000000000064 RCX=000000000000b008 RDX=0000000000b44128
RSI=0000000000b441b8 RDI=000000003e5b40d4 RBP=000000003fe64fa0 RSP=000000003fe64f70
R8 =000000003fe64f8f R9 =000000000000c042 R10=0000000000000000 R11=0000000000000000
R12=000000000004bad9 R13=0000000000000011 R14=000000000000c040 R15=0000000000000000
RIP=000000003e6d3862 RFL=00000206 [-----P-] CPL=0 II=0 A20=1 SMM=0 HLT=0
ES =0030 0000000000000000 ffffffff 00cf9300 DPL=0 DS   [-WA]
CS =0038 0000000000000000 ffffffff 00af9a00 DPL=0 CS64 [-R-]
SS =0030 0000000000000000 ffffffff 00cf9300 DPL=0 DS   [-WA]
DS =0030 0000000000000000 ffffffff 00cf9300 DPL=0 DS   [-WA]
FS =0030 0000000000000000 ffffffff 00cf9300 DPL=0 DS   [-WA]
GS =0030 0000000000000000 ffffffff 00cf9300 DPL=0 DS   [-WA]
LDT=0000 0000000000000000 0000ffff 00008200 DPL=0 LDT
TR =0000 0000000000000000 0000ffff 00008b00 DPL=0 TSS64-busy
GDT=     000000003f5dc000 00000047
IDT=     000000003efa3018 00000fff
CR0=80010033 CR2=0000000000000000 CR3=000000003f801000 CR4=00000668
DR0=0000000000000000 DR1=0000000000000000 DR2=0000000000000000 DR3=0000000000000000 
DR6=00000000ffff0ff0 DR7=0000000000000400
CCS=0000000000000004 CCD=0000000000000090 CCO=EFLAGS
EFER=0000000000000d00
Servicing hardware INT=0x20
   218: v=20 e=0000 i=0 cpl=0 IP=0038:000000003e6d3862 pc=000000003e6d3862 SP=0030:000000003fe64f70 env->regs[R_EAX]=0000000000000106
RAX=0000000000000106 RBX=0000000000000064 RCX=000000000000b008 RDX=0000000000b50833
RSI=0000000000b50939 RDI=000000003e5b40d4 RBP=000000003fe64fa0 RSP=000000003fe64f70
R8 =000000003fe64f8f R9 =000000000000c042 R10=0000000000000000 R11=0000000000000000
R12=000000000004baf1 R13=0000000000000011 R14=000000000000c040 R15=0000000000000000
RIP=000000003e6d3862 RFL=00000206 [-----P-] CPL=0 II=0 A20=1 SMM=0 HLT=0
ES =0030 0000000000000000 ffffffff 00cf9300 DPL=0 DS   [-WA]
CS =0038 0000000000000000 ffffffff 00af9a00 DPL=0 CS64 [-R-]
SS =0030 0000000000000000 ffffffff 00cf9300 DPL=0 DS   [-WA]
DS =0030 0000000000000000 ffffffff 00cf9300 DPL=0 DS   [-WA]
FS =0030 0000000000000000 ffffffff 00cf9300 DPL=0 DS   [-WA]
GS =0030 0000000000000000 ffffffff 00cf9300 DPL=0 DS   [-WA]
LDT=0000 0000000000000000 0000ffff 00008200 DPL=0 LDT
TR =0000 0000000000000000 0000ffff 00008b00 DPL=0 TSS64-busy
GDT=     000000003f5dc000 00000047
IDT=     000000003efa3018 00000fff
CR0=80010033 CR2=0000000000000000 CR3=000000003f801000 CR4=00000668
DR0=0000000000000000 DR1=0000000000000000 DR2=0000000000000000 DR3=0000000000000000 
DR6=00000000ffff0ff0 DR7=0000000000000400
CCS=0000000000000004 CCD=0000000000000106 CCO=EFLAGS
EFER=0000000000000d00
Servicing hardware INT=0x20
   219: v=20 e=0000 i=0 cpl=0 IP=0038:000000003e6d3862 pc=000000003e6d3862 SP=0030:000000003fe64f70 env->regs[R_EAX]=0000000000000099
RAX=0000000000000099 RBX=0000000000000064 RCX=000000000000b008 RDX=0000000000b551d7
RSI=0000000000b55270 RDI=000000003e5b40d4 RBP=000000003fe64fa0 RSP=000000003fe64f70
R8 =000000003fe64f8f R9 =000000000000c042 R10=0000000000000000 R11=0000000000000000
R12=000000000004baca R13=0000000000000011 R14=000000000000c040 R15=0000000000000000
RIP=000000003e6d3862 RFL=00000206 [-----P-] CPL=0 II=0 A20=1 SMM=0 HLT=0
ES =0030 0000000000000000 ffffffff 00cf9300 DPL=0 DS   [-WA]
CS =0038 0000000000000000 ffffffff 00af9a00 DPL=0 CS64 [-R-]
SS =0030 0000000000000000 ffffffff 00cf9300 DPL=0 DS   [-WA]
DS =0030 0000000000000000 ffffffff 00cf9300 DPL=0 DS   [-WA]
FS =0030 0000000000000000 ffffffff 00cf9300 DPL=0 DS   [-WA]
GS =0030 0000000000000000 ffffffff 00cf9300 DPL=0 DS   [-WA]
LDT=0000 0000000000000000 0000ffff 00008200 DPL=0 LDT
TR =0000 0000000000000000 0000ffff 00008b00 DPL=0 TSS64-busy
GDT=     000000003f5dc000 00000047
IDT=     000000003efa3018 00000fff
CR0=80010033 CR2=0000000000000000 CR3=000000003f801000 CR4=00000668
DR0=0000000000000000 DR1=0000000000000000 DR2=0000000000000000 DR3=0000000000000000 
DR6=00000000ffff0ff0 DR7=0000000000000400
CCS=0000000000000004 CCD=0000000000000099 CCO=EFLAGS
EFER=0000000000000d00
Servicing hardware INT=0x20
   220: v=20 e=0000 i=0 cpl=0 IP=0038:000000003e6d3862 pc=000000003e6d3862 SP=0030:000000003fe64f70 env->regs[R_EAX]=00000000000000b7
RAX=00000000000000b7 RBX=0000000000000064 RCX=000000000000b008 RDX=0000000000b5f59a
RSI=0000000000b5f651 RDI=000000003e5b40d4 RBP=000000003fe64fa0 RSP=000000003fe64f70
R8 =000000003fe64f8f R9 =000000000000c042 R10=0000000000000000 R11=0000000000000000
R12=000000000004baf1 R13=0000000000000011 R14=000000000000c040 R15=0000000000000000
RIP=000000003e6d3862 RFL=00000206 [-----P-] CPL=0 II=0 A20=1 SMM=0 HLT=0
ES =0030 0000000000000000 ffffffff 00cf9300 DPL=0 DS   [-WA]
CS =0038 0000000000000000 ffffffff 00af9a00 DPL=0 CS64 [-R-]
SS =0030 0000000000000000 ffffffff 00cf9300 DPL=0 DS   [-WA]
DS =0030 0000000000000000 ffffffff 00cf9300 DPL=0 DS   [-WA]
FS =0030 0000000000000000 ffffffff 00cf9300 DPL=0 DS   [-WA]
GS =0030 0000000000000000 ffffffff 00cf9300 DPL=0 DS   [-WA]
LDT=0000 0000000000000000 0000ffff 00008200 DPL=0 LDT
TR =0000 0000000000000000 0000ffff 00008b00 DPL=0 TSS64-busy
GDT=     000000003f5dc000 00000047
IDT=     000000003efa3018 00000fff
CR0=80010033 CR2=0000000000000000 CR3=000000003f801000 CR4=00000668
DR0=0000000000000000 DR1=0000000000000000 DR2=0000000000000000 DR3=0000000000000000 
DR6=00000000ffff0ff0 DR7=0000000000000400
CCS=0000000000000004 CCD=00000000000000b7 CCO=EFLAGS
EFER=0000000000000d00
Servicing hardware INT=0x20
   221: v=20 e=0000 i=0 cpl=0 IP=0038:000000003e6d3862 pc=000000003e6d3862 SP=0030:000000003fe64f70 env->regs[R_EAX]=0000000000000164
RAX=0000000000000164 RBX=0000000000000064 RCX=000000000000b008 RDX=0000000000b67074
RSI=0000000000b671d8 RDI=000000003e5b40d4 RBP=000000003fe64fa0 RSP=000000003fe64f70
R8 =000000003fe64f8f R9 =000000000000c042 R10=0000000000000000 R11=0000000000000000
R12=000000000004bab2 R13=0000000000000011 R14=000000000000c040 R15=0000000000000000
RIP=000000003e6d3862 RFL=00000202 [-------] CPL=0 II=0 A20=1 SMM=0 HLT=0
ES =0030 0000000000000000 ffffffff 00cf9300 DPL=0 DS   [-WA]
CS =0038 0000000000000000 ffffffff 00af9a00 DPL=0 CS64 [-R-]
SS =0030 0000000000000000 ffffffff 00cf9300 DPL=0 DS   [-WA]
DS =0030 0000000000000000 ffffffff 00cf9300 DPL=0 DS   [-WA]
FS =0030 0000000000000000 ffffffff 00cf9300 DPL=0 DS   [-WA]
GS =0030 0000000000000000 ffffffff 00cf9300 DPL=0 DS   [-WA]
LDT=0000 0000000000000000 0000ffff 00008200 DPL=0 LDT
TR =0000 0000000000000000 0000ffff 00008b00 DPL=0 TSS64-busy
GDT=     000000003f5dc000 00000047
IDT=     000000003efa3018 00000fff
CR0=80010033 CR2=0000000000000000 CR3=000000003f801000 CR4=00000668
DR0=0000000000000000 DR1=0000000000000000 DR2=0000000000000000 DR3=0000000000000000 
DR6=00000000ffff0ff0 DR7=0000000000000400
CCS=0000000000000000 CCD=0000000000000164 CCO=EFLAGS
EFER=0000000000000d00
Servicing hardware INT=0x20
   222: v=20 e=0000 i=0 cpl=0 IP=0038:000000003e6d3862 pc=000000003e6d3862 SP=0030:000000003fe64fb0 env->regs[R_EAX]=0000000000000102
RAX=0000000000000102 RBX=0000000000000064 RCX=000000000000b008 RDX=0000000000b70f55
RSI=0000000000b71057 RDI=000000003e5b40d4 RBP=000000003fe64fe0 RSP=000000003fe64fb0
R8 =000000003fe64fcf R9 =000000000000c042 R10=0000000000000000 R11=0000000000000000
R12=000000000004baf1 R13=0000000000000011 R14=000000000000c040 R15=0000000000000000
RIP=000000003e6d3862 RFL=00000202 [-------] CPL=0 II=0 A20=1 SMM=0 HLT=0
ES =0030 0000000000000000 ffffffff 00cf9300 DPL=0 DS   [-WA]
CS =0038 0000000000000000 ffffffff 00af9a00 DPL=0 CS64 [-R-]
SS =0030 0000000000000000 ffffffff 00cf9300 DPL=0 DS   [-WA]
DS =0030 0000000000000000 ffffffff 00cf9300 DPL=0 DS   [-WA]
FS =0030 0000000000000000 ffffffff 00cf9300 DPL=0 DS   [-WA]
GS =0030 0000000000000000 ffffffff 00cf9300 DPL=0 DS   [-WA]
LDT=0000 0000000000000000 0000ffff 00008200 DPL=0 LDT
TR =0000 0000000000000000 0000ffff 00008b00 DPL=0 TSS64-busy
GDT=     000000003f5dc000 00000047
IDT=     000000003efa3018 00000fff
CR0=80010033 CR2=0000000000000000 CR3=000000003f801000 CR4=00000668
DR0=0000000000000000 DR1=0000000000000000 DR2=0000000000000000 DR3=0000000000000000 
DR6=00000000ffff0ff0 DR7=0000000000000400
CCS=0000000000000000 CCD=0000000000000102 CCO=EFLAGS
EFER=0000000000000d00
Servicing hardware INT=0x20
   223: v=20 e=0000 i=0 cpl=0 IP=0038:000000003e6d3862 pc=000000003e6d3862 SP=0030:000000003fe64fb0 env->regs[R_EAX]=0000000000000114
RAX=0000000000000114 RBX=0000000000000064 RCX=000000000000b008 RDX=0000000000b80044
RSI=0000000000b80158 RDI=000000003e5b40d4 RBP=000000003fe64fe0 RSP=000000003fe64fb0
R8 =000000003fe64fcf R9 =000000000000c042 R10=0000000000000000 R11=0000000000000000
R12=000000000004baf1 R13=0000000000000011 R14=000000000000c040 R15=0000000000000000
RIP=000000003e6d3862 RFL=00000206 [-----P-] CPL=0 II=0 A20=1 SMM=0 HLT=0
ES =0030 0000000000000000 ffffffff 00cf9300 DPL=0 DS   [-WA]
CS =0038 0000000000000000 ffffffff 00af9a00 DPL=0 CS64 [-R-]
SS =0030 0000000000000000 ffffffff 00cf9300 DPL=0 DS   [-WA]
DS =0030 0000000000000000 ffffffff 00cf9300 DPL=0 DS   [-WA]
FS =0030 0000000000000000 ffffffff 00cf9300 DPL=0 DS   [-WA]
GS =0030 0000000000000000 ffffffff 00cf9300 DPL=0 DS   [-WA]
LDT=0000 0000000000000000 0000ffff 00008200 DPL=0 LDT
TR =0000 0000000000000000 0000ffff 00008b00 DPL=0 TSS64-busy
GDT=     000000003f5dc000 00000047
IDT=     000000003efa3018 00000fff
CR0=80010033 CR2=0000000000000000 CR3=000000003f801000 CR4=00000668
DR0=0000000000000000 DR1=0000000000000000 DR2=0000000000000000 DR3=0000000000000000 
DR6=00000000ffff0ff0 DR7=0000000000000400
CCS=0000000000000004 CCD=0000000000000114 CCO=EFLAGS
EFER=0000000000000d00
Servicing hardware INT=0x20
   224: v=20 e=0000 i=0 cpl=0 IP=0038:000000003e6d3862 pc=000000003e6d3862 SP=0030:000000003fe64fb0 env->regs[R_EAX]=000000000000008a
RAX=000000000000008a RBX=0000000000000064 RCX=000000000000b008 RDX=0000000000b81406
RSI=0000000000b81490 RDI=000000003e5b40d4 RBP=000000003fe64fe0 RSP=000000003fe64fb0
R8 =000000003fe64fcf R9 =000000000000c042 R10=0000000000000000 R11=0000000000000000
R12=000000000004bae6 R13=0000000000000011 R14=000000000000c040 R15=0000000000000000
RIP=000000003e6d3862 RFL=00000202 [-------] CPL=0 II=0 A20=1 SMM=0 HLT=0
ES =0030 0000000000000000 ffffffff 00cf9300 DPL=0 DS   [-WA]
CS =0038 0000000000000000 ffffffff 00af9a00 DPL=0 CS64 [-R-]
SS =0030 0000000000000000 ffffffff 00cf9300 DPL=0 DS   [-WA]
DS =0030 0000000000000000 ffffffff 00cf9300 DPL=0 DS   [-WA]
FS =0030 0000000000000000 ffffffff 00cf9300 DPL=0 DS   [-WA]
GS =0030 0000000000000000 ffffffff 00cf9300 DPL=0 DS   [-WA]
LDT=0000 0000000000000000 0000ffff 00008200 DPL=0 LDT
TR =0000 0000000000000000 0000ffff 00008b00 DPL=0 TSS64-busy
GDT=     000000003f5dc000 00000047
IDT=     000000003efa3018 00000fff
CR0=80010033 CR2=0000000000000000 CR3=000000003f801000 CR4=00000668
DR0=0000000000000000 DR1=0000000000000000 DR2=0000000000000000 DR3=0000000000000000 
DR6=00000000ffff0ff0 DR7=0000000000000400
CCS=0000000000000000 CCD=000000000000008a CCO=EFLAGS
EFER=0000000000000d00
Servicing hardware INT=0x20
   225: v=20 e=0000 i=0 cpl=0 IP=0038:000000003e6d3862 pc=000000003e6d3862 SP=0030:000000003fe64fb0 env->regs[R_EAX]=0000000000000111
RAX=0000000000000111 RBX=0000000000000064 RCX=000000000000b008 RDX=0000000000b8f0ab
RSI=0000000000b8f1bc RDI=000000003e5b40d4 RBP=000000003fe64fe0 RSP=000000003fe64fb0
R8 =000000003fe64fcf R9 =000000000000c042 R10=0000000000000000 R11=0000000000000000
R12=000000000004baf1 R13=0000000000000011 R14=000000000000c040 R15=0000000000000000
RIP=000000003e6d3862 RFL=00000206 [-----P-] CPL=0 II=0 A20=1 SMM=0 HLT=0
ES =0030 0000000000000000 ffffffff 00cf9300 DPL=0 DS   [-WA]
CS =0038 0000000000000000 ffffffff 00af9a00 DPL=0 CS64 [-R-]
SS =0030 0000000000000000 ffffffff 00cf9300 DPL=0 DS   [-WA]
DS =0030 0000000000000000 ffffffff 00cf9300 DPL=0 DS   [-WA]
FS =0030 0000000000000000 ffffffff 00cf9300 DPL=0 DS   [-WA]
GS =0030 0000000000000000 ffffffff 00cf9300 DPL=0 DS   [-WA]
LDT=0000 0000000000000000 0000ffff 00008200 DPL=0 LDT
TR =0000 0000000000000000 0000ffff 00008b00 DPL=0 TSS64-busy
GDT=     000000003f5dc000 00000047
IDT=     000000003efa3018 00000fff
CR0=80010033 CR2=0000000000000000 CR3=000000003f801000 CR4=00000668
DR0=0000000000000000 DR1=0000000000000000 DR2=0000000000000000 DR3=0000000000000000 
DR6=00000000ffff0ff0 DR7=0000000000000400
CCS=0000000000000004 CCD=0000000000000111 CCO=EFLAGS
EFER=0000000000000d00
Servicing hardware INT=0x20
   226: v=20 e=0000 i=0 cpl=0 IP=0038:000000003e6d3862 pc=000000003e6d3862 SP=0030:000000003fe64fb0 env->regs[R_EAX]=0000000000000039
RAX=0000000000000039 RBX=0000000000000064 RCX=000000000000b008 RDX=0000000000b92b86
RSI=0000000000b92bbf RDI=000000003e5b40d4 RBP=000000003fe64fe0 RSP=000000003fe64fb0
R8 =000000003fe64fcf R9 =000000000000c042 R10=0000000000000000 R11=0000000000000000
R12=000000000004bacf R13=0000000000000011 R14=000000000000c040 R15=0000000000000000
RIP=000000003e6d3862 RFL=00000206 [-----P-] CPL=0 II=0 A20=1 SMM=0 HLT=0
ES =0030 0000000000000000 ffffffff 00cf9300 DPL=0 DS   [-WA]
CS =0038 0000000000000000 ffffffff 00af9a00 DPL=0 CS64 [-R-]
SS =0030 0000000000000000 ffffffff 00cf9300 DPL=0 DS   [-WA]
DS =0030 0000000000000000 ffffffff 00cf9300 DPL=0 DS   [-WA]
FS =0030 0000000000000000 ffffffff 00cf9300 DPL=0 DS   [-WA]
GS =0030 0000000000000000 ffffffff 00cf9300 DPL=0 DS   [-WA]
LDT=0000 0000000000000000 0000ffff 00008200 DPL=0 LDT
TR =0000 0000000000000000 0000ffff 00008b00 DPL=0 TSS64-busy
GDT=     000000003f5dc000 00000047
IDT=     000000003efa3018 00000fff
CR0=80010033 CR2=0000000000000000 CR3=000000003f801000 CR4=00000668
DR0=0000000000000000 DR1=0000000000000000 DR2=0000000000000000 DR3=0000000000000000 
DR6=00000000ffff0ff0 DR7=0000000000000400
CCS=0000000000000004 CCD=0000000000000039 CCO=EFLAGS
EFER=0000000000000d00
Servicing hardware INT=0x20
   227: v=20 e=0000 i=0 cpl=0 IP=0038:000000003e6d3862 pc=000000003e6d3862 SP=0030:000000003fe64fb0 env->regs[R_EAX]=0000000000000776
RAX=0000000000000776 RBX=0000000000002710 RCX=000000000000b008 RDX=0000000000b9ebad
RSI=0000000000b9f323 RDI=000000003e5b40d4 RBP=000000003fe64fe0 RSP=000000003fe64fb0
R8 =000000003fe65000 R9 =00000000000003f6 R10=0000000000000000 R11=0000000000000000
R12=000000000000c042 R13=0000000000000011 R14=000000000000c040 R15=0000000000000000
RIP=000000003e6d3862 RFL=00000202 [-------] CPL=0 II=0 A20=1 SMM=0 HLT=0
ES =0030 0000000000000000 ffffffff 00cf9300 DPL=0 DS   [-WA]
CS =0038 0000000000000000 ffffffff 00af9a00 DPL=0 CS64 [-R-]
SS =0030 0000000000000000 ffffffff 00cf9300 DPL=0 DS   [-WA]
DS =0030 0000000000000000 ffffffff 00cf9300 DPL=0 DS   [-WA]
FS =0030 0000000000000000 ffffffff 00cf9300 DPL=0 DS   [-WA]
GS =0030 0000000000000000 ffffffff 00cf9300 DPL=0 DS   [-WA]
LDT=0000 0000000000000000 0000ffff 00008200 DPL=0 LDT
TR =0000 0000000000000000 0000ffff 00008b00 DPL=0 TSS64-busy
GDT=     000000003f5dc000 00000047
IDT=     000000003efa3018 00000fff
CR0=80010033 CR2=0000000000000000 CR3=000000003f801000 CR4=00000668
DR0=0000000000000000 DR1=0000000000000000 DR2=0000000000000000 DR3=0000000000000000 
DR6=00000000ffff0ff0 DR7=0000000000000400
CCS=0000000000000000 CCD=0000000000000776 CCO=EFLAGS
EFER=0000000000000d00
Servicing hardware INT=0x20
   228: v=20 e=0000 i=0 cpl=0 IP=0038:000000003e6d3862 pc=000000003e6d3862 SP=0030:000000003fe64fb0 env->regs[R_EAX]=0000000000000158
RAX=0000000000000158 RBX=0000000000000064 RCX=000000000000b008 RDX=0000000000ba434e
RSI=0000000000ba44a6 RDI=000000003e5b40d4 RBP=000000003fe64fe0 RSP=000000003fe64fb0
R8 =000000003fe64fcf R9 =000000000000c042 R10=0000000000000000 R11=0000000000000000
R12=000000000004bac7 R13=0000000000000011 R14=000000000000c040 R15=0000000000000000
RIP=000000003e6d3862 RFL=00000202 [-------] CPL=0 II=0 A20=1 SMM=0 HLT=0
ES =0030 0000000000000000 ffffffff 00cf9300 DPL=0 DS   [-WA]
CS =0038 0000000000000000 ffffffff 00af9a00 DPL=0 CS64 [-R-]
SS =0030 0000000000000000 ffffffff 00cf9300 DPL=0 DS   [-WA]
DS =0030 0000000000000000 ffffffff 00cf9300 DPL=0 DS   [-WA]
FS =0030 0000000000000000 ffffffff 00cf9300 DPL=0 DS   [-WA]
GS =0030 0000000000000000 ffffffff 00cf9300 DPL=0 DS   [-WA]
LDT=0000 0000000000000000 0000ffff 00008200 DPL=0 LDT
TR =0000 0000000000000000 0000ffff 00008b00 DPL=0 TSS64-busy
GDT=     000000003f5dc000 00000047
IDT=     000000003efa3018 00000fff
CR0=80010033 CR2=0000000000000000 CR3=000000003f801000 CR4=00000668
DR0=0000000000000000 DR1=0000000000000000 DR2=0000000000000000 DR3=0000000000000000 
DR6=00000000ffff0ff0 DR7=0000000000000400
CCS=0000000000000000 CCD=0000000000000158 CCO=EFLAGS
EFER=0000000000000d00
Servicing hardware INT=0x20
   229: v=20 e=0000 i=0 cpl=0 IP=0038:000000003e6d3862 pc=000000003e6d3862 SP=0030:000000003fe64ea0 env->regs[R_EAX]=0000000000000114
RAX=0000000000000114 RBX=0000000000000064 RCX=000000000000b008 RDX=0000000000bb1f55
RSI=0000000000bb2069 RDI=000000003e5b40d4 RBP=000000003fe64ed0 RSP=000000003fe64ea0
R8 =000000003fe64ebf R9 =000000000000c042 R10=0000000000000000 R11=0000000000000000
R12=000000000004baf1 R13=0000000000000011 R14=000000000000c040 R15=0000000000000000
RIP=000000003e6d3862 RFL=00000206 [-----P-] CPL=0 II=0 A20=1 SMM=0 HLT=0
ES =0030 0000000000000000 ffffffff 00cf9300 DPL=0 DS   [-WA]
CS =0038 0000000000000000 ffffffff 00af9a00 DPL=0 CS64 [-R-]
SS =0030 0000000000000000 ffffffff 00cf9300 DPL=0 DS   [-WA]
DS =0030 0000000000000000 ffffffff 00cf9300 DPL=0 DS   [-WA]
FS =0030 0000000000000000 ffffffff 00cf9300 DPL=0 DS   [-WA]
GS =0030 0000000000000000 ffffffff 00cf9300 DPL=0 DS   [-WA]
LDT=0000 0000000000000000 0000ffff 00008200 DPL=0 LDT
TR =0000 0000000000000000 0000ffff 00008b00 DPL=0 TSS64-busy
GDT=     000000003f5dc000 00000047
IDT=     000000003efa3018 00000fff
CR0=80010033 CR2=0000000000000000 CR3=000000003f801000 CR4=00000668
DR0=0000000000000000 DR1=0000000000000000 DR2=0000000000000000 DR3=0000000000000000 
DR6=00000000ffff0ff0 DR7=0000000000000400
CCS=0000000000000004 CCD=0000000000000114 CCO=EFLAGS
EFER=0000000000000d00
Servicing hardware INT=0x20
   230: v=20 e=0000 i=0 cpl=0 IP=0038:000000003e6d3862 pc=000000003e6d3862 SP=0030:000000003fe64ea0 env->regs[R_EAX]=0000000000000153
RAX=0000000000000153 RBX=0000000000000064 RCX=000000000000b008 RDX=0000000000bb542f
RSI=0000000000bb5582 RDI=000000003e5b40d4 RBP=000000003fe64ed0 RSP=000000003fe64ea0
R8 =000000003fe64ebf R9 =000000000000c042 R10=0000000000000000 R11=0000000000000000
R12=000000000004bad2 R13=0000000000000011 R14=000000000000c040 R15=0000000000000000
RIP=000000003e6d3862 RFL=00000206 [-----P-] CPL=0 II=0 A20=1 SMM=0 HLT=0
ES =0030 0000000000000000 ffffffff 00cf9300 DPL=0 DS   [-WA]
CS =0038 0000000000000000 ffffffff 00af9a00 DPL=0 CS64 [-R-]
SS =0030 0000000000000000 ffffffff 00cf9300 DPL=0 DS   [-WA]
DS =0030 0000000000000000 ffffffff 00cf9300 DPL=0 DS   [-WA]
FS =0030 0000000000000000 ffffffff 00cf9300 DPL=0 DS   [-WA]
GS =0030 0000000000000000 ffffffff 00cf9300 DPL=0 DS   [-WA]
LDT=0000 0000000000000000 0000ffff 00008200 DPL=0 LDT
TR =0000 0000000000000000 0000ffff 00008b00 DPL=0 TSS64-busy
GDT=     000000003f5dc000 00000047
IDT=     000000003efa3018 00000fff
CR0=80010033 CR2=0000000000000000 CR3=000000003f801000 CR4=00000668
DR0=0000000000000000 DR1=0000000000000000 DR2=0000000000000000 DR3=0000000000000000 
DR6=00000000ffff0ff0 DR7=0000000000000400
CCS=0000000000000004 CCD=0000000000000153 CCO=EFLAGS
EFER=0000000000000d00
Servicing hardware INT=0x20
   231: v=20 e=0000 i=0 cpl=0 IP=0038:000000003e6d3862 pc=000000003e6d3862 SP=0030:000000003fe64ea0 env->regs[R_EAX]=0000000000000115
RAX=0000000000000115 RBX=0000000000000064 RCX=000000000000b008 RDX=0000000000bc0be6
RSI=0000000000bc0cfb RDI=000000003e5b40d4 RBP=000000003fe64ed0 RSP=000000003fe64ea0
R8 =000000003fe64ebf R9 =000000000000c042 R10=0000000000000000 R11=0000000000000000
R12=000000000004baf1 R13=0000000000000011 R14=000000000000c040 R15=0000000000000000
RIP=000000003e6d3862 RFL=00000202 [-------] CPL=0 II=0 A20=1 SMM=0 HLT=0
ES =0030 0000000000000000 ffffffff 00cf9300 DPL=0 DS   [-WA]
CS =0038 0000000000000000 ffffffff 00af9a00 DPL=0 CS64 [-R-]
SS =0030 0000000000000000 ffffffff 00cf9300 DPL=0 DS   [-WA]
DS =0030 0000000000000000 ffffffff 00cf9300 DPL=0 DS   [-WA]
FS =0030 0000000000000000 ffffffff 00cf9300 DPL=0 DS   [-WA]
GS =0030 0000000000000000 ffffffff 00cf9300 DPL=0 DS   [-WA]
LDT=0000 0000000000000000 0000ffff 00008200 DPL=0 LDT
TR =0000 0000000000000000 0000ffff 00008b00 DPL=0 TSS64-busy
GDT=     000000003f5dc000 00000047
IDT=     000000003efa3018 00000fff
CR0=80010033 CR2=0000000000000000 CR3=000000003f801000 CR4=00000668
DR0=0000000000000000 DR1=0000000000000000 DR2=0000000000000000 DR3=0000000000000000 
DR6=00000000ffff0ff0 DR7=0000000000000400
CCS=0000000000000000 CCD=0000000000000115 CCO=EFLAGS
EFER=0000000000000d00
Servicing hardware INT=0x20
   232: v=20 e=0000 i=0 cpl=0 IP=0038:000000003e6d3862 pc=000000003e6d3862 SP=0030:000000003fe64ea0 env->regs[R_EAX]=0000000000000119
RAX=0000000000000119 RBX=0000000000000064 RCX=000000000000b008 RDX=0000000000bcf981
RSI=0000000000bcfa9a RDI=000000003e5b40d4 RBP=000000003fe64ed0 RSP=000000003fe64ea0
R8 =000000003fe64ebf R9 =000000000000c042 R10=0000000000000000 R11=0000000000000000
R12=000000000004baf1 R13=0000000000000011 R14=000000000000c040 R15=0000000000000000
RIP=000000003e6d3862 RFL=00000202 [-------] CPL=0 II=0 A20=1 SMM=0 HLT=0
ES =0030 0000000000000000 ffffffff 00cf9300 DPL=0 DS   [-WA]
CS =0038 0000000000000000 ffffffff 00af9a00 DPL=0 CS64 [-R-]
SS =0030 0000000000000000 ffffffff 00cf9300 DPL=0 DS   [-WA]
DS =0030 0000000000000000 ffffffff 00cf9300 DPL=0 DS   [-WA]
FS =0030 0000000000000000 ffffffff 00cf9300 DPL=0 DS   [-WA]
GS =0030 0000000000000000 ffffffff 00cf9300 DPL=0 DS   [-WA]
LDT=0000 0000000000000000 0000ffff 00008200 DPL=0 LDT
TR =0000 0000000000000000 0000ffff 00008b00 DPL=0 TSS64-busy
GDT=     000000003f5dc000 00000047
IDT=     000000003efa3018 00000fff
CR0=80010033 CR2=0000000000000000 CR3=000000003f801000 CR4=00000668
DR0=0000000000000000 DR1=0000000000000000 DR2=0000000000000000 DR3=0000000000000000 
DR6=00000000ffff0ff0 DR7=0000000000000400
CCS=0000000000000000 CCD=0000000000000119 CCO=EFLAGS
EFER=0000000000000d00
Servicing hardware INT=0x20
   233: v=20 e=0000 i=0 cpl=0 IP=0038:000000003e6d3862 pc=000000003e6d3862 SP=0030:000000003fe64ea0 env->regs[R_EAX]=000000000000014f
RAX=000000000000014f RBX=0000000000000064 RCX=000000000000b008 RDX=0000000000bcfe90
RSI=0000000000bcffdf RDI=000000003e5b40d4 RBP=000000003fe64ed0 RSP=000000003fe64ea0
R8 =000000003fe64ebf R9 =000000000000c042 R10=0000000000000000 R11=0000000000000000
R12=000000000004baef R13=0000000000000011 R14=000000000000c040 R15=0000000000000000
RIP=000000003e6d3862 RFL=00000202 [-------] CPL=0 II=0 A20=1 SMM=0 HLT=0
ES =0030 0000000000000000 ffffffff 00cf9300 DPL=0 DS   [-WA]
CS =0038 0000000000000000 ffffffff 00af9a00 DPL=0 CS64 [-R-]
SS =0030 0000000000000000 ffffffff 00cf9300 DPL=0 DS   [-WA]
DS =0030 0000000000000000 ffffffff 00cf9300 DPL=0 DS   [-WA]
FS =0030 0000000000000000 ffffffff 00cf9300 DPL=0 DS   [-WA]
GS =0030 0000000000000000 ffffffff 00cf9300 DPL=0 DS   [-WA]
LDT=0000 0000000000000000 0000ffff 00008200 DPL=0 LDT
TR =0000 0000000000000000 0000ffff 00008b00 DPL=0 TSS64-busy
GDT=     000000003f5dc000 00000047
IDT=     000000003efa3018 00000fff
CR0=80010033 CR2=0000000000000000 CR3=000000003f801000 CR4=00000668
DR0=0000000000000000 DR1=0000000000000000 DR2=0000000000000000 DR3=0000000000000000 
DR6=00000000ffff0ff0 DR7=0000000000000400
CCS=0000000000000000 CCD=000000000000014f CCO=EFLAGS
EFER=0000000000000d00
Servicing hardware INT=0x20
   234: v=20 e=0000 i=0 cpl=0 IP=0038:000000003e6d3862 pc=000000003e6d3862 SP=0030:000000003fe64ee0 env->regs[R_EAX]=0000000000000121
RAX=0000000000000121 RBX=0000000000000064 RCX=000000000000b008 RDX=0000000000be092d
RSI=0000000000be0a4e RDI=000000003e5b40d4 RBP=000000003fe64f10 RSP=000000003fe64ee0
R8 =000000003fe64eff R9 =000000000000c042 R10=0000000000000000 R11=0000000000000000
R12=000000000004baf1 R13=0000000000000011 R14=000000000000c040 R15=0000000000000000
RIP=000000003e6d3862 RFL=00000206 [-----P-] CPL=0 II=0 A20=1 SMM=0 HLT=0
ES =0030 0000000000000000 ffffffff 00cf9300 DPL=0 DS   [-WA]
CS =0038 0000000000000000 ffffffff 00af9a00 DPL=0 CS64 [-R-]
SS =0030 0000000000000000 ffffffff 00cf9300 DPL=0 DS   [-WA]
DS =0030 0000000000000000 ffffffff 00cf9300 DPL=0 DS   [-WA]
FS =0030 0000000000000000 ffffffff 00cf9300 DPL=0 DS   [-WA]
GS =0030 0000000000000000 ffffffff 00cf9300 DPL=0 DS   [-WA]
LDT=0000 0000000000000000 0000ffff 00008200 DPL=0 LDT
TR =0000 0000000000000000 0000ffff 00008b00 DPL=0 TSS64-busy
GDT=     000000003f5dc000 00000047
IDT=     000000003efa3018 00000fff
CR0=80010033 CR2=0000000000000000 CR3=000000003f801000 CR4=00000668
DR0=0000000000000000 DR1=0000000000000000 DR2=0000000000000000 DR3=0000000000000000 
DR6=00000000ffff0ff0 DR7=0000000000000400
CCS=0000000000000004 CCD=0000000000000121 CCO=EFLAGS
EFER=0000000000000d00
Servicing hardware INT=0x20
   235: v=20 e=0000 i=0 cpl=0 IP=0038:000000003e6d3862 pc=000000003e6d3862 SP=0030:000000003fe64ee0 env->regs[R_EAX]=000000000000014f
RAX=000000000000014f RBX=0000000000000064 RCX=000000000000b008 RDX=0000000000be1652
RSI=0000000000be17a1 RDI=000000003e5b40d4 RBP=000000003fe64f10 RSP=000000003fe64ee0
R8 =000000003fe64eff R9 =000000000000c042 R10=0000000000000000 R11=0000000000000000
R12=000000000004baea R13=0000000000000011 R14=000000000000c040 R15=0000000000000000
RIP=000000003e6d3862 RFL=00000202 [-------] CPL=0 II=0 A20=1 SMM=0 HLT=0
ES =0030 0000000000000000 ffffffff 00cf9300 DPL=0 DS   [-WA]
CS =0038 0000000000000000 ffffffff 00af9a00 DPL=0 CS64 [-R-]
SS =0030 0000000000000000 ffffffff 00cf9300 DPL=0 DS   [-WA]
DS =0030 0000000000000000 ffffffff 00cf9300 DPL=0 DS   [-WA]
FS =0030 0000000000000000 ffffffff 00cf9300 DPL=0 DS   [-WA]
GS =0030 0000000000000000 ffffffff 00cf9300 DPL=0 DS   [-WA]
LDT=0000 0000000000000000 0000ffff 00008200 DPL=0 LDT
TR =0000 0000000000000000 0000ffff 00008b00 DPL=0 TSS64-busy
GDT=     000000003f5dc000 00000047
IDT=     000000003efa3018 00000fff
CR0=80010033 CR2=0000000000000000 CR3=000000003f801000 CR4=00000668
DR0=0000000000000000 DR1=0000000000000000 DR2=0000000000000000 DR3=0000000000000000 
DR6=00000000ffff0ff0 DR7=0000000000000400
CCS=0000000000000000 CCD=000000000000014f CCO=EFLAGS
EFER=0000000000000d00
Servicing hardware INT=0x20
   236: v=20 e=0000 i=0 cpl=0 IP=0038:000000003e6d3862 pc=000000003e6d3862 SP=0030:000000003fe64ee0 env->regs[R_EAX]=0000000000000106
RAX=0000000000000106 RBX=0000000000000064 RCX=000000000000b008 RDX=0000000000bf061c
RSI=0000000000bf0722 RDI=000000003e5b40d4 RBP=000000003fe64f10 RSP=000000003fe64ee0
R8 =000000003fe64eff R9 =000000000000c042 R10=0000000000000000 R11=0000000000000000
R12=000000000004baf1 R13=0000000000000011 R14=000000000000c040 R15=0000000000000000
RIP=000000003e6d3862 RFL=00000206 [-----P-] CPL=0 II=0 A20=1 SMM=0 HLT=0
ES =0030 0000000000000000 ffffffff 00cf9300 DPL=0 DS   [-WA]
CS =0038 0000000000000000 ffffffff 00af9a00 DPL=0 CS64 [-R-]
SS =0030 0000000000000000 ffffffff 00cf9300 DPL=0 DS   [-WA]
DS =0030 0000000000000000 ffffffff 00cf9300 DPL=0 DS   [-WA]
FS =0030 0000000000000000 ffffffff 00cf9300 DPL=0 DS   [-WA]
GS =0030 0000000000000000 ffffffff 00cf9300 DPL=0 DS   [-WA]
LDT=0000 0000000000000000 0000ffff 00008200 DPL=0 LDT
TR =0000 0000000000000000 0000ffff 00008b00 DPL=0 TSS64-busy
GDT=     000000003f5dc000 00000047
IDT=     000000003efa3018 00000fff
CR0=80010033 CR2=0000000000000000 CR3=000000003f801000 CR4=00000668
DR0=0000000000000000 DR1=0000000000000000 DR2=0000000000000000 DR3=0000000000000000 
DR6=00000000ffff0ff0 DR7=0000000000000400
CCS=0000000000000004 CCD=0000000000000106 CCO=EFLAGS
EFER=0000000000000d00
Servicing hardware INT=0x20
   237: v=20 e=0000 i=0 cpl=0 IP=0038:000000003e6d3862 pc=000000003e6d3862 SP=0030:000000003fe64ee0 env->regs[R_EAX]=00000000000000e4
RAX=00000000000000e4 RBX=0000000000000064 RCX=000000000000b008 RDX=0000000000bf2dda
RSI=0000000000bf2ebe RDI=000000003e5b40d4 RBP=000000003fe64f10 RSP=000000003fe64ee0
R8 =000000003fe64eff R9 =000000000000c042 R10=0000000000000000 R11=0000000000000000
R12=000000000004badc R13=0000000000000011 R14=000000000000c040 R15=0000000000000000
RIP=000000003e6d3862 RFL=00000206 [-----P-] CPL=0 II=0 A20=1 SMM=0 HLT=0
ES =0030 0000000000000000 ffffffff 00cf9300 DPL=0 DS   [-WA]
CS =0038 0000000000000000 ffffffff 00af9a00 DPL=0 CS64 [-R-]
SS =0030 0000000000000000 ffffffff 00cf9300 DPL=0 DS   [-WA]
DS =0030 0000000000000000 ffffffff 00cf9300 DPL=0 DS   [-WA]
FS =0030 0000000000000000 ffffffff 00cf9300 DPL=0 DS   [-WA]
GS =0030 0000000000000000 ffffffff 00cf9300 DPL=0 DS   [-WA]
LDT=0000 0000000000000000 0000ffff 00008200 DPL=0 LDT
TR =0000 0000000000000000 0000ffff 00008b00 DPL=0 TSS64-busy
GDT=     000000003f5dc000 00000047
IDT=     000000003efa3018 00000fff
CR0=80010033 CR2=0000000000000000 CR3=000000003f801000 CR4=00000668
DR0=0000000000000000 DR1=0000000000000000 DR2=0000000000000000 DR3=0000000000000000 
DR6=00000000ffff0ff0 DR7=0000000000000400
CCS=0000000000000004 CCD=00000000000000e4 CCO=EFLAGS
EFER=0000000000000d00
Servicing hardware INT=0x20
   238: v=20 e=0000 i=0 cpl=0 IP=0038:000000003e6d3862 pc=000000003e6d3862 SP=0030:000000003fe64ee0 env->regs[R_EAX]=0000000000001386
RAX=0000000000001386 RBX=0000000000002710 RCX=000000000000b008 RDX=0000000000bfe241
RSI=0000000000bff5c7 RDI=000000003e5b40d4 RBP=000000003fe64f10 RSP=000000003fe64ee0
R8 =000000003fe64f30 R9 =00000000000003f6 R10=0000000000000000 R11=0000000000000000
R12=000000000000c042 R13=0000000000000011 R14=000000000000c040 R15=0000000000000000
RIP=000000003e6d3862 RFL=00000202 [-------] CPL=0 II=0 A20=1 SMM=0 HLT=0
ES =0030 0000000000000000 ffffffff 00cf9300 DPL=0 DS   [-WA]
CS =0038 0000000000000000 ffffffff 00af9a00 DPL=0 CS64 [-R-]
SS =0030 0000000000000000 ffffffff 00cf9300 DPL=0 DS   [-WA]
DS =0030 0000000000000000 ffffffff 00cf9300 DPL=0 DS   [-WA]
FS =0030 0000000000000000 ffffffff 00cf9300 DPL=0 DS   [-WA]
GS =0030 0000000000000000 ffffffff 00cf9300 DPL=0 DS   [-WA]
LDT=0000 0000000000000000 0000ffff 00008200 DPL=0 LDT
TR =0000 0000000000000000 0000ffff 00008b00 DPL=0 TSS64-busy
GDT=     000000003f5dc000 00000047
IDT=     000000003efa3018 00000fff
CR0=80010033 CR2=0000000000000000 CR3=000000003f801000 CR4=00000668
DR0=0000000000000000 DR1=0000000000000000 DR2=0000000000000000 DR3=0000000000000000 
DR6=00000000ffff0ff0 DR7=0000000000000400
CCS=0000000000000000 CCD=0000000000001386 CCO=EFLAGS
EFER=0000000000000d00
Servicing hardware INT=0x20
   239: v=20 e=0000 i=0 cpl=0 IP=0038:000000003e6d3862 pc=000000003e6d3862 SP=0030:000000003fe64ee0 env->regs[R_EAX]=0000000000000082
RAX=0000000000000082 RBX=0000000000000064 RCX=000000000000b008 RDX=0000000000c04568
RSI=0000000000c045ea RDI=000000003e5b40d4 RBP=000000003fe64f10 RSP=000000003fe64ee0
R8 =000000003fe64eff R9 =000000000000c042 R10=0000000000000000 R11=0000000000000000
R12=000000000004bac8 R13=0000000000000011 R14=000000000000c040 R15=0000000000000000
RIP=000000003e6d3862 RFL=00000206 [-----P-] CPL=0 II=0 A20=1 SMM=0 HLT=0
ES =0030 0000000000000000 ffffffff 00cf9300 DPL=0 DS   [-WA]
CS =0038 0000000000000000 ffffffff 00af9a00 DPL=0 CS64 [-R-]
SS =0030 0000000000000000 ffffffff 00cf9300 DPL=0 DS   [-WA]
DS =0030 0000000000000000 ffffffff 00cf9300 DPL=0 DS   [-WA]
FS =0030 0000000000000000 ffffffff 00cf9300 DPL=0 DS   [-WA]
GS =0030 0000000000000000 ffffffff 00cf9300 DPL=0 DS   [-WA]
LDT=0000 0000000000000000 0000ffff 00008200 DPL=0 LDT
TR =0000 0000000000000000 0000ffff 00008b00 DPL=0 TSS64-busy
GDT=     000000003f5dc000 00000047
IDT=     000000003efa3018 00000fff
CR0=80010033 CR2=0000000000000000 CR3=000000003f801000 CR4=00000668
DR0=0000000000000000 DR1=0000000000000000 DR2=0000000000000000 DR3=0000000000000000 
DR6=00000000ffff0ff0 DR7=0000000000000400
CCS=0000000000000004 CCD=0000000000000082 CCO=EFLAGS
EFER=0000000000000d00
Servicing hardware INT=0x20
   240: v=20 e=0000 i=0 cpl=0 IP=0038:000000003e6d3862 pc=000000003e6d3862 SP=0030:000000003fe64ee0 env->regs[R_EAX]=00000000000000d3
RAX=00000000000000d3 RBX=0000000000000064 RCX=000000000000b008 RDX=0000000000c10d5f
RSI=0000000000c10e32 RDI=000000003e5b40d4 RBP=000000003fe64f10 RSP=000000003fe64ee0
R8 =000000003fe64eff R9 =000000000000c042 R10=0000000000000000 R11=0000000000000000
R12=000000000004baf1 R13=0000000000000011 R14=000000000000c040 R15=0000000000000000
RIP=000000003e6d3862 RFL=00000202 [-------] CPL=0 II=0 A20=1 SMM=0 HLT=0
ES =0030 0000000000000000 ffffffff 00cf9300 DPL=0 DS   [-WA]
CS =0038 0000000000000000 ffffffff 00af9a00 DPL=0 CS64 [-R-]
SS =0030 0000000000000000 ffffffff 00cf9300 DPL=0 DS   [-WA]
DS =0030 0000000000000000 ffffffff 00cf9300 DPL=0 DS   [-WA]
FS =0030 0000000000000000 ffffffff 00cf9300 DPL=0 DS   [-WA]
GS =0030 0000000000000000 ffffffff 00cf9300 DPL=0 DS   [-WA]
LDT=0000 0000000000000000 0000ffff 00008200 DPL=0 LDT
TR =0000 0000000000000000 0000ffff 00008b00 DPL=0 TSS64-busy
GDT=     000000003f5dc000 00000047
IDT=     000000003efa3018 00000fff
CR0=80010033 CR2=0000000000000000 CR3=000000003f801000 CR4=00000668
DR0=0000000000000000 DR1=0000000000000000 DR2=0000000000000000 DR3=0000000000000000 
DR6=00000000ffff0ff0 DR7=0000000000000400
CCS=0000000000000000 CCD=00000000000000d3 CCO=EFLAGS
EFER=0000000000000d00
Servicing hardware INT=0x20
   241: v=20 e=0000 i=0 cpl=0 IP=0038:000000003e6d3862 pc=000000003e6d3862 SP=0030:000000003fe64ee0 env->regs[R_EAX]=0000000000000015
RAX=0000000000000015 RBX=0000000000000064 RCX=000000000000b008 RDX=0000000000c15cf1
RSI=0000000000c15d06 RDI=000000003e5b40d4 RBP=000000003fe64f10 RSP=000000003fe64ee0
R8 =000000003fe64eff R9 =000000000000c042 R10=0000000000000000 R11=0000000000000000
R12=000000000004bac2 R13=0000000000000011 R14=000000000000c040 R15=0000000000000000
RIP=000000003e6d3862 RFL=00000202 [-------] CPL=0 II=0 A20=1 SMM=0 HLT=0
ES =0030 0000000000000000 ffffffff 00cf9300 DPL=0 DS   [-WA]
CS =0038 0000000000000000 ffffffff 00af9a00 DPL=0 CS64 [-R-]
SS =0030 0000000000000000 ffffffff 00cf9300 DPL=0 DS   [-WA]
DS =0030 0000000000000000 ffffffff 00cf9300 DPL=0 DS   [-WA]
FS =0030 0000000000000000 ffffffff 00cf9300 DPL=0 DS   [-WA]
GS =0030 0000000000000000 ffffffff 00cf9300 DPL=0 DS   [-WA]
LDT=0000 0000000000000000 0000ffff 00008200 DPL=0 LDT
TR =0000 0000000000000000 0000ffff 00008b00 DPL=0 TSS64-busy
GDT=     000000003f5dc000 00000047
IDT=     000000003efa3018 00000fff
CR0=80010033 CR2=0000000000000000 CR3=000000003f801000 CR4=00000668
DR0=0000000000000000 DR1=0000000000000000 DR2=0000000000000000 DR3=0000000000000000 
DR6=00000000ffff0ff0 DR7=0000000000000400
CCS=0000000000000000 CCD=0000000000000015 CCO=EFLAGS
EFER=0000000000000d00
Servicing hardware INT=0x20
   242: v=20 e=0000 i=0 cpl=0 IP=0038:000000003e6d3862 pc=000000003e6d3862 SP=0030:000000003fe65050 env->regs[R_EAX]=00000000000000f1
RAX=00000000000000f1 RBX=0000000000000064 RCX=000000000000b008 RDX=0000000000c25b01
RSI=0000000000c25bf2 RDI=000000003e5b40d4 RBP=000000003fe65080 RSP=000000003fe65050
R8 =000000003fe6506f R9 =000000000000c042 R10=0000000000000000 R11=0000000000000000
R12=000000000004baf1 R13=0000000000000011 R14=000000000000c040 R15=0000000000000000
RIP=000000003e6d3862 RFL=00000202 [-------] CPL=0 II=0 A20=1 SMM=0 HLT=0
ES =0030 0000000000000000 ffffffff 00cf9300 DPL=0 DS   [-WA]
CS =0038 0000000000000000 ffffffff 00af9a00 DPL=0 CS64 [-R-]
SS =0030 0000000000000000 ffffffff 00cf9300 DPL=0 DS   [-WA]
DS =0030 0000000000000000 ffffffff 00cf9300 DPL=0 DS   [-WA]
FS =0030 0000000000000000 ffffffff 00cf9300 DPL=0 DS   [-WA]
GS =0030 0000000000000000 ffffffff 00cf9300 DPL=0 DS   [-WA]
LDT=0000 0000000000000000 0000ffff 00008200 DPL=0 LDT
TR =0000 0000000000000000 0000ffff 00008b00 DPL=0 TSS64-busy
GDT=     000000003f5dc000 00000047
IDT=     000000003efa3018 00000fff
CR0=80010033 CR2=0000000000000000 CR3=000000003f801000 CR4=00000668
DR0=0000000000000000 DR1=0000000000000000 DR2=0000000000000000 DR3=0000000000000000 
DR6=00000000ffff0ff0 DR7=0000000000000400
CCS=0000000000000000 CCD=00000000000000f1 CCO=EFLAGS
EFER=0000000000000d00
Servicing hardware INT=0x20
   243: v=20 e=0000 i=0 cpl=0 IP=0038:000000003e6d3862 pc=000000003e6d3862 SP=0030:000000003fe65050 env->regs[R_EAX]=0000000000000160
RAX=0000000000000160 RBX=0000000000000064 RCX=000000000000b008 RDX=0000000000c274a5
RSI=0000000000c27605 RDI=000000003e5b40d4 RBP=000000003fe65080 RSP=000000003fe65050
R8 =000000003fe6506f R9 =000000000000c042 R10=0000000000000000 R11=0000000000000000
R12=000000000004bae2 R13=0000000000000011 R14=000000000000c040 R15=0000000000000000
RIP=000000003e6d3862 RFL=00000206 [-----P-] CPL=0 II=0 A20=1 SMM=0 HLT=0
ES =0030 0000000000000000 ffffffff 00cf9300 DPL=0 DS   [-WA]
CS =0038 0000000000000000 ffffffff 00af9a00 DPL=0 CS64 [-R-]
SS =0030 0000000000000000 ffffffff 00cf9300 DPL=0 DS   [-WA]
DS =0030 0000000000000000 ffffffff 00cf9300 DPL=0 DS   [-WA]
FS =0030 0000000000000000 ffffffff 00cf9300 DPL=0 DS   [-WA]
GS =0030 0000000000000000 ffffffff 00cf9300 DPL=0 DS   [-WA]
LDT=0000 0000000000000000 0000ffff 00008200 DPL=0 LDT
TR =0000 0000000000000000 0000ffff 00008b00 DPL=0 TSS64-busy
GDT=     000000003f5dc000 00000047
IDT=     000000003efa3018 00000fff
CR0=80010033 CR2=0000000000000000 CR3=000000003f801000 CR4=00000668
DR0=0000000000000000 DR1=0000000000000000 DR2=0000000000000000 DR3=0000000000000000 
DR6=00000000ffff0ff0 DR7=0000000000000400
CCS=0000000000000004 CCD=0000000000000160 CCO=EFLAGS
EFER=0000000000000d00
Servicing hardware INT=0x20
   244: v=20 e=0000 i=0 cpl=0 IP=0038:000000003e6d3862 pc=000000003e6d3862 SP=0030:000000003fe65050 env->regs[R_EAX]=0000000000000103
RAX=0000000000000103 RBX=0000000000000064 RCX=000000000000b008 RDX=0000000000c34b1a
RSI=0000000000c34c1d RDI=000000003e5b40d4 RBP=000000003fe65080 RSP=000000003fe65050
R8 =000000003fe6506f R9 =000000000000c042 R10=0000000000000000 R11=0000000000000000
R12=000000000004baf1 R13=0000000000000011 R14=000000000000c040 R15=0000000000000000
RIP=000000003e6d3862 RFL=00000206 [-----P-] CPL=0 II=0 A20=1 SMM=0 HLT=0
ES =0030 0000000000000000 ffffffff 00cf9300 DPL=0 DS   [-WA]
CS =0038 0000000000000000 ffffffff 00af9a00 DPL=0 CS64 [-R-]
SS =0030 0000000000000000 ffffffff 00cf9300 DPL=0 DS   [-WA]
DS =0030 0000000000000000 ffffffff 00cf9300 DPL=0 DS   [-WA]
FS =0030 0000000000000000 ffffffff 00cf9300 DPL=0 DS   [-WA]
GS =0030 0000000000000000 ffffffff 00cf9300 DPL=0 DS   [-WA]
LDT=0000 0000000000000000 0000ffff 00008200 DPL=0 LDT
TR =0000 0000000000000000 0000ffff 00008b00 DPL=0 TSS64-busy
GDT=     000000003f5dc000 00000047
IDT=     000000003efa3018 00000fff
CR0=80010033 CR2=0000000000000000 CR3=000000003f801000 CR4=00000668
DR0=0000000000000000 DR1=0000000000000000 DR2=0000000000000000 DR3=0000000000000000 
DR6=00000000ffff0ff0 DR7=0000000000000400
CCS=0000000000000004 CCD=0000000000000103 CCO=EFLAGS
EFER=0000000000000d00
Servicing hardware INT=0x20
   245: v=20 e=0000 i=0 cpl=0 IP=0038:000000003e6d3862 pc=000000003e6d3862 SP=0030:000000003fe65050 env->regs[R_EAX]=000000000000015d
RAX=000000000000015d RBX=0000000000000064 RCX=000000000000b008 RDX=0000000000c38b22
RSI=0000000000c38c7f RDI=000000003e5b40d4 RBP=000000003fe65080 RSP=000000003fe65050
R8 =000000003fe6506f R9 =000000000000c042 R10=0000000000000000 R11=0000000000000000
R12=000000000004bace R13=0000000000000011 R14=000000000000c040 R15=0000000000000000
RIP=000000003e6d3862 RFL=00000202 [-------] CPL=0 II=0 A20=1 SMM=0 HLT=0
ES =0030 0000000000000000 ffffffff 00cf9300 DPL=0 DS   [-WA]
CS =0038 0000000000000000 ffffffff 00af9a00 DPL=0 CS64 [-R-]
SS =0030 0000000000000000 ffffffff 00cf9300 DPL=0 DS   [-WA]
DS =0030 0000000000000000 ffffffff 00cf9300 DPL=0 DS   [-WA]
FS =0030 0000000000000000 ffffffff 00cf9300 DPL=0 DS   [-WA]
GS =0030 0000000000000000 ffffffff 00cf9300 DPL=0 DS   [-WA]
LDT=0000 0000000000000000 0000ffff 00008200 DPL=0 LDT
TR =0000 0000000000000000 0000ffff 00008b00 DPL=0 TSS64-busy
GDT=     000000003f5dc000 00000047
IDT=     000000003efa3018 00000fff
CR0=80010033 CR2=0000000000000000 CR3=000000003f801000 CR4=00000668
DR0=0000000000000000 DR1=0000000000000000 DR2=0000000000000000 DR3=0000000000000000 
DR6=00000000ffff0ff0 DR7=0000000000000400
CCS=0000000000000000 CCD=000000000000015d CCO=EFLAGS
EFER=0000000000000d00
Servicing hardware INT=0x20
   246: v=20 e=0000 i=0 cpl=0 IP=0038:000000003e6d3862 pc=000000003e6d3862 SP=0030:000000003fe65050 env->regs[R_EAX]=0000000000001207
RAX=0000000000001207 RBX=0000000000002710 RCX=000000000000b008 RDX=0000000000c425b9
RSI=0000000000c437c0 RDI=000000003e5b40d4 RBP=000000003fe65080 RSP=000000003fe65050
R8 =000000003fe650a0 R9 =00000000000003f6 R10=0000000000000000 R11=0000000000000000
R12=000000000000c042 R13=0000000000000011 R14=000000000000c040 R15=0000000000000000
RIP=000000003e6d3862 RFL=00000202 [-------] CPL=0 II=0 A20=1 SMM=0 HLT=0
ES =0030 0000000000000000 ffffffff 00cf9300 DPL=0 DS   [-WA]
CS =0038 0000000000000000 ffffffff 00af9a00 DPL=0 CS64 [-R-]
SS =0030 0000000000000000 ffffffff 00cf9300 DPL=0 DS   [-WA]
DS =0030 0000000000000000 ffffffff 00cf9300 DPL=0 DS   [-WA]
FS =0030 0000000000000000 ffffffff 00cf9300 DPL=0 DS   [-WA]
GS =0030 0000000000000000 ffffffff 00cf9300 DPL=0 DS   [-WA]
LDT=0000 0000000000000000 0000ffff 00008200 DPL=0 LDT
TR =0000 0000000000000000 0000ffff 00008b00 DPL=0 TSS64-busy
GDT=     000000003f5dc000 00000047
IDT=     000000003efa3018 00000fff
CR0=80010033 CR2=0000000000000000 CR3=000000003f801000 CR4=00000668
DR0=0000000000000000 DR1=0000000000000000 DR2=0000000000000000 DR3=0000000000000000 
DR6=00000000ffff0ff0 DR7=0000000000000400
CCS=0000000000000000 CCD=0000000000001207 CCO=EFLAGS
EFER=0000000000000d00
Servicing hardware INT=0x20
   247: v=20 e=0000 i=0 cpl=0 IP=0038:000000003e6d3862 pc=000000003e6d3862 SP=0030:000000003fe65050 env->regs[R_EAX]=000000000000009d
RAX=000000000000009d RBX=0000000000000064 RCX=000000000000b008 RDX=0000000000c4a412
RSI=0000000000c4a4af RDI=000000003e5b40d4 RBP=000000003fe65080 RSP=000000003fe65050
R8 =000000003fe6506f R9 =000000000000c042 R10=0000000000000000 R11=0000000000000000
R12=000000000004babb R13=0000000000000011 R14=000000000000c040 R15=0000000000000000
RIP=000000003e6d3862 RFL=00000202 [-------] CPL=0 II=0 A20=1 SMM=0 HLT=0
ES =0030 0000000000000000 ffffffff 00cf9300 DPL=0 DS   [-WA]
CS =0038 0000000000000000 ffffffff 00af9a00 DPL=0 CS64 [-R-]
SS =0030 0000000000000000 ffffffff 00cf9300 DPL=0 DS   [-WA]
DS =0030 0000000000000000 ffffffff 00cf9300 DPL=0 DS   [-WA]
FS =0030 0000000000000000 ffffffff 00cf9300 DPL=0 DS   [-WA]
GS =0030 0000000000000000 ffffffff 00cf9300 DPL=0 DS   [-WA]
LDT=0000 0000000000000000 0000ffff 00008200 DPL=0 LDT
TR =0000 0000000000000000 0000ffff 00008b00 DPL=0 TSS64-busy
GDT=     000000003f5dc000 00000047
IDT=     000000003efa3018 00000fff
CR0=80010033 CR2=0000000000000000 CR3=000000003f801000 CR4=00000668
DR0=0000000000000000 DR1=0000000000000000 DR2=0000000000000000 DR3=0000000000000000 
DR6=00000000ffff0ff0 DR7=0000000000000400
CCS=0000000000000000 CCD=000000000000009d CCO=EFLAGS
EFER=0000000000000d00
Servicing hardware INT=0x20
   248: v=20 e=0000 i=0 cpl=0 IP=0038:000000003e6d3862 pc=000000003e6d3862 SP=0030:000000003fe65090 env->regs[R_EAX]=0000000000000117
RAX=0000000000000117 RBX=0000000000000064 RCX=000000000000b008 RDX=0000000000c55310
RSI=0000000000c55427 RDI=000000003e5b40d4 RBP=000000003fe650c0 RSP=000000003fe65090
R8 =000000003fe650af R9 =000000000000c042 R10=0000000000000000 R11=0000000000000000
R12=000000000004baf1 R13=0000000000000011 R14=000000000000c040 R15=0000000000000000
RIP=000000003e6d3862 RFL=00000206 [-----P-] CPL=0 II=0 A20=1 SMM=0 HLT=0
ES =0030 0000000000000000 ffffffff 00cf9300 DPL=0 DS   [-WA]
CS =0038 0000000000000000 ffffffff 00af9a00 DPL=0 CS64 [-R-]
SS =0030 0000000000000000 ffffffff 00cf9300 DPL=0 DS   [-WA]
DS =0030 0000000000000000 ffffffff 00cf9300 DPL=0 DS   [-WA]
FS =0030 0000000000000000 ffffffff 00cf9300 DPL=0 DS   [-WA]
GS =0030 0000000000000000 ffffffff 00cf9300 DPL=0 DS   [-WA]
LDT=0000 0000000000000000 0000ffff 00008200 DPL=0 LDT
TR =0000 0000000000000000 0000ffff 00008b00 DPL=0 TSS64-busy
GDT=     000000003f5dc000 00000047
IDT=     000000003efa3018 00000fff
CR0=80010033 CR2=0000000000000000 CR3=000000003f801000 CR4=00000668
DR0=0000000000000000 DR1=0000000000000000 DR2=0000000000000000 DR3=0000000000000000 
DR6=00000000ffff0ff0 DR7=0000000000000400
CCS=0000000000000004 CCD=0000000000000117 CCO=EFLAGS
EFER=0000000000000d00
Servicing hardware INT=0x20
   249: v=20 e=0000 i=0 cpl=0 IP=0038:000000003e6d3862 pc=000000003e6d3862 SP=0030:000000003fe65090 env->regs[R_EAX]=000000000000608d
RAX=000000000000608d RBX=0000000000002710 RCX=000000000000b008 RDX=0000000000c5d97d
RSI=0000000000c63a0a RDI=000000003e5b40d4 RBP=000000003fe650c0 RSP=000000003fe65090
R8 =000000003fe650e0 R9 =00000000000003f6 R10=0000000000000000 R11=0000000000000000
R12=000000000000c042 R13=0000000000000011 R14=000000000000c040 R15=0000000000000000
RIP=000000003e6d3862 RFL=00000206 [-----P-] CPL=0 II=0 A20=1 SMM=0 HLT=0
ES =0030 0000000000000000 ffffffff 00cf9300 DPL=0 DS   [-WA]
CS =0038 0000000000000000 ffffffff 00af9a00 DPL=0 CS64 [-R-]
SS =0030 0000000000000000 ffffffff 00cf9300 DPL=0 DS   [-WA]
DS =0030 0000000000000000 ffffffff 00cf9300 DPL=0 DS   [-WA]
FS =0030 0000000000000000 ffffffff 00cf9300 DPL=0 DS   [-WA]
GS =0030 0000000000000000 ffffffff 00cf9300 DPL=0 DS   [-WA]
LDT=0000 0000000000000000 0000ffff 00008200 DPL=0 LDT
TR =0000 0000000000000000 0000ffff 00008b00 DPL=0 TSS64-busy
GDT=     000000003f5dc000 00000047
IDT=     000000003efa3018 00000fff
CR0=80010033 CR2=0000000000000000 CR3=000000003f801000 CR4=00000668
DR0=0000000000000000 DR1=0000000000000000 DR2=0000000000000000 DR3=0000000000000000 
DR6=00000000ffff0ff0 DR7=0000000000000400
CCS=0000000000000004 CCD=000000000000608d CCO=EFLAGS
EFER=0000000000000d00
Servicing hardware INT=0x20
   250: v=20 e=0000 i=0 cpl=0 IP=0038:000000003e6d3862 pc=000000003e6d3862 SP=0030:000000003fe65090 env->regs[R_EAX]=00000000000000fd
RAX=00000000000000fd RBX=0000000000000064 RCX=000000000000b008 RDX=0000000000c647aa
RSI=0000000000c648a7 RDI=000000003e5b40d4 RBP=000000003fe650c0 RSP=000000003fe65090
R8 =000000003fe650af R9 =000000000000c042 R10=0000000000000000 R11=0000000000000000
R12=000000000004baf0 R13=0000000000000011 R14=000000000000c040 R15=0000000000000000
RIP=000000003e6d3862 RFL=00000202 [-------] CPL=0 II=0 A20=1 SMM=0 HLT=0
ES =0030 0000000000000000 ffffffff 00cf9300 DPL=0 DS   [-WA]
CS =0038 0000000000000000 ffffffff 00af9a00 DPL=0 CS64 [-R-]
SS =0030 0000000000000000 ffffffff 00cf9300 DPL=0 DS   [-WA]
DS =0030 0000000000000000 ffffffff 00cf9300 DPL=0 DS   [-WA]
FS =0030 0000000000000000 ffffffff 00cf9300 DPL=0 DS   [-WA]
GS =0030 0000000000000000 ffffffff 00cf9300 DPL=0 DS   [-WA]
LDT=0000 0000000000000000 0000ffff 00008200 DPL=0 LDT
TR =0000 0000000000000000 0000ffff 00008b00 DPL=0 TSS64-busy
GDT=     000000003f5dc000 00000047
IDT=     000000003efa3018 00000fff
CR0=80010033 CR2=0000000000000000 CR3=000000003f801000 CR4=00000668
DR0=0000000000000000 DR1=0000000000000000 DR2=0000000000000000 DR3=0000000000000000 
DR6=00000000ffff0ff0 DR7=0000000000000400
CCS=0000000000000000 CCD=00000000000000fd CCO=EFLAGS
EFER=0000000000000d00
Servicing hardware INT=0x20
   251: v=20 e=0000 i=0 cpl=0 IP=0038:000000003e6d3862 pc=000000003e6d3862 SP=0030:000000003fe65090 env->regs[R_EAX]=0000000000000116
RAX=0000000000000116 RBX=0000000000000064 RCX=000000000000b008 RDX=0000000000c738eb
RSI=0000000000c73a01 RDI=000000003e5b40d4 RBP=000000003fe650c0 RSP=000000003fe65090
R8 =000000003fe650af R9 =000000000000c042 R10=0000000000000000 R11=0000000000000000
R12=000000000004baf1 R13=0000000000000011 R14=000000000000c040 R15=0000000000000000
RIP=000000003e6d3862 RFL=00000202 [-------] CPL=0 II=0 A20=1 SMM=0 HLT=0
ES =0030 0000000000000000 ffffffff 00cf9300 DPL=0 DS   [-WA]
CS =0038 0000000000000000 ffffffff 00af9a00 DPL=0 CS64 [-R-]
SS =0030 0000000000000000 ffffffff 00cf9300 DPL=0 DS   [-WA]
DS =0030 0000000000000000 ffffffff 00cf9300 DPL=0 DS   [-WA]
FS =0030 0000000000000000 ffffffff 00cf9300 DPL=0 DS   [-WA]
GS =0030 0000000000000000 ffffffff 00cf9300 DPL=0 DS   [-WA]
LDT=0000 0000000000000000 0000ffff 00008200 DPL=0 LDT
TR =0000 0000000000000000 0000ffff 00008b00 DPL=0 TSS64-busy
GDT=     000000003f5dc000 00000047
IDT=     000000003efa3018 00000fff
CR0=80010033 CR2=0000000000000000 CR3=000000003f801000 CR4=00000668
DR0=0000000000000000 DR1=0000000000000000 DR2=0000000000000000 DR3=0000000000000000 
DR6=00000000ffff0ff0 DR7=0000000000000400
CCS=0000000000000000 CCD=0000000000000116 CCO=EFLAGS
EFER=0000000000000d00
Servicing hardware INT=0x20
   252: v=20 e=0000 i=0 cpl=0 IP=0038:000000003e6d3862 pc=000000003e6d3862 SP=0030:000000003fe65090 env->regs[R_EAX]=0000000000000027
RAX=0000000000000027 RBX=0000000000000064 RCX=000000000000b008 RDX=0000000000c75f1b
RSI=0000000000c75f42 RDI=000000003e5b40d4 RBP=000000003fe650c0 RSP=000000003fe65090
R8 =000000003fe650af R9 =000000000000c042 R10=0000000000000000 R11=0000000000000000
R12=000000000004badc R13=0000000000000011 R14=000000000000c040 R15=0000000000000000
RIP=000000003e6d3862 RFL=00000206 [-----P-] CPL=0 II=0 A20=1 SMM=0 HLT=0
ES =0030 0000000000000000 ffffffff 00cf9300 DPL=0 DS   [-WA]
CS =0038 0000000000000000 ffffffff 00af9a00 DPL=0 CS64 [-R-]
SS =0030 0000000000000000 ffffffff 00cf9300 DPL=0 DS   [-WA]
DS =0030 0000000000000000 ffffffff 00cf9300 DPL=0 DS   [-WA]
FS =0030 0000000000000000 ffffffff 00cf9300 DPL=0 DS   [-WA]
GS =0030 0000000000000000 ffffffff 00cf9300 DPL=0 DS   [-WA]
LDT=0000 0000000000000000 0000ffff 00008200 DPL=0 LDT
TR =0000 0000000000000000 0000ffff 00008b00 DPL=0 TSS64-busy
GDT=     000000003f5dc000 00000047
IDT=     000000003efa3018 00000fff
CR0=80010033 CR2=0000000000000000 CR3=000000003f801000 CR4=00000668
DR0=0000000000000000 DR1=0000000000000000 DR2=0000000000000000 DR3=0000000000000000 
DR6=00000000ffff0ff0 DR7=0000000000000400
CCS=0000000000000004 CCD=0000000000000027 CCO=EFLAGS
EFER=0000000000000d00
Servicing hardware INT=0x20
   253: v=20 e=0000 i=0 cpl=0 IP=0038:000000003e6d3862 pc=000000003e6d3862 SP=0030:000000003fe65090 env->regs[R_EAX]=000000000000010d
RAX=000000000000010d RBX=0000000000000064 RCX=000000000000b008 RDX=0000000000c8469d
RSI=0000000000c847aa RDI=000000003e5b40d4 RBP=000000003fe650c0 RSP=000000003fe65090
R8 =000000003fe650af R9 =000000000000c042 R10=0000000000000000 R11=0000000000000000
R12=000000000004baf1 R13=0000000000000011 R14=000000000000c040 R15=0000000000000000
RIP=000000003e6d3862 RFL=00000202 [-------] CPL=0 II=0 A20=1 SMM=0 HLT=0
ES =0030 0000000000000000 ffffffff 00cf9300 DPL=0 DS   [-WA]
CS =0038 0000000000000000 ffffffff 00af9a00 DPL=0 CS64 [-R-]
SS =0030 0000000000000000 ffffffff 00cf9300 DPL=0 DS   [-WA]
DS =0030 0000000000000000 ffffffff 00cf9300 DPL=0 DS   [-WA]
FS =0030 0000000000000000 ffffffff 00cf9300 DPL=0 DS   [-WA]
GS =0030 0000000000000000 ffffffff 00cf9300 DPL=0 DS   [-WA]
LDT=0000 0000000000000000 0000ffff 00008200 DPL=0 LDT
TR =0000 0000000000000000 0000ffff 00008b00 DPL=0 TSS64-busy
GDT=     000000003f5dc000 00000047
IDT=     000000003efa3018 00000fff
CR0=80010033 CR2=0000000000000000 CR3=000000003f801000 CR4=00000668
DR0=0000000000000000 DR1=0000000000000000 DR2=0000000000000000 DR3=0000000000000000 
DR6=00000000ffff0ff0 DR7=0000000000000400
CCS=0000000000000000 CCD=000000000000010d CCO=EFLAGS
EFER=0000000000000d00
Servicing hardware INT=0x20
   254: v=20 e=0000 i=0 cpl=0 IP=0038:000000003e6d3862 pc=000000003e6d3862 SP=0030:000000003fe65090 env->regs[R_EAX]=000000000000015f
RAX=000000000000015f RBX=0000000000000064 RCX=000000000000b008 RDX=0000000000c876ab
RSI=0000000000c8780a RDI=000000003e5b40d4 RBP=000000003fe650c0 RSP=000000003fe65090
R8 =000000003fe650af R9 =000000000000c042 R10=0000000000000000 R11=0000000000000000
R12=000000000004bad4 R13=0000000000000011 R14=000000000000c040 R15=0000000000000000
RIP=000000003e6d3862 RFL=00000206 [-----P-] CPL=0 II=0 A20=1 SMM=0 HLT=0
ES =0030 0000000000000000 ffffffff 00cf9300 DPL=0 DS   [-WA]
CS =0038 0000000000000000 ffffffff 00af9a00 DPL=0 CS64 [-R-]
SS =0030 0000000000000000 ffffffff 00cf9300 DPL=0 DS   [-WA]
DS =0030 0000000000000000 ffffffff 00cf9300 DPL=0 DS   [-WA]
FS =0030 0000000000000000 ffffffff 00cf9300 DPL=0 DS   [-WA]
GS =0030 0000000000000000 ffffffff 00cf9300 DPL=0 DS   [-WA]
LDT=0000 0000000000000000 0000ffff 00008200 DPL=0 LDT
TR =0000 0000000000000000 0000ffff 00008b00 DPL=0 TSS64-busy
GDT=     000000003f5dc000 00000047
IDT=     000000003efa3018 00000fff
CR0=80010033 CR2=0000000000000000 CR3=000000003f801000 CR4=00000668
DR0=0000000000000000 DR1=0000000000000000 DR2=0000000000000000 DR3=0000000000000000 
DR6=00000000ffff0ff0 DR7=0000000000000400
CCS=0000000000000004 CCD=000000000000015f CCO=EFLAGS
EFER=0000000000000d00
Servicing hardware INT=0x20
   255: v=20 e=0000 i=0 cpl=0 IP=0038:000000003fe82e8c pc=000000003fe82e8c SP=0030:000000003fe64f80 env->regs[R_EAX]=00000000000000af
RAX=00000000000000af RBX=000000003de4c000 RCX=0000000000000000 RDX=000000003de4c000
RSI=000000003fe8bb60 RDI=000000003de5d000 RBP=000000003fe65010 RSP=000000003fe64f80
R8 =00000000000000af R9 =000000003de5cfff R10=0000000000000000 R11=0000000000000000
R12=000000003de5cfff R13=000000003de5d000 R14=000000003f7ff600 R15=000000003de5cfff
RIP=000000003fe82e8c RFL=00000202 [-------] CPL=0 II=0 A20=1 SMM=0 HLT=0
ES =0030 0000000000000000 ffffffff 00cf9300 DPL=0 DS   [-WA]
CS =0038 0000000000000000 ffffffff 00af9a00 DPL=0 CS64 [-R-]
SS =0030 0000000000000000 ffffffff 00cf9300 DPL=0 DS   [-WA]
DS =0030 0000000000000000 ffffffff 00cf9300 DPL=0 DS   [-WA]
FS =0030 0000000000000000 ffffffff 00cf9300 DPL=0 DS   [-WA]
GS =0030 0000000000000000 ffffffff 00cf9300 DPL=0 DS   [-WA]
LDT=0000 0000000000000000 0000ffff 00008200 DPL=0 LDT
TR =0000 0000000000000000 0000ffff 00008b00 DPL=0 TSS64-busy
GDT=     000000003f5dc000 00000047
IDT=     000000003efa3018 00000fff
CR0=80010033 CR2=0000000000000000 CR3=000000003f801000 CR4=00000668
DR0=0000000000000000 DR1=0000000000000000 DR2=0000000000000000 DR3=0000000000000000 
DR6=00000000ffff0ff0 DR7=0000000000000400
CCS=0000000000000000 CCD=000000003fe64f68 CCO=EFLAGS
EFER=0000000000000d00
Servicing hardware INT=0x20
   256: v=20 e=0000 i=0 cpl=0 IP=0038:000000003e6d3862 pc=000000003e6d3862 SP=0030:000000003fe65050 env->regs[R_EAX]=0000000000000164
RAX=0000000000000164 RBX=0000000000000064 RCX=000000000000b008 RDX=0000000000c98e54
RSI=0000000000c98fb8 RDI=000000003e5b40d4 RBP=000000003fe65080 RSP=000000003fe65050
R8 =000000003fe6506f R9 =000000000000c042 R10=0000000000000000 R11=0000000000000000
R12=000000000004badc R13=0000000000000011 R14=000000000000c040 R15=0000000000000000
RIP=000000003e6d3862 RFL=00000202 [-------] CPL=0 II=0 A20=1 SMM=0 HLT=0
ES =0030 0000000000000000 ffffffff 00cf9300 DPL=0 DS   [-WA]
CS =0038 0000000000000000 ffffffff 00af9a00 DPL=0 CS64 [-R-]
SS =0030 0000000000000000 ffffffff 00cf9300 DPL=0 DS   [-WA]
DS =0030 0000000000000000 ffffffff 00cf9300 DPL=0 DS   [-WA]
FS =0030 0000000000000000 ffffffff 00cf9300 DPL=0 DS   [-WA]
GS =0030 0000000000000000 ffffffff 00cf9300 DPL=0 DS   [-WA]
LDT=0000 0000000000000000 0000ffff 00008200 DPL=0 LDT
TR =0000 0000000000000000 0000ffff 00008b00 DPL=0 TSS64-busy
GDT=     000000003f5dc000 00000047
IDT=     000000003efa3018 00000fff
CR0=80010033 CR2=0000000000000000 CR3=000000003f801000 CR4=00000668
DR0=0000000000000000 DR1=0000000000000000 DR2=0000000000000000 DR3=0000000000000000 
DR6=00000000ffff0ff0 DR7=0000000000000400
CCS=0000000000000000 CCD=0000000000000164 CCO=EFLAGS
EFER=0000000000000d00
Servicing hardware INT=0x20
   257: v=20 e=0000 i=0 cpl=0 IP=0038:000000003e6d3862 pc=000000003e6d3862 SP=0030:000000003fe65050 env->regs[R_EAX]=0000000000001f82
RAX=0000000000001f82 RBX=0000000000002710 RCX=000000000000b008 RDX=0000000000ca2866
RSI=0000000000ca47e8 RDI=000000003e5b40d4 RBP=000000003fe65080 RSP=000000003fe65050
R8 =000000003fe650a0 R9 =00000000000003f6 R10=0000000000000000 R11=0000000000000000
R12=000000000000c042 R13=0000000000000011 R14=000000000000c040 R15=0000000000000000
RIP=000000003e6d3862 RFL=00000206 [-----P-] CPL=0 II=0 A20=1 SMM=0 HLT=0
ES =0030 0000000000000000 ffffffff 00cf9300 DPL=0 DS   [-WA]
CS =0038 0000000000000000 ffffffff 00af9a00 DPL=0 CS64 [-R-]
SS =0030 0000000000000000 ffffffff 00cf9300 DPL=0 DS   [-WA]
DS =0030 0000000000000000 ffffffff 00cf9300 DPL=0 DS   [-WA]
FS =0030 0000000000000000 ffffffff 00cf9300 DPL=0 DS   [-WA]
GS =0030 0000000000000000 ffffffff 00cf9300 DPL=0 DS   [-WA]
LDT=0000 0000000000000000 0000ffff 00008200 DPL=0 LDT
TR =0000 0000000000000000 0000ffff 00008b00 DPL=0 TSS64-busy
GDT=     000000003f5dc000 00000047
IDT=     000000003efa3018 00000fff
CR0=80010033 CR2=0000000000000000 CR3=000000003f801000 CR4=00000668
DR0=0000000000000000 DR1=0000000000000000 DR2=0000000000000000 DR3=0000000000000000 
DR6=00000000ffff0ff0 DR7=0000000000000400
CCS=0000000000000004 CCD=0000000000001f82 CCO=EFLAGS
EFER=0000000000000d00
Servicing hardware INT=0x20
   258: v=20 e=0000 i=0 cpl=0 IP=0038:000000003e6d3862 pc=000000003e6d3862 SP=0030:000000003fe65050 env->regs[R_EAX]=0000000000002cd0
RAX=0000000000002cd0 RBX=0000000000002710 RCX=000000000000b008 RDX=0000000000cb0135
RSI=0000000000cb2e05 RDI=000000003e5b40d4 RBP=000000003fe65080 RSP=000000003fe65050
R8 =000000003fe650a0 R9 =00000000000003f6 R10=0000000000000000 R11=0000000000000000
R12=000000000000c042 R13=0000000000000011 R14=000000000000c040 R15=0000000000000000
RIP=000000003e6d3862 RFL=00000202 [-------] CPL=0 II=0 A20=1 SMM=0 HLT=0
ES =0030 0000000000000000 ffffffff 00cf9300 DPL=0 DS   [-WA]
CS =0038 0000000000000000 ffffffff 00af9a00 DPL=0 CS64 [-R-]
SS =0030 0000000000000000 ffffffff 00cf9300 DPL=0 DS   [-WA]
DS =0030 0000000000000000 ffffffff 00cf9300 DPL=0 DS   [-WA]
FS =0030 0000000000000000 ffffffff 00cf9300 DPL=0 DS   [-WA]
GS =0030 0000000000000000 ffffffff 00cf9300 DPL=0 DS   [-WA]
LDT=0000 0000000000000000 0000ffff 00008200 DPL=0 LDT
TR =0000 0000000000000000 0000ffff 00008b00 DPL=0 TSS64-busy
GDT=     000000003f5dc000 00000047
IDT=     000000003efa3018 00000fff
CR0=80010033 CR2=0000000000000000 CR3=000000003f801000 CR4=00000668
DR0=0000000000000000 DR1=0000000000000000 DR2=0000000000000000 DR3=0000000000000000 
DR6=00000000ffff0ff0 DR7=0000000000000400
CCS=0000000000000000 CCD=0000000000002cd0 CCO=EFLAGS
EFER=0000000000000d00
Servicing hardware INT=0x20
   259: v=20 e=0000 i=0 cpl=0 IP=0038:000000003e6d3862 pc=000000003e6d3862 SP=0030:000000003fe65050 env->regs[R_EAX]=0000000000000118
RAX=0000000000000118 RBX=0000000000000064 RCX=000000000000b008 RDX=0000000000cb397d
RSI=0000000000cb3a95 RDI=000000003e5b40d4 RBP=000000003fe65080 RSP=000000003fe65050
R8 =000000003fe6506f R9 =000000000000c042 R10=0000000000000000 R11=0000000000000000
R12=000000000004baf1 R13=0000000000000011 R14=000000000000c040 R15=0000000000000000
RIP=000000003e6d3862 RFL=00000206 [-----P-] CPL=0 II=0 A20=1 SMM=0 HLT=0
ES =0030 0000000000000000 ffffffff 00cf9300 DPL=0 DS   [-WA]
CS =0038 0000000000000000 ffffffff 00af9a00 DPL=0 CS64 [-R-]
SS =0030 0000000000000000 ffffffff 00cf9300 DPL=0 DS   [-WA]
DS =0030 0000000000000000 ffffffff 00cf9300 DPL=0 DS   [-WA]
FS =0030 0000000000000000 ffffffff 00cf9300 DPL=0 DS   [-WA]
GS =0030 0000000000000000 ffffffff 00cf9300 DPL=0 DS   [-WA]
LDT=0000 0000000000000000 0000ffff 00008200 DPL=0 LDT
TR =0000 0000000000000000 0000ffff 00008b00 DPL=0 TSS64-busy
GDT=     000000003f5dc000 00000047
IDT=     000000003efa3018 00000fff
CR0=80010033 CR2=0000000000000000 CR3=000000003f801000 CR4=00000668
DR0=0000000000000000 DR1=0000000000000000 DR2=0000000000000000 DR3=0000000000000000 
DR6=00000000ffff0ff0 DR7=0000000000000400
CCS=0000000000000004 CCD=0000000000000118 CCO=EFLAGS
EFER=0000000000000d00
Servicing hardware INT=0x20
   260: v=20 e=0000 i=0 cpl=0 IP=0038:000000003e6d3862 pc=000000003e6d3862 SP=0030:000000003fe65050 env->regs[R_EAX]=000000000000565a
RAX=000000000000565a RBX=0000000000002710 RCX=000000000000b008 RDX=0000000000cbde78
RSI=0000000000cc34d2 RDI=000000003e5b40d4 RBP=000000003fe65080 RSP=000000003fe65050
R8 =000000003fe650a0 R9 =00000000000003f6 R10=0000000000000000 R11=0000000000000000
R12=000000000000c042 R13=0000000000000011 R14=000000000000c040 R15=0000000000000000
RIP=000000003e6d3862 RFL=00000206 [-----P-] CPL=0 II=0 A20=1 SMM=0 HLT=0
ES =0030 0000000000000000 ffffffff 00cf9300 DPL=0 DS   [-WA]
CS =0038 0000000000000000 ffffffff 00af9a00 DPL=0 CS64 [-R-]
SS =0030 0000000000000000 ffffffff 00cf9300 DPL=0 DS   [-WA]
DS =0030 0000000000000000 ffffffff 00cf9300 DPL=0 DS   [-WA]
FS =0030 0000000000000000 ffffffff 00cf9300 DPL=0 DS   [-WA]
GS =0030 0000000000000000 ffffffff 00cf9300 DPL=0 DS   [-WA]
LDT=0000 0000000000000000 0000ffff 00008200 DPL=0 LDT
TR =0000 0000000000000000 0000ffff 00008b00 DPL=0 TSS64-busy
GDT=     000000003f5dc000 00000047
IDT=     000000003efa3018 00000fff
CR0=80010033 CR2=0000000000000000 CR3=000000003f801000 CR4=00000668
DR0=0000000000000000 DR1=0000000000000000 DR2=0000000000000000 DR3=0000000000000000 
DR6=00000000ffff0ff0 DR7=0000000000000400
CCS=0000000000000004 CCD=000000000000565a CCO=EFLAGS
EFER=0000000000000d00
Servicing hardware INT=0x20
   261: v=20 e=0000 i=0 cpl=0 IP=0038:000000003e6d3862 pc=000000003e6d3862 SP=0030:000000003fe65090 env->regs[R_EAX]=0000000000000149
RAX=0000000000000149 RBX=0000000000000064 RCX=000000000000b008 RDX=0000000000cc49c9
RSI=0000000000cc4b12 RDI=000000003e5b40d4 RBP=000000003fe650c0 RSP=000000003fe65090
R8 =000000003fe650af R9 =000000000000c042 R10=0000000000000000 R11=0000000000000000
R12=000000000004baec R13=0000000000000011 R14=000000000000c040 R15=0000000000000000
RIP=000000003e6d3862 RFL=00000202 [-------] CPL=0 II=0 A20=1 SMM=0 HLT=0
ES =0030 0000000000000000 ffffffff 00cf9300 DPL=0 DS   [-WA]
CS =0038 0000000000000000 ffffffff 00af9a00 DPL=0 CS64 [-R-]
SS =0030 0000000000000000 ffffffff 00cf9300 DPL=0 DS   [-WA]
DS =0030 0000000000000000 ffffffff 00cf9300 DPL=0 DS   [-WA]
FS =0030 0000000000000000 ffffffff 00cf9300 DPL=0 DS   [-WA]
GS =0030 0000000000000000 ffffffff 00cf9300 DPL=0 DS   [-WA]
LDT=0000 0000000000000000 0000ffff 00008200 DPL=0 LDT
TR =0000 0000000000000000 0000ffff 00008b00 DPL=0 TSS64-busy
GDT=     000000003f5dc000 00000047
IDT=     000000003efa3018 00000fff
CR0=80010033 CR2=0000000000000000 CR3=000000003f801000 CR4=00000668
DR0=0000000000000000 DR1=0000000000000000 DR2=0000000000000000 DR3=0000000000000000 
DR6=00000000ffff0ff0 DR7=0000000000000400
CCS=0000000000000000 CCD=0000000000000149 CCO=EFLAGS
EFER=0000000000000d00
Servicing hardware INT=0x20
   262: v=20 e=0000 i=0 cpl=0 IP=0038:000000003e6d3862 pc=000000003e6d3862 SP=0030:000000003fe65090 env->regs[R_EAX]=0000000000000115
RAX=0000000000000115 RBX=0000000000000064 RCX=000000000000b008 RDX=0000000000cd2ff9
RSI=0000000000cd310e RDI=000000003e5b40d4 RBP=000000003fe650c0 RSP=000000003fe65090
R8 =000000003fe650af R9 =000000000000c042 R10=0000000000000000 R11=0000000000000000
R12=000000000004baf1 R13=0000000000000011 R14=000000000000c040 R15=0000000000000000
RIP=000000003e6d3862 RFL=00000202 [-------] CPL=0 II=0 A20=1 SMM=0 HLT=0
ES =0030 0000000000000000 ffffffff 00cf9300 DPL=0 DS   [-WA]
CS =0038 0000000000000000 ffffffff 00af9a00 DPL=0 CS64 [-R-]
SS =0030 0000000000000000 ffffffff 00cf9300 DPL=0 DS   [-WA]
DS =0030 0000000000000000 ffffffff 00cf9300 DPL=0 DS   [-WA]
FS =0030 0000000000000000 ffffffff 00cf9300 DPL=0 DS   [-WA]
GS =0030 0000000000000000 ffffffff 00cf9300 DPL=0 DS   [-WA]
LDT=0000 0000000000000000 0000ffff 00008200 DPL=0 LDT
TR =0000 0000000000000000 0000ffff 00008b00 DPL=0 TSS64-busy
GDT=     000000003f5dc000 00000047
IDT=     000000003efa3018 00000fff
CR0=80010033 CR2=0000000000000000 CR3=000000003f801000 CR4=00000668
DR0=0000000000000000 DR1=0000000000000000 DR2=0000000000000000 DR3=0000000000000000 
DR6=00000000ffff0ff0 DR7=0000000000000400
CCS=0000000000000000 CCD=0000000000000115 CCO=EFLAGS
EFER=0000000000000d00
Servicing hardware INT=0x20
   263: v=20 e=0000 i=0 cpl=0 IP=0038:000000003e6d3862 pc=000000003e6d3862 SP=0030:000000003fe65090 env->regs[R_EAX]=0000000000000095
RAX=0000000000000095 RBX=0000000000000064 RCX=000000000000b008 RDX=0000000000cd614b
RSI=0000000000cd61e0 RDI=000000003e5b40d4 RBP=000000003fe650c0 RSP=000000003fe65090
R8 =000000003fe650af R9 =000000000000c042 R10=0000000000000000 R11=0000000000000000
R12=000000000004bad4 R13=0000000000000011 R14=000000000000c040 R15=0000000000000000
RIP=000000003e6d3862 RFL=00000206 [-----P-] CPL=0 II=0 A20=1 SMM=0 HLT=0
ES =0030 0000000000000000 ffffffff 00cf9300 DPL=0 DS   [-WA]
CS =0038 0000000000000000 ffffffff 00af9a00 DPL=0 CS64 [-R-]
SS =0030 0000000000000000 ffffffff 00cf9300 DPL=0 DS   [-WA]
DS =0030 0000000000000000 ffffffff 00cf9300 DPL=0 DS   [-WA]
FS =0030 0000000000000000 ffffffff 00cf9300 DPL=0 DS   [-WA]
GS =0030 0000000000000000 ffffffff 00cf9300 DPL=0 DS   [-WA]
LDT=0000 0000000000000000 0000ffff 00008200 DPL=0 LDT
TR =0000 0000000000000000 0000ffff 00008b00 DPL=0 TSS64-busy
GDT=     000000003f5dc000 00000047
IDT=     000000003efa3018 00000fff
CR0=80010033 CR2=0000000000000000 CR3=000000003f801000 CR4=00000668
DR0=0000000000000000 DR1=0000000000000000 DR2=0000000000000000 DR3=0000000000000000 
DR6=00000000ffff0ff0 DR7=0000000000000400
CCS=0000000000000004 CCD=0000000000000095 CCO=EFLAGS
EFER=0000000000000d00
Servicing hardware INT=0x20
   264: v=20 e=0000 i=0 cpl=0 IP=0038:000000003e6d3862 pc=000000003e6d3862 SP=0030:000000003fe65090 env->regs[R_EAX]=000000000000010d
RAX=000000000000010d RBX=0000000000000064 RCX=000000000000b008 RDX=0000000000ce1ff1
RSI=0000000000ce20fe RDI=000000003e5b40d4 RBP=000000003fe650c0 RSP=000000003fe65090
R8 =000000003fe650af R9 =000000000000c042 R10=0000000000000000 R11=0000000000000000
R12=000000000004baf1 R13=0000000000000011 R14=000000000000c040 R15=0000000000000000
RIP=000000003e6d3862 RFL=00000202 [-------] CPL=0 II=0 A20=1 SMM=0 HLT=0
ES =0030 0000000000000000 ffffffff 00cf9300 DPL=0 DS   [-WA]
CS =0038 0000000000000000 ffffffff 00af9a00 DPL=0 CS64 [-R-]
SS =0030 0000000000000000 ffffffff 00cf9300 DPL=0 DS   [-WA]
DS =0030 0000000000000000 ffffffff 00cf9300 DPL=0 DS   [-WA]
FS =0030 0000000000000000 ffffffff 00cf9300 DPL=0 DS   [-WA]
GS =0030 0000000000000000 ffffffff 00cf9300 DPL=0 DS   [-WA]
LDT=0000 0000000000000000 0000ffff 00008200 DPL=0 LDT
TR =0000 0000000000000000 0000ffff 00008b00 DPL=0 TSS64-busy
GDT=     000000003f5dc000 00000047
IDT=     000000003efa3018 00000fff
CR0=80010033 CR2=0000000000000000 CR3=000000003f801000 CR4=00000668
DR0=0000000000000000 DR1=0000000000000000 DR2=0000000000000000 DR3=0000000000000000 
DR6=00000000ffff0ff0 DR7=0000000000000400
CCS=0000000000000000 CCD=000000000000010d CCO=EFLAGS
EFER=0000000000000d00
Servicing hardware INT=0x20
   265: v=20 e=0000 i=0 cpl=0 IP=0038:000000003e6d3862 pc=000000003e6d3862 SP=0030:000000003fe65090 env->regs[R_EAX]=0000000000000085
RAX=0000000000000085 RBX=0000000000000064 RCX=000000000000b008 RDX=0000000000ce791b
RSI=0000000000ce79a0 RDI=000000003e5b40d4 RBP=000000003fe650c0 RSP=000000003fe65090
R8 =000000003fe650af R9 =000000000000c042 R10=0000000000000000 R11=0000000000000000
R12=000000000004babd R13=0000000000000011 R14=000000000000c040 R15=0000000000000000
RIP=000000003e6d3862 RFL=00000202 [-------] CPL=0 II=0 A20=1 SMM=0 HLT=0
ES =0030 0000000000000000 ffffffff 00cf9300 DPL=0 DS   [-WA]
CS =0038 0000000000000000 ffffffff 00af9a00 DPL=0 CS64 [-R-]
SS =0030 0000000000000000 ffffffff 00cf9300 DPL=0 DS   [-WA]
DS =0030 0000000000000000 ffffffff 00cf9300 DPL=0 DS   [-WA]
FS =0030 0000000000000000 ffffffff 00cf9300 DPL=0 DS   [-WA]
GS =0030 0000000000000000 ffffffff 00cf9300 DPL=0 DS   [-WA]
LDT=0000 0000000000000000 0000ffff 00008200 DPL=0 LDT
TR =0000 0000000000000000 0000ffff 00008b00 DPL=0 TSS64-busy
GDT=     000000003f5dc000 00000047
IDT=     000000003efa3018 00000fff
CR0=80010033 CR2=0000000000000000 CR3=000000003f801000 CR4=00000668
DR0=0000000000000000 DR1=0000000000000000 DR2=0000000000000000 DR3=0000000000000000 
DR6=00000000ffff0ff0 DR7=0000000000000400
CCS=0000000000000000 CCD=0000000000000085 CCO=EFLAGS
EFER=0000000000000d00
Servicing hardware INT=0x20
   266: v=20 e=0000 i=0 cpl=0 IP=0038:000000003e6d3862 pc=000000003e6d3862 SP=0030:000000003fe65090 env->regs[R_EAX]=00000000000000f2
RAX=00000000000000f2 RBX=0000000000000064 RCX=000000000000b008 RDX=0000000000cf2b2a
RSI=0000000000cf2c1c RDI=000000003e5b40d4 RBP=000000003fe650c0 RSP=000000003fe65090
R8 =000000003fe650af R9 =000000000000c042 R10=0000000000000000 R11=0000000000000000
R12=000000000004baf1 R13=0000000000000011 R14=000000000000c040 R15=0000000000000000
RIP=000000003e6d3862 RFL=00000202 [-------] CPL=0 II=0 A20=1 SMM=0 HLT=0
ES =0030 0000000000000000 ffffffff 00cf9300 DPL=0 DS   [-WA]
CS =0038 0000000000000000 ffffffff 00af9a00 DPL=0 CS64 [-R-]
SS =0030 0000000000000000 ffffffff 00cf9300 DPL=0 DS   [-WA]
DS =0030 0000000000000000 ffffffff 00cf9300 DPL=0 DS   [-WA]
FS =0030 0000000000000000 ffffffff 00cf9300 DPL=0 DS   [-WA]
GS =0030 0000000000000000 ffffffff 00cf9300 DPL=0 DS   [-WA]
LDT=0000 0000000000000000 0000ffff 00008200 DPL=0 LDT
TR =0000 0000000000000000 0000ffff 00008b00 DPL=0 TSS64-busy
GDT=     000000003f5dc000 00000047
IDT=     000000003efa3018 00000fff
CR0=80010033 CR2=0000000000000000 CR3=000000003f801000 CR4=00000668
DR0=0000000000000000 DR1=0000000000000000 DR2=0000000000000000 DR3=0000000000000000 
DR6=00000000ffff0ff0 DR7=0000000000000400
CCS=0000000000000000 CCD=00000000000000f2 CCO=EFLAGS
EFER=0000000000000d00
Servicing hardware INT=0x20
   267: v=20 e=0000 i=0 cpl=0 IP=0038:000000003e6d3862 pc=000000003e6d3862 SP=0030:000000003fe65090 env->regs[R_EAX]=000000000000002c
RAX=000000000000002c RBX=0000000000000064 RCX=000000000000b008 RDX=0000000000cf909f
RSI=0000000000cf90cb RDI=000000003e5b40d4 RBP=000000003fe650c0 RSP=000000003fe65090
R8 =000000003fe650af R9 =000000000000c042 R10=0000000000000000 R11=0000000000000000
R12=000000000004bab8 R13=0000000000000011 R14=000000000000c040 R15=0000000000000000
RIP=000000003e6d3862 RFL=00000202 [-------] CPL=0 II=0 A20=1 SMM=0 HLT=0
ES =0030 0000000000000000 ffffffff 00cf9300 DPL=0 DS   [-WA]
CS =0038 0000000000000000 ffffffff 00af9a00 DPL=0 CS64 [-R-]
SS =0030 0000000000000000 ffffffff 00cf9300 DPL=0 DS   [-WA]
DS =0030 0000000000000000 ffffffff 00cf9300 DPL=0 DS   [-WA]
FS =0030 0000000000000000 ffffffff 00cf9300 DPL=0 DS   [-WA]
GS =0030 0000000000000000 ffffffff 00cf9300 DPL=0 DS   [-WA]
LDT=0000 0000000000000000 0000ffff 00008200 DPL=0 LDT
TR =0000 0000000000000000 0000ffff 00008b00 DPL=0 TSS64-busy
GDT=     000000003f5dc000 00000047
IDT=     000000003efa3018 00000fff
CR0=80010033 CR2=0000000000000000 CR3=000000003f801000 CR4=00000668
DR0=0000000000000000 DR1=0000000000000000 DR2=0000000000000000 DR3=0000000000000000 
DR6=00000000ffff0ff0 DR7=0000000000000400
CCS=0000000000000000 CCD=000000000000002c CCO=EFLAGS
EFER=0000000000000d00
Servicing hardware INT=0x20
   268: v=20 e=0000 i=0 cpl=0 IP=0038:000000003f6cea4a pc=000000003f6cea4a SP=0030:000000003fe655c0 env->regs[R_EAX]=00000000000000ff
RAX=00000000000000ff RBX=0000000000000000 RCX=0000000000010001 RDX=000000003eac2018
RSI=0000000000000000 RDI=000000003eaf2017 RBP=000000003fe65690 RSP=000000003fe655c0
R8 =00000000000000ff R9 =0000000000000000 R10=000000003f58b5a8 R11=0000000000000000
R12=000000003fe656f0 R13=000000003fe65638 R14=0000000000000000 R15=000000003eac2018
RIP=000000003f6cea4a RFL=00010202 [-------] CPL=0 II=0 A20=1 SMM=0 HLT=0
ES =0030 0000000000000000 ffffffff 00cf9300 DPL=0 DS   [-WA]
CS =0038 0000000000000000 ffffffff 00af9a00 DPL=0 CS64 [-R-]
SS =0030 0000000000000000 ffffffff 00cf9300 DPL=0 DS   [-WA]
DS =0030 0000000000000000 ffffffff 00cf9300 DPL=0 DS   [-WA]
FS =0030 0000000000000000 ffffffff 00cf9300 DPL=0 DS   [-WA]
GS =0030 0000000000000000 ffffffff 00cf9300 DPL=0 DS   [-WA]
LDT=0000 0000000000000000 0000ffff 00008200 DPL=0 LDT
TR =0000 0000000000000000 0000ffff 00008b00 DPL=0 TSS64-busy
GDT=     000000003f5dc000 00000047
IDT=     000000003efa3018 00000fff
CR0=80010033 CR2=0000000000000000 CR3=000000003f801000 CR4=00000668
DR0=0000000000000000 DR1=0000000000000000 DR2=0000000000000000 DR3=0000000000000000 
DR6=00000000ffff0ff0 DR7=0000000000000400
CCS=0000000000000000 CCD=000000003fe655b0 CCO=EFLAGS
EFER=0000000000000d00
Servicing hardware INT=0x20
   269: v=20 e=0000 i=0 cpl=0 IP=0038:000000003e6d3862 pc=000000003e6d3862 SP=0030:000000003fe64f40 env->regs[R_EAX]=00000000000000d2
RAX=00000000000000d2 RBX=0000000000000064 RCX=000000000000b008 RDX=0000000000d0c8e4
RSI=0000000000d0c9b6 RDI=000000003e5b40d4 RBP=000000003fe64f70 RSP=000000003fe64f40
R8 =000000003fe64f5f R9 =000000000000c042 R10=0000000000000000 R11=0000000000000000
R12=000000000004baf1 R13=0000000000000011 R14=000000000000c040 R15=0000000000000000
RIP=000000003e6d3862 RFL=00000206 [-----P-] CPL=0 II=0 A20=1 SMM=0 HLT=0
ES =0030 0000000000000000 ffffffff 00cf9300 DPL=0 DS   [-WA]
CS =0038 0000000000000000 ffffffff 00af9a00 DPL=0 CS64 [-R-]
SS =0030 0000000000000000 ffffffff 00cf9300 DPL=0 DS   [-WA]
DS =0030 0000000000000000 ffffffff 00cf9300 DPL=0 DS   [-WA]
FS =0030 0000000000000000 ffffffff 00cf9300 DPL=0 DS   [-WA]
GS =0030 0000000000000000 ffffffff 00cf9300 DPL=0 DS   [-WA]
LDT=0000 0000000000000000 0000ffff 00008200 DPL=0 LDT
TR =0000 0000000000000000 0000ffff 00008b00 DPL=0 TSS64-busy
GDT=     000000003f5dc000 00000047
IDT=     000000003efa3018 00000fff
CR0=80010033 CR2=0000000000000000 CR3=000000003f801000 CR4=00000668
DR0=0000000000000000 DR1=0000000000000000 DR2=0000000000000000 DR3=0000000000000000 
DR6=00000000ffff0ff0 DR7=0000000000000400
CCS=0000000000000004 CCD=00000000000000d2 CCO=EFLAGS
EFER=0000000000000d00
Servicing hardware INT=0x20
   270: v=20 e=0000 i=0 cpl=0 IP=0038:000000003e6d3862 pc=000000003e6d3862 SP=0030:000000003fe64f40 env->regs[R_EAX]=0000000000000102
RAX=0000000000000102 RBX=0000000000000064 RCX=000000000000b008 RDX=0000000000d1b872
RSI=0000000000d1b974 RDI=000000003e5b40d4 RBP=000000003fe64f70 RSP=000000003fe64f40
R8 =000000003fe64f5f R9 =000000000000c042 R10=0000000000000000 R11=0000000000000000
R12=000000000004baf1 R13=0000000000000011 R14=000000000000c040 R15=0000000000000000
RIP=000000003e6d3862 RFL=00000202 [-------] CPL=0 II=0 A20=1 SMM=0 HLT=0
ES =0030 0000000000000000 ffffffff 00cf9300 DPL=0 DS   [-WA]
CS =0038 0000000000000000 ffffffff 00af9a00 DPL=0 CS64 [-R-]
SS =0030 0000000000000000 ffffffff 00cf9300 DPL=0 DS   [-WA]
DS =0030 0000000000000000 ffffffff 00cf9300 DPL=0 DS   [-WA]
FS =0030 0000000000000000 ffffffff 00cf9300 DPL=0 DS   [-WA]
GS =0030 0000000000000000 ffffffff 00cf9300 DPL=0 DS   [-WA]
LDT=0000 0000000000000000 0000ffff 00008200 DPL=0 LDT
TR =0000 0000000000000000 0000ffff 00008b00 DPL=0 TSS64-busy
GDT=     000000003f5dc000 00000047
IDT=     000000003efa3018 00000fff
CR0=80010033 CR2=0000000000000000 CR3=000000003f801000 CR4=00000668
DR0=0000000000000000 DR1=0000000000000000 DR2=0000000000000000 DR3=0000000000000000 
DR6=00000000ffff0ff0 DR7=0000000000000400
CCS=0000000000000000 CCD=0000000000000102 CCO=EFLAGS
EFER=0000000000000d00
Servicing hardware INT=0x20
   271: v=20 e=0000 i=0 cpl=0 IP=0038:000000003e6d3862 pc=000000003e6d3862 SP=0030:000000003fe64f40 env->regs[R_EAX]=0000000000000028
RAX=0000000000000028 RBX=0000000000000064 RCX=000000000000b008 RDX=0000000000d1bfd2
RSI=0000000000d1bffa RDI=000000003e5b40d4 RBP=000000003fe64f70 RSP=000000003fe64f40
R8 =000000003fe64f5f R9 =000000000000c042 R10=0000000000000000 R11=0000000000000000
R12=000000000004baee R13=0000000000000011 R14=000000000000c040 R15=0000000000000000
RIP=000000003e6d3862 RFL=00000206 [-----P-] CPL=0 II=0 A20=1 SMM=0 HLT=0
ES =0030 0000000000000000 ffffffff 00cf9300 DPL=0 DS   [-WA]
CS =0038 0000000000000000 ffffffff 00af9a00 DPL=0 CS64 [-R-]
SS =0030 0000000000000000 ffffffff 00cf9300 DPL=0 DS   [-WA]
DS =0030 0000000000000000 ffffffff 00cf9300 DPL=0 DS   [-WA]
FS =0030 0000000000000000 ffffffff 00cf9300 DPL=0 DS   [-WA]
GS =0030 0000000000000000 ffffffff 00cf9300 DPL=0 DS   [-WA]
LDT=0000 0000000000000000 0000ffff 00008200 DPL=0 LDT
TR =0000 0000000000000000 0000ffff 00008b00 DPL=0 TSS64-busy
GDT=     000000003f5dc000 00000047
IDT=     000000003efa3018 00000fff
CR0=80010033 CR2=0000000000000000 CR3=000000003f801000 CR4=00000668
DR0=0000000000000000 DR1=0000000000000000 DR2=0000000000000000 DR3=0000000000000000 
DR6=00000000ffff0ff0 DR7=0000000000000400
CCS=0000000000000004 CCD=0000000000000028 CCO=EFLAGS
EFER=0000000000000d00
Servicing hardware INT=0x20
   272: v=20 e=0000 i=0 cpl=0 IP=0038:000000003e6d3862 pc=000000003e6d3862 SP=0030:000000003fe64f40 env->regs[R_EAX]=00000000000000f4
RAX=00000000000000f4 RBX=0000000000000064 RCX=000000000000b008 RDX=0000000000d2a3b7
RSI=0000000000d2a4ab RDI=000000003e5b40d4 RBP=000000003fe64f70 RSP=000000003fe64f40
R8 =000000003fe64f5f R9 =000000000000c042 R10=0000000000000000 R11=0000000000000000
R12=000000000004baf1 R13=0000000000000011 R14=000000000000c040 R15=0000000000000000
RIP=000000003e6d3862 RFL=00000202 [-------] CPL=0 II=0 A20=1 SMM=0 HLT=0
ES =0030 0000000000000000 ffffffff 00cf9300 DPL=0 DS   [-WA]
CS =0038 0000000000000000 ffffffff 00af9a00 DPL=0 CS64 [-R-]
SS =0030 0000000000000000 ffffffff 00cf9300 DPL=0 DS   [-WA]
DS =0030 0000000000000000 ffffffff 00cf9300 DPL=0 DS   [-WA]
FS =0030 0000000000000000 ffffffff 00cf9300 DPL=0 DS   [-WA]
GS =0030 0000000000000000 ffffffff 00cf9300 DPL=0 DS   [-WA]
LDT=0000 0000000000000000 0000ffff 00008200 DPL=0 LDT
TR =0000 0000000000000000 0000ffff 00008b00 DPL=0 TSS64-busy
GDT=     000000003f5dc000 00000047
IDT=     000000003efa3018 00000fff
CR0=80010033 CR2=0000000000000000 CR3=000000003f801000 CR4=00000668
DR0=0000000000000000 DR1=0000000000000000 DR2=0000000000000000 DR3=0000000000000000 
DR6=00000000ffff0ff0 DR7=0000000000000400
CCS=0000000000000000 CCD=00000000000000f4 CCO=EFLAGS
EFER=0000000000000d00
Servicing hardware INT=0x20
   273: v=20 e=0000 i=0 cpl=0 IP=0038:000000003e6d3862 pc=000000003e6d3862 SP=0030:000000003fe64f40 env->regs[R_EAX]=000000000000007d
RAX=000000000000007d RBX=0000000000000064 RCX=000000000000b008 RDX=0000000000d2d76e
RSI=0000000000d2d7eb RDI=000000003e5b40d4 RBP=000000003fe64f70 RSP=000000003fe64f40
R8 =000000003fe64f5f R9 =000000000000c042 R10=0000000000000000 R11=0000000000000000
R12=000000000004bad3 R13=0000000000000011 R14=000000000000c040 R15=0000000000000000
RIP=000000003e6d3862 RFL=00000206 [-----P-] CPL=0 II=0 A20=1 SMM=0 HLT=0
ES =0030 0000000000000000 ffffffff 00cf9300 DPL=0 DS   [-WA]
CS =0038 0000000000000000 ffffffff 00af9a00 DPL=0 CS64 [-R-]
SS =0030 0000000000000000 ffffffff 00cf9300 DPL=0 DS   [-WA]
DS =0030 0000000000000000 ffffffff 00cf9300 DPL=0 DS   [-WA]
FS =0030 0000000000000000 ffffffff 00cf9300 DPL=0 DS   [-WA]
GS =0030 0000000000000000 ffffffff 00cf9300 DPL=0 DS   [-WA]
LDT=0000 0000000000000000 0000ffff 00008200 DPL=0 LDT
TR =0000 0000000000000000 0000ffff 00008b00 DPL=0 TSS64-busy
GDT=     000000003f5dc000 00000047
IDT=     000000003efa3018 00000fff
CR0=80010033 CR2=0000000000000000 CR3=000000003f801000 CR4=00000668
DR0=0000000000000000 DR1=0000000000000000 DR2=0000000000000000 DR3=0000000000000000 
DR6=00000000ffff0ff0 DR7=0000000000000400
CCS=0000000000000004 CCD=000000000000007d CCO=EFLAGS
EFER=0000000000000d00
Servicing hardware INT=0x20
   274: v=20 e=0000 i=0 cpl=0 IP=0038:000000003e6d3862 pc=000000003e6d3862 SP=0030:000000003fe64f40 env->regs[R_EAX]=0000000000000d5a
RAX=0000000000000d5a RBX=0000000000002710 RCX=000000000000b008 RDX=0000000000d39be9
RSI=0000000000d3a943 RDI=000000003e5b40d4 RBP=000000003fe64f70 RSP=000000003fe64f40
R8 =000000003fe64f90 R9 =00000000000003f6 R10=0000000000000000 R11=0000000000000000
R12=000000000000c042 R13=0000000000000011 R14=000000000000c040 R15=0000000000000000
RIP=000000003e6d3862 RFL=00000206 [-----P-] CPL=0 II=0 A20=1 SMM=0 HLT=0
ES =0030 0000000000000000 ffffffff 00cf9300 DPL=0 DS   [-WA]
CS =0038 0000000000000000 ffffffff 00af9a00 DPL=0 CS64 [-R-]
SS =0030 0000000000000000 ffffffff 00cf9300 DPL=0 DS   [-WA]
DS =0030 0000000000000000 ffffffff 00cf9300 DPL=0 DS   [-WA]
FS =0030 0000000000000000 ffffffff 00cf9300 DPL=0 DS   [-WA]
GS =0030 0000000000000000 ffffffff 00cf9300 DPL=0 DS   [-WA]
LDT=0000 0000000000000000 0000ffff 00008200 DPL=0 LDT
TR =0000 0000000000000000 0000ffff 00008b00 DPL=0 TSS64-busy
GDT=     000000003f5dc000 00000047
IDT=     000000003efa3018 00000fff
CR0=80010033 CR2=0000000000000000 CR3=000000003f801000 CR4=00000668
DR0=0000000000000000 DR1=0000000000000000 DR2=0000000000000000 DR3=0000000000000000 
DR6=00000000ffff0ff0 DR7=0000000000000400
CCS=0000000000000004 CCD=0000000000000d5a CCO=EFLAGS
EFER=0000000000000d00
Servicing hardware INT=0x20
   275: v=20 e=0000 i=0 cpl=0 IP=0038:000000003e6d3862 pc=000000003e6d3862 SP=0030:000000003fe64f80 env->regs[R_EAX]=000000000000015a
RAX=000000000000015a RBX=0000000000000064 RCX=000000000000b008 RDX=0000000000d3e8a8
RSI=0000000000d3ea02 RDI=000000003e5b40d4 RBP=000000003fe64fb0 RSP=000000003fe64f80
R8 =000000003fe64f9f R9 =000000000000c042 R10=0000000000000000 R11=0000000000000000
R12=000000000004bad2 R13=0000000000000011 R14=000000000000c040 R15=0000000000000000
RIP=000000003e6d3862 RFL=00000206 [-----P-] CPL=0 II=0 A20=1 SMM=0 HLT=0
ES =0030 0000000000000000 ffffffff 00cf9300 DPL=0 DS   [-WA]
CS =0038 0000000000000000 ffffffff 00af9a00 DPL=0 CS64 [-R-]
SS =0030 0000000000000000 ffffffff 00cf9300 DPL=0 DS   [-WA]
DS =0030 0000000000000000 ffffffff 00cf9300 DPL=0 DS   [-WA]
FS =0030 0000000000000000 ffffffff 00cf9300 DPL=0 DS   [-WA]
GS =0030 0000000000000000 ffffffff 00cf9300 DPL=0 DS   [-WA]
LDT=0000 0000000000000000 0000ffff 00008200 DPL=0 LDT
TR =0000 0000000000000000 0000ffff 00008b00 DPL=0 TSS64-busy
GDT=     000000003f5dc000 00000047
IDT=     000000003efa3018 00000fff
CR0=80010033 CR2=0000000000000000 CR3=000000003f801000 CR4=00000668
DR0=0000000000000000 DR1=0000000000000000 DR2=0000000000000000 DR3=0000000000000000 
DR6=00000000ffff0ff0 DR7=0000000000000400
CCS=0000000000000004 CCD=000000000000015a CCO=EFLAGS
EFER=0000000000000d00
Servicing hardware INT=0x20
   276: v=20 e=0000 i=0 cpl=0 IP=0038:000000003e6d3862 pc=000000003e6d3862 SP=0030:000000003fe64f80 env->regs[R_EAX]=000000000000010c
RAX=000000000000010c RBX=0000000000000064 RCX=000000000000b008 RDX=0000000000d4a581
RSI=0000000000d4a68d RDI=000000003e5b40d4 RBP=000000003fe64fb0 RSP=000000003fe64f80
R8 =000000003fe64f9f R9 =000000000000c042 R10=0000000000000000 R11=0000000000000000
R12=000000000004baf1 R13=0000000000000011 R14=000000000000c040 R15=0000000000000000
RIP=000000003e6d3862 RFL=00000206 [-----P-] CPL=0 II=0 A20=1 SMM=0 HLT=0
ES =0030 0000000000000000 ffffffff 00cf9300 DPL=0 DS   [-WA]
CS =0038 0000000000000000 ffffffff 00af9a00 DPL=0 CS64 [-R-]
SS =0030 0000000000000000 ffffffff 00cf9300 DPL=0 DS   [-WA]
DS =0030 0000000000000000 ffffffff 00cf9300 DPL=0 DS   [-WA]
FS =0030 0000000000000000 ffffffff 00cf9300 DPL=0 DS   [-WA]
GS =0030 0000000000000000 ffffffff 00cf9300 DPL=0 DS   [-WA]
LDT=0000 0000000000000000 0000ffff 00008200 DPL=0 LDT
TR =0000 0000000000000000 0000ffff 00008b00 DPL=0 TSS64-busy
GDT=     000000003f5dc000 00000047
IDT=     000000003efa3018 00000fff
CR0=80010033 CR2=0000000000000000 CR3=000000003f801000 CR4=00000668
DR0=0000000000000000 DR1=0000000000000000 DR2=0000000000000000 DR3=0000000000000000 
DR6=00000000ffff0ff0 DR7=0000000000000400
CCS=0000000000000004 CCD=000000000000010c CCO=EFLAGS
EFER=0000000000000d00
Servicing hardware INT=0x20
   277: v=20 e=0000 i=0 cpl=0 IP=0038:000000003e6d3862 pc=000000003e6d3862 SP=0030:000000003fe64f80 env->regs[R_EAX]=0000000000003889
RAX=0000000000003889 RBX=0000000000002710 RCX=000000000000b008 RDX=0000000000d55444
RSI=0000000000d58ccd RDI=000000003e5b40d4 RBP=000000003fe64fb0 RSP=000000003fe64f80
R8 =000000003fe64fd0 R9 =00000000000003f6 R10=0000000000000000 R11=0000000000000000
R12=000000000000c042 R13=0000000000000011 R14=000000000000c040 R15=0000000000000000
RIP=000000003e6d3862 RFL=00000202 [-------] CPL=0 II=0 A20=1 SMM=0 HLT=0
ES =0030 0000000000000000 ffffffff 00cf9300 DPL=0 DS   [-WA]
CS =0038 0000000000000000 ffffffff 00af9a00 DPL=0 CS64 [-R-]
SS =0030 0000000000000000 ffffffff 00cf9300 DPL=0 DS   [-WA]
DS =0030 0000000000000000 ffffffff 00cf9300 DPL=0 DS   [-WA]
FS =0030 0000000000000000 ffffffff 00cf9300 DPL=0 DS   [-WA]
GS =0030 0000000000000000 ffffffff 00cf9300 DPL=0 DS   [-WA]
LDT=0000 0000000000000000 0000ffff 00008200 DPL=0 LDT
TR =0000 0000000000000000 0000ffff 00008b00 DPL=0 TSS64-busy
GDT=     000000003f5dc000 00000047
IDT=     000000003efa3018 00000fff
CR0=80010033 CR2=0000000000000000 CR3=000000003f801000 CR4=00000668
DR0=0000000000000000 DR1=0000000000000000 DR2=0000000000000000 DR3=0000000000000000 
DR6=00000000ffff0ff0 DR7=0000000000000400
CCS=0000000000000000 CCD=0000000000003889 CCO=EFLAGS
EFER=0000000000000d00
Servicing hardware INT=0x20
   278: v=20 e=0000 i=0 cpl=0 IP=0038:000000003e6d3862 pc=000000003e6d3862 SP=0030:000000003fe64f80 env->regs[R_EAX]=0000000000000113
RAX=0000000000000113 RBX=0000000000000064 RCX=000000000000b008 RDX=0000000000d598a9
RSI=0000000000d599bc RDI=000000003e5b40d4 RBP=000000003fe64fb0 RSP=000000003fe64f80
R8 =000000003fe64f9f R9 =000000000000c042 R10=0000000000000000 R11=0000000000000000
R12=000000000004baf1 R13=0000000000000011 R14=000000000000c040 R15=0000000000000000
RIP=000000003e6d3862 RFL=00000202 [-------] CPL=0 II=0 A20=1 SMM=0 HLT=0
ES =0030 0000000000000000 ffffffff 00cf9300 DPL=0 DS   [-WA]
CS =0038 0000000000000000 ffffffff 00af9a00 DPL=0 CS64 [-R-]
SS =0030 0000000000000000 ffffffff 00cf9300 DPL=0 DS   [-WA]
DS =0030 0000000000000000 ffffffff 00cf9300 DPL=0 DS   [-WA]
FS =0030 0000000000000000 ffffffff 00cf9300 DPL=0 DS   [-WA]
GS =0030 0000000000000000 ffffffff 00cf9300 DPL=0 DS   [-WA]
LDT=0000 0000000000000000 0000ffff 00008200 DPL=0 LDT
TR =0000 0000000000000000 0000ffff 00008b00 DPL=0 TSS64-busy
GDT=     000000003f5dc000 00000047
IDT=     000000003efa3018 00000fff
CR0=80010033 CR2=0000000000000000 CR3=000000003f801000 CR4=00000668
DR0=0000000000000000 DR1=0000000000000000 DR2=0000000000000000 DR3=0000000000000000 
DR6=00000000ffff0ff0 DR7=0000000000000400
CCS=0000000000000000 CCD=0000000000000113 CCO=EFLAGS
EFER=0000000000000d00
Servicing hardware INT=0x20
   279: v=20 e=0000 i=0 cpl=0 IP=0038:000000003e6d3862 pc=000000003e6d3862 SP=0030:000000003fe64f80 env->regs[R_EAX]=0000000000006a82
RAX=0000000000006a82 RBX=0000000000002710 RCX=000000000000b008 RDX=0000000000d62dd5
RSI=0000000000d69857 RDI=000000003e5b40d4 RBP=000000003fe64fb0 RSP=000000003fe64f80
R8 =000000003fe64fd0 R9 =00000000000003f6 R10=0000000000000000 R11=0000000000000000
R12=000000000000c042 R13=0000000000000011 R14=000000000000c040 R15=0000000000000000
RIP=000000003e6d3862 RFL=00000206 [-----P-] CPL=0 II=0 A20=1 SMM=0 HLT=0
ES =0030 0000000000000000 ffffffff 00cf9300 DPL=0 DS   [-WA]
CS =0038 0000000000000000 ffffffff 00af9a00 DPL=0 CS64 [-R-]
SS =0030 0000000000000000 ffffffff 00cf9300 DPL=0 DS   [-WA]
DS =0030 0000000000000000 ffffffff 00cf9300 DPL=0 DS   [-WA]
FS =0030 0000000000000000 ffffffff 00cf9300 DPL=0 DS   [-WA]
GS =0030 0000000000000000 ffffffff 00cf9300 DPL=0 DS   [-WA]
LDT=0000 0000000000000000 0000ffff 00008200 DPL=0 LDT
TR =0000 0000000000000000 0000ffff 00008b00 DPL=0 TSS64-busy
GDT=     000000003f5dc000 00000047
IDT=     000000003efa3018 00000fff
CR0=80010033 CR2=0000000000000000 CR3=000000003f801000 CR4=00000668
DR0=0000000000000000 DR1=0000000000000000 DR2=0000000000000000 DR3=0000000000000000 
DR6=00000000ffff0ff0 DR7=0000000000000400
CCS=0000000000000004 CCD=0000000000006a82 CCO=EFLAGS
EFER=0000000000000d00
Servicing hardware INT=0x20
   280: v=20 e=0000 i=0 cpl=0 IP=0038:000000003e6d3862 pc=000000003e6d3862 SP=0030:000000003fe64f80 env->regs[R_EAX]=0000000000000159
RAX=0000000000000159 RBX=0000000000000064 RCX=000000000000b008 RDX=0000000000d6aa57
RSI=0000000000d6abb0 RDI=000000003e5b40d4 RBP=000000003fe64fb0 RSP=000000003fe64f80
R8 =000000003fe64f9f R9 =000000000000c042 R10=0000000000000000 R11=0000000000000000
R12=000000000004baed R13=0000000000000011 R14=000000000000c040 R15=0000000000000000
RIP=000000003e6d3862 RFL=00000206 [-----P-] CPL=0 II=0 A20=1 SMM=0 HLT=0
ES =0030 0000000000000000 ffffffff 00cf9300 DPL=0 DS   [-WA]
CS =0038 0000000000000000 ffffffff 00af9a00 DPL=0 CS64 [-R-]
SS =0030 0000000000000000 ffffffff 00cf9300 DPL=0 DS   [-WA]
DS =0030 0000000000000000 ffffffff 00cf9300 DPL=0 DS   [-WA]
FS =0030 0000000000000000 ffffffff 00cf9300 DPL=0 DS   [-WA]
GS =0030 0000000000000000 ffffffff 00cf9300 DPL=0 DS   [-WA]
LDT=0000 0000000000000000 0000ffff 00008200 DPL=0 LDT
TR =0000 0000000000000000 0000ffff 00008b00 DPL=0 TSS64-busy
GDT=     000000003f5dc000 00000047
IDT=     000000003efa3018 00000fff
CR0=80010033 CR2=0000000000000000 CR3=000000003f801000 CR4=00000668
DR0=0000000000000000 DR1=0000000000000000 DR2=0000000000000000 DR3=0000000000000000 
DR6=00000000ffff0ff0 DR7=0000000000000400
CCS=0000000000000004 CCD=0000000000000159 CCO=EFLAGS
EFER=0000000000000d00
Servicing hardware INT=0x20
   281: v=20 e=0000 i=0 cpl=0 IP=0038:000000003e6d3862 pc=000000003e6d3862 SP=0030:000000003fe64ff0 env->regs[R_EAX]=0000000000000155
RAX=0000000000000155 RBX=0000000000000064 RCX=000000000000b008 RDX=0000000000d7d057
RSI=0000000000d7d1ac RDI=000000003e5b40d4 RBP=000000003fe65020 RSP=000000003fe64ff0
R8 =000000003fe6500f R9 =000000000000c042 R10=0000000000000000 R11=0000000000000000
R12=000000000004baf1 R13=0000000000000011 R14=000000000000c040 R15=0000000000000000
RIP=000000003e6d3862 RFL=00000206 [-----P-] CPL=0 II=0 A20=1 SMM=0 HLT=0
ES =0030 0000000000000000 ffffffff 00cf9300 DPL=0 DS   [-WA]
CS =0038 0000000000000000 ffffffff 00af9a00 DPL=0 CS64 [-R-]
SS =0030 0000000000000000 ffffffff 00cf9300 DPL=0 DS   [-WA]
DS =0030 0000000000000000 ffffffff 00cf9300 DPL=0 DS   [-WA]
FS =0030 0000000000000000 ffffffff 00cf9300 DPL=0 DS   [-WA]
GS =0030 0000000000000000 ffffffff 00cf9300 DPL=0 DS   [-WA]
LDT=0000 0000000000000000 0000ffff 00008200 DPL=0 LDT
TR =0000 0000000000000000 0000ffff 00008b00 DPL=0 TSS64-busy
GDT=     000000003f5dc000 00000047
IDT=     000000003efa3018 00000fff
CR0=80010033 CR2=0000000000000000 CR3=000000003f801000 CR4=00000668
DR0=0000000000000000 DR1=0000000000000000 DR2=0000000000000000 DR3=0000000000000000 
DR6=00000000ffff0ff0 DR7=0000000000000400
CCS=0000000000000004 CCD=0000000000000155 CCO=EFLAGS
EFER=0000000000000d00
Servicing hardware INT=0x20
   282: v=20 e=0000 i=0 cpl=0 IP=0038:000000003e6d3862 pc=000000003e6d3862 SP=0030:000000003fe64e40 env->regs[R_EAX]=0000000000000080
RAX=0000000000000080 RBX=0000000000000064 RCX=000000000000b008 RDX=0000000000d86b6c
RSI=0000000000d86bec RDI=000000003e5b40d4 RBP=000000003fe64e70 RSP=000000003fe64e40
R8 =000000003fe64e5f R9 =000000000000c042 R10=0000000000000000 R11=0000000000000000
R12=000000000004baf1 R13=0000000000000011 R14=000000000000c040 R15=0000000000000000
RIP=000000003e6d3862 RFL=00000202 [-------] CPL=0 II=0 A20=1 SMM=0 HLT=0
ES =0030 0000000000000000 ffffffff 00cf9300 DPL=0 DS   [-WA]
CS =0038 0000000000000000 ffffffff 00af9a00 DPL=0 CS64 [-R-]
SS =0030 0000000000000000 ffffffff 00cf9300 DPL=0 DS   [-WA]
DS =0030 0000000000000000 ffffffff 00cf9300 DPL=0 DS   [-WA]
FS =0030 0000000000000000 ffffffff 00cf9300 DPL=0 DS   [-WA]
GS =0030 0000000000000000 ffffffff 00cf9300 DPL=0 DS   [-WA]
LDT=0000 0000000000000000 0000ffff 00008200 DPL=0 LDT
TR =0000 0000000000000000 0000ffff 00008b00 DPL=0 TSS64-busy
GDT=     000000003f5dc000 00000047
IDT=     000000003efa3018 00000fff
CR0=80010033 CR2=0000000000000000 CR3=000000003f801000 CR4=00000668
DR0=0000000000000000 DR1=0000000000000000 DR2=0000000000000000 DR3=0000000000000000 
DR6=00000000ffff0ff0 DR7=0000000000000400
CCS=0000000000000000 CCD=0000000000000080 CCO=EFLAGS
EFER=0000000000000d00
Servicing hardware INT=0x20
   283: v=20 e=0000 i=0 cpl=0 IP=0038:000000003e6d3862 pc=000000003e6d3862 SP=0030:000000003fe64e40 env->regs[R_EAX]=000000000000009c
RAX=000000000000009c RBX=0000000000000064 RCX=000000000000b008 RDX=0000000000d906b1
RSI=0000000000d9074d RDI=000000003e5b40d4 RBP=000000003fe64e70 RSP=000000003fe64e40
R8 =000000003fe64e5f R9 =000000000000c042 R10=0000000000000000 R11=0000000000000000
R12=000000000004baf1 R13=0000000000000011 R14=000000000000c040 R15=0000000000000000
RIP=000000003e6d3862 RFL=00000206 [-----P-] CPL=0 II=0 A20=1 SMM=0 HLT=0
ES =0030 0000000000000000 ffffffff 00cf9300 DPL=0 DS   [-WA]
CS =0038 0000000000000000 ffffffff 00af9a00 DPL=0 CS64 [-R-]
SS =0030 0000000000000000 ffffffff 00cf9300 DPL=0 DS   [-WA]
DS =0030 0000000000000000 ffffffff 00cf9300 DPL=0 DS   [-WA]
FS =0030 0000000000000000 ffffffff 00cf9300 DPL=0 DS   [-WA]
GS =0030 0000000000000000 ffffffff 00cf9300 DPL=0 DS   [-WA]
LDT=0000 0000000000000000 0000ffff 00008200 DPL=0 LDT
TR =0000 0000000000000000 0000ffff 00008b00 DPL=0 TSS64-busy
GDT=     000000003f5dc000 00000047
IDT=     000000003efa3018 00000fff
CR0=80010033 CR2=0000000000000000 CR3=000000003f801000 CR4=00000668
DR0=0000000000000000 DR1=0000000000000000 DR2=0000000000000000 DR3=0000000000000000 
DR6=00000000ffff0ff0 DR7=0000000000000400
CCS=0000000000000004 CCD=000000000000009c CCO=EFLAGS
EFER=0000000000000d00
Servicing hardware INT=0x20
   284: v=20 e=0000 i=0 cpl=0 IP=0038:000000003e6d3862 pc=000000003e6d3862 SP=0030:000000003fe64fe0 env->regs[R_EAX]=00000000000000eb
RAX=00000000000000eb RBX=0000000000000064 RCX=000000000000b008 RDX=0000000000d9a023
RSI=0000000000d9a10e RDI=000000003e5b40d4 RBP=000000003fe65010 RSP=000000003fe64fe0
R8 =000000003fe64fff R9 =000000000000c042 R10=0000000000000000 R11=0000000000000000
R12=000000000004baf1 R13=0000000000000011 R14=000000000000c040 R15=0000000000000000
RIP=000000003e6d3862 RFL=00000206 [-----P-] CPL=0 II=0 A20=1 SMM=0 HLT=0
ES =0030 0000000000000000 ffffffff 00cf9300 DPL=0 DS   [-WA]
CS =0038 0000000000000000 ffffffff 00af9a00 DPL=0 CS64 [-R-]
SS =0030 0000000000000000 ffffffff 00cf9300 DPL=0 DS   [-WA]
DS =0030 0000000000000000 ffffffff 00cf9300 DPL=0 DS   [-WA]
FS =0030 0000000000000000 ffffffff 00cf9300 DPL=0 DS   [-WA]
GS =0030 0000000000000000 ffffffff 00cf9300 DPL=0 DS   [-WA]
LDT=0000 0000000000000000 0000ffff 00008200 DPL=0 LDT
TR =0000 0000000000000000 0000ffff 00008b00 DPL=0 TSS64-busy
GDT=     000000003f5dc000 00000047
IDT=     000000003efa3018 00000fff
CR0=80010033 CR2=0000000000000000 CR3=000000003f801000 CR4=00000668
DR0=0000000000000000 DR1=0000000000000000 DR2=0000000000000000 DR3=0000000000000000 
DR6=00000000ffff0ff0 DR7=0000000000000400
CCS=0000000000000004 CCD=00000000000000eb CCO=EFLAGS
EFER=0000000000000d00
Servicing hardware INT=0x20
   285: v=20 e=0000 i=0 cpl=0 IP=0038:000000003e6d3862 pc=000000003e6d3862 SP=0030:000000003fe65450 env->regs[R_EAX]=00000000000000d1
RAX=00000000000000d1 RBX=0000000000000064 RCX=000000000000b008 RDX=0000000000da4497
RSI=0000000000da4568 RDI=000000003e5b40d4 RBP=000000003fe65480 RSP=000000003fe65450
R8 =000000003fe6546f R9 =000000000000c042 R10=0000000000000000 R11=0000000000000000
R12=000000000004baf1 R13=0000000000000011 R14=000000000000c040 R15=0000000000000000
RIP=000000003e6d3862 RFL=00000206 [-----P-] CPL=0 II=0 A20=1 SMM=0 HLT=0
ES =0030 0000000000000000 ffffffff 00cf9300 DPL=0 DS   [-WA]
CS =0038 0000000000000000 ffffffff 00af9a00 DPL=0 CS64 [-R-]
SS =0030 0000000000000000 ffffffff 00cf9300 DPL=0 DS   [-WA]
DS =0030 0000000000000000 ffffffff 00cf9300 DPL=0 DS   [-WA]
FS =0030 0000000000000000 ffffffff 00cf9300 DPL=0 DS   [-WA]
GS =0030 0000000000000000 ffffffff 00cf9300 DPL=0 DS   [-WA]
LDT=0000 0000000000000000 0000ffff 00008200 DPL=0 LDT
TR =0000 0000000000000000 0000ffff 00008b00 DPL=0 TSS64-busy
GDT=     000000003f5dc000 00000047
IDT=     000000003efa3018 00000fff
CR0=80010033 CR2=0000000000000000 CR3=000000003f801000 CR4=00000668
DR0=0000000000000000 DR1=0000000000000000 DR2=0000000000000000 DR3=0000000000000000 
DR6=00000000ffff0ff0 DR7=0000000000000400
CCS=0000000000000004 CCD=00000000000000d1 CCO=EFLAGS
EFER=0000000000000d00
Servicing hardware INT=0x20
   286: v=20 e=0000 i=0 cpl=0 IP=0038:000000003e6d3862 pc=000000003e6d3862 SP=0030:000000003fe64ac0 env->regs[R_EAX]=00000000000000ef
RAX=00000000000000ef RBX=0000000000000064 RCX=000000000000b008 RDX=0000000000daf1cb
RSI=0000000000daf2ba RDI=000000003e5b40d4 RBP=000000003fe64af0 RSP=000000003fe64ac0
R8 =000000003fe64adf R9 =000000000000c042 R10=0000000000000000 R11=0000000000000000
R12=000000000004baf1 R13=0000000000000011 R14=000000000000c040 R15=0000000000000000
RIP=000000003e6d3862 RFL=00000202 [-------] CPL=0 II=0 A20=1 SMM=0 HLT=0
ES =0030 0000000000000000 ffffffff 00cf9300 DPL=0 DS   [-WA]
CS =0038 0000000000000000 ffffffff 00af9a00 DPL=0 CS64 [-R-]
SS =0030 0000000000000000 ffffffff 00cf9300 DPL=0 DS   [-WA]
DS =0030 0000000000000000 ffffffff 00cf9300 DPL=0 DS   [-WA]
FS =0030 0000000000000000 ffffffff 00cf9300 DPL=0 DS   [-WA]
GS =0030 0000000000000000 ffffffff 00cf9300 DPL=0 DS   [-WA]
LDT=0000 0000000000000000 0000ffff 00008200 DPL=0 LDT
TR =0000 0000000000000000 0000ffff 00008b00 DPL=0 TSS64-busy
GDT=     000000003f5dc000 00000047
IDT=     000000003efa3018 00000fff
CR0=80010033 CR2=0000000000000000 CR3=000000003f801000 CR4=00000668
DR0=0000000000000000 DR1=0000000000000000 DR2=0000000000000000 DR3=0000000000000000 
DR6=00000000ffff0ff0 DR7=0000000000000400
CCS=0000000000000000 CCD=00000000000000ef CCO=EFLAGS
EFER=0000000000000d00
Servicing hardware INT=0x20
   287: v=20 e=0000 i=0 cpl=0 IP=0038:000000003e6d3862 pc=000000003e6d3862 SP=0030:000000003fe64ac0 env->regs[R_EAX]=000000000000212e
RAX=000000000000212e RBX=0000000000002710 RCX=000000000000b008 RDX=0000000000db5f4f
RSI=0000000000db807d RDI=000000003e5b40d4 RBP=000000003fe64af0 RSP=000000003fe64ac0
R8 =000000003fe64b10 R9 =00000000000003f6 R10=0000000000000000 R11=0000000000000000
R12=000000000000c042 R13=0000000000000011 R14=000000000000c040 R15=0000000000000000
RIP=000000003e6d3862 RFL=00000206 [-----P-] CPL=0 II=0 A20=1 SMM=0 HLT=0
ES =0030 0000000000000000 ffffffff 00cf9300 DPL=0 DS   [-WA]
CS =0038 0000000000000000 ffffffff 00af9a00 DPL=0 CS64 [-R-]
SS =0030 0000000000000000 ffffffff 00cf9300 DPL=0 DS   [-WA]
DS =0030 0000000000000000 ffffffff 00cf9300 DPL=0 DS   [-WA]
FS =0030 0000000000000000 ffffffff 00cf9300 DPL=0 DS   [-WA]
GS =0030 0000000000000000 ffffffff 00cf9300 DPL=0 DS   [-WA]
LDT=0000 0000000000000000 0000ffff 00008200 DPL=0 LDT
TR =0000 0000000000000000 0000ffff 00008b00 DPL=0 TSS64-busy
GDT=     000000003f5dc000 00000047
IDT=     000000003efa3018 00000fff
CR0=80010033 CR2=0000000000000000 CR3=000000003f801000 CR4=00000668
DR0=0000000000000000 DR1=0000000000000000 DR2=0000000000000000 DR3=0000000000000000 
DR6=00000000ffff0ff0 DR7=0000000000000400
CCS=0000000000000004 CCD=000000000000212e CCO=EFLAGS
EFER=0000000000000d00
Servicing hardware INT=0x20
   288: v=20 e=0000 i=0 cpl=0 IP=0038:000000003fe71afe pc=000000003fe71afe SP=0030:000000003fe65190 env->regs[R_EAX]=0000000000000000
RAX=0000000000000000 RBX=000000003fe8c0a0 RCX=0000000000000080 RDX=000000003fe89660
RSI=000000003fe6526c RDI=0000000000000030 RBP=000000003fe651d0 RSP=000000003fe65190
R8 =000000003df55818 R9 =0000000000000008 R10=0000000000000000 R11=0000000000000000
R12=0000000000000030 R13=000000003df55800 R14=000000003fe6526c R15=000000003df55818
RIP=000000003fe71afe RFL=00000206 [-----P-] CPL=0 II=0 A20=1 SMM=0 HLT=0
ES =0030 0000000000000000 ffffffff 00cf9300 DPL=0 DS   [-WA]
CS =0038 0000000000000000 ffffffff 00af9a00 DPL=0 CS64 [-R-]
SS =0030 0000000000000000 ffffffff 00cf9300 DPL=0 DS   [-WA]
DS =0030 0000000000000000 ffffffff 00cf9300 DPL=0 DS   [-WA]
FS =0030 0000000000000000 ffffffff 00cf9300 DPL=0 DS   [-WA]
GS =0030 0000000000000000 ffffffff 00cf9300 DPL=0 DS   [-WA]
LDT=0000 0000000000000000 0000ffff 00008200 DPL=0 LDT
TR =0000 0000000000000000 0000ffff 00008b00 DPL=0 TSS64-busy
GDT=     000000003f5dc000 00000047
IDT=     000000003efa3018 00000fff
CR0=80010033 CR2=0000000000000000 CR3=000000003f801000 CR4=00000668
DR0=0000000000000000 DR1=0000000000000000 DR2=0000000000000000 DR3=0000000000000000 
DR6=00000000ffff0ff0 DR7=0000000000000400
CCS=0000000000000004 CCD=0000000000000050 CCO=EFLAGS
EFER=0000000000000d00
Servicing hardware INT=0x20
   289: v=20 e=0000 i=0 cpl=0 IP=0038:000000003de3c519 pc=000000003de3c519 SP=0030:000000003fe65550 env->regs[R_EAX]=0000000000000000
RAX=0000000000000000 RBX=0000000000000000 RCX=0000000005f70001 RDX=0000000000000000
RSI=000000003de51000 RDI=0000000035bfb76f RBP=000000003fe65619 RSP=000000003fe65550
R8 =0000000006584770 R9 =00000000355e7000 R10=000000003fe7285c R11=0000000000000000
R12=0000000000100000 R13=000000003e660320 R14=0000000000000000 R15=0000000000006585
RIP=000000003de3c519 RFL=00010202 [-------] CPL=0 II=0 A20=1 SMM=0 HLT=0
ES =0030 0000000000000000 ffffffff 00cf9300 DPL=0 DS   [-WA]
CS =0038 0000000000000000 ffffffff 00af9a00 DPL=0 CS64 [-R-]
SS =0030 0000000000000000 ffffffff 00cf9300 DPL=0 DS   [-WA]
DS =0030 0000000000000000 ffffffff 00cf9300 DPL=0 DS   [-WA]
FS =0030 0000000000000000 ffffffff 00cf9300 DPL=0 DS   [-WA]
GS =0030 0000000000000000 ffffffff 00cf9300 DPL=0 DS   [-WA]
LDT=0000 0000000000000000 0000ffff 00008200 DPL=0 LDT
TR =0000 0000000000000000 0000ffff 00008b00 DPL=0 TSS64-busy
GDT=     000000003f5dc000 00000047
IDT=     000000003efa3018 00000fff
CR0=80010033 CR2=0000000000000000 CR3=000000003f801000 CR4=00000668
DR0=0000000000000000 DR1=0000000000000000 DR2=0000000000000000 DR3=0000000000000000 
DR6=00000000ffff0ff0 DR7=0000000000000400
CCS=0000000000000000 CCD=0000000006584770 CCO=EFLAGS
EFER=0000000000000d00
Servicing hardware INT=0x20
   290: v=20 e=0000 i=0 cpl=0 IP=0038:000000003de3c519 pc=000000003de3c519 SP=0030:000000003fe65550 env->regs[R_EAX]=0000000000000000
RAX=0000000000000000 RBX=0000000000000000 RCX=0000000005660001 RDX=0000000000000000
RSI=000000003de51000 RDI=000000003650b76f RBP=000000003fe65619 RSP=000000003fe65550
R8 =0000000006584770 R9 =00000000355e7000 R10=000000003fe7285c R11=0000000000000000
R12=0000000000100000 R13=000000003e660320 R14=0000000000000000 R15=0000000000006585
RIP=000000003de3c519 RFL=00010202 [-------] CPL=0 II=0 A20=1 SMM=0 HLT=0
ES =0030 0000000000000000 ffffffff 00cf9300 DPL=0 DS   [-WA]
CS =0038 0000000000000000 ffffffff 00af9a00 DPL=0 CS64 [-R-]
SS =0030 0000000000000000 ffffffff 00cf9300 DPL=0 DS   [-WA]
DS =0030 0000000000000000 ffffffff 00cf9300 DPL=0 DS   [-WA]
FS =0030 0000000000000000 ffffffff 00cf9300 DPL=0 DS   [-WA]
GS =0030 0000000000000000 ffffffff 00cf9300 DPL=0 DS   [-WA]
LDT=0000 0000000000000000 0000ffff 00008200 DPL=0 LDT
TR =0000 0000000000000000 0000ffff 00008b00 DPL=0 TSS64-busy
GDT=     000000003f5dc000 00000047
IDT=     000000003efa3018 00000fff
CR0=80010033 CR2=0000000000000000 CR3=000000003f801000 CR4=00000668
DR0=0000000000000000 DR1=0000000000000000 DR2=0000000000000000 DR3=0000000000000000 
DR6=00000000ffff0ff0 DR7=0000000000000400
CCS=0000000000000000 CCD=0000000000000000 CCO=EFLAGS
EFER=0000000000000d00
Servicing hardware INT=0x20
   291: v=20 e=0000 i=0 cpl=0 IP=0038:000000003de3c519 pc=000000003de3c519 SP=0030:000000003fe65550 env->regs[R_EAX]=0000000000000000
RAX=0000000000000000 RBX=0000000000000000 RCX=0000000004d50001 RDX=0000000000000000
RSI=000000003de51000 RDI=0000000036e1b76f RBP=000000003fe65619 RSP=000000003fe65550
R8 =0000000006584770 R9 =00000000355e7000 R10=000000003fe7285c R11=0000000000000000
R12=0000000000100000 R13=000000003e660320 R14=0000000000000000 R15=0000000000006585
RIP=000000003de3c519 RFL=00010202 [-------] CPL=0 II=0 A20=1 SMM=0 HLT=0
ES =0030 0000000000000000 ffffffff 00cf9300 DPL=0 DS   [-WA]
CS =0038 0000000000000000 ffffffff 00af9a00 DPL=0 CS64 [-R-]
SS =0030 0000000000000000 ffffffff 00cf9300 DPL=0 DS   [-WA]
DS =0030 0000000000000000 ffffffff 00cf9300 DPL=0 DS   [-WA]
FS =0030 0000000000000000 ffffffff 00cf9300 DPL=0 DS   [-WA]
GS =0030 0000000000000000 ffffffff 00cf9300 DPL=0 DS   [-WA]
LDT=0000 0000000000000000 0000ffff 00008200 DPL=0 LDT
TR =0000 0000000000000000 0000ffff 00008b00 DPL=0 TSS64-busy
GDT=     000000003f5dc000 00000047
IDT=     000000003efa3018 00000fff
CR0=80010033 CR2=0000000000000000 CR3=000000003f801000 CR4=00000668
DR0=0000000000000000 DR1=0000000000000000 DR2=0000000000000000 DR3=0000000000000000 
DR6=00000000ffff0ff0 DR7=0000000000000400
CCS=0000000000000000 CCD=0000000000000000 CCO=EFLAGS
EFER=0000000000000d00
Servicing hardware INT=0x20
   292: v=20 e=0000 i=0 cpl=0 IP=0038:000000003de3c519 pc=000000003de3c519 SP=0030:000000003fe65550 env->regs[R_EAX]=0000000000000000
RAX=0000000000000000 RBX=0000000000000000 RCX=0000000004450001 RDX=0000000000000000
RSI=000000003de51000 RDI=000000003771b76f RBP=000000003fe65619 RSP=000000003fe65550
R8 =0000000006584770 R9 =00000000355e7000 R10=000000003fe7285c R11=0000000000000000
R12=0000000000100000 R13=000000003e660320 R14=0000000000000000 R15=0000000000006585
RIP=000000003de3c519 RFL=00010202 [-------] CPL=0 II=0 A20=1 SMM=0 HLT=0
ES =0030 0000000000000000 ffffffff 00cf9300 DPL=0 DS   [-WA]
CS =0038 0000000000000000 ffffffff 00af9a00 DPL=0 CS64 [-R-]
SS =0030 0000000000000000 ffffffff 00cf9300 DPL=0 DS   [-WA]
DS =0030 0000000000000000 ffffffff 00cf9300 DPL=0 DS   [-WA]
FS =0030 0000000000000000 ffffffff 00cf9300 DPL=0 DS   [-WA]
GS =0030 0000000000000000 ffffffff 00cf9300 DPL=0 DS   [-WA]
LDT=0000 0000000000000000 0000ffff 00008200 DPL=0 LDT
TR =0000 0000000000000000 0000ffff 00008b00 DPL=0 TSS64-busy
GDT=     000000003f5dc000 00000047
IDT=     000000003efa3018 00000fff
CR0=80010033 CR2=0000000000000000 CR3=000000003f801000 CR4=00000668
DR0=0000000000000000 DR1=0000000000000000 DR2=0000000000000000 DR3=0000000000000000 
DR6=00000000ffff0ff0 DR7=0000000000000400
CCS=0000000000000000 CCD=0000000000000000 CCO=EFLAGS
EFER=0000000000000d00
Servicing hardware INT=0x20
   293: v=20 e=0000 i=0 cpl=0 IP=0038:000000003de3c519 pc=000000003de3c519 SP=0030:000000003fe65550 env->regs[R_EAX]=0000000000000000
RAX=0000000000000000 RBX=0000000000000000 RCX=0000000003ae0001 RDX=0000000000000000
RSI=000000003de51000 RDI=000000003808b76f RBP=000000003fe65619 RSP=000000003fe65550
R8 =0000000006584770 R9 =00000000355e7000 R10=000000003fe7285c R11=0000000000000000
R12=0000000000100000 R13=000000003e660320 R14=0000000000000000 R15=0000000000006585
RIP=000000003de3c519 RFL=00010202 [-------] CPL=0 II=0 A20=1 SMM=0 HLT=0
ES =0030 0000000000000000 ffffffff 00cf9300 DPL=0 DS   [-WA]
CS =0038 0000000000000000 ffffffff 00af9a00 DPL=0 CS64 [-R-]
SS =0030 0000000000000000 ffffffff 00cf9300 DPL=0 DS   [-WA]
DS =0030 0000000000000000 ffffffff 00cf9300 DPL=0 DS   [-WA]
FS =0030 0000000000000000 ffffffff 00cf9300 DPL=0 DS   [-WA]
GS =0030 0000000000000000 ffffffff 00cf9300 DPL=0 DS   [-WA]
LDT=0000 0000000000000000 0000ffff 00008200 DPL=0 LDT
TR =0000 0000000000000000 0000ffff 00008b00 DPL=0 TSS64-busy
GDT=     000000003f5dc000 00000047
IDT=     000000003efa3018 00000fff
CR0=80010033 CR2=0000000000000000 CR3=000000003f801000 CR4=00000668
DR0=0000000000000000 DR1=0000000000000000 DR2=0000000000000000 DR3=0000000000000000 
DR6=00000000ffff0ff0 DR7=0000000000000400
CCS=0000000000000000 CCD=0000000000000000 CCO=EFLAGS
EFER=0000000000000d00
Servicing hardware INT=0x20
   294: v=20 e=0000 i=0 cpl=0 IP=0038:000000003de3c519 pc=000000003de3c519 SP=0030:000000003fe65550 env->regs[R_EAX]=0000000000000000
RAX=0000000000000000 RBX=0000000000000000 RCX=00000000031e0001 RDX=0000000000000000
RSI=000000003de51000 RDI=000000003898b76f RBP=000000003fe65619 RSP=000000003fe65550
R8 =0000000006584770 R9 =00000000355e7000 R10=000000003fe7285c R11=0000000000000000
R12=0000000000100000 R13=000000003e660320 R14=0000000000000000 R15=0000000000006585
RIP=000000003de3c519 RFL=00010202 [-------] CPL=0 II=0 A20=1 SMM=0 HLT=0
ES =0030 0000000000000000 ffffffff 00cf9300 DPL=0 DS   [-WA]
CS =0038 0000000000000000 ffffffff 00af9a00 DPL=0 CS64 [-R-]
SS =0030 0000000000000000 ffffffff 00cf9300 DPL=0 DS   [-WA]
DS =0030 0000000000000000 ffffffff 00cf9300 DPL=0 DS   [-WA]
FS =0030 0000000000000000 ffffffff 00cf9300 DPL=0 DS   [-WA]
GS =0030 0000000000000000 ffffffff 00cf9300 DPL=0 DS   [-WA]
LDT=0000 0000000000000000 0000ffff 00008200 DPL=0 LDT
TR =0000 0000000000000000 0000ffff 00008b00 DPL=0 TSS64-busy
GDT=     000000003f5dc000 00000047
IDT=     000000003efa3018 00000fff
CR0=80010033 CR2=0000000000000000 CR3=000000003f801000 CR4=00000668
DR0=0000000000000000 DR1=0000000000000000 DR2=0000000000000000 DR3=0000000000000000 
DR6=00000000ffff0ff0 DR7=0000000000000400
CCS=0000000000000000 CCD=0000000000000000 CCO=EFLAGS
EFER=0000000000000d00
Servicing hardware INT=0x20
   295: v=20 e=0000 i=0 cpl=0 IP=0038:000000003de3c519 pc=000000003de3c519 SP=0030:000000003fe65550 env->regs[R_EAX]=0000000000000000
RAX=0000000000000000 RBX=0000000000000000 RCX=00000000028a0001 RDX=0000000000000000
RSI=000000003de51000 RDI=00000000392cb76f RBP=000000003fe65619 RSP=000000003fe65550
R8 =0000000006584770 R9 =00000000355e7000 R10=000000003fe7285c R11=0000000000000000
R12=0000000000100000 R13=000000003e660320 R14=0000000000000000 R15=0000000000006585
RIP=000000003de3c519 RFL=00010202 [-------] CPL=0 II=0 A20=1 SMM=0 HLT=0
ES =0030 0000000000000000 ffffffff 00cf9300 DPL=0 DS   [-WA]
CS =0038 0000000000000000 ffffffff 00af9a00 DPL=0 CS64 [-R-]
SS =0030 0000000000000000 ffffffff 00cf9300 DPL=0 DS   [-WA]
DS =0030 0000000000000000 ffffffff 00cf9300 DPL=0 DS   [-WA]
FS =0030 0000000000000000 ffffffff 00cf9300 DPL=0 DS   [-WA]
GS =0030 0000000000000000 ffffffff 00cf9300 DPL=0 DS   [-WA]
LDT=0000 0000000000000000 0000ffff 00008200 DPL=0 LDT
TR =0000 0000000000000000 0000ffff 00008b00 DPL=0 TSS64-busy
GDT=     000000003f5dc000 00000047
IDT=     000000003efa3018 00000fff
CR0=80010033 CR2=0000000000000000 CR3=000000003f801000 CR4=00000668
DR0=0000000000000000 DR1=0000000000000000 DR2=0000000000000000 DR3=0000000000000000 
DR6=00000000ffff0ff0 DR7=0000000000000400
CCS=0000000000000000 CCD=0000000000000000 CCO=EFLAGS
EFER=0000000000000d00
Servicing hardware INT=0x20
   296: v=20 e=0000 i=0 cpl=0 IP=0038:000000003de3c519 pc=000000003de3c519 SP=0030:000000003fe65550 env->regs[R_EAX]=0000000000000000
RAX=0000000000000000 RBX=0000000000000000 RCX=0000000001f90001 RDX=0000000000000000
RSI=000000003de51000 RDI=0000000039bdb76f RBP=000000003fe65619 RSP=000000003fe65550
R8 =0000000006584770 R9 =00000000355e7000 R10=000000003fe7285c R11=0000000000000000
R12=0000000000100000 R13=000000003e660320 R14=0000000000000000 R15=0000000000006585
RIP=000000003de3c519 RFL=00010202 [-------] CPL=0 II=0 A20=1 SMM=0 HLT=0
ES =0030 0000000000000000 ffffffff 00cf9300 DPL=0 DS   [-WA]
CS =0038 0000000000000000 ffffffff 00af9a00 DPL=0 CS64 [-R-]
SS =0030 0000000000000000 ffffffff 00cf9300 DPL=0 DS   [-WA]
DS =0030 0000000000000000 ffffffff 00cf9300 DPL=0 DS   [-WA]
FS =0030 0000000000000000 ffffffff 00cf9300 DPL=0 DS   [-WA]
GS =0030 0000000000000000 ffffffff 00cf9300 DPL=0 DS   [-WA]
LDT=0000 0000000000000000 0000ffff 00008200 DPL=0 LDT
TR =0000 0000000000000000 0000ffff 00008b00 DPL=0 TSS64-busy
GDT=     000000003f5dc000 00000047
IDT=     000000003efa3018 00000fff
CR0=80010033 CR2=0000000000000000 CR3=000000003f801000 CR4=00000668
DR0=0000000000000000 DR1=0000000000000000 DR2=0000000000000000 DR3=0000000000000000 
DR6=00000000ffff0ff0 DR7=0000000000000400
CCS=0000000000000000 CCD=0000000000000000 CCO=EFLAGS
EFER=0000000000000d00
Servicing hardware INT=0x20
   297: v=20 e=0000 i=0 cpl=0 IP=0038:000000003de3c519 pc=000000003de3c519 SP=0030:000000003fe65550 env->regs[R_EAX]=0000000000000000
RAX=0000000000000000 RBX=0000000000000000 RCX=00000000015c0001 RDX=0000000000000000
RSI=000000003de51000 RDI=000000003a5ab76f RBP=000000003fe65619 RSP=000000003fe65550
R8 =0000000006584770 R9 =00000000355e7000 R10=000000003fe7285c R11=0000000000000000
R12=0000000000100000 R13=000000003e660320 R14=0000000000000000 R15=0000000000006585
RIP=000000003de3c519 RFL=00010202 [-------] CPL=0 II=0 A20=1 SMM=0 HLT=0
ES =0030 0000000000000000 ffffffff 00cf9300 DPL=0 DS   [-WA]
CS =0038 0000000000000000 ffffffff 00af9a00 DPL=0 CS64 [-R-]
SS =0030 0000000000000000 ffffffff 00cf9300 DPL=0 DS   [-WA]
DS =0030 0000000000000000 ffffffff 00cf9300 DPL=0 DS   [-WA]
FS =0030 0000000000000000 ffffffff 00cf9300 DPL=0 DS   [-WA]
GS =0030 0000000000000000 ffffffff 00cf9300 DPL=0 DS   [-WA]
LDT=0000 0000000000000000 0000ffff 00008200 DPL=0 LDT
TR =0000 0000000000000000 0000ffff 00008b00 DPL=0 TSS64-busy
GDT=     000000003f5dc000 00000047
IDT=     000000003efa3018 00000fff
CR0=80010033 CR2=0000000000000000 CR3=000000003f801000 CR4=00000668
DR0=0000000000000000 DR1=0000000000000000 DR2=0000000000000000 DR3=0000000000000000 
DR6=00000000ffff0ff0 DR7=0000000000000400
CCS=0000000000000000 CCD=0000000000000000 CCO=EFLAGS
EFER=0000000000000d00
Servicing hardware INT=0x20
   298: v=20 e=0000 i=0 cpl=0 IP=0038:000000003de3c519 pc=000000003de3c519 SP=0030:000000003fe65550 env->regs[R_EAX]=0000000000000000
RAX=0000000000000000 RBX=0000000000000000 RCX=0000000000cb0001 RDX=0000000000000000
RSI=000000003de51000 RDI=000000003aebb76f RBP=000000003fe65619 RSP=000000003fe65550
R8 =0000000006584770 R9 =00000000355e7000 R10=000000003fe7285c R11=0000000000000000
R12=0000000000100000 R13=000000003e660320 R14=0000000000000000 R15=0000000000006585
RIP=000000003de3c519 RFL=00010202 [-------] CPL=0 II=0 A20=1 SMM=0 HLT=0
ES =0030 0000000000000000 ffffffff 00cf9300 DPL=0 DS   [-WA]
CS =0038 0000000000000000 ffffffff 00af9a00 DPL=0 CS64 [-R-]
SS =0030 0000000000000000 ffffffff 00cf9300 DPL=0 DS   [-WA]
DS =0030 0000000000000000 ffffffff 00cf9300 DPL=0 DS   [-WA]
FS =0030 0000000000000000 ffffffff 00cf9300 DPL=0 DS   [-WA]
GS =0030 0000000000000000 ffffffff 00cf9300 DPL=0 DS   [-WA]
LDT=0000 0000000000000000 0000ffff 00008200 DPL=0 LDT
TR =0000 0000000000000000 0000ffff 00008b00 DPL=0 TSS64-busy
GDT=     000000003f5dc000 00000047
IDT=     000000003efa3018 00000fff
CR0=80010033 CR2=0000000000000000 CR3=000000003f801000 CR4=00000668
DR0=0000000000000000 DR1=0000000000000000 DR2=0000000000000000 DR3=0000000000000000 
DR6=00000000ffff0ff0 DR7=0000000000000400
CCS=0000000000000000 CCD=0000000000000000 CCO=EFLAGS
EFER=0000000000000d00
Servicing hardware INT=0x20
   299: v=20 e=0000 i=0 cpl=0 IP=0038:000000003de3c519 pc=000000003de3c519 SP=0030:000000003fe65550 env->regs[R_EAX]=0000000000000000
RAX=0000000000000000 RBX=0000000000000000 RCX=0000000000310001 RDX=0000000000000000
RSI=000000003de51000 RDI=000000003b85b76f RBP=000000003fe65619 RSP=000000003fe65550
R8 =0000000006584770 R9 =00000000355e7000 R10=000000003fe7285c R11=0000000000000000
R12=0000000000100000 R13=000000003e660320 R14=0000000000000000 R15=0000000000006585
RIP=000000003de3c519 RFL=00010202 [-------] CPL=0 II=0 A20=1 SMM=0 HLT=0
ES =0030 0000000000000000 ffffffff 00cf9300 DPL=0 DS   [-WA]
CS =0038 0000000000000000 ffffffff 00af9a00 DPL=0 CS64 [-R-]
SS =0030 0000000000000000 ffffffff 00cf9300 DPL=0 DS   [-WA]
DS =0030 0000000000000000 ffffffff 00cf9300 DPL=0 DS   [-WA]
FS =0030 0000000000000000 ffffffff 00cf9300 DPL=0 DS   [-WA]
GS =0030 0000000000000000 ffffffff 00cf9300 DPL=0 DS   [-WA]
LDT=0000 0000000000000000 0000ffff 00008200 DPL=0 LDT
TR =0000 0000000000000000 0000ffff 00008b00 DPL=0 TSS64-busy
GDT=     000000003f5dc000 00000047
IDT=     000000003efa3018 00000fff
CR0=80010033 CR2=0000000000000000 CR3=000000003f801000 CR4=00000668
DR0=0000000000000000 DR1=0000000000000000 DR2=0000000000000000 DR3=0000000000000000 
DR6=00000000ffff0ff0 DR7=0000000000000400
CCS=0000000000000000 CCD=0000000000000000 CCO=EFLAGS
EFER=0000000000000d00
Servicing hardware INT=0x20
   300: v=20 e=0000 i=0 cpl=0 IP=0038:000000003e6d3862 pc=000000003e6d3862 SP=0030:000000003fe64d70 env->regs[R_EAX]=00000000000000eb
RAX=00000000000000eb RBX=0000000000000064 RCX=000000000000b008 RDX=0000000000e6011d
RSI=0000000000e60208 RDI=000000003e5b40d4 RBP=000000003fe64da0 RSP=000000003fe64d70
R8 =000000003fe64d8f R9 =000000000000c042 R10=0000000000000000 R11=0000000000000000
R12=000000000004baf1 R13=0000000000000011 R14=000000000000c040 R15=0000000000000000
RIP=000000003e6d3862 RFL=00000206 [-----P-] CPL=0 II=0 A20=1 SMM=0 HLT=0
ES =0030 0000000000000000 ffffffff 00cf9300 DPL=0 DS   [-WA]
CS =0038 0000000000000000 ffffffff 00af9a00 DPL=0 CS64 [-R-]
SS =0030 0000000000000000 ffffffff 00cf9300 DPL=0 DS   [-WA]
DS =0030 0000000000000000 ffffffff 00cf9300 DPL=0 DS   [-WA]
FS =0030 0000000000000000 ffffffff 00cf9300 DPL=0 DS   [-WA]
GS =0030 0000000000000000 ffffffff 00cf9300 DPL=0 DS   [-WA]
LDT=0000 0000000000000000 0000ffff 00008200 DPL=0 LDT
TR =0000 0000000000000000 0000ffff 00008b00 DPL=0 TSS64-busy
GDT=     000000003f5dc000 00000047
IDT=     000000003efa3018 00000fff
CR0=80010033 CR2=0000000000000000 CR3=000000003f801000 CR4=00000668
DR0=0000000000000000 DR1=0000000000000000 DR2=0000000000000000 DR3=0000000000000000 
DR6=00000000ffff0ff0 DR7=0000000000000400
CCS=0000000000000004 CCD=00000000000000eb CCO=EFLAGS
EFER=0000000000000d00
Servicing hardware INT=0x20
   301: v=20 e=0000 i=0 cpl=0 IP=0038:000000003e6d3862 pc=000000003e6d3862 SP=0030:000000003fe64d70 env->regs[R_EAX]=0000000000000138
RAX=0000000000000138 RBX=0000000000000064 RCX=000000000000b008 RDX=0000000000e69cc9
RSI=0000000000e69e01 RDI=000000003e5b40d4 RBP=000000003fe64da0 RSP=000000003fe64d70
R8 =000000003fe64d8f R9 =000000000000c042 R10=0000000000000000 R11=0000000000000000
R12=000000000004baf1 R13=0000000000000011 R14=000000000000c040 R15=0000000000000000
RIP=000000003e6d3862 RFL=00000202 [-------] CPL=0 II=0 A20=1 SMM=0 HLT=0
ES =0030 0000000000000000 ffffffff 00cf9300 DPL=0 DS   [-WA]
CS =0038 0000000000000000 ffffffff 00af9a00 DPL=0 CS64 [-R-]
SS =0030 0000000000000000 ffffffff 00cf9300 DPL=0 DS   [-WA]
DS =0030 0000000000000000 ffffffff 00cf9300 DPL=0 DS   [-WA]
FS =0030 0000000000000000 ffffffff 00cf9300 DPL=0 DS   [-WA]
GS =0030 0000000000000000 ffffffff 00cf9300 DPL=0 DS   [-WA]
LDT=0000 0000000000000000 0000ffff 00008200 DPL=0 LDT
TR =0000 0000000000000000 0000ffff 00008b00 DPL=0 TSS64-busy
GDT=     000000003f5dc000 00000047
IDT=     000000003efa3018 00000fff
CR0=80010033 CR2=0000000000000000 CR3=000000003f801000 CR4=00000668
DR0=0000000000000000 DR1=0000000000000000 DR2=0000000000000000 DR3=0000000000000000 
DR6=00000000ffff0ff0 DR7=0000000000000400
CCS=0000000000000000 CCD=0000000000000138 CCO=EFLAGS
EFER=0000000000000d00
Servicing hardware INT=0x20
   302: v=20 e=0000 i=0 cpl=0 IP=0038:000000003e6d3862 pc=000000003e6d3862 SP=0030:000000003fe64d00 env->regs[R_EAX]=0000000000000095
RAX=0000000000000095 RBX=0000000000000190 RCX=000000000000b008 RDX=0000000000e73479
RSI=0000000000e7350e RDI=000000003e5b3140 RBP=000000003fe64d30 RSP=000000003fe64d00
R8 =000000003fe64d50 R9 =00000000000001f7 R10=0000000000000000 R11=0000000000000000
R12=000000000004baf1 R13=0000000000000000 R14=000000000000c0c8 R15=00000000ffffff00
RIP=000000003e6d3862 RFL=00000206 [-----P-] CPL=0 II=0 A20=1 SMM=0 HLT=0
ES =0030 0000000000000000 ffffffff 00cf9300 DPL=0 DS   [-WA]
CS =0038 0000000000000000 ffffffff 00af9a00 DPL=0 CS64 [-R-]
SS =0030 0000000000000000 ffffffff 00cf9300 DPL=0 DS   [-WA]
DS =0030 0000000000000000 ffffffff 00cf9300 DPL=0 DS   [-WA]
FS =0030 0000000000000000 ffffffff 00cf9300 DPL=0 DS   [-WA]
GS =0030 0000000000000000 ffffffff 00cf9300 DPL=0 DS   [-WA]
LDT=0000 0000000000000000 0000ffff 00008200 DPL=0 LDT
TR =0000 0000000000000000 0000ffff 00008b00 DPL=0 TSS64-busy
GDT=     000000003f5dc000 00000047
IDT=     000000003efa3018 00000fff
CR0=80010033 CR2=0000000000000000 CR3=000000003f801000 CR4=00000668
DR0=0000000000000000 DR1=0000000000000000 DR2=0000000000000000 DR3=0000000000000000 
DR6=00000000ffff0ff0 DR7=0000000000000400
CCS=0000000000000004 CCD=0000000000000095 CCO=EFLAGS
EFER=0000000000000d00
Servicing hardware INT=0x20
   303: v=20 e=0000 i=0 cpl=0 IP=0038:000000003e6d3862 pc=000000003e6d3862 SP=0030:000000003fe64d70 env->regs[R_EAX]=00000000000000e6
RAX=00000000000000e6 RBX=0000000000000064 RCX=000000000000b008 RDX=0000000000e7d2ed
RSI=0000000000e7d3d3 RDI=000000003e5b40d4 RBP=000000003fe64da0 RSP=000000003fe64d70
R8 =000000003fe64d8f R9 =000000000000c042 R10=0000000000000000 R11=0000000000000000
R12=000000000004baf1 R13=0000000000000011 R14=000000000000c040 R15=0000000000000000
RIP=000000003e6d3862 RFL=00000202 [-------] CPL=0 II=0 A20=1 SMM=0 HLT=0
ES =0030 0000000000000000 ffffffff 00cf9300 DPL=0 DS   [-WA]
CS =0038 0000000000000000 ffffffff 00af9a00 DPL=0 CS64 [-R-]
SS =0030 0000000000000000 ffffffff 00cf9300 DPL=0 DS   [-WA]
DS =0030 0000000000000000 ffffffff 00cf9300 DPL=0 DS   [-WA]
FS =0030 0000000000000000 ffffffff 00cf9300 DPL=0 DS   [-WA]
GS =0030 0000000000000000 ffffffff 00cf9300 DPL=0 DS   [-WA]
LDT=0000 0000000000000000 0000ffff 00008200 DPL=0 LDT
TR =0000 0000000000000000 0000ffff 00008b00 DPL=0 TSS64-busy
GDT=     000000003f5dc000 00000047
IDT=     000000003efa3018 00000fff
CR0=80010033 CR2=0000000000000000 CR3=000000003f801000 CR4=00000668
DR0=0000000000000000 DR1=0000000000000000 DR2=0000000000000000 DR3=0000000000000000 
DR6=00000000ffff0ff0 DR7=0000000000000400
CCS=0000000000000000 CCD=00000000000000e6 CCO=EFLAGS
EFER=0000000000000d00
Servicing hardware INT=0x20
   304: v=20 e=0000 i=0 cpl=0 IP=0038:000000003e6d3862 pc=000000003e6d3862 SP=0030:000000003fe64d70 env->regs[R_EAX]=00000000000000ec
RAX=00000000000000ec RBX=0000000000000064 RCX=000000000000b008 RDX=0000000000e86d41
RSI=0000000000e86e2d RDI=000000003e5b40d4 RBP=000000003fe64da0 RSP=000000003fe64d70
R8 =000000003fe64d8f R9 =000000000000c042 R10=0000000000000000 R11=0000000000000000
R12=000000000004baf1 R13=0000000000000011 R14=000000000000c040 R15=0000000000000000
RIP=000000003e6d3862 RFL=00000202 [-------] CPL=0 II=0 A20=1 SMM=0 HLT=0
ES =0030 0000000000000000 ffffffff 00cf9300 DPL=0 DS   [-WA]
CS =0038 0000000000000000 ffffffff 00af9a00 DPL=0 CS64 [-R-]
SS =0030 0000000000000000 ffffffff 00cf9300 DPL=0 DS   [-WA]
DS =0030 0000000000000000 ffffffff 00cf9300 DPL=0 DS   [-WA]
FS =0030 0000000000000000 ffffffff 00cf9300 DPL=0 DS   [-WA]
GS =0030 0000000000000000 ffffffff 00cf9300 DPL=0 DS   [-WA]
LDT=0000 0000000000000000 0000ffff 00008200 DPL=0 LDT
TR =0000 0000000000000000 0000ffff 00008b00 DPL=0 TSS64-busy
GDT=     000000003f5dc000 00000047
IDT=     000000003efa3018 00000fff
CR0=80010033 CR2=0000000000000000 CR3=000000003f801000 CR4=00000668
DR0=0000000000000000 DR1=0000000000000000 DR2=0000000000000000 DR3=0000000000000000 
DR6=00000000ffff0ff0 DR7=0000000000000400
CCS=0000000000000000 CCD=00000000000000ec CCO=EFLAGS
EFER=0000000000000d00
Servicing hardware INT=0x20
   305: v=20 e=0000 i=0 cpl=0 IP=0038:000000003e6d3862 pc=000000003e6d3862 SP=0030:000000003fe64d70 env->regs[R_EAX]=0000000000000eac
RAX=0000000000000eac RBX=0000000000002710 RCX=000000000000b008 RDX=0000000000e8ed2a
RSI=0000000000e8fbd6 RDI=000000003e5b40d4 RBP=000000003fe64da0 RSP=000000003fe64d70
R8 =000000003fe64dc0 R9 =00000000000003f6 R10=0000000000000000 R11=0000000000000000
R12=000000000000c042 R13=0000000000000011 R14=000000000000c040 R15=0000000000000000
RIP=000000003e6d3862 RFL=00000206 [-----P-] CPL=0 II=0 A20=1 SMM=0 HLT=0
ES =0030 0000000000000000 ffffffff 00cf9300 DPL=0 DS   [-WA]
CS =0038 0000000000000000 ffffffff 00af9a00 DPL=0 CS64 [-R-]
SS =0030 0000000000000000 ffffffff 00cf9300 DPL=0 DS   [-WA]
DS =0030 0000000000000000 ffffffff 00cf9300 DPL=0 DS   [-WA]
FS =0030 0000000000000000 ffffffff 00cf9300 DPL=0 DS   [-WA]
GS =0030 0000000000000000 ffffffff 00cf9300 DPL=0 DS   [-WA]
LDT=0000 0000000000000000 0000ffff 00008200 DPL=0 LDT
TR =0000 0000000000000000 0000ffff 00008b00 DPL=0 TSS64-busy
GDT=     000000003f5dc000 00000047
IDT=     000000003efa3018 00000fff
CR0=80010033 CR2=0000000000000000 CR3=000000003f801000 CR4=00000668
DR0=0000000000000000 DR1=0000000000000000 DR2=0000000000000000 DR3=0000000000000000 
DR6=00000000ffff0ff0 DR7=0000000000000400
CCS=0000000000000004 CCD=0000000000000eac CCO=EFLAGS
EFER=0000000000000d00
Servicing hardware INT=0x20
   306: v=20 e=0000 i=0 cpl=0 IP=0038:000000003e6d3862 pc=000000003e6d3862 SP=0030:000000003fe64d70 env->regs[R_EAX]=00000000000000e4
RAX=00000000000000e4 RBX=0000000000000064 RCX=000000000000b008 RDX=0000000000e9a1f0
RSI=0000000000e9a2d4 RDI=000000003e5b40d4 RBP=000000003fe64da0 RSP=000000003fe64d70
R8 =000000003fe64d8f R9 =000000000000c042 R10=0000000000000000 R11=0000000000000000
R12=000000000004baf1 R13=0000000000000011 R14=000000000000c040 R15=0000000000000000
RIP=000000003e6d3862 RFL=00000206 [-----P-] CPL=0 II=0 A20=1 SMM=0 HLT=0
ES =0030 0000000000000000 ffffffff 00cf9300 DPL=0 DS   [-WA]
CS =0038 0000000000000000 ffffffff 00af9a00 DPL=0 CS64 [-R-]
SS =0030 0000000000000000 ffffffff 00cf9300 DPL=0 DS   [-WA]
DS =0030 0000000000000000 ffffffff 00cf9300 DPL=0 DS   [-WA]
FS =0030 0000000000000000 ffffffff 00cf9300 DPL=0 DS   [-WA]
GS =0030 0000000000000000 ffffffff 00cf9300 DPL=0 DS   [-WA]
LDT=0000 0000000000000000 0000ffff 00008200 DPL=0 LDT
TR =0000 0000000000000000 0000ffff 00008b00 DPL=0 TSS64-busy
GDT=     000000003f5dc000 00000047
IDT=     000000003efa3018 00000fff
CR0=80010033 CR2=0000000000000000 CR3=000000003f801000 CR4=00000668
DR0=0000000000000000 DR1=0000000000000000 DR2=0000000000000000 DR3=0000000000000000 
DR6=00000000ffff0ff0 DR7=0000000000000400
CCS=0000000000000004 CCD=00000000000000e4 CCO=EFLAGS
EFER=0000000000000d00
Servicing hardware INT=0x20
   307: v=20 e=0000 i=0 cpl=0 IP=0038:000000003e6d3862 pc=000000003e6d3862 SP=0030:000000003fe64d70 env->regs[R_EAX]=00000000000000ef
RAX=00000000000000ef RBX=0000000000000064 RCX=000000000000b008 RDX=0000000000ea3d65
RSI=0000000000ea3e54 RDI=000000003e5b40d4 RBP=000000003fe64da0 RSP=000000003fe64d70
R8 =000000003fe64d8f R9 =000000000000c042 R10=0000000000000000 R11=0000000000000000
R12=000000000004baf1 R13=0000000000000011 R14=000000000000c040 R15=0000000000000000
RIP=000000003e6d3862 RFL=00000202 [-------] CPL=0 II=0 A20=1 SMM=0 HLT=0
ES =0030 0000000000000000 ffffffff 00cf9300 DPL=0 DS   [-WA]
CS =0038 0000000000000000 ffffffff 00af9a00 DPL=0 CS64 [-R-]
SS =0030 0000000000000000 ffffffff 00cf9300 DPL=0 DS   [-WA]
DS =0030 0000000000000000 ffffffff 00cf9300 DPL=0 DS   [-WA]
FS =0030 0000000000000000 ffffffff 00cf9300 DPL=0 DS   [-WA]
GS =0030 0000000000000000 ffffffff 00cf9300 DPL=0 DS   [-WA]
LDT=0000 0000000000000000 0000ffff 00008200 DPL=0 LDT
TR =0000 0000000000000000 0000ffff 00008b00 DPL=0 TSS64-busy
GDT=     000000003f5dc000 00000047
IDT=     000000003efa3018 00000fff
CR0=80010033 CR2=0000000000000000 CR3=000000003f801000 CR4=00000668
DR0=0000000000000000 DR1=0000000000000000 DR2=0000000000000000 DR3=0000000000000000 
DR6=00000000ffff0ff0 DR7=0000000000000400
CCS=0000000000000000 CCD=00000000000000ef CCO=EFLAGS
EFER=0000000000000d00
Servicing hardware INT=0x20
   308: v=20 e=0000 i=0 cpl=0 IP=0038:000000003e6d3862 pc=000000003e6d3862 SP=0030:000000003fe64d70 env->regs[R_EAX]=0000000000002fa0
RAX=0000000000002fa0 RBX=0000000000002710 RCX=000000000000b008 RDX=0000000000ea9c73
RSI=0000000000eacc13 RDI=000000003e5b40d4 RBP=000000003fe64da0 RSP=000000003fe64d70
R8 =000000003fe64dc0 R9 =00000000000003f6 R10=0000000000000000 R11=0000000000000000
R12=000000000000c042 R13=0000000000000011 R14=000000000000c040 R15=0000000000000000
RIP=000000003e6d3862 RFL=00000206 [-----P-] CPL=0 II=0 A20=1 SMM=0 HLT=0
ES =0030 0000000000000000 ffffffff 00cf9300 DPL=0 DS   [-WA]
CS =0038 0000000000000000 ffffffff 00af9a00 DPL=0 CS64 [-R-]
SS =0030 0000000000000000 ffffffff 00cf9300 DPL=0 DS   [-WA]
DS =0030 0000000000000000 ffffffff 00cf9300 DPL=0 DS   [-WA]
FS =0030 0000000000000000 ffffffff 00cf9300 DPL=0 DS   [-WA]
GS =0030 0000000000000000 ffffffff 00cf9300 DPL=0 DS   [-WA]
LDT=0000 0000000000000000 0000ffff 00008200 DPL=0 LDT
TR =0000 0000000000000000 0000ffff 00008b00 DPL=0 TSS64-busy
GDT=     000000003f5dc000 00000047
IDT=     000000003efa3018 00000fff
CR0=80010033 CR2=0000000000000000 CR3=000000003f801000 CR4=00000668
DR0=0000000000000000 DR1=0000000000000000 DR2=0000000000000000 DR3=0000000000000000 
DR6=00000000ffff0ff0 DR7=0000000000000400
CCS=0000000000000004 CCD=0000000000002fa0 CCO=EFLAGS
EFER=0000000000000d00
Servicing hardware INT=0x20
   309: v=20 e=0000 i=0 cpl=0 IP=0038:000000003e6d3862 pc=000000003e6d3862 SP=0030:000000003fe64d70 env->regs[R_EAX]=00000000000000ef
RAX=00000000000000ef RBX=0000000000000064 RCX=000000000000b008 RDX=0000000000eb7103
RSI=0000000000eb71f2 RDI=000000003e5b40d4 RBP=000000003fe64da0 RSP=000000003fe64d70
R8 =000000003fe64d8f R9 =000000000000c042 R10=0000000000000000 R11=0000000000000000
R12=000000000004baf1 R13=0000000000000011 R14=000000000000c040 R15=0000000000000000
RIP=000000003e6d3862 RFL=00000202 [-------] CPL=0 II=0 A20=1 SMM=0 HLT=0
ES =0030 0000000000000000 ffffffff 00cf9300 DPL=0 DS   [-WA]
CS =0038 0000000000000000 ffffffff 00af9a00 DPL=0 CS64 [-R-]
SS =0030 0000000000000000 ffffffff 00cf9300 DPL=0 DS   [-WA]
DS =0030 0000000000000000 ffffffff 00cf9300 DPL=0 DS   [-WA]
FS =0030 0000000000000000 ffffffff 00cf9300 DPL=0 DS   [-WA]
GS =0030 0000000000000000 ffffffff 00cf9300 DPL=0 DS   [-WA]
LDT=0000 0000000000000000 0000ffff 00008200 DPL=0 LDT
TR =0000 0000000000000000 0000ffff 00008b00 DPL=0 TSS64-busy
GDT=     000000003f5dc000 00000047
IDT=     000000003efa3018 00000fff
CR0=80010033 CR2=0000000000000000 CR3=000000003f801000 CR4=00000668
DR0=0000000000000000 DR1=0000000000000000 DR2=0000000000000000 DR3=0000000000000000 
DR6=00000000ffff0ff0 DR7=0000000000000400
CCS=0000000000000000 CCD=00000000000000ef CCO=EFLAGS
EFER=0000000000000d00
Servicing hardware INT=0x20
   310: v=20 e=0000 i=0 cpl=0 IP=0038:000000003e6d3862 pc=000000003e6d3862 SP=0030:000000003fe64d70 env->regs[R_EAX]=00000000000000ea
RAX=00000000000000ea RBX=0000000000000064 RCX=000000000000b008 RDX=0000000000ec0bca
RSI=0000000000ec0cb4 RDI=000000003e5b40d4 RBP=000000003fe64da0 RSP=000000003fe64d70
R8 =000000003fe64d8f R9 =000000000000c042 R10=0000000000000000 R11=0000000000000000
R12=000000000004baf1 R13=0000000000000011 R14=000000000000c040 R15=0000000000000000
RIP=000000003e6d3862 RFL=00000202 [-------] CPL=0 II=0 A20=1 SMM=0 HLT=0
ES =0030 0000000000000000 ffffffff 00cf9300 DPL=0 DS   [-WA]
CS =0038 0000000000000000 ffffffff 00af9a00 DPL=0 CS64 [-R-]
SS =0030 0000000000000000 ffffffff 00cf9300 DPL=0 DS   [-WA]
DS =0030 0000000000000000 ffffffff 00cf9300 DPL=0 DS   [-WA]
FS =0030 0000000000000000 ffffffff 00cf9300 DPL=0 DS   [-WA]
GS =0030 0000000000000000 ffffffff 00cf9300 DPL=0 DS   [-WA]
LDT=0000 0000000000000000 0000ffff 00008200 DPL=0 LDT
TR =0000 0000000000000000 0000ffff 00008b00 DPL=0 TSS64-busy
GDT=     000000003f5dc000 00000047
IDT=     000000003efa3018 00000fff
CR0=80010033 CR2=0000000000000000 CR3=000000003f801000 CR4=00000668
DR0=0000000000000000 DR1=0000000000000000 DR2=0000000000000000 DR3=0000000000000000 
DR6=00000000ffff0ff0 DR7=0000000000000400
CCS=0000000000000000 CCD=00000000000000ea CCO=EFLAGS
EFER=0000000000000d00
Servicing hardware INT=0x20
   311: v=20 e=0000 i=0 cpl=0 IP=0038:000000003e6d3862 pc=000000003e6d3862 SP=0030:000000003fe64d70 env->regs[R_EAX]=00000000000000e8
RAX=00000000000000e8 RBX=0000000000000064 RCX=000000000000b008 RDX=0000000000eca889
RSI=0000000000eca971 RDI=000000003e5b40d4 RBP=000000003fe64da0 RSP=000000003fe64d70
R8 =000000003fe64d8f R9 =000000000000c042 R10=0000000000000000 R11=0000000000000000
R12=000000000004baf1 R13=0000000000000011 R14=000000000000c040 R15=0000000000000000
RIP=000000003e6d3862 RFL=00000206 [-----P-] CPL=0 II=0 A20=1 SMM=0 HLT=0
ES =0030 0000000000000000 ffffffff 00cf9300 DPL=0 DS   [-WA]
CS =0038 0000000000000000 ffffffff 00af9a00 DPL=0 CS64 [-R-]
SS =0030 0000000000000000 ffffffff 00cf9300 DPL=0 DS   [-WA]
DS =0030 0000000000000000 ffffffff 00cf9300 DPL=0 DS   [-WA]
FS =0030 0000000000000000 ffffffff 00cf9300 DPL=0 DS   [-WA]
GS =0030 0000000000000000 ffffffff 00cf9300 DPL=0 DS   [-WA]
LDT=0000 0000000000000000 0000ffff 00008200 DPL=0 LDT
TR =0000 0000000000000000 0000ffff 00008b00 DPL=0 TSS64-busy
GDT=     000000003f5dc000 00000047
IDT=     000000003efa3018 00000fff
CR0=80010033 CR2=0000000000000000 CR3=000000003f801000 CR4=00000668
DR0=0000000000000000 DR1=0000000000000000 DR2=0000000000000000 DR3=0000000000000000 
DR6=00000000ffff0ff0 DR7=0000000000000400
CCS=0000000000000004 CCD=00000000000000e8 CCO=EFLAGS
EFER=0000000000000d00
Servicing hardware INT=0x20
   312: v=20 e=0000 i=0 cpl=0 IP=0038:000000003e6d3862 pc=000000003e6d3862 SP=0030:000000003fe64d70 env->regs[R_EAX]=000000000000043c
RAX=000000000000043c RBX=0000000000002710 RCX=000000000000b008 RDX=0000000000ed3319
RSI=0000000000ed3755 RDI=000000003e5b40d4 RBP=000000003fe64da0 RSP=000000003fe64d70
R8 =000000003fe64dc0 R9 =00000000000003f6 R10=0000000000000000 R11=0000000000000000
R12=000000000000c042 R13=0000000000000011 R14=000000000000c040 R15=0000000000000000
RIP=000000003e6d3862 RFL=00000206 [-----P-] CPL=0 II=0 A20=1 SMM=0 HLT=0
ES =0030 0000000000000000 ffffffff 00cf9300 DPL=0 DS   [-WA]
CS =0038 0000000000000000 ffffffff 00af9a00 DPL=0 CS64 [-R-]
SS =0030 0000000000000000 ffffffff 00cf9300 DPL=0 DS   [-WA]
DS =0030 0000000000000000 ffffffff 00cf9300 DPL=0 DS   [-WA]
FS =0030 0000000000000000 ffffffff 00cf9300 DPL=0 DS   [-WA]
GS =0030 0000000000000000 ffffffff 00cf9300 DPL=0 DS   [-WA]
LDT=0000 0000000000000000 0000ffff 00008200 DPL=0 LDT
TR =0000 0000000000000000 0000ffff 00008b00 DPL=0 TSS64-busy
GDT=     000000003f5dc000 00000047
IDT=     000000003efa3018 00000fff
CR0=80010033 CR2=0000000000000000 CR3=000000003f801000 CR4=00000668
DR0=0000000000000000 DR1=0000000000000000 DR2=0000000000000000 DR3=0000000000000000 
DR6=00000000ffff0ff0 DR7=0000000000000400
CCS=0000000000000004 CCD=000000000000043c CCO=EFLAGS
EFER=0000000000000d00
Servicing hardware INT=0x20
   313: v=20 e=0000 i=0 cpl=0 IP=0038:000000003e6d3862 pc=000000003e6d3862 SP=0030:000000003fe64ca0 env->regs[R_EAX]=00000000000000ef
RAX=00000000000000ef RBX=0000000000000064 RCX=000000000000b008 RDX=0000000000eddda4
RSI=0000000000edde93 RDI=000000003e5b40d4 RBP=000000003fe64cd0 RSP=000000003fe64ca0
R8 =000000003fe64cbf R9 =000000000000c042 R10=0000000000000000 R11=0000000000000000
R12=000000000004baf1 R13=0000000000000011 R14=000000000000c040 R15=0000000000000000
RIP=000000003e6d3862 RFL=00000202 [-------] CPL=0 II=0 A20=1 SMM=0 HLT=0
ES =0030 0000000000000000 ffffffff 00cf9300 DPL=0 DS   [-WA]
CS =0038 0000000000000000 ffffffff 00af9a00 DPL=0 CS64 [-R-]
SS =0030 0000000000000000 ffffffff 00cf9300 DPL=0 DS   [-WA]
DS =0030 0000000000000000 ffffffff 00cf9300 DPL=0 DS   [-WA]
FS =0030 0000000000000000 ffffffff 00cf9300 DPL=0 DS   [-WA]
GS =0030 0000000000000000 ffffffff 00cf9300 DPL=0 DS   [-WA]
LDT=0000 0000000000000000 0000ffff 00008200 DPL=0 LDT
TR =0000 0000000000000000 0000ffff 00008b00 DPL=0 TSS64-busy
GDT=     000000003f5dc000 00000047
IDT=     000000003efa3018 00000fff
CR0=80010033 CR2=0000000000000000 CR3=000000003f801000 CR4=00000668
DR0=0000000000000000 DR1=0000000000000000 DR2=0000000000000000 DR3=0000000000000000 
DR6=00000000ffff0ff0 DR7=0000000000000400
CCS=0000000000000000 CCD=00000000000000ef CCO=EFLAGS
EFER=0000000000000d00
Servicing hardware INT=0x20
   314: v=20 e=0000 i=0 cpl=0 IP=0038:000000003e6d3862 pc=000000003e6d3862 SP=0030:000000003fe64d70 env->regs[R_EAX]=00000000000000ec
RAX=00000000000000ec RBX=0000000000000064 RCX=000000000000b008 RDX=0000000000ee97ec
RSI=0000000000ee98d8 RDI=000000003e5b40d4 RBP=000000003fe64da0 RSP=000000003fe64d70
R8 =000000003fe64d8f R9 =000000000000c042 R10=0000000000000000 R11=0000000000000000
R12=000000000004baf1 R13=0000000000000011 R14=000000000000c040 R15=0000000000000000
RIP=000000003e6d3862 RFL=00000202 [-------] CPL=0 II=0 A20=1 SMM=0 HLT=0
ES =0030 0000000000000000 ffffffff 00cf9300 DPL=0 DS   [-WA]
CS =0038 0000000000000000 ffffffff 00af9a00 DPL=0 CS64 [-R-]
SS =0030 0000000000000000 ffffffff 00cf9300 DPL=0 DS   [-WA]
DS =0030 0000000000000000 ffffffff 00cf9300 DPL=0 DS   [-WA]
FS =0030 0000000000000000 ffffffff 00cf9300 DPL=0 DS   [-WA]
GS =0030 0000000000000000 ffffffff 00cf9300 DPL=0 DS   [-WA]
LDT=0000 0000000000000000 0000ffff 00008200 DPL=0 LDT
TR =0000 0000000000000000 0000ffff 00008b00 DPL=0 TSS64-busy
GDT=     000000003f5dc000 00000047
IDT=     000000003efa3018 00000fff
CR0=80010033 CR2=0000000000000000 CR3=000000003f801000 CR4=00000668
DR0=0000000000000000 DR1=0000000000000000 DR2=0000000000000000 DR3=0000000000000000 
DR6=00000000ffff0ff0 DR7=0000000000000400
CCS=0000000000000000 CCD=00000000000000ec CCO=EFLAGS
EFER=0000000000000d00
Servicing hardware INT=0x20
   315: v=20 e=0000 i=0 cpl=0 IP=0038:000000003e6d3862 pc=000000003e6d3862 SP=0030:000000003fe64d70 env->regs[R_EAX]=0000000000004172
RAX=0000000000004172 RBX=0000000000002710 RCX=000000000000b008 RDX=0000000000eee4ab
RSI=0000000000ef261d RDI=000000003e5b40d4 RBP=000000003fe64da0 RSP=000000003fe64d70
R8 =000000003fe64dc0 R9 =00000000000003f6 R10=0000000000000000 R11=0000000000000000
R12=000000000000c042 R13=0000000000000011 R14=000000000000c040 R15=0000000000000000
RIP=000000003e6d3862 RFL=00000206 [-----P-] CPL=0 II=0 A20=1 SMM=0 HLT=0
ES =0030 0000000000000000 ffffffff 00cf9300 DPL=0 DS   [-WA]
CS =0038 0000000000000000 ffffffff 00af9a00 DPL=0 CS64 [-R-]
SS =0030 0000000000000000 ffffffff 00cf9300 DPL=0 DS   [-WA]
DS =0030 0000000000000000 ffffffff 00cf9300 DPL=0 DS   [-WA]
FS =0030 0000000000000000 ffffffff 00cf9300 DPL=0 DS   [-WA]
GS =0030 0000000000000000 ffffffff 00cf9300 DPL=0 DS   [-WA]
LDT=0000 0000000000000000 0000ffff 00008200 DPL=0 LDT
TR =0000 0000000000000000 0000ffff 00008b00 DPL=0 TSS64-busy
GDT=     000000003f5dc000 00000047
IDT=     000000003efa3018 00000fff
CR0=80010033 CR2=0000000000000000 CR3=000000003f801000 CR4=00000668
DR0=0000000000000000 DR1=0000000000000000 DR2=0000000000000000 DR3=0000000000000000 
DR6=00000000ffff0ff0 DR7=0000000000000400
CCS=0000000000000004 CCD=0000000000004172 CCO=EFLAGS
EFER=0000000000000d00
Servicing hardware INT=0x20
   316: v=20 e=0000 i=0 cpl=0 IP=0038:000000003e6d3862 pc=000000003e6d3862 SP=0030:000000003fe64d70 env->regs[R_EAX]=00000000000001bf
RAX=00000000000001bf RBX=0000000000002710 RCX=000000000000b008 RDX=0000000000efbdbe
RSI=0000000000efbf7d RDI=000000003e5b40d4 RBP=000000003fe64da0 RSP=000000003fe64d70
R8 =000000003fe64dc0 R9 =00000000000003f6 R10=0000000000000000 R11=0000000000000000
R12=000000000000c042 R13=0000000000000011 R14=000000000000c040 R15=0000000000000000
RIP=000000003e6d3862 RFL=00000202 [-------] CPL=0 II=0 A20=1 SMM=0 HLT=0
ES =0030 0000000000000000 ffffffff 00cf9300 DPL=0 DS   [-WA]
CS =0038 0000000000000000 ffffffff 00af9a00 DPL=0 CS64 [-R-]
SS =0030 0000000000000000 ffffffff 00cf9300 DPL=0 DS   [-WA]
DS =0030 0000000000000000 ffffffff 00cf9300 DPL=0 DS   [-WA]
FS =0030 0000000000000000 ffffffff 00cf9300 DPL=0 DS   [-WA]
GS =0030 0000000000000000 ffffffff 00cf9300 DPL=0 DS   [-WA]
LDT=0000 0000000000000000 0000ffff 00008200 DPL=0 LDT
TR =0000 0000000000000000 0000ffff 00008b00 DPL=0 TSS64-busy
GDT=     000000003f5dc000 00000047
IDT=     000000003efa3018 00000fff
CR0=80010033 CR2=0000000000000000 CR3=000000003f801000 CR4=00000668
DR0=0000000000000000 DR1=0000000000000000 DR2=0000000000000000 DR3=0000000000000000 
DR6=00000000ffff0ff0 DR7=0000000000000400
CCS=0000000000000000 CCD=00000000000001bf CCO=EFLAGS
EFER=0000000000000d00
Servicing hardware INT=0x20
   317: v=20 e=0000 i=0 cpl=0 IP=0038:000000003e6d3862 pc=000000003e6d3862 SP=0030:000000003fe64d70 env->regs[R_EAX]=00000000000000f4
RAX=00000000000000f4 RBX=0000000000000064 RCX=000000000000b008 RDX=0000000000efcdf7
RSI=0000000000efceeb RDI=000000003e5b40d4 RBP=000000003fe64da0 RSP=000000003fe64d70
R8 =000000003fe64d8f R9 =000000000000c042 R10=0000000000000000 R11=0000000000000000
R12=000000000004baf1 R13=0000000000000011 R14=000000000000c040 R15=0000000000000000
RIP=000000003e6d3862 RFL=00000202 [-------] CPL=0 II=0 A20=1 SMM=0 HLT=0
ES =0030 0000000000000000 ffffffff 00cf9300 DPL=0 DS   [-WA]
CS =0038 0000000000000000 ffffffff 00af9a00 DPL=0 CS64 [-R-]
SS =0030 0000000000000000 ffffffff 00cf9300 DPL=0 DS   [-WA]
DS =0030 0000000000000000 ffffffff 00cf9300 DPL=0 DS   [-WA]
FS =0030 0000000000000000 ffffffff 00cf9300 DPL=0 DS   [-WA]
GS =0030 0000000000000000 ffffffff 00cf9300 DPL=0 DS   [-WA]
LDT=0000 0000000000000000 0000ffff 00008200 DPL=0 LDT
TR =0000 0000000000000000 0000ffff 00008b00 DPL=0 TSS64-busy
GDT=     000000003f5dc000 00000047
IDT=     000000003efa3018 00000fff
CR0=80010033 CR2=0000000000000000 CR3=000000003f801000 CR4=00000668
DR0=0000000000000000 DR1=0000000000000000 DR2=0000000000000000 DR3=0000000000000000 
DR6=00000000ffff0ff0 DR7=0000000000000400
CCS=0000000000000000 CCD=00000000000000f4 CCO=EFLAGS
EFER=0000000000000d00
Servicing hardware INT=0x20
   318: v=20 e=0000 i=0 cpl=0 IP=0038:000000003e6d3862 pc=000000003e6d3862 SP=0030:000000003fe64d70 env->regs[R_EAX]=00000000000000e8
RAX=00000000000000e8 RBX=0000000000000064 RCX=000000000000b008 RDX=0000000000f067e2
RSI=0000000000f068ca RDI=000000003e5b40d4 RBP=000000003fe64da0 RSP=000000003fe64d70
R8 =000000003fe64d8f R9 =000000000000c042 R10=0000000000000000 R11=0000000000000000
R12=000000000004baf1 R13=0000000000000011 R14=000000000000c040 R15=0000000000000000
RIP=000000003e6d3862 RFL=00000206 [-----P-] CPL=0 II=0 A20=1 SMM=0 HLT=0
ES =0030 0000000000000000 ffffffff 00cf9300 DPL=0 DS   [-WA]
CS =0038 0000000000000000 ffffffff 00af9a00 DPL=0 CS64 [-R-]
SS =0030 0000000000000000 ffffffff 00cf9300 DPL=0 DS   [-WA]
DS =0030 0000000000000000 ffffffff 00cf9300 DPL=0 DS   [-WA]
FS =0030 0000000000000000 ffffffff 00cf9300 DPL=0 DS   [-WA]
GS =0030 0000000000000000 ffffffff 00cf9300 DPL=0 DS   [-WA]
LDT=0000 0000000000000000 0000ffff 00008200 DPL=0 LDT
TR =0000 0000000000000000 0000ffff 00008b00 DPL=0 TSS64-busy
GDT=     000000003f5dc000 00000047
IDT=     000000003efa3018 00000fff
CR0=80010033 CR2=0000000000000000 CR3=000000003f801000 CR4=00000668
DR0=0000000000000000 DR1=0000000000000000 DR2=0000000000000000 DR3=0000000000000000 
DR6=00000000ffff0ff0 DR7=0000000000000400
CCS=0000000000000004 CCD=00000000000000e8 CCO=EFLAGS
EFER=0000000000000d00
Servicing hardware INT=0x20
   319: v=20 e=0000 i=0 cpl=0 IP=0038:000000003e6d3862 pc=000000003e6d3862 SP=0030:000000003fe64d70 env->regs[R_EAX]=00000000000000eb
RAX=00000000000000eb RBX=0000000000000064 RCX=000000000000b008 RDX=0000000000f1021f
RSI=0000000000f1030a RDI=000000003e5b40d4 RBP=000000003fe64da0 RSP=000000003fe64d70
R8 =000000003fe64d8f R9 =000000000000c042 R10=0000000000000000 R11=0000000000000000
R12=000000000004baf1 R13=0000000000000011 R14=000000000000c040 R15=0000000000000000
RIP=000000003e6d3862 RFL=00000206 [-----P-] CPL=0 II=0 A20=1 SMM=0 HLT=0
ES =0030 0000000000000000 ffffffff 00cf9300 DPL=0 DS   [-WA]
CS =0038 0000000000000000 ffffffff 00af9a00 DPL=0 CS64 [-R-]
SS =0030 0000000000000000 ffffffff 00cf9300 DPL=0 DS   [-WA]
DS =0030 0000000000000000 ffffffff 00cf9300 DPL=0 DS   [-WA]
FS =0030 0000000000000000 ffffffff 00cf9300 DPL=0 DS   [-WA]
GS =0030 0000000000000000 ffffffff 00cf9300 DPL=0 DS   [-WA]
LDT=0000 0000000000000000 0000ffff 00008200 DPL=0 LDT
TR =0000 0000000000000000 0000ffff 00008b00 DPL=0 TSS64-busy
GDT=     000000003f5dc000 00000047
IDT=     000000003efa3018 00000fff
CR0=80010033 CR2=0000000000000000 CR3=000000003f801000 CR4=00000668
DR0=0000000000000000 DR1=0000000000000000 DR2=0000000000000000 DR3=0000000000000000 
DR6=00000000ffff0ff0 DR7=0000000000000400
CCS=0000000000000004 CCD=00000000000000eb CCO=EFLAGS
EFER=0000000000000d00
Servicing hardware INT=0x20
   320: v=20 e=0000 i=0 cpl=0 IP=0038:000000003e6d3862 pc=000000003e6d3862 SP=0030:000000003fe64d70 env->regs[R_EAX]=00000000000012c3
RAX=00000000000012c3 RBX=0000000000002710 RCX=000000000000b008 RDX=0000000000f17d75
RSI=0000000000f19038 RDI=000000003e5b40d4 RBP=000000003fe64da0 RSP=000000003fe64d70
R8 =000000003fe64dc0 R9 =00000000000003f6 R10=0000000000000000 R11=0000000000000000
R12=000000000000c042 R13=0000000000000011 R14=000000000000c040 R15=0000000000000000
RIP=000000003e6d3862 RFL=00000206 [-----P-] CPL=0 II=0 A20=1 SMM=0 HLT=0
ES =0030 0000000000000000 ffffffff 00cf9300 DPL=0 DS   [-WA]
CS =0038 0000000000000000 ffffffff 00af9a00 DPL=0 CS64 [-R-]
SS =0030 0000000000000000 ffffffff 00cf9300 DPL=0 DS   [-WA]
DS =0030 0000000000000000 ffffffff 00cf9300 DPL=0 DS   [-WA]
FS =0030 0000000000000000 ffffffff 00cf9300 DPL=0 DS   [-WA]
GS =0030 0000000000000000 ffffffff 00cf9300 DPL=0 DS   [-WA]
LDT=0000 0000000000000000 0000ffff 00008200 DPL=0 LDT
TR =0000 0000000000000000 0000ffff 00008b00 DPL=0 TSS64-busy
GDT=     000000003f5dc000 00000047
IDT=     000000003efa3018 00000fff
CR0=80010033 CR2=0000000000000000 CR3=000000003f801000 CR4=00000668
DR0=0000000000000000 DR1=0000000000000000 DR2=0000000000000000 DR3=0000000000000000 
DR6=00000000ffff0ff0 DR7=0000000000000400
CCS=0000000000000004 CCD=00000000000012c3 CCO=EFLAGS
EFER=0000000000000d00
Servicing hardware INT=0x20
   321: v=20 e=0000 i=0 cpl=0 IP=0038:000000003e6d3862 pc=000000003e6d3862 SP=0030:000000003fe64d70 env->regs[R_EAX]=00000000000000eb
RAX=00000000000000eb RBX=0000000000000064 RCX=000000000000b008 RDX=0000000000f234e7
RSI=0000000000f235d2 RDI=000000003e5b40d4 RBP=000000003fe64da0 RSP=000000003fe64d70
R8 =000000003fe64d8f R9 =000000000000c042 R10=0000000000000000 R11=0000000000000000
R12=000000000004baf1 R13=0000000000000011 R14=000000000000c040 R15=0000000000000000
RIP=000000003e6d3862 RFL=00000206 [-----P-] CPL=0 II=0 A20=1 SMM=0 HLT=0
ES =0030 0000000000000000 ffffffff 00cf9300 DPL=0 DS   [-WA]
CS =0038 0000000000000000 ffffffff 00af9a00 DPL=0 CS64 [-R-]
SS =0030 0000000000000000 ffffffff 00cf9300 DPL=0 DS   [-WA]
DS =0030 0000000000000000 ffffffff 00cf9300 DPL=0 DS   [-WA]
FS =0030 0000000000000000 ffffffff 00cf9300 DPL=0 DS   [-WA]
GS =0030 0000000000000000 ffffffff 00cf9300 DPL=0 DS   [-WA]
LDT=0000 0000000000000000 0000ffff 00008200 DPL=0 LDT
TR =0000 0000000000000000 0000ffff 00008b00 DPL=0 TSS64-busy
GDT=     000000003f5dc000 00000047
IDT=     000000003efa3018 00000fff
CR0=80010033 CR2=0000000000000000 CR3=000000003f801000 CR4=00000668
DR0=0000000000000000 DR1=0000000000000000 DR2=0000000000000000 DR3=0000000000000000 
DR6=00000000ffff0ff0 DR7=0000000000000400
CCS=0000000000000004 CCD=00000000000000eb CCO=EFLAGS
EFER=0000000000000d00
Servicing hardware INT=0x20
   322: v=20 e=0000 i=0 cpl=0 IP=0038:000000003e6d3862 pc=000000003e6d3862 SP=0030:000000003fe64d70 env->regs[R_EAX]=00000000000000ef
RAX=00000000000000ef RBX=0000000000000064 RCX=000000000000b008 RDX=0000000000f2cee9
RSI=0000000000f2cfd8 RDI=000000003e5b40d4 RBP=000000003fe64da0 RSP=000000003fe64d70
R8 =000000003fe64d8f R9 =000000000000c042 R10=0000000000000000 R11=0000000000000000
R12=000000000004baf1 R13=0000000000000011 R14=000000000000c040 R15=0000000000000000
RIP=000000003e6d3862 RFL=00000202 [-------] CPL=0 II=0 A20=1 SMM=0 HLT=0
ES =0030 0000000000000000 ffffffff 00cf9300 DPL=0 DS   [-WA]
CS =0038 0000000000000000 ffffffff 00af9a00 DPL=0 CS64 [-R-]
SS =0030 0000000000000000 ffffffff 00cf9300 DPL=0 DS   [-WA]
DS =0030 0000000000000000 ffffffff 00cf9300 DPL=0 DS   [-WA]
FS =0030 0000000000000000 ffffffff 00cf9300 DPL=0 DS   [-WA]
GS =0030 0000000000000000 ffffffff 00cf9300 DPL=0 DS   [-WA]
LDT=0000 0000000000000000 0000ffff 00008200 DPL=0 LDT
TR =0000 0000000000000000 0000ffff 00008b00 DPL=0 TSS64-busy
GDT=     000000003f5dc000 00000047
IDT=     000000003efa3018 00000fff
CR0=80010033 CR2=0000000000000000 CR3=000000003f801000 CR4=00000668
DR0=0000000000000000 DR1=0000000000000000 DR2=0000000000000000 DR3=0000000000000000 
DR6=00000000ffff0ff0 DR7=0000000000000400
CCS=0000000000000000 CCD=00000000000000ef CCO=EFLAGS
EFER=0000000000000d00
Servicing hardware INT=0x20
   323: v=20 e=0000 i=0 cpl=0 IP=0038:000000003e6d3862 pc=000000003e6d3862 SP=0030:000000003fe64d70 env->regs[R_EAX]=000000000000265d
RAX=000000000000265d RBX=0000000000002710 RCX=000000000000b008 RDX=0000000000f33662
RSI=0000000000f35cbf RDI=000000003e5b40d4 RBP=000000003fe64da0 RSP=000000003fe64d70
R8 =000000003fe64dc0 R9 =00000000000003f6 R10=0000000000000000 R11=0000000000000000
R12=000000000000c042 R13=0000000000000011 R14=000000000000c040 R15=0000000000000000
RIP=000000003e6d3862 RFL=00000202 [-------] CPL=0 II=0 A20=1 SMM=0 HLT=0
ES =0030 0000000000000000 ffffffff 00cf9300 DPL=0 DS   [-WA]
CS =0038 0000000000000000 ffffffff 00af9a00 DPL=0 CS64 [-R-]
SS =0030 0000000000000000 ffffffff 00cf9300 DPL=0 DS   [-WA]
DS =0030 0000000000000000 ffffffff 00cf9300 DPL=0 DS   [-WA]
FS =0030 0000000000000000 ffffffff 00cf9300 DPL=0 DS   [-WA]
GS =0030 0000000000000000 ffffffff 00cf9300 DPL=0 DS   [-WA]
LDT=0000 0000000000000000 0000ffff 00008200 DPL=0 LDT
TR =0000 0000000000000000 0000ffff 00008b00 DPL=0 TSS64-busy
GDT=     000000003f5dc000 00000047
IDT=     000000003efa3018 00000fff
CR0=80010033 CR2=0000000000000000 CR3=000000003f801000 CR4=00000668
DR0=0000000000000000 DR1=0000000000000000 DR2=0000000000000000 DR3=0000000000000000 
DR6=00000000ffff0ff0 DR7=0000000000000400
CCS=0000000000000000 CCD=000000000000265d CCO=EFLAGS
EFER=0000000000000d00
Servicing hardware INT=0x20
   324: v=20 e=0000 i=0 cpl=0 IP=0038:000000003e6d3862 pc=000000003e6d3862 SP=0030:000000003fe64d70 env->regs[R_EAX]=00000000000000e8
RAX=00000000000000e8 RBX=0000000000000064 RCX=000000000000b008 RDX=0000000000f40077
RSI=0000000000f4015f RDI=000000003e5b40d4 RBP=000000003fe64da0 RSP=000000003fe64d70
R8 =000000003fe64d8f R9 =000000000000c042 R10=0000000000000000 R11=0000000000000000
R12=000000000004baf1 R13=0000000000000011 R14=000000000000c040 R15=0000000000000000
RIP=000000003e6d3862 RFL=00000206 [-----P-] CPL=0 II=0 A20=1 SMM=0 HLT=0
ES =0030 0000000000000000 ffffffff 00cf9300 DPL=0 DS   [-WA]
CS =0038 0000000000000000 ffffffff 00af9a00 DPL=0 CS64 [-R-]
SS =0030 0000000000000000 ffffffff 00cf9300 DPL=0 DS   [-WA]
DS =0030 0000000000000000 ffffffff 00cf9300 DPL=0 DS   [-WA]
FS =0030 0000000000000000 ffffffff 00cf9300 DPL=0 DS   [-WA]
GS =0030 0000000000000000 ffffffff 00cf9300 DPL=0 DS   [-WA]
LDT=0000 0000000000000000 0000ffff 00008200 DPL=0 LDT
TR =0000 0000000000000000 0000ffff 00008b00 DPL=0 TSS64-busy
GDT=     000000003f5dc000 00000047
IDT=     000000003efa3018 00000fff
CR0=80010033 CR2=0000000000000000 CR3=000000003f801000 CR4=00000668
DR0=0000000000000000 DR1=0000000000000000 DR2=0000000000000000 DR3=0000000000000000 
DR6=00000000ffff0ff0 DR7=0000000000000400
CCS=0000000000000004 CCD=00000000000000e8 CCO=EFLAGS
EFER=0000000000000d00
Servicing hardware INT=0x20
   325: v=20 e=0000 i=0 cpl=0 IP=0038:000000003e6d3862 pc=000000003e6d3862 SP=0030:000000003fe64ca0 env->regs[R_EAX]=00000000000000e8
RAX=00000000000000e8 RBX=0000000000000064 RCX=000000000000b008 RDX=0000000000f49b1b
RSI=0000000000f49c03 RDI=000000003e5b40d4 RBP=000000003fe64cd0 RSP=000000003fe64ca0
R8 =000000003fe64cbf R9 =000000000000c042 R10=0000000000000000 R11=0000000000000000
R12=000000000004baf1 R13=0000000000000011 R14=000000000000c040 R15=0000000000000000
RIP=000000003e6d3862 RFL=00000206 [-----P-] CPL=0 II=0 A20=1 SMM=0 HLT=0
ES =0030 0000000000000000 ffffffff 00cf9300 DPL=0 DS   [-WA]
CS =0038 0000000000000000 ffffffff 00af9a00 DPL=0 CS64 [-R-]
SS =0030 0000000000000000 ffffffff 00cf9300 DPL=0 DS   [-WA]
DS =0030 0000000000000000 ffffffff 00cf9300 DPL=0 DS   [-WA]
FS =0030 0000000000000000 ffffffff 00cf9300 DPL=0 DS   [-WA]
GS =0030 0000000000000000 ffffffff 00cf9300 DPL=0 DS   [-WA]
LDT=0000 0000000000000000 0000ffff 00008200 DPL=0 LDT
TR =0000 0000000000000000 0000ffff 00008b00 DPL=0 TSS64-busy
GDT=     000000003f5dc000 00000047
IDT=     000000003efa3018 00000fff
CR0=80010033 CR2=0000000000000000 CR3=000000003f801000 CR4=00000668
DR0=0000000000000000 DR1=0000000000000000 DR2=0000000000000000 DR3=0000000000000000 
DR6=00000000ffff0ff0 DR7=0000000000000400
CCS=0000000000000004 CCD=00000000000000e8 CCO=EFLAGS
EFER=0000000000000d00
Servicing hardware INT=0x20
   326: v=20 e=0000 i=0 cpl=0 IP=0038:000000003e6d3862 pc=000000003e6d3862 SP=0030:000000003fe64ca0 env->regs[R_EAX]=0000000000003336
RAX=0000000000003336 RBX=0000000000002710 RCX=000000000000b008 RDX=0000000000f4f5fc
RSI=0000000000f52932 RDI=000000003e5b40d4 RBP=000000003fe64cd0 RSP=000000003fe64ca0
R8 =000000003fe64cf0 R9 =00000000000003f6 R10=0000000000000000 R11=0000000000000000
R12=000000000000c042 R13=0000000000000011 R14=000000000000c040 R15=0000000000000000
RIP=000000003e6d3862 RFL=00000206 [-----P-] CPL=0 II=0 A20=1 SMM=0 HLT=0
ES =0030 0000000000000000 ffffffff 00cf9300 DPL=0 DS   [-WA]
CS =0038 0000000000000000 ffffffff 00af9a00 DPL=0 CS64 [-R-]
SS =0030 0000000000000000 ffffffff 00cf9300 DPL=0 DS   [-WA]
DS =0030 0000000000000000 ffffffff 00cf9300 DPL=0 DS   [-WA]
FS =0030 0000000000000000 ffffffff 00cf9300 DPL=0 DS   [-WA]
GS =0030 0000000000000000 ffffffff 00cf9300 DPL=0 DS   [-WA]
LDT=0000 0000000000000000 0000ffff 00008200 DPL=0 LDT
TR =0000 0000000000000000 0000ffff 00008b00 DPL=0 TSS64-busy
GDT=     000000003f5dc000 00000047
IDT=     000000003efa3018 00000fff
CR0=80010033 CR2=0000000000000000 CR3=000000003f801000 CR4=00000668
DR0=0000000000000000 DR1=0000000000000000 DR2=0000000000000000 DR3=0000000000000000 
DR6=00000000ffff0ff0 DR7=0000000000000400
CCS=0000000000000004 CCD=0000000000003336 CCO=EFLAGS
EFER=0000000000000d00
Servicing hardware INT=0x20
   327: v=20 e=0000 i=0 cpl=0 IP=0038:000000003eb1d801 pc=000000003eb1d801 SP=0030:000000003fe64938 env->regs[R_EAX]=000000003df55698
RAX=000000003df55698 RBX=000000003de50100 RCX=000000003df55698 RDX=000000003fe649bd
RSI=0000000000000065 RDI=00000000000000f2 RBP=000000003fe64a30 RSP=000000003fe64938
R8 =0000000000000013 R9 =000000003df55698 R10=000000003e7a1218 R11=000000003e7a1a98
R12=000000003de503ba R13=000000003de50fb5 R14=000000003e7a1ab8 R15=000000003e7a1228
RIP=000000003eb1d801 RFL=00000202 [-------] CPL=0 II=0 A20=1 SMM=0 HLT=0
ES =0030 0000000000000000 ffffffff 00cf9300 DPL=0 DS   [-WA]
CS =0038 0000000000000000 ffffffff 00af9a00 DPL=0 CS64 [-R-]
SS =0030 0000000000000000 ffffffff 00cf9300 DPL=0 DS   [-WA]
DS =0030 0000000000000000 ffffffff 00cf9300 DPL=0 DS   [-WA]
FS =0030 0000000000000000 ffffffff 00cf9300 DPL=0 DS   [-WA]
GS =0030 0000000000000000 ffffffff 00cf9300 DPL=0 DS   [-WA]
LDT=0000 0000000000000000 0000ffff 00008200 DPL=0 LDT
TR =0000 0000000000000000 0000ffff 00008b00 DPL=0 TSS64-busy
GDT=     000000003f5dc000 00000047
IDT=     000000003efa3018 00000fff
CR0=80010033 CR2=0000000000000000 CR3=000000003f801000 CR4=00000668
DR0=0000000000000000 DR1=0000000000000000 DR2=0000000000000000 DR3=0000000000000000 
DR6=00000000ffff0ff0 DR7=0000000000000400
CCS=0000000000000000 CCD=000000003fe64940 CCO=EFLAGS
EFER=0000000000000d00
Servicing hardware INT=0x20
   328: v=20 e=0000 i=0 cpl=0 IP=0038:000000003de3c519 pc=000000003de3c519 SP=0030:000000003fe65660 env->regs[R_EAX]=0000000000000000
RAX=0000000000000000 RBX=0000000000000000 RCX=0000000000ab0001 RDX=0000000000000000
RSI=0000000000000000 RDI=000000003d342fff RBP=000000003fe65770 RSP=000000003fe65660
R8 =0000000001000000 R9 =000000003cdf3000 R10=000000003fe7285c R11=0000000000000000
R12=0000000000001000 R13=0000000081040000 R14=0000000000000000 R15=000000003f5ec018
RIP=000000003de3c519 RFL=00010206 [-----P-] CPL=0 II=0 A20=1 SMM=0 HLT=0
ES =0030 0000000000000000 ffffffff 00cf9300 DPL=0 DS   [-WA]
CS =0038 0000000000000000 ffffffff 00af9a00 DPL=0 CS64 [-R-]
SS =0030 0000000000000000 ffffffff 00cf9300 DPL=0 DS   [-WA]
DS =0030 0000000000000000 ffffffff 00cf9300 DPL=0 DS   [-WA]
FS =0030 0000000000000000 ffffffff 00cf9300 DPL=0 DS   [-WA]
GS =0030 0000000000000000 ffffffff 00cf9300 DPL=0 DS   [-WA]
LDT=0000 0000000000000000 0000ffff 00008200 DPL=0 LDT
TR =0000 0000000000000000 0000ffff 00008b00 DPL=0 TSS64-busy
GDT=     000000003f5dc000 00000047
IDT=     000000003efa3018 00000fff
CR0=80010033 CR2=0000000000000000 CR3=000000003f801000 CR4=00000668
DR0=0000000000000000 DR1=0000000000000000 DR2=0000000000000000 DR3=0000000000000000 
DR6=00000000ffff0ff0 DR7=0000000000000400
CCS=0000000000000004 CCD=0000000001000000 CCO=EFLAGS
EFER=0000000000000d00
Servicing hardware INT=0x20
   329: v=20 e=0000 i=0 cpl=0 IP=0038:000000003de3c519 pc=000000003de3c519 SP=0030:000000003fe65660 env->regs[R_EAX]=0000000000000000
RAX=0000000000000000 RBX=0000000000000000 RCX=00000000000f0001 RDX=0000000000000000
RSI=0000000000000000 RDI=000000003dd02fff RBP=000000003fe65770 RSP=000000003fe65660
R8 =0000000001000000 R9 =000000003cdf3000 R10=000000003fe7285c R11=0000000000000000
R12=0000000000001000 R13=0000000081040000 R14=0000000000000000 R15=000000003f5ec018
RIP=000000003de3c519 RFL=00010206 [-----P-] CPL=0 II=0 A20=1 SMM=0 HLT=0
ES =0030 0000000000000000 ffffffff 00cf9300 DPL=0 DS   [-WA]
CS =0038 0000000000000000 ffffffff 00af9a00 DPL=0 CS64 [-R-]
SS =0030 0000000000000000 ffffffff 00cf9300 DPL=0 DS   [-WA]
DS =0030 0000000000000000 ffffffff 00cf9300 DPL=0 DS   [-WA]
FS =0030 0000000000000000 ffffffff 00cf9300 DPL=0 DS   [-WA]
GS =0030 0000000000000000 ffffffff 00cf9300 DPL=0 DS   [-WA]
LDT=0000 0000000000000000 0000ffff 00008200 DPL=0 LDT
TR =0000 0000000000000000 0000ffff 00008b00 DPL=0 TSS64-busy
GDT=     000000003f5dc000 00000047
IDT=     000000003efa3018 00000fff
CR0=80010033 CR2=0000000000000000 CR3=000000003f801000 CR4=00000668
DR0=0000000000000000 DR1=0000000000000000 DR2=0000000000000000 DR3=0000000000000000 
DR6=00000000ffff0ff0 DR7=0000000000000400
CCS=0000000000000004 CCD=0000000000000000 CCO=EFLAGS
EFER=0000000000000d00
Servicing hardware INT=0x20
   330: v=20 e=0000 i=0 cpl=0 IP=0038:000000003e63e178 pc=000000003e63e178 SP=0030:000000003fe64b68 env->regs[R_EAX]=00000000800bbbc0
RAX=00000000800bbbc0 RBX=00000000800d4bc0 RCX=0000000000000000 RDX=00000000800d37c0
RSI=00000000800d4440 RDI=00000000800bc840 RBP=000000003fe64c10 RSP=000000003fe64b68
R8 =0000000000000000 R9 =00000000800d443f R10=000000003de4fa18 R11=0000000000000000
R12=0000000000001400 R13=00000000000000f0 R14=0000000000000003 R15=000000000000020d
RIP=000000003e63e178 RFL=00000206 [-----P-] CPL=0 II=0 A20=1 SMM=0 HLT=0
ES =0030 0000000000000000 ffffffff 00cf9300 DPL=0 DS   [-WA]
CS =0038 0000000000000000 ffffffff 00af9a00 DPL=0 CS64 [-R-]
SS =0030 0000000000000000 ffffffff 00cf9300 DPL=0 DS   [-WA]
DS =0030 0000000000000000 ffffffff 00cf9300 DPL=0 DS   [-WA]
FS =0030 0000000000000000 ffffffff 00cf9300 DPL=0 DS   [-WA]
GS =0030 0000000000000000 ffffffff 00cf9300 DPL=0 DS   [-WA]
LDT=0000 0000000000000000 0000ffff 00008200 DPL=0 LDT
TR =0000 0000000000000000 0000ffff 00008b00 DPL=0 TSS64-busy
GDT=     000000003f5dc000 00000047
IDT=     000000003efa3018 00000fff
CR0=80010033 CR2=0000000000000000 CR3=000000003f801000 CR4=00000668
DR0=0000000000000000 DR1=0000000000000000 DR2=0000000000000000 DR3=0000000000000000 
DR6=00000000ffff0ff0 DR7=0000000000000400
CCS=0000000000000004 CCD=0000000000000190 CCO=EFLAGS
EFER=0000000000000d00
Servicing hardware INT=0x20
   331: v=20 e=0000 i=0 cpl=0 IP=0008:00000000001db7c0 pc=00000000001db7c0 SP=0010:0000000004e7f7f8 env->regs[R_EAX]=0000000000000001
RAX=0000000000000001 RBX=000000010201d000 RCX=000000010201d000 RDX=0000000004e7f888
RSI=0000000000000001 RDI=0000000004e82b00 RBP=0000000000004000 RSP=0000000004e7f7f8
R8 =0000000000000000 R9 =000000003de4f000 R10=0000000000000010 R11=000ffffffffff000
R12=00000000003de070 R13=0000000000101450 R14=0000000100000000 R15=0000000104000000
RIP=00000000001db7c0 RFL=00000202 [-------] CPL=0 II=0 A20=1 SMM=0 HLT=0
ES =0010 0000000000000000 000fffff 000f9300 DPL=0 DS   [-WA]
CS =0008 0000000000000000 000fffff 002f9a00 DPL=0 CS64 [-R-]
SS =0010 0000000000000000 000fffff 000f9300 DPL=0 DS   [-WA]
DS =0010 0000000000000000 000fffff 000f9300 DPL=0 DS   [-WA]
FS =0010 0000000000000000 000fffff 000f9300 DPL=0 DS   [-WA]
GS =0010 0000000000000000 000fffff 000f9300 DPL=0 DS   [-WA]
LDT=0000 0000000000000000 0000ffff 00008200 DPL=0 LDT
TR =0000 0000000000000000 0000ffff 00008b00 DPL=0 TSS64-busy
GDT=     00000000036e6cf0 00000017
IDT=     00000000036e5ce0 00000fff
CR0=80010033 CR2=0000000000000000 CR3=000000003de50000 CR4=00000668
DR0=0000000000000000 DR1=0000000000000000 DR2=0000000000000000 DR3=0000000000000000 
DR6=00000000ffff0ff0 DR7=0000000000000400
CCS=0000000000000040 CCD=0000000000000001 CCO=LOGICB
EFER=0000000000000d00
Servicing hardware INT=0x20
   332: v=20 e=0000 i=0 cpl=0 IP=0008:00000000001db725 pc=00000000001db725 SP=0010:0000000004e7fc18 env->regs[R_EAX]=0000000000000030
RAX=0000000000000030 RBX=00000000001db710 RCX=00000000000003f8 RDX=00000000000003f8
RSI=00000000001db720 RDI=0000000000000018 RBP=00000000002661c0 RSP=0000000004e7fc18
R8 =00000000101144a8 R9 =0000000010114328 R10=00000000101142a8 R11=00000000101142b4
R12=0000000000000000 R13=0000000000000030 R14=3736353433323130 R15=4645444342413938
RIP=00000000001db725 RFL=00000206 [-----P-] CPL=0 II=0 A20=1 SMM=0 HLT=0
ES =0010 0000000000000000 000fffff 000f9300 DPL=0 DS   [-WA]
CS =0008 0000000000000000 000fffff 002f9a00 DPL=0 CS64 [-R-]
SS =0010 0000000000000000 000fffff 000f9300 DPL=0 DS   [-WA]
DS =0010 0000000000000000 000fffff 000f9300 DPL=0 DS   [-WA]
FS =0010 0000000000000000 000fffff 000f9300 DPL=0 DS   [-WA]
GS =0010 0000000000000000 000fffff 000f9300 DPL=0 DS   [-WA]
LDT=0000 0000000000000000 0000ffff 00008200 DPL=0 LDT
TR =0000 0000000000000000 0000ffff 00008b00 DPL=0 TSS64-busy
GDT=     00000000036e6cf0 00000017
IDT=     00000000036e5ce0 00000fff
CR0=80010033 CR2=0000000000000000 CR3=000000003de50000 CR4=00000668
DR0=0000000000000000 DR1=0000000000000000 DR2=0000000000000000 DR3=0000000000000000 
DR6=00000000ffff0ff0 DR7=0000000000000400
CCS=0000000000000004 CCD=0000000000000018 CCO=EFLAGS
EFER=0000000000000d00
Servicing hardware INT=0x20
   333: v=20 e=0000 i=0 cpl=0 IP=0008:0000000010073f00 pc=0000000010073f00 SP=0010:0000000004e7fb50 env->regs[R_EAX]=0000000000001000
RAX=0000000000001000 RBX=0000000100a02ff0 RCX=0000000100a06068 RDX=0000000000002e4e
RSI=0000000100a04020 RDI=0000000100a05038 RBP=0000000004e7fc10 RSP=0000000004e7fb50
R8 =00000000000002b3 R9 =0000000000001018 R10=000000000000007c R11=0000000100a07030
R12=0000000000000001 R13=0000000000001000 R14=0000000000000180 R15=0000000000000004
RIP=0000000010073f00 RFL=00000216 [----AP-] CPL=0 II=0 A20=1 SMM=0 HLT=0
ES =0010 0000000000000000 000fffff 000f9300 DPL=0 DS   [-WA]
CS =0008 0000000000000000 000fffff 002f9a00 DPL=0 CS64 [-R-]
SS =0010 0000000000000000 000fffff 000f9300 DPL=0 DS   [-WA]
DS =0010 0000000000000000 000fffff 000f9300 DPL=0 DS   [-WA]
FS =0010 0000000000000000 000fffff 000f9300 DPL=0 DS   [-WA]
GS =0010 0000000003943ce0 000fffff 000f9300 DPL=0 DS   [-WA]
LDT=0000 0000000000000000 0000ffff 00008200 DPL=0 LDT
TR =0000 0000000000000000 0000ffff 00008b00 DPL=0 TSS64-busy
GDT=     00000000036e6cf0 00000017
IDT=     00000000036e5ce0 00000fff
CR0=80010033 CR2=0000000000000000 CR3=000000003de50000 CR4=00000668
DR0=0000000000000000 DR1=0000000000000000 DR2=0000000000000000 DR3=0000000000000000 
DR6=00000000ffff0ff0 DR7=0000000000000400
CCS=0000000000000014 CCD=0000000000000d4d CCO=EFLAGS
EFER=0000000000000d00
Servicing hardware INT=0x20
   334: v=20 e=0000 i=0 cpl=0 IP=0008:000000001000906e pc=000000001000906e SP=0010:0000000004e7f4c0 env->regs[R_EAX]=00000000000007d3
RAX=00000000000007d3 RBX=0000000010140c40 RCX=0000000000000e03 RDX=000000000000045f
RSI=0000000000000001 RDI=0000000100a264e8 RBP=0000000000000000 RSP=0000000004e7f4c0
R8 =00000000000007d3 R9 =0000000000001000 R10=0000000100a254b8 R11=0000000100a27500
R12=0000000000000001 R13=0000000000000000 R14=0000000100a27500 R15=000000001013fe00
RIP=000000001000906e RFL=00000246 [---Z-P-] CPL=0 II=0 A20=1 SMM=0 HLT=0
ES =0010 0000000000000000 000fffff 000f9300 DPL=0 DS   [-WA]
CS =0008 0000000000000000 000fffff 002f9a00 DPL=0 CS64 [-R-]
SS =0010 0000000000000000 000fffff 000f9300 DPL=0 DS   [-WA]
DS =0010 0000000000000000 000fffff 000f9300 DPL=0 DS   [-WA]
FS =0010 0000000000000000 000fffff 000f9300 DPL=0 DS   [-WA]
GS =0010 0000000003943ce0 000fffff 000f9300 DPL=0 DS   [-WA]
LDT=0000 0000000000000000 0000ffff 00008200 DPL=0 LDT
TR =0000 0000000000000000 0000ffff 00008b00 DPL=0 TSS64-busy
GDT=     00000000036e6cf0 00000017
IDT=     00000000036e5ce0 00000fff
CR0=80010033 CR2=0000000000000000 CR3=000000003de50000 CR4=00000668
DR0=0000000000000000 DR1=0000000000000000 DR2=0000000000000000 DR3=0000000000000000 
DR6=00000000ffff0ff0 DR7=0000000000000400
CCS=0000000000000044 CCD=fffffffffffffc00 CCO=EFLAGS
EFER=0000000000000d00
Servicing hardware INT=0x20
   335: v=20 e=0000 i=0 cpl=0 IP=0008:00000000100073b2 pc=00000000100073b2 SP=0010:0000000004e7f2c0 env->regs[R_EAX]=0000000000000030
RAX=0000000000000030 RBX=0000000100a02f50 RCX=0000000000000020 RDX=00000000000003f8
RSI=0000000004e7f440 RDI=0000000003943be0 RBP=00000000100245c0 RSP=0000000004e7f2c0
R8 =0000000000000030 R9 =0000000000000000 R10=0000000010112540 R11=0000000010112d59
R12=0000000000000001 R13=0000000000000000 R14=0000000100a02f50 R15=0000000000000000
RIP=00000000100073b2 RFL=00000212 [----A--] CPL=0 II=0 A20=1 SMM=0 HLT=0
ES =0010 0000000000000000 000fffff 000f9300 DPL=0 DS   [-WA]
CS =0008 0000000000000000 000fffff 002f9a00 DPL=0 CS64 [-R-]
SS =0010 0000000000000000 000fffff 000f9300 DPL=0 DS   [-WA]
DS =0010 0000000000000000 000fffff 000f9300 DPL=0 DS   [-WA]
FS =0010 0000000000000000 000fffff 000f9300 DPL=0 DS   [-WA]
GS =0010 0000000003943ce0 000fffff 000f9300 DPL=0 DS   [-WA]
LDT=0000 0000000000000000 0000ffff 00008200 DPL=0 LDT
TR =0000 0000000000000000 0000ffff 00008b00 DPL=0 TSS64-busy
GDT=     00000000036e6cf0 00000017
IDT=     00000000036e5ce0 00000fff
CR0=80010033 CR2=0000000000000000 CR3=000000003de50000 CR4=00000668
DR0=0000000000000000 DR1=0000000000000000 DR2=0000000000000000 DR3=0000000000000000 
DR6=00000000ffff0ff0 DR7=0000000000000400
CCS=0000000000000010 CCD=0000000000000016 CCO=EFLAGS
EFER=0000000000000d00
Servicing hardware INT=0x20
   336: v=20 e=0000 i=0 cpl=0 IP=0008:000000001000bec0 pc=000000001000bec0 SP=0010:0000000004e7f2f0 env->regs[R_EAX]=000000000000000a
RAX=000000000000000a RBX=0000000100a02f50 RCX=0000000010113091 RDX=00000000000003f8
RSI=0000000004e7f440 RDI=0000000003943be0 RBP=00000000100245c0 RSP=0000000004e7f2f0
R8 =000000000000000a R9 =0000000010112528 R10=000000001011307a R11=0000000010112db2
R12=0000000000000001 R13=0000000000000000 R14=0000000100a02f50 R15=0000000000000000
RIP=000000001000bec0 RFL=00000206 [-----P-] CPL=0 II=0 A20=1 SMM=0 HLT=0
ES =0010 0000000000000000 000fffff 000f9300 DPL=0 DS   [-WA]
CS =0008 0000000000000000 000fffff 002f9a00 DPL=0 CS64 [-R-]
SS =0010 0000000000000000 000fffff 000f9300 DPL=0 DS   [-WA]
DS =0010 0000000000000000 000fffff 000f9300 DPL=0 DS   [-WA]
FS =0010 0000000000000000 000fffff 000f9300 DPL=0 DS   [-WA]
GS =0010 0000000003943ce0 000fffff 000f9300 DPL=0 DS   [-WA]
LDT=0000 0000000000000000 0000ffff 00008200 DPL=0 LDT
TR =0000 0000000000000000 0000ffff 00008b00 DPL=0 TSS64-busy
GDT=     00000000036e6cf0 00000017
IDT=     00000000036e5ce0 00000fff
CR0=80010033 CR2=0000000000000000 CR3=000000003de50000 CR4=00000668
DR0=0000000000000000 DR1=0000000000000000 DR2=0000000000000000 DR3=0000000000000000 
DR6=00000000ffff0ff0 DR7=0000000000000400
CCS=0000000000000004 CCD=0000000004e7f2e8 CCO=EFLAGS
EFER=0000000000000d00
Servicing hardware INT=0x20
   337: v=20 e=0000 i=0 cpl=0 IP=0008:000000001000bec0 pc=000000001000bec0 SP=0010:0000000004e7f2f0 env->regs[R_EAX]=000000000000000a
RAX=000000000000000a RBX=0000000100a02f50 RCX=0000000010113091 RDX=00000000000003f8
RSI=0000000004e7f440 RDI=0000000003943be0 RBP=00000000100245c0 RSP=0000000004e7f2f0
R8 =000000000000000a R9 =0000000010112528 R10=000000001011307a R11=0000000010112db2
R12=0000000000000001 R13=0000000000000000 R14=0000000100a02f50 R15=0000000000000000
RIP=000000001000bec0 RFL=00000206 [-----P-] CPL=0 II=0 A20=1 SMM=0 HLT=0
ES =0010 0000000000000000 000fffff 000f9300 DPL=0 DS   [-WA]
CS =0008 0000000000000000 000fffff 002f9a00 DPL=0 CS64 [-R-]
SS =0010 0000000000000000 000fffff 000f9300 DPL=0 DS   [-WA]
DS =0010 0000000000000000 000fffff 000f9300 DPL=0 DS   [-WA]
FS =0010 0000000000000000 000fffff 000f9300 DPL=0 DS   [-WA]
GS =0010 0000000003943ce0 000fffff 000f9300 DPL=0 DS   [-WA]
LDT=0000 0000000000000000 0000ffff 00008200 DPL=0 LDT
TR =0000 0000000000000000 0000ffff 00008b00 DPL=0 TSS64-busy
GDT=     00000000036e6cf0 00000017
IDT=     00000000036e5ce0 00000fff
CR0=80010033 CR2=0000000000000000 CR3=000000003de50000 CR4=00000668
DR0=0000000000000000 DR1=0000000000000000 DR2=0000000000000000 DR3=0000000000000000 
DR6=00000000ffff0ff0 DR7=0000000000000400
CCS=0000000000000004 CCD=0000000004e7f280 CCO=EFLAGS
EFER=0000000000000d00
Servicing hardware INT=0x20
   338: v=20 e=0000 i=0 cpl=0 IP=0008:000000001000bec0 pc=000000001000bec0 SP=0010:0000000004e7f2f0 env->regs[R_EAX]=000000000000000a
RAX=000000000000000a RBX=0000000100a02f50 RCX=0000000010113091 RDX=00000000000003f8
RSI=0000000004e7f440 RDI=0000000003943be0 RBP=00000000100245c0 RSP=0000000004e7f2f0
R8 =000000000000000a R9 =0000000010112528 R10=000000001011307a R11=0000000010112db2
R12=0000000000000001 R13=0000000000000000 R14=0000000100a02f50 R15=0000000000000000
RIP=000000001000bec0 RFL=00000206 [-----P-] CPL=0 II=0 A20=1 SMM=0 HLT=0
ES =0010 0000000000000000 000fffff 000f9300 DPL=0 DS   [-WA]
CS =0008 0000000000000000 000fffff 002f9a00 DPL=0 CS64 [-R-]
SS =0010 0000000000000000 000fffff 000f9300 DPL=0 DS   [-WA]
DS =0010 0000000000000000 000fffff 000f9300 DPL=0 DS   [-WA]
FS =0010 0000000000000000 000fffff 000f9300 DPL=0 DS   [-WA]
GS =0010 0000000003943ce0 000fffff 000f9300 DPL=0 DS   [-WA]
LDT=0000 0000000000000000 0000ffff 00008200 DPL=0 LDT
TR =0000 0000000000000000 0000ffff 00008b00 DPL=0 TSS64-busy
GDT=     00000000036e6cf0 00000017
IDT=     00000000036e5ce0 00000fff
CR0=80010033 CR2=0000000000000000 CR3=000000003de50000 CR4=00000668
DR0=0000000000000000 DR1=0000000000000000 DR2=0000000000000000 DR3=0000000000000000 
DR6=00000000ffff0ff0 DR7=0000000000000400
CCS=0000000000000004 CCD=0000000004e7f280 CCO=EFLAGS
EFER=0000000000000d00
Servicing hardware INT=0x20
   339: v=20 e=0000 i=0 cpl=0 IP=0008:000000001000bec0 pc=000000001000bec0 SP=0010:0000000004e7f2f0 env->regs[R_EAX]=000000000000000a
RAX=000000000000000a RBX=0000000100a02f50 RCX=0000000010113091 RDX=00000000000003f8
RSI=0000000004e7f440 RDI=0000000003943be0 RBP=00000000100245c0 RSP=0000000004e7f2f0
R8 =000000000000000a R9 =0000000010112528 R10=000000001011307a R11=0000000010112db2
R12=0000000000000001 R13=0000000000000000 R14=0000000100a02f50 R15=0000000000000000
RIP=000000001000bec0 RFL=00000206 [-----P-] CPL=0 II=0 A20=1 SMM=0 HLT=0
ES =0010 0000000000000000 000fffff 000f9300 DPL=0 DS   [-WA]
CS =0008 0000000000000000 000fffff 002f9a00 DPL=0 CS64 [-R-]
SS =0010 0000000000000000 000fffff 000f9300 DPL=0 DS   [-WA]
DS =0010 0000000000000000 000fffff 000f9300 DPL=0 DS   [-WA]
FS =0010 0000000000000000 000fffff 000f9300 DPL=0 DS   [-WA]
GS =0010 0000000003943ce0 000fffff 000f9300 DPL=0 DS   [-WA]
LDT=0000 0000000000000000 0000ffff 00008200 DPL=0 LDT
TR =0000 0000000000000000 0000ffff 00008b00 DPL=0 TSS64-busy
GDT=     00000000036e6cf0 00000017
IDT=     00000000036e5ce0 00000fff
CR0=80010033 CR2=0000000000000000 CR3=000000003de50000 CR4=00000668
DR0=0000000000000000 DR1=0000000000000000 DR2=0000000000000000 DR3=0000000000000000 
DR6=00000000ffff0ff0 DR7=0000000000000400
CCS=0000000000000004 CCD=0000000004e7f280 CCO=EFLAGS
EFER=0000000000000d00
Servicing hardware INT=0x20
   340: v=20 e=0000 i=0 cpl=0 IP=0008:000000001000bec0 pc=000000001000bec0 SP=0010:0000000004e7f2f0 env->regs[R_EAX]=000000000000000a
RAX=000000000000000a RBX=0000000100a02f50 RCX=0000000010113091 RDX=00000000000003f8
RSI=0000000004e7f440 RDI=0000000003943be0 RBP=00000000100245c0 RSP=0000000004e7f2f0
R8 =000000000000000a R9 =0000000010112528 R10=000000001011307a R11=0000000010112db2
R12=0000000000000001 R13=0000000000000000 R14=0000000100a02f50 R15=0000000000000000
RIP=000000001000bec0 RFL=00000206 [-----P-] CPL=0 II=0 A20=1 SMM=0 HLT=0
ES =0010 0000000000000000 000fffff 000f9300 DPL=0 DS   [-WA]
CS =0008 0000000000000000 000fffff 002f9a00 DPL=0 CS64 [-R-]
SS =0010 0000000000000000 000fffff 000f9300 DPL=0 DS   [-WA]
DS =0010 0000000000000000 000fffff 000f9300 DPL=0 DS   [-WA]
FS =0010 0000000000000000 000fffff 000f9300 DPL=0 DS   [-WA]
GS =0010 0000000003943ce0 000fffff 000f9300 DPL=0 DS   [-WA]
LDT=0000 0000000000000000 0000ffff 00008200 DPL=0 LDT
TR =0000 0000000000000000 0000ffff 00008b00 DPL=0 TSS64-busy
GDT=     00000000036e6cf0 00000017
IDT=     00000000036e5ce0 00000fff
CR0=80010033 CR2=0000000000000000 CR3=000000003de50000 CR4=00000668
DR0=0000000000000000 DR1=0000000000000000 DR2=0000000000000000 DR3=0000000000000000 
DR6=00000000ffff0ff0 DR7=0000000000000400
CCS=0000000000000004 CCD=0000000004e7f280 CCO=EFLAGS
EFER=0000000000000d00
Servicing hardware INT=0x20
   341: v=20 e=0000 i=0 cpl=0 IP=0008:000000001000bec0 pc=000000001000bec0 SP=0010:0000000004e7f2f0 env->regs[R_EAX]=000000000000000a
RAX=000000000000000a RBX=0000000100a02f50 RCX=0000000010113091 RDX=00000000000003f8
RSI=0000000004e7f440 RDI=0000000003943be0 RBP=00000000100245c0 RSP=0000000004e7f2f0
R8 =000000000000000a R9 =0000000010112528 R10=000000001011307a R11=0000000010112db2
R12=0000000000000001 R13=0000000000000000 R14=0000000100a02f50 R15=0000000000000000
RIP=000000001000bec0 RFL=00000206 [-----P-] CPL=0 II=0 A20=1 SMM=0 HLT=0
ES =0010 0000000000000000 000fffff 000f9300 DPL=0 DS   [-WA]
CS =0008 0000000000000000 000fffff 002f9a00 DPL=0 CS64 [-R-]
SS =0010 0000000000000000 000fffff 000f9300 DPL=0 DS   [-WA]
DS =0010 0000000000000000 000fffff 000f9300 DPL=0 DS   [-WA]
FS =0010 0000000000000000 000fffff 000f9300 DPL=0 DS   [-WA]
GS =0010 0000000003943ce0 000fffff 000f9300 DPL=0 DS   [-WA]
LDT=0000 0000000000000000 0000ffff 00008200 DPL=0 LDT
TR =0000 0000000000000000 0000ffff 00008b00 DPL=0 TSS64-busy
GDT=     00000000036e6cf0 00000017
IDT=     00000000036e5ce0 00000fff
CR0=80010033 CR2=0000000000000000 CR3=000000003de50000 CR4=00000668
DR0=0000000000000000 DR1=0000000000000000 DR2=0000000000000000 DR3=0000000000000000 
DR6=00000000ffff0ff0 DR7=0000000000000400
CCS=0000000000000004 CCD=0000000004e7f280 CCO=EFLAGS
EFER=0000000000000d00
Servicing hardware INT=0x20
   342: v=20 e=0000 i=0 cpl=0 IP=0008:000000001000bec0 pc=000000001000bec0 SP=0010:0000000004e7f2f0 env->regs[R_EAX]=000000000000000a
RAX=000000000000000a RBX=0000000100a02f50 RCX=0000000010113091 RDX=00000000000003f8
RSI=0000000004e7f440 RDI=0000000003943be0 RBP=00000000100245c0 RSP=0000000004e7f2f0
R8 =000000000000000a R9 =0000000010112528 R10=000000001011307a R11=0000000010112db2
R12=0000000000000001 R13=0000000000000000 R14=0000000100a02f50 R15=0000000000000000
RIP=000000001000bec0 RFL=00000206 [-----P-] CPL=0 II=0 A20=1 SMM=0 HLT=0
ES =0010 0000000000000000 000fffff 000f9300 DPL=0 DS   [-WA]
CS =0008 0000000000000000 000fffff 002f9a00 DPL=0 CS64 [-R-]
SS =0010 0000000000000000 000fffff 000f9300 DPL=0 DS   [-WA]
DS =0010 0000000000000000 000fffff 000f9300 DPL=0 DS   [-WA]
FS =0010 0000000000000000 000fffff 000f9300 DPL=0 DS   [-WA]
GS =0010 0000000003943ce0 000fffff 000f9300 DPL=0 DS   [-WA]
LDT=0000 0000000000000000 0000ffff 00008200 DPL=0 LDT
TR =0000 0000000000000000 0000ffff 00008b00 DPL=0 TSS64-busy
GDT=     00000000036e6cf0 00000017
IDT=     00000000036e5ce0 00000fff
CR0=80010033 CR2=0000000000000000 CR3=000000003de50000 CR4=00000668
DR0=0000000000000000 DR1=0000000000000000 DR2=0000000000000000 DR3=0000000000000000 
DR6=00000000ffff0ff0 DR7=0000000000000400
CCS=0000000000000004 CCD=0000000004e7f280 CCO=EFLAGS
EFER=0000000000000d00
Servicing hardware INT=0x20
   343: v=20 e=0000 i=0 cpl=0 IP=0008:000000001000bec0 pc=000000001000bec0 SP=0010:0000000004e7f2f0 env->regs[R_EAX]=000000000000000a
RAX=000000000000000a RBX=0000000100a02f50 RCX=0000000010113091 RDX=00000000000003f8
RSI=0000000004e7f440 RDI=0000000003943be0 RBP=00000000100245c0 RSP=0000000004e7f2f0
R8 =000000000000000a R9 =0000000010112528 R10=000000001011307a R11=0000000010112db2
R12=0000000000000001 R13=0000000000000000 R14=0000000100a02f50 R15=0000000000000000
RIP=000000001000bec0 RFL=00000206 [-----P-] CPL=0 II=0 A20=1 SMM=0 HLT=0
ES =0010 0000000000000000 000fffff 000f9300 DPL=0 DS   [-WA]
CS =0008 0000000000000000 000fffff 002f9a00 DPL=0 CS64 [-R-]
SS =0010 0000000000000000 000fffff 000f9300 DPL=0 DS   [-WA]
DS =0010 0000000000000000 000fffff 000f9300 DPL=0 DS   [-WA]
FS =0010 0000000000000000 000fffff 000f9300 DPL=0 DS   [-WA]
GS =0010 0000000003943ce0 000fffff 000f9300 DPL=0 DS   [-WA]
LDT=0000 0000000000000000 0000ffff 00008200 DPL=0 LDT
TR =0000 0000000000000000 0000ffff 00008b00 DPL=0 TSS64-busy
GDT=     00000000036e6cf0 00000017
IDT=     00000000036e5ce0 00000fff
CR0=80010033 CR2=0000000000000000 CR3=000000003de50000 CR4=00000668
DR0=0000000000000000 DR1=0000000000000000 DR2=0000000000000000 DR3=0000000000000000 
DR6=00000000ffff0ff0 DR7=0000000000000400
CCS=0000000000000004 CCD=0000000004e7f280 CCO=EFLAGS
EFER=0000000000000d00
Servicing hardware INT=0x20
   344: v=20 e=0000 i=0 cpl=0 IP=0008:000000001000bec0 pc=000000001000bec0 SP=0010:0000000004e7f2f0 env->regs[R_EAX]=000000000000000a
RAX=000000000000000a RBX=0000000100a02f50 RCX=0000000010113091 RDX=00000000000003f8
RSI=0000000004e7f440 RDI=0000000003943be0 RBP=00000000100245c0 RSP=0000000004e7f2f0
R8 =000000000000000a R9 =0000000010112528 R10=000000001011307a R11=0000000010112db2
R12=0000000000000001 R13=0000000000000000 R14=0000000100a02f50 R15=0000000000000000
RIP=000000001000bec0 RFL=00000206 [-----P-] CPL=0 II=0 A20=1 SMM=0 HLT=0
ES =0010 0000000000000000 000fffff 000f9300 DPL=0 DS   [-WA]
CS =0008 0000000000000000 000fffff 002f9a00 DPL=0 CS64 [-R-]
SS =0010 0000000000000000 000fffff 000f9300 DPL=0 DS   [-WA]
DS =0010 0000000000000000 000fffff 000f9300 DPL=0 DS   [-WA]
FS =0010 0000000000000000 000fffff 000f9300 DPL=0 DS   [-WA]
GS =0010 0000000003943ce0 000fffff 000f9300 DPL=0 DS   [-WA]
LDT=0000 0000000000000000 0000ffff 00008200 DPL=0 LDT
TR =0000 0000000000000000 0000ffff 00008b00 DPL=0 TSS64-busy
GDT=     00000000036e6cf0 00000017
IDT=     00000000036e5ce0 00000fff
CR0=80010033 CR2=0000000000000000 CR3=000000003de50000 CR4=00000668
DR0=0000000000000000 DR1=0000000000000000 DR2=0000000000000000 DR3=0000000000000000 
DR6=00000000ffff0ff0 DR7=0000000000000400
CCS=0000000000000004 CCD=0000000004e7f280 CCO=EFLAGS
EFER=0000000000000d00
