Servicing hardware INT=0x20
     0: v=20 e=0000 i=0 cpl=0 IP=0038:000000003fe6da49 pc=000000003fe6da49 SP=0030:000000003fe65a98 env->regs[R_EAX]=000000003fe8b140
RAX=000000003fe8b140 RBX=000000003eb51638 RCX=0000000000000003 RDX=000000c000000000
RSI=000000e000000000 RDI=000000c000000000 RBP=000000003fe65cc0 RSP=000000003fe65a98
R8 =0000002000000000 R9 =0000000000000001 R10=000000e000000000 R11=000000000000c000
R12=000000003eb47018 R13=000000003eb51608 R14=0000000000000016 R15=000000003eb51698
RIP=000000003fe6da49 RFL=00000206 [-----P-] CPL=0 II=0 A20=1 SMM=0 HLT=0
ES =0030 0000000000000000 ffffffff 00cf9300 DPL=0 DS   [-WA]
CS =0038 0000000000000000 ffffffff 00af9a00 DPL=0 CS64 [-R-]
SS =0030 0000000000000000 ffffffff 00cf9300 DPL=0 DS   [-WA]
DS =0030 0000000000000000 ffffffff 00cf9300 DPL=0 DS   [-WA]
FS =0030 0000000000000000 ffffffff 00cf9300 DPL=0 DS   [-WA]
GS =0030 0000000000000000 ffffffff 00cf9300 DPL=0 DS   [-WA]
LDT=0000 0000000000000000 0000ffff 00008200 DPL=0 LDT
TR =0000 0000000000000000 0000ffff 00008b00 DPL=0 TSS64-busy
GDT=     000000003f5dc000 00000047
IDT=     000000003efa3018 00000fff
CR0=80010033 CR2=0000000000000000 CR3=000000003f801000 CR4=00000660
DR0=0000000000000000 DR1=0000000000000000 DR2=0000000000000000 DR3=0000000000000000 
DR6=00000000ffff0ff0 DR7=0000000000000400
CCS=0000000000000004 CCD=0000002000000000 CCO=EFLAGS
EFER=0000000000000d00
Servicing hardware INT=0x20
     1: v=20 e=0000 i=0 cpl=0 IP=0038:000000003efa8fff pc=000000003efa8fff SP=0030:000000003fe652a0 env->regs[R_EAX]=000000003efa8ff1
RAX=000000003efa8ff1 RBX=000000c0f0000000 RCX=0000000000000005 RDX=0000000000000027
RSI=0000000000000008 RDI=0000000000000005 RBP=000000003fe652b0 RSP=000000003fe652a0
R8 =000000c0efe00083 R9 =000000003eb73397 R10=0000000000000000 R11=0000000000000008
R12=000000003fe65358 R13=0000000000000001 R14=0000000000000000 R15=000000003fe65354
RIP=000000003efa8fff RFL=00000202 [-------] CPL=0 II=0 A20=1 SMM=0 HLT=0
ES =0030 0000000000000000 ffffffff 00cf9300 DPL=0 DS   [-WA]
CS =0038 0000000000000000 ffffffff 00af9a00 DPL=0 CS64 [-R-]
SS =0030 0000000000000000 ffffffff 00cf9300 DPL=0 DS   [-WA]
DS =0030 0000000000000000 ffffffff 00cf9300 DPL=0 DS   [-WA]
FS =0030 0000000000000000 ffffffff 00cf9300 DPL=0 DS   [-WA]
GS =0030 0000000000000000 ffffffff 00cf9300 DPL=0 DS   [-WA]
LDT=0000 0000000000000000 0000ffff 00008200 DPL=0 LDT
TR =0000 0000000000000000 0000ffff 00008b00 DPL=0 TSS64-busy
GDT=     000000003f5dc000 00000047
IDT=     000000003efa3018 00000fff
CR0=80000033 CR2=0000000000000000 CR3=000000003f801000 CR4=00000668
DR0=0000000000000000 DR1=0000000000000000 DR2=0000000000000000 DR3=0000000000000000 
DR6=00000000ffff0ff0 DR7=0000000000000400
CCS=0000000000000000 CCD=000000003efab940 CCO=EFLAGS
EFER=0000000000000d00
Servicing hardware INT=0x20
     2: v=20 e=0000 i=0 cpl=0 IP=0038:000000003efa8fff pc=000000003efa8fff SP=0030:000000003fe652a0 env->regs[R_EAX]=000000003efa8ff1
RAX=000000003efa8ff1 RBX=000000c415200000 RCX=0000000000000005 RDX=0000000000000027
RSI=0000000000000008 RDI=0000000000000005 RBP=000000003fe652b0 RSP=000000003fe652a0
R8 =000000c415000083 R9 =000000003eb73397 R10=0000000000000000 R11=0000000000000008
R12=000000003fe65358 R13=0000000000000001 R14=0000000000000000 R15=000000003fe65354
RIP=000000003efa8fff RFL=00000202 [-------] CPL=0 II=0 A20=1 SMM=0 HLT=0
ES =0030 0000000000000000 ffffffff 00cf9300 DPL=0 DS   [-WA]
CS =0038 0000000000000000 ffffffff 00af9a00 DPL=0 CS64 [-R-]
SS =0030 0000000000000000 ffffffff 00cf9300 DPL=0 DS   [-WA]
DS =0030 0000000000000000 ffffffff 00cf9300 DPL=0 DS   [-WA]
FS =0030 0000000000000000 ffffffff 00cf9300 DPL=0 DS   [-WA]
GS =0030 0000000000000000 ffffffff 00cf9300 DPL=0 DS   [-WA]
LDT=0000 0000000000000000 0000ffff 00008200 DPL=0 LDT
TR =0000 0000000000000000 0000ffff 00008b00 DPL=0 TSS64-busy
GDT=     000000003f5dc000 00000047
IDT=     000000003efa3018 00000fff
CR0=80000033 CR2=0000000000000000 CR3=000000003f801000 CR4=00000668
DR0=0000000000000000 DR1=0000000000000000 DR2=0000000000000000 DR3=0000000000000000 
DR6=00000000ffff0ff0 DR7=0000000000000400
CCS=0000000000000000 CCD=000000003efab940 CCO=EFLAGS
EFER=0000000000000d00
Servicing hardware INT=0x20
     3: v=20 e=0000 i=0 cpl=0 IP=0038:000000003efa8fff pc=000000003efa8fff SP=0030:000000003fe652a0 env->regs[R_EAX]=000000003efa8ff1
RAX=000000003efa8ff1 RBX=000000c797200000 RCX=0000000000000005 RDX=0000000000000027
RSI=0000000000000008 RDI=0000000000000005 RBP=000000003fe652b0 RSP=000000003fe652a0
R8 =000000c797000083 R9 =000000003eb73397 R10=0000000000000000 R11=0000000000000008
R12=000000003fe65358 R13=0000000000000001 R14=0000000000000000 R15=000000003fe65354
RIP=000000003efa8fff RFL=00000202 [-------] CPL=0 II=0 A20=1 SMM=0 HLT=0
ES =0030 0000000000000000 ffffffff 00cf9300 DPL=0 DS   [-WA]
CS =0038 0000000000000000 ffffffff 00af9a00 DPL=0 CS64 [-R-]
SS =0030 0000000000000000 ffffffff 00cf9300 DPL=0 DS   [-WA]
DS =0030 0000000000000000 ffffffff 00cf9300 DPL=0 DS   [-WA]
FS =0030 0000000000000000 ffffffff 00cf9300 DPL=0 DS   [-WA]
GS =0030 0000000000000000 ffffffff 00cf9300 DPL=0 DS   [-WA]
LDT=0000 0000000000000000 0000ffff 00008200 DPL=0 LDT
TR =0000 0000000000000000 0000ffff 00008b00 DPL=0 TSS64-busy
GDT=     000000003f5dc000 00000047
IDT=     000000003efa3018 00000fff
CR0=80000033 CR2=0000000000000000 CR3=000000003f801000 CR4=00000668
DR0=0000000000000000 DR1=0000000000000000 DR2=0000000000000000 DR3=0000000000000000 
DR6=00000000ffff0ff0 DR7=0000000000000400
CCS=0000000000000000 CCD=000000003efab940 CCO=EFLAGS
EFER=0000000000000d00
Servicing hardware INT=0x20
     4: v=20 e=0000 i=0 cpl=0 IP=0038:000000003eb57266 pc=000000003eb57266 SP=0030:000000003fe65138 env->regs[R_EAX]=000000003eb6ca80
RAX=000000003eb6ca80 RBX=0000000000000010 RCX=000000003eb6ca80 RDX=000000003f4e7a3c
RSI=0000000008000160 RDI=0000000000000001 RBP=000000003fe65170 RSP=000000003fe65138
R8 =000000000000001f R9 =000000003eb73397 R10=0000000000000000 R11=0000000000000008
R12=0000000000000010 R13=0000000000000007 R14=0000000000000008 R15=000000003fe65354
RIP=000000003eb57266 RFL=00000202 [-------] CPL=0 II=0 A20=1 SMM=0 HLT=0
ES =0030 0000000000000000 ffffffff 00cf9300 DPL=0 DS   [-WA]
CS =0038 0000000000000000 ffffffff 00af9a00 DPL=0 CS64 [-R-]
SS =0030 0000000000000000 ffffffff 00cf9300 DPL=0 DS   [-WA]
DS =0030 0000000000000000 ffffffff 00cf9300 DPL=0 DS   [-WA]
FS =0030 0000000000000000 ffffffff 00cf9300 DPL=0 DS   [-WA]
GS =0030 0000000000000000 ffffffff 00cf9300 DPL=0 DS   [-WA]
LDT=0000 0000000000000000 0000ffff 00008200 DPL=0 LDT
TR =0000 0000000000000000 0000ffff 00008b00 DPL=0 TSS64-busy
GDT=     000000003f5dc000 00000047
IDT=     000000003efa3018 00000fff
CR0=80000033 CR2=0000000000000000 CR3=000000003f801000 CR4=00000668
DR0=0000000000000000 DR1=0000000000000000 DR2=0000000000000000 DR3=0000000000000000 
DR6=00000000ffff0ff0 DR7=0000000000000400
CCS=0000000000000000 CCD=000000003fe65140 CCO=EFLAGS
EFER=0000000000000d00
Servicing hardware INT=0x20
     5: v=20 e=0000 i=0 cpl=0 IP=0038:000000003eb5a735 pc=000000003eb5a735 SP=0030:000000003fe65330 env->regs[R_EAX]=0000000000200000
RAX=0000000000200000 RBX=0000001047800000 RCX=000000cfb8800083 RDX=00000000001fffff
RSI=0000000000000002 RDI=0000000000000002 RBP=000000003fe653a0 RSP=000000003fe65330
R8 =000000000000001f R9 =000000003eb73397 R10=0000000000000000 R11=0000000000000008
R12=0000000000000000 R13=000000003eb5abe8 R14=000000003fb42e20 R15=0000000000000002
RIP=000000003eb5a735 RFL=00000206 [-----P-] CPL=0 II=0 A20=1 SMM=0 HLT=0
ES =0030 0000000000000000 ffffffff 00cf9300 DPL=0 DS   [-WA]
CS =0038 0000000000000000 ffffffff 00af9a00 DPL=0 CS64 [-R-]
SS =0030 0000000000000000 ffffffff 00cf9300 DPL=0 DS   [-WA]
DS =0030 0000000000000000 ffffffff 00cf9300 DPL=0 DS   [-WA]
FS =0030 0000000000000000 ffffffff 00cf9300 DPL=0 DS   [-WA]
GS =0030 0000000000000000 ffffffff 00cf9300 DPL=0 DS   [-WA]
LDT=0000 0000000000000000 0000ffff 00008200 DPL=0 LDT
TR =0000 0000000000000000 0000ffff 00008b00 DPL=0 TSS64-busy
GDT=     000000003f5dc000 00000047
IDT=     000000003efa3018 00000fff
CR0=80000033 CR2=0000000000000000 CR3=000000003f801000 CR4=00000668
DR0=0000000000000000 DR1=0000000000000000 DR2=0000000000000000 DR3=0000000000000000 
DR6=00000000ffff0ff0 DR7=0000000000000400
CCS=0000000000000004 CCD=0000001047600000 CCO=EFLAGS
EFER=0000000000000d00
Servicing hardware INT=0x20
     6: v=20 e=0000 i=0 cpl=0 IP=0038:000000003efa8fff pc=000000003efa8fff SP=0030:000000003fe652a0 env->regs[R_EAX]=000000003efa8ff1
RAX=000000003efa8ff1 RBX=000000d46ae00000 RCX=0000000000000005 RDX=0000000000000027
RSI=0000000000000008 RDI=0000000000000005 RBP=000000003fe652b0 RSP=000000003fe652a0
R8 =000000d46ac00083 R9 =000000003eb73397 R10=0000000000000000 R11=0000000000000008
R12=000000003fe65358 R13=0000000000000001 R14=0000000000000000 R15=000000003fe65354
RIP=000000003efa8fff RFL=00000202 [-------] CPL=0 II=0 A20=1 SMM=0 HLT=0
ES =0030 0000000000000000 ffffffff 00cf9300 DPL=0 DS   [-WA]
CS =0038 0000000000000000 ffffffff 00af9a00 DPL=0 CS64 [-R-]
SS =0030 0000000000000000 ffffffff 00cf9300 DPL=0 DS   [-WA]
DS =0030 0000000000000000 ffffffff 00cf9300 DPL=0 DS   [-WA]
FS =0030 0000000000000000 ffffffff 00cf9300 DPL=0 DS   [-WA]
GS =0030 0000000000000000 ffffffff 00cf9300 DPL=0 DS   [-WA]
LDT=0000 0000000000000000 0000ffff 00008200 DPL=0 LDT
TR =0000 0000000000000000 0000ffff 00008b00 DPL=0 TSS64-busy
GDT=     000000003f5dc000 00000047
IDT=     000000003efa3018 00000fff
CR0=80000033 CR2=0000000000000000 CR3=000000003f801000 CR4=00000668
DR0=0000000000000000 DR1=0000000000000000 DR2=0000000000000000 DR3=0000000000000000 
DR6=00000000ffff0ff0 DR7=0000000000000400
CCS=0000000000000000 CCD=000000003efab940 CCO=EFLAGS
EFER=0000000000000d00
Servicing hardware INT=0x20
     7: v=20 e=0000 i=0 cpl=0 IP=0038:000000003efa8fff pc=000000003efa8fff SP=0030:000000003fe652a0 env->regs[R_EAX]=000000003efa8ff1
RAX=000000003efa8ff1 RBX=000000d8a9000000 RCX=0000000000000005 RDX=0000000000000027
RSI=0000000000000008 RDI=0000000000000005 RBP=000000003fe652b0 RSP=000000003fe652a0
R8 =000000d8a8e00083 R9 =000000003eb73397 R10=0000000000000000 R11=0000000000000008
R12=000000003fe65358 R13=0000000000000001 R14=0000000000000000 R15=000000003fe65354
RIP=000000003efa8fff RFL=00000202 [-------] CPL=0 II=0 A20=1 SMM=0 HLT=0
ES =0030 0000000000000000 ffffffff 00cf9300 DPL=0 DS   [-WA]
CS =0038 0000000000000000 ffffffff 00af9a00 DPL=0 CS64 [-R-]
SS =0030 0000000000000000 ffffffff 00cf9300 DPL=0 DS   [-WA]
DS =0030 0000000000000000 ffffffff 00cf9300 DPL=0 DS   [-WA]
FS =0030 0000000000000000 ffffffff 00cf9300 DPL=0 DS   [-WA]
GS =0030 0000000000000000 ffffffff 00cf9300 DPL=0 DS   [-WA]
LDT=0000 0000000000000000 0000ffff 00008200 DPL=0 LDT
TR =0000 0000000000000000 0000ffff 00008b00 DPL=0 TSS64-busy
GDT=     000000003f5dc000 00000047
IDT=     000000003efa3018 00000fff
CR0=80000033 CR2=0000000000000000 CR3=000000003f801000 CR4=00000668
DR0=0000000000000000 DR1=0000000000000000 DR2=0000000000000000 DR3=0000000000000000 
DR6=00000000ffff0ff0 DR7=0000000000000400
CCS=0000000000000000 CCD=000000003efab940 CCO=EFLAGS
EFER=0000000000000d00
Servicing hardware INT=0x20
     8: v=20 e=0000 i=0 cpl=0 IP=0038:000000003eb57266 pc=000000003eb57266 SP=0030:000000003fe65138 env->regs[R_EAX]=000000003eb6ca80
RAX=000000003eb6ca80 RBX=0000000000000010 RCX=000000003eb6ca80 RDX=000000003f4e7a3c
RSI=0000000008000160 RDI=0000000000000001 RBP=000000003fe65170 RSP=000000003fe65138
R8 =000000000000001f R9 =000000003eb73397 R10=0000000000000000 R11=0000000000000008
R12=0000000000000010 R13=0000000000000007 R14=0000000000000008 R15=000000003fe65354
RIP=000000003eb57266 RFL=00000202 [-------] CPL=0 II=0 A20=1 SMM=0 HLT=0
ES =0030 0000000000000000 ffffffff 00cf9300 DPL=0 DS   [-WA]
CS =0038 0000000000000000 ffffffff 00af9a00 DPL=0 CS64 [-R-]
SS =0030 0000000000000000 ffffffff 00cf9300 DPL=0 DS   [-WA]
DS =0030 0000000000000000 ffffffff 00cf9300 DPL=0 DS   [-WA]
FS =0030 0000000000000000 ffffffff 00cf9300 DPL=0 DS   [-WA]
GS =0030 0000000000000000 ffffffff 00cf9300 DPL=0 DS   [-WA]
LDT=0000 0000000000000000 0000ffff 00008200 DPL=0 LDT
TR =0000 0000000000000000 0000ffff 00008b00 DPL=0 TSS64-busy
GDT=     000000003f5dc000 00000047
IDT=     000000003efa3018 00000fff
CR0=80000033 CR2=0000000000000000 CR3=000000003f801000 CR4=00000668
DR0=0000000000000000 DR1=0000000000000000 DR2=0000000000000000 DR3=0000000000000000 
DR6=00000000ffff0ff0 DR7=0000000000000400
CCS=0000000000000000 CCD=000000003fe65140 CCO=EFLAGS
EFER=0000000000000d00
Servicing hardware INT=0x20
     9: v=20 e=0000 i=0 cpl=0 IP=0038:000000003fe773ea pc=000000003fe773ea SP=0030:000000003fe65ad0 env->regs[R_EAX]=0fa1c11f29ca0982
RAX=0fa1c11f29ca0982 RBX=000000003e7fefb0 RCX=000000003eb7b638 RDX=000000003e7fefb0
RSI=000000003eb7b630 RDI=4f79cc50587e72d7 RBP=000000003fe65b10 RSP=000000003fe65ad0
R8 =0000000000000004 R9 =000000003eb46c18 R10=0000000000000006 R11=0000000000000000
R12=4f9bbcfbb9d4c360 R13=0000000000000000 R14=000000003fe8a0e0 R15=000000003fe844d1
RIP=000000003fe773ea RFL=00000206 [-----P-] CPL=0 II=0 A20=1 SMM=0 HLT=0
ES =0030 0000000000000000 ffffffff 00cf9300 DPL=0 DS   [-WA]
CS =0038 0000000000000000 ffffffff 00af9a00 DPL=0 CS64 [-R-]
SS =0030 0000000000000000 ffffffff 00cf9300 DPL=0 DS   [-WA]
DS =0030 0000000000000000 ffffffff 00cf9300 DPL=0 DS   [-WA]
FS =0030 0000000000000000 ffffffff 00cf9300 DPL=0 DS   [-WA]
GS =0030 0000000000000000 ffffffff 00cf9300 DPL=0 DS   [-WA]
LDT=0000 0000000000000000 0000ffff 00008200 DPL=0 LDT
TR =0000 0000000000000000 0000ffff 00008b00 DPL=0 TSS64-busy
GDT=     000000003f5dc000 00000047
IDT=     000000003efa3018 00000fff
CR0=80010033 CR2=0000000000000000 CR3=000000003f801000 CR4=00000668
DR0=0000000000000000 DR1=0000000000000000 DR2=0000000000000000 DR3=0000000000000000 
DR6=00000000ffff0ff0 DR7=0000000000000400
CCS=0000000000000004 CCD=000000003fe65ab8 CCO=EFLAGS
EFER=0000000000000d00
Servicing hardware INT=0x20
    10: v=20 e=0000 i=0 cpl=0 IP=0038:000000003fe77ffe pc=000000003fe77ffe SP=0030:000000003fe65880 env->regs[R_EAX]=478443b7b601f8c4
RAX=478443b7b601f8c4 RBX=000000003fe65990 RCX=000000003f4c3020 RDX=000000003f4c3018
RSI=000000003f4c3018 RDI=478443b7b601f8c4 RBP=000000003fe658c0 RSP=000000003fe65880
R8 =000000003fe65983 R9 =000000003fe65990 R10=000000000000000f R11=0000000000000000
R12=000000003fe65984 R13=000000003f4e3618 R14=000000003f4e3698 R15=000000003fe65990
RIP=000000003fe77ffe RFL=00000206 [-----P-] CPL=0 II=0 A20=1 SMM=0 HLT=0
ES =0030 0000000000000000 ffffffff 00cf9300 DPL=0 DS   [-WA]
CS =0038 0000000000000000 ffffffff 00af9a00 DPL=0 CS64 [-R-]
SS =0030 0000000000000000 ffffffff 00cf9300 DPL=0 DS   [-WA]
DS =0030 0000000000000000 ffffffff 00cf9300 DPL=0 DS   [-WA]
FS =0030 0000000000000000 ffffffff 00cf9300 DPL=0 DS   [-WA]
GS =0030 0000000000000000 ffffffff 00cf9300 DPL=0 DS   [-WA]
LDT=0000 0000000000000000 0000ffff 00008200 DPL=0 LDT
TR =0000 0000000000000000 0000ffff 00008b00 DPL=0 TSS64-busy
GDT=     000000003f5dc000 00000047
IDT=     000000003efa3018 00000fff
CR0=80010033 CR2=0000000000000000 CR3=000000003f801000 CR4=00000668
DR0=0000000000000000 DR1=0000000000000000 DR2=0000000000000000 DR3=0000000000000000 
DR6=00000000ffff0ff0 DR7=0000000000000400
CCS=0000000000000004 CCD=000000003fe65990 CCO=EFLAGS
EFER=0000000000000d00
Servicing hardware INT=0x20
    11: v=20 e=0000 i=0 cpl=0 IP=0038:000000003fe82e8c pc=000000003fe82e8c SP=0030:000000003fe65b10 env->regs[R_EAX]=00000000000000af
RAX=00000000000000af RBX=000000003ea1a000 RCX=0000000000000000 RDX=000000003ea1a000
RSI=000000003fe8bb60 RDI=000000003ea1f000 RBP=000000003fe65ba0 RSP=000000003fe65b10
R8 =00000000000000af R9 =000000003ea1efff R10=0000000000000010 R11=0000000000000000
R12=000000003ea1efff R13=000000003ea1f000 R14=000000003f7ffb40 R15=000000003ea1efff
RIP=000000003fe82e8c RFL=00000202 [-------] CPL=0 II=0 A20=1 SMM=0 HLT=0
ES =0030 0000000000000000 ffffffff 00cf9300 DPL=0 DS   [-WA]
CS =0038 0000000000000000 ffffffff 00af9a00 DPL=0 CS64 [-R-]
SS =0030 0000000000000000 ffffffff 00cf9300 DPL=0 DS   [-WA]
DS =0030 0000000000000000 ffffffff 00cf9300 DPL=0 DS   [-WA]
FS =0030 0000000000000000 ffffffff 00cf9300 DPL=0 DS   [-WA]
GS =0030 0000000000000000 ffffffff 00cf9300 DPL=0 DS   [-WA]
LDT=0000 0000000000000000 0000ffff 00008200 DPL=0 LDT
TR =0000 0000000000000000 0000ffff 00008b00 DPL=0 TSS64-busy
GDT=     000000003f5dc000 00000047
IDT=     000000003efa3018 00000fff
CR0=80010033 CR2=0000000000000000 CR3=000000003f801000 CR4=00000668
DR0=0000000000000000 DR1=0000000000000000 DR2=0000000000000000 DR3=0000000000000000 
DR6=00000000ffff0ff0 DR7=0000000000000400
CCS=0000000000000000 CCD=000000003fe65af8 CCO=EFLAGS
EFER=0000000000000d00
Servicing hardware INT=0x20
    12: v=20 e=0000 i=0 cpl=0 IP=0038:000000003fe82e8a pc=000000003fe82e8a SP=0030:000000003fe657b0 env->regs[R_EAX]=00000000000000af
RAX=00000000000000af RBX=000000003e749000 RCX=0000000000030001 RDX=000000003e749000
RSI=000000003fe8bb60 RDI=000000003e75bfff RBP=000000003fe65840 RSP=000000003fe657b0
R8 =00000000000000af R9 =000000003e78bfff R10=0000000000000084 R11=0000000000000042
R12=000000003e78bfff R13=000000003e78c000 R14=000000003f7ffd00 R15=000000003e78bfff
RIP=000000003fe82e8a RFL=00010202 [-------] CPL=0 II=0 A20=1 SMM=0 HLT=0
ES =0030 0000000000000000 ffffffff 00cf9300 DPL=0 DS   [-WA]
CS =0038 0000000000000000 ffffffff 00af9a00 DPL=0 CS64 [-R-]
SS =0030 0000000000000000 ffffffff 00cf9300 DPL=0 DS   [-WA]
DS =0030 0000000000000000 ffffffff 00cf9300 DPL=0 DS   [-WA]
FS =0030 0000000000000000 ffffffff 00cf9300 DPL=0 DS   [-WA]
GS =0030 0000000000000000 ffffffff 00cf9300 DPL=0 DS   [-WA]
LDT=0000 0000000000000000 0000ffff 00008200 DPL=0 LDT
TR =0000 0000000000000000 0000ffff 00008b00 DPL=0 TSS64-busy
GDT=     000000003f5dc000 00000047
IDT=     000000003efa3018 00000fff
CR0=80010033 CR2=0000000000000000 CR3=000000003f801000 CR4=00000668
DR0=0000000000000000 DR1=0000000000000000 DR2=0000000000000000 DR3=0000000000000000 
DR6=00000000ffff0ff0 DR7=0000000000000400
CCS=0000000000000000 CCD=000000003fe65798 CCO=EFLAGS
EFER=0000000000000d00
Servicing hardware INT=0x20
    13: v=20 e=0000 i=0 cpl=0 IP=0038:000000003fe82e8c pc=000000003fe82e8c SP=0030:000000003fe65b10 env->regs[R_EAX]=00000000000000af
RAX=00000000000000af RBX=000000003ea03000 RCX=0000000000000000 RDX=000000003ea03000
RSI=000000003fe8bb60 RDI=000000003ea0b000 RBP=000000003fe65ba0 RSP=000000003fe65b10
R8 =00000000000000af R9 =000000003ea0afff R10=0000000000000014 R11=0000000000000000
R12=000000003ea0afff R13=000000003ea0b000 R14=000000003f7ff640 R15=000000003ea0afff
RIP=000000003fe82e8c RFL=00000202 [-------] CPL=0 II=0 A20=1 SMM=0 HLT=0
ES =0030 0000000000000000 ffffffff 00cf9300 DPL=0 DS   [-WA]
CS =0038 0000000000000000 ffffffff 00af9a00 DPL=0 CS64 [-R-]
SS =0030 0000000000000000 ffffffff 00cf9300 DPL=0 DS   [-WA]
DS =0030 0000000000000000 ffffffff 00cf9300 DPL=0 DS   [-WA]
FS =0030 0000000000000000 ffffffff 00cf9300 DPL=0 DS   [-WA]
GS =0030 0000000000000000 ffffffff 00cf9300 DPL=0 DS   [-WA]
LDT=0000 0000000000000000 0000ffff 00008200 DPL=0 LDT
TR =0000 0000000000000000 0000ffff 00008b00 DPL=0 TSS64-busy
GDT=     000000003f5dc000 00000047
IDT=     000000003efa3018 00000fff
CR0=80010033 CR2=0000000000000000 CR3=000000003f801000 CR4=00000668
DR0=0000000000000000 DR1=0000000000000000 DR2=0000000000000000 DR3=0000000000000000 
DR6=00000000ffff0ff0 DR7=0000000000000400
CCS=0000000000000000 CCD=000000003fe65af8 CCO=EFLAGS
EFER=0000000000000d00
Servicing hardware INT=0x20
    14: v=20 e=0000 i=0 cpl=0 IP=0038:000000003e7c4b25 pc=000000003e7c4b25 SP=0030:000000003fe65bd0 env->regs[R_EAX]=0000000000000000
RAX=0000000000000000 RBX=000000003e7ce720 RCX=0000000000000004 RDX=000000003fe65bc0
RSI=0000000000000001 RDI=000000003e7ceb60 RBP=000000003fe65c20 RSP=000000003fe65bd0
R8 =0000000000000000 R9 =0000000000000cf8 R10=0000000000000016 R11=0000000000000000
R12=000000003e7ceb60 R13=0000000000000000 R14=000000003fe8a8b0 R15=000000003fe8a8a0
RIP=000000003e7c4b25 RFL=00000246 [---Z-P-] CPL=0 II=0 A20=1 SMM=0 HLT=0
ES =0030 0000000000000000 ffffffff 00cf9300 DPL=0 DS   [-WA]
CS =0038 0000000000000000 ffffffff 00af9a00 DPL=0 CS64 [-R-]
SS =0030 0000000000000000 ffffffff 00cf9300 DPL=0 DS   [-WA]
DS =0030 0000000000000000 ffffffff 00cf9300 DPL=0 DS   [-WA]
FS =0030 0000000000000000 ffffffff 00cf9300 DPL=0 DS   [-WA]
GS =0030 0000000000000000 ffffffff 00cf9300 DPL=0 DS   [-WA]
LDT=0000 0000000000000000 0000ffff 00008200 DPL=0 LDT
TR =0000 0000000000000000 0000ffff 00008b00 DPL=0 TSS64-busy
GDT=     000000003f5dc000 00000047
IDT=     000000003efa3018 00000fff
CR0=80010033 CR2=0000000000000000 CR3=000000003f801000 CR4=00000668
DR0=0000000000000000 DR1=0000000000000000 DR2=0000000000000000 DR3=0000000000000000 
DR6=00000000ffff0ff0 DR7=0000000000000400
CCS=0000000000000044 CCD=0000000000000000 CCO=EFLAGS
EFER=0000000000000d00
Servicing hardware INT=0x20
    15: v=20 e=0000 i=0 cpl=0 IP=0038:000000003fe82e8c pc=000000003fe82e8c SP=0030:000000003fe65b10 env->regs[R_EAX]=00000000000000af
RAX=00000000000000af RBX=000000003e7be000 RCX=0000000000000000 RDX=000000003e7be000
RSI=000000003fe8bb60 RDI=000000003e7cf000 RBP=000000003fe65ba0 RSP=000000003fe65b10
R8 =00000000000000af R9 =000000003e7cefff R10=0000000000000016 R11=0000000000000000
R12=000000003e7cefff R13=000000003e7cf000 R14=000000003f7ff540 R15=000000003e7cefff
RIP=000000003fe82e8c RFL=00000202 [-------] CPL=0 II=0 A20=1 SMM=0 HLT=0
ES =0030 0000000000000000 ffffffff 00cf9300 DPL=0 DS   [-WA]
CS =0038 0000000000000000 ffffffff 00af9a00 DPL=0 CS64 [-R-]
SS =0030 0000000000000000 ffffffff 00cf9300 DPL=0 DS   [-WA]
DS =0030 0000000000000000 ffffffff 00cf9300 DPL=0 DS   [-WA]
FS =0030 0000000000000000 ffffffff 00cf9300 DPL=0 DS   [-WA]
GS =0030 0000000000000000 ffffffff 00cf9300 DPL=0 DS   [-WA]
LDT=0000 0000000000000000 0000ffff 00008200 DPL=0 LDT
TR =0000 0000000000000000 0000ffff 00008b00 DPL=0 TSS64-busy
GDT=     000000003f5dc000 00000047
IDT=     000000003efa3018 00000fff
CR0=80010033 CR2=0000000000000000 CR3=000000003f801000 CR4=00000668
DR0=0000000000000000 DR1=0000000000000000 DR2=0000000000000000 DR3=0000000000000000 
DR6=00000000ffff0ff0 DR7=0000000000000400
CCS=0000000000000000 CCD=000000003fe65af8 CCO=EFLAGS
EFER=0000000000000d00
Servicing hardware INT=0x20
    16: v=20 e=0000 i=0 cpl=0 IP=0038:000000003fe82e8c pc=000000003fe82e8c SP=0030:000000003fe65860 env->regs[R_EAX]=00000000000000af
RAX=00000000000000af RBX=000000003fe8c0a0 RCX=0000000000000000 RDX=000000003ea0b018
RSI=000000003fe8bb60 RDI=000000003ea12998 RBP=000000003fe658f0 RSP=000000003fe65860
R8 =00000000000000af R9 =0000000000008000 R10=000000003fe65a78 R11=0000000000000000
R12=00000000000079a8 R13=0000000000007980 R14=000000003ea0b018 R15=000000003ea0b000
RIP=000000003fe82e8c RFL=00000206 [-----P-] CPL=0 II=0 A20=1 SMM=0 HLT=0
ES =0030 0000000000000000 ffffffff 00cf9300 DPL=0 DS   [-WA]
CS =0038 0000000000000000 ffffffff 00af9a00 DPL=0 CS64 [-R-]
SS =0030 0000000000000000 ffffffff 00cf9300 DPL=0 DS   [-WA]
DS =0030 0000000000000000 ffffffff 00cf9300 DPL=0 DS   [-WA]
FS =0030 0000000000000000 ffffffff 00cf9300 DPL=0 DS   [-WA]
GS =0030 0000000000000000 ffffffff 00cf9300 DPL=0 DS   [-WA]
LDT=0000 0000000000000000 0000ffff 00008200 DPL=0 LDT
TR =0000 0000000000000000 0000ffff 00008b00 DPL=0 TSS64-busy
GDT=     000000003f5dc000 00000047
IDT=     000000003efa3018 00000fff
CR0=80010033 CR2=0000000000000000 CR3=000000003f801000 CR4=00000668
DR0=0000000000000000 DR1=0000000000000000 DR2=0000000000000000 DR3=0000000000000000 
DR6=00000000ffff0ff0 DR7=0000000000000400
CCS=0000000000000004 CCD=000000003fe65848 CCO=EFLAGS
EFER=0000000000000d00
Servicing hardware INT=0x20
    17: v=20 e=0000 i=0 cpl=0 IP=0038:000000003fe773bb pc=000000003fe773bb SP=0030:000000003fe65a58 env->regs[R_EAX]=000000008005d900
RAX=000000008005d900 RBX=000000003f4e4f20 RCX=000000003f4e4f30 RDX=000000003f6b3010
RSI=0000000000000000 RDI=000000003f6b3010 RBP=000000003fe65ac0 RSP=000000003fe65a58
R8 =0000000000000004 R9 =000000003ea1ee18 R10=000000003f6b3068 R11=000000000000000c
R12=000000003f4e4f18 R13=0000000000000000 R14=000000003fe8a0e0 R15=000000003fe844d1
RIP=000000003fe773bb RFL=00000206 [-----P-] CPL=0 II=0 A20=1 SMM=0 HLT=0
ES =0030 0000000000000000 ffffffff 00cf9300 DPL=0 DS   [-WA]
CS =0038 0000000000000000 ffffffff 00af9a00 DPL=0 CS64 [-R-]
SS =0030 0000000000000000 ffffffff 00cf9300 DPL=0 DS   [-WA]
DS =0030 0000000000000000 ffffffff 00cf9300 DPL=0 DS   [-WA]
FS =0030 0000000000000000 ffffffff 00cf9300 DPL=0 DS   [-WA]
GS =0030 0000000000000000 ffffffff 00cf9300 DPL=0 DS   [-WA]
LDT=0000 0000000000000000 0000ffff 00008200 DPL=0 LDT
TR =0000 0000000000000000 0000ffff 00008b00 DPL=0 TSS64-busy
GDT=     000000003f5dc000 00000047
IDT=     000000003efa3018 00000fff
CR0=80010033 CR2=0000000000000000 CR3=000000003f801000 CR4=00000668
DR0=0000000000000000 DR1=0000000000000000 DR2=0000000000000000 DR3=0000000000000000 
DR6=00000000ffff0ff0 DR7=0000000000000400
CCS=0000000000000004 CCD=000000003fe65a60 CCO=EFLAGS
EFER=0000000000000d00
Servicing hardware INT=0x20
    18: v=20 e=0000 i=0 cpl=0 IP=0038:000000003e75c81b pc=000000003e75c81b SP=0030:000000003fe65ba8 env->regs[R_EAX]=000000003ea11018
RAX=000000003ea11018 RBX=000000003e76ac50 RCX=000000003e76ac50 RDX=000000003e76ac50
RSI=000000003ea11018 RDI=00000000000006fe RBP=000000003fe65be0 RSP=000000003fe65ba8
R8 =0000000000000000 R9 =000000003ea11018 R10=000000000000002a R11=0000000000000000
R12=000000003ea10798 R13=000000003fe65c70 R14=000000003e76ac50 R15=000000003fe8a8a0
RIP=000000003e75c81b RFL=00000202 [-------] CPL=0 II=0 A20=1 SMM=0 HLT=0
ES =0030 0000000000000000 ffffffff 00cf9300 DPL=0 DS   [-WA]
CS =0038 0000000000000000 ffffffff 00af9a00 DPL=0 CS64 [-R-]
SS =0030 0000000000000000 ffffffff 00cf9300 DPL=0 DS   [-WA]
DS =0030 0000000000000000 ffffffff 00cf9300 DPL=0 DS   [-WA]
FS =0030 0000000000000000 ffffffff 00cf9300 DPL=0 DS   [-WA]
GS =0030 0000000000000000 ffffffff 00cf9300 DPL=0 DS   [-WA]
LDT=0000 0000000000000000 0000ffff 00008200 DPL=0 LDT
TR =0000 0000000000000000 0000ffff 00008b00 DPL=0 TSS64-busy
GDT=     000000003f5dc000 00000047
IDT=     000000003efa3018 00000fff
CR0=80010033 CR2=0000000000000000 CR3=000000003f801000 CR4=00000668
DR0=0000000000000000 DR1=0000000000000000 DR2=0000000000000000 DR3=0000000000000000 
DR6=00000000ffff0ff0 DR7=0000000000000400
CCS=0000000000000000 CCD=000000003fe65bb0 CCO=EFLAGS
EFER=0000000000000d00
Servicing hardware INT=0x20
    19: v=20 e=0000 i=0 cpl=0 IP=0038:000000003e7e78e1 pc=000000003e7e78e1 SP=0030:000000003fe65bf0 env->regs[R_EAX]=800000000000000e
RAX=800000000000000e RBX=000000003e7fee20 RCX=000000003e7fee20 RDX=000000003e7fee20
RSI=0000000000000004 RDI=000000003fe65c8c RBP=000000003fe65c50 RSP=000000003fe65bf0
R8 =0000000000000000 R9 =000000003ea0bb18 R10=000000003ea11198 R11=0000000000000000
R12=000000003ea0bb18 R13=000000003f344bb0 R14=0000000000000000 R15=000000003e7fc38a
RIP=000000003e7e78e1 RFL=00000202 [-------] CPL=0 II=0 A20=1 SMM=0 HLT=0
ES =0030 0000000000000000 ffffffff 00cf9300 DPL=0 DS   [-WA]
CS =0038 0000000000000000 ffffffff 00af9a00 DPL=0 CS64 [-R-]
SS =0030 0000000000000000 ffffffff 00cf9300 DPL=0 DS   [-WA]
DS =0030 0000000000000000 ffffffff 00cf9300 DPL=0 DS   [-WA]
FS =0030 0000000000000000 ffffffff 00cf9300 DPL=0 DS   [-WA]
GS =0030 0000000000000000 ffffffff 00cf9300 DPL=0 DS   [-WA]
LDT=0000 0000000000000000 0000ffff 00008200 DPL=0 LDT
TR =0000 0000000000000000 0000ffff 00008b00 DPL=0 TSS64-busy
GDT=     000000003f5dc000 00000047
IDT=     000000003efa3018 00000fff
CR0=80010033 CR2=0000000000000000 CR3=000000003f801000 CR4=00000668
DR0=0000000000000000 DR1=0000000000000000 DR2=0000000000000000 DR3=0000000000000000 
DR6=00000000ffff0ff0 DR7=0000000000000400
CCS=0000000000000000 CCD=0000000000000004 CCO=EFLAGS
EFER=0000000000000d00
Servicing hardware INT=0x20
    20: v=20 e=0000 i=0 cpl=0 IP=0038:000000003e753548 pc=000000003e753548 SP=0030:000000003fe65b30 env->regs[R_EAX]=0000000000000017
RAX=0000000000000017 RBX=000000003fe65b68 RCX=000000003e75646a RDX=0000000000000518
RSI=000000003e752000 RDI=000000003e75646a RBP=000000003fe65be0 RSP=000000003fe65b30
R8 =000000000000001f R9 =0000000000000518 R10=000000003e7bfcc6 R11=0000000000000000
R12=0000000000000000 R13=000000000000000b R14=000000003fe65c48 R15=000000003fe65c50
RIP=000000003e753548 RFL=00000206 [-----P-] CPL=0 II=0 A20=1 SMM=0 HLT=0
ES =0030 0000000000000000 ffffffff 00cf9300 DPL=0 DS   [-WA]
CS =0038 0000000000000000 ffffffff 00af9a00 DPL=0 CS64 [-R-]
SS =0030 0000000000000000 ffffffff 00cf9300 DPL=0 DS   [-WA]
DS =0030 0000000000000000 ffffffff 00cf9300 DPL=0 DS   [-WA]
FS =0030 0000000000000000 ffffffff 00cf9300 DPL=0 DS   [-WA]
GS =0030 0000000000000000 ffffffff 00cf9300 DPL=0 DS   [-WA]
LDT=0000 0000000000000000 0000ffff 00008200 DPL=0 LDT
TR =0000 0000000000000000 0000ffff 00008b00 DPL=0 TSS64-busy
GDT=     000000003f5dc000 00000047
IDT=     000000003efa3018 00000fff
CR0=80010033 CR2=0000000000000000 CR3=000000003f801000 CR4=00000668
DR0=0000000000000000 DR1=0000000000000000 DR2=0000000000000000 DR3=0000000000000000 
DR6=00000000ffff0ff0 DR7=0000000000000400
CCS=0000000000000004 CCD=0000000000000017 CCO=EFLAGS
EFER=0000000000000d00
Servicing hardware INT=0x20
    21: v=20 e=0000 i=0 cpl=0 IP=0038:000000003fe663da pc=000000003fe663da SP=0030:000000003fe65880 env->regs[R_EAX]=000000003fe65927
RAX=000000003fe65927 RBX=000000003e74c1d7 RCX=0000000000000000 RDX=000000003e74c1d7
RSI=000000003fe65928 RDI=000000003fe65be0 RBP=000000003fe658d0 RSP=000000003fe65880
R8 =0000000000000001 R9 =000000003e74c1d7 R10=0000000000000003 R11=0000000000000000
R12=000000003fe65927 R13=0000000000000000 R14=00000000000001d8 R15=000000003fe8a801
RIP=000000003fe663da RFL=00000246 [---Z-P-] CPL=0 II=0 A20=1 SMM=0 HLT=0
ES =0030 0000000000000000 ffffffff 00cf9300 DPL=0 DS   [-WA]
CS =0038 0000000000000000 ffffffff 00af9a00 DPL=0 CS64 [-R-]
SS =0030 0000000000000000 ffffffff 00cf9300 DPL=0 DS   [-WA]
DS =0030 0000000000000000 ffffffff 00cf9300 DPL=0 DS   [-WA]
FS =0030 0000000000000000 ffffffff 00cf9300 DPL=0 DS   [-WA]
GS =0030 0000000000000000 ffffffff 00cf9300 DPL=0 DS   [-WA]
LDT=0000 0000000000000000 0000ffff 00008200 DPL=0 LDT
TR =0000 0000000000000000 0000ffff 00008b00 DPL=0 TSS64-busy
GDT=     000000003f5dc000 00000047
IDT=     000000003efa3018 00000fff
CR0=80010033 CR2=0000000000000000 CR3=000000003f801000 CR4=00000668
DR0=0000000000000000 DR1=0000000000000000 DR2=0000000000000000 DR3=0000000000000000 
DR6=00000000ffff0ff0 DR7=0000000000000400
CCS=0000000000000044 CCD=0000000000000000 CCO=EFLAGS
EFER=0000000000000d00
Servicing hardware INT=0x20
    22: v=20 e=0000 i=0 cpl=0 IP=0038:000000003fe82e8c pc=000000003fe82e8c SP=0030:000000003fe65920 env->regs[R_EAX]=00000000000000af
RAX=00000000000000af RBX=000000003e748000 RCX=0000000000000000 RDX=000000003e748000
RSI=000000003fe8bb60 RDI=000000003e74d000 RBP=000000003fe659b0 RSP=000000003fe65920
R8 =00000000000000af R9 =000000003e74cfff R10=000000000000000f R11=000000003e7109c0
R12=000000003e74cfff R13=000000003e74d000 R14=000000003ea12c80 R15=000000003e74cfff
RIP=000000003fe82e8c RFL=00000202 [-------] CPL=0 II=0 A20=1 SMM=0 HLT=0
ES =0030 0000000000000000 ffffffff 00cf9300 DPL=0 DS   [-WA]
CS =0038 0000000000000000 ffffffff 00af9a00 DPL=0 CS64 [-R-]
SS =0030 0000000000000000 ffffffff 00cf9300 DPL=0 DS   [-WA]
DS =0030 0000000000000000 ffffffff 00cf9300 DPL=0 DS   [-WA]
FS =0030 0000000000000000 ffffffff 00cf9300 DPL=0 DS   [-WA]
GS =0030 0000000000000000 ffffffff 00cf9300 DPL=0 DS   [-WA]
LDT=0000 0000000000000000 0000ffff 00008200 DPL=0 LDT
TR =0000 0000000000000000 0000ffff 00008b00 DPL=0 TSS64-busy
GDT=     000000003f5dc000 00000047
IDT=     000000003efa3018 00000fff
CR0=80010033 CR2=0000000000000000 CR3=000000003f801000 CR4=00000668
DR0=0000000000000000 DR1=0000000000000000 DR2=0000000000000000 DR3=0000000000000000 
DR6=00000000ffff0ff0 DR7=0000000000000400
CCS=0000000000000000 CCD=000000003fe65908 CCO=EFLAGS
EFER=0000000000000d00
Servicing hardware INT=0x20
    23: v=20 e=0000 i=0 cpl=0 IP=0038:000000003fe82e8c pc=000000003fe82e8c SP=0030:000000003fe65b10 env->regs[R_EAX]=00000000000000af
RAX=00000000000000af RBX=000000003e728000 RCX=0000000000000000 RDX=000000003e728000
RSI=000000003fe8bb60 RDI=000000003e72d000 RBP=000000003fe65ba0 RSP=000000003fe65b10
R8 =00000000000000af R9 =000000003e72cfff R10=000000003f6bd260 R11=0000000000000000
R12=000000003e72cfff R13=000000003e72d000 R14=000000003ea12200 R15=000000003e72cfff
RIP=000000003fe82e8c RFL=00000202 [-------] CPL=0 II=0 A20=1 SMM=0 HLT=0
ES =0030 0000000000000000 ffffffff 00cf9300 DPL=0 DS   [-WA]
CS =0038 0000000000000000 ffffffff 00af9a00 DPL=0 CS64 [-R-]
SS =0030 0000000000000000 ffffffff 00cf9300 DPL=0 DS   [-WA]
DS =0030 0000000000000000 ffffffff 00cf9300 DPL=0 DS   [-WA]
FS =0030 0000000000000000 ffffffff 00cf9300 DPL=0 DS   [-WA]
GS =0030 0000000000000000 ffffffff 00cf9300 DPL=0 DS   [-WA]
LDT=0000 0000000000000000 0000ffff 00008200 DPL=0 LDT
TR =0000 0000000000000000 0000ffff 00008b00 DPL=0 TSS64-busy
GDT=     000000003f5dc000 00000047
IDT=     000000003efa3018 00000fff
CR0=80010033 CR2=0000000000000000 CR3=000000003f801000 CR4=00000668
DR0=0000000000000000 DR1=0000000000000000 DR2=0000000000000000 DR3=0000000000000000 
DR6=00000000ffff0ff0 DR7=0000000000000400
CCS=0000000000000000 CCD=000000003fe65af8 CCO=EFLAGS
EFER=0000000000000d00
Servicing hardware INT=0x20
    24: v=20 e=0000 i=0 cpl=0 IP=0038:000000003eb57266 pc=000000003eb57266 SP=0030:000000003fe65728 env->regs[R_EAX]=000000003eb6ca80
RAX=000000003eb6ca80 RBX=0000000000000004 RCX=000000003eb6ca80 RDX=0000000000000001
RSI=000000003fe65938 RDI=0000000000000001 RBP=000000003fe65760 RSP=000000003fe65728
R8 =000000003fe65938 R9 =000000003f4ecf98 R10=000000000000b284 R11=0000000000000000
R12=0000000000000010 R13=000000003e776e18 R14=000000003f4ecf98 R15=0000000000000000
RIP=000000003eb57266 RFL=00000206 [-----P-] CPL=0 II=0 A20=1 SMM=0 HLT=0
ES =0030 0000000000000000 ffffffff 00cf9300 DPL=0 DS   [-WA]
CS =0038 0000000000000000 ffffffff 00af9a00 DPL=0 CS64 [-R-]
SS =0030 0000000000000000 ffffffff 00cf9300 DPL=0 DS   [-WA]
DS =0030 0000000000000000 ffffffff 00cf9300 DPL=0 DS   [-WA]
FS =0030 0000000000000000 ffffffff 00cf9300 DPL=0 DS   [-WA]
GS =0030 0000000000000000 ffffffff 00cf9300 DPL=0 DS   [-WA]
LDT=0000 0000000000000000 0000ffff 00008200 DPL=0 LDT
TR =0000 0000000000000000 0000ffff 00008b00 DPL=0 TSS64-busy
GDT=     000000003f5dc000 00000047
IDT=     000000003efa3018 00000fff
CR0=80010033 CR2=0000000000000000 CR3=000000003f801000 CR4=00000668
DR0=0000000000000000 DR1=0000000000000000 DR2=0000000000000000 DR3=0000000000000000 
DR6=00000000ffff0ff0 DR7=0000000000000400
CCS=0000000000000004 CCD=000000003fe65730 CCO=EFLAGS
EFER=0000000000000d00
Servicing hardware INT=0x20
    25: v=20 e=0000 i=0 cpl=0 IP=0038:000000003fe69272 pc=000000003fe69272 SP=0030:000000003fe659f0 env->regs[R_EAX]=000000003fe8afc0
RAX=000000003fe8afc0 RBX=8000000000000002 RCX=000000003f4e3798 RDX=000000003fe8a200
RSI=000000003e715f18 RDI=000000003e715040 RBP=000000003fe65a60 RSP=000000003fe659f0
R8 =0000000000000000 R9 =0000000000000000 R10=000000000000001a R11=000000003e6e2be0
R12=0000000000000004 R13=0000000000000001 R14=0000000000000000 R15=000000003fe8a200
RIP=000000003fe69272 RFL=00000246 [---Z-P-] CPL=0 II=0 A20=1 SMM=0 HLT=0
ES =0030 0000000000000000 ffffffff 00cf9300 DPL=0 DS   [-WA]
CS =0038 0000000000000000 ffffffff 00af9a00 DPL=0 CS64 [-R-]
SS =0030 0000000000000000 ffffffff 00cf9300 DPL=0 DS   [-WA]
DS =0030 0000000000000000 ffffffff 00cf9300 DPL=0 DS   [-WA]
FS =0030 0000000000000000 ffffffff 00cf9300 DPL=0 DS   [-WA]
GS =0030 0000000000000000 ffffffff 00cf9300 DPL=0 DS   [-WA]
LDT=0000 0000000000000000 0000ffff 00008200 DPL=0 LDT
TR =0000 0000000000000000 0000ffff 00008b00 DPL=0 TSS64-busy
GDT=     000000003f5dc000 00000047
IDT=     000000003efa3018 00000fff
CR0=80010033 CR2=0000000000000000 CR3=000000003f801000 CR4=00000668
DR0=0000000000000000 DR1=0000000000000000 DR2=0000000000000000 DR3=0000000000000000 
DR6=00000000ffff0ff0 DR7=0000000000000400
CCS=0000000000000044 CCD=0000000000000000 CCO=EFLAGS
EFER=0000000000000d00
Servicing hardware INT=0x20
    26: v=20 e=0000 i=0 cpl=0 IP=0038:000000003fe82e8a pc=000000003fe82e8a SP=0030:000000003fe65920 env->regs[R_EAX]=00000000000000af
RAX=00000000000000af RBX=000000003e5b2000 RCX=00000000000c0001 RDX=000000003e5b2000
RSI=000000003fe8bb60 RDI=000000003e5d1fff RBP=000000003fe659b0 RSP=000000003fe65920
R8 =00000000000000af R9 =000000003e691fff R10=000000000000001d R11=000000003e7263e0
R12=000000003e691fff R13=000000003e692000 R14=000000003f7ff3c0 R15=000000003e691fff
RIP=000000003fe82e8a RFL=00010202 [-------] CPL=0 II=0 A20=1 SMM=0 HLT=0
ES =0030 0000000000000000 ffffffff 00cf9300 DPL=0 DS   [-WA]
CS =0038 0000000000000000 ffffffff 00af9a00 DPL=0 CS64 [-R-]
SS =0030 0000000000000000 ffffffff 00cf9300 DPL=0 DS   [-WA]
DS =0030 0000000000000000 ffffffff 00cf9300 DPL=0 DS   [-WA]
FS =0030 0000000000000000 ffffffff 00cf9300 DPL=0 DS   [-WA]
GS =0030 0000000000000000 ffffffff 00cf9300 DPL=0 DS   [-WA]
LDT=0000 0000000000000000 0000ffff 00008200 DPL=0 LDT
TR =0000 0000000000000000 0000ffff 00008b00 DPL=0 TSS64-busy
GDT=     000000003f5dc000 00000047
IDT=     000000003efa3018 00000fff
CR0=80010033 CR2=0000000000000000 CR3=000000003f801000 CR4=00000668
DR0=0000000000000000 DR1=0000000000000000 DR2=0000000000000000 DR3=0000000000000000 
DR6=00000000ffff0ff0 DR7=0000000000000400
CCS=0000000000000000 CCD=000000003fe65908 CCO=EFLAGS
EFER=0000000000000d00
Servicing hardware INT=0x20
    27: v=20 e=0000 i=0 cpl=0 IP=0038:000000003e50a51a pc=000000003e50a51a SP=0030:000000003fe65ba0 env->regs[R_EAX]=0000000000000000
RAX=0000000000000000 RBX=000000003e714518 RCX=0000000000000000 RDX=0000000000000001
RSI=000000003e56c333 RDI=0000000000000014 RBP=000000003fe65ba0 RSP=000000003fe65ba0
R8 =0000000000000000 R9 =000000003e6e4798 R10=0000000000000000 R11=0000000000000004
R12=000000003fe65c00 R13=0000000000000000 R14=0000000000000246 R15=000000003fe8a8a0
RIP=000000003e50a51a RFL=00000246 [---Z-P-] CPL=0 II=0 A20=1 SMM=0 HLT=0
ES =0030 0000000000000000 ffffffff 00cf9300 DPL=0 DS   [-WA]
CS =0038 0000000000000000 ffffffff 00af9a00 DPL=0 CS64 [-R-]
SS =0030 0000000000000000 ffffffff 00cf9300 DPL=0 DS   [-WA]
DS =0030 0000000000000000 ffffffff 00cf9300 DPL=0 DS   [-WA]
FS =0030 0000000000000000 ffffffff 00cf9300 DPL=0 DS   [-WA]
GS =0030 0000000000000000 ffffffff 00cf9300 DPL=0 DS   [-WA]
LDT=0000 0000000000000000 0000ffff 00008200 DPL=0 LDT
TR =0000 0000000000000000 0000ffff 00008b00 DPL=0 TSS64-busy
GDT=     000000003f5dc000 00000047
IDT=     000000003efa3018 00000fff
CR0=80010033 CR2=0000000000000000 CR3=000000003f801000 CR4=00000668
DR0=0000000000000000 DR1=0000000000000000 DR2=0000000000000000 DR3=0000000000000000 
DR6=00000000ffff0ff0 DR7=0000000000000400
CCS=0000000000000044 CCD=0000000000000000 CCO=EFLAGS
EFER=0000000000000d00
Servicing hardware INT=0x20
    28: v=20 e=0000 i=0 cpl=0 IP=0038:000000003e561af5 pc=000000003e561af5 SP=0030:000000003fe659f0 env->regs[R_EAX]=0000000000000005
RAX=0000000000000005 RBX=000000003fe65ac8 RCX=0000000000000000 RDX=000000003fe65a18
RSI=000000003e5ad1d8 RDI=000000003fe65a60 RBP=000000003fe65a90 RSP=000000003fe659f0
R8 =000000003fe65ac8 R9 =0000000000000020 R10=0000000000000900 R11=0000000000000000
R12=0000000000000000 R13=000000003e56c41a R14=0000000000000000 R15=000000003e56c333
RIP=000000003e561af5 RFL=00000202 [-------] CPL=0 II=0 A20=1 SMM=0 HLT=0
ES =0030 0000000000000000 ffffffff 00cf9300 DPL=0 DS   [-WA]
CS =0038 0000000000000000 ffffffff 00af9a00 DPL=0 CS64 [-R-]
SS =0030 0000000000000000 ffffffff 00cf9300 DPL=0 DS   [-WA]
DS =0030 0000000000000000 ffffffff 00cf9300 DPL=0 DS   [-WA]
FS =0030 0000000000000000 ffffffff 00cf9300 DPL=0 DS   [-WA]
GS =0030 0000000000000000 ffffffff 00cf9300 DPL=0 DS   [-WA]
LDT=0000 0000000000000000 0000ffff 00008200 DPL=0 LDT
TR =0000 0000000000000000 0000ffff 00008b00 DPL=0 TSS64-busy
GDT=     000000003f5dc000 00000047
IDT=     000000003efa3018 00000fff
CR0=80010033 CR2=0000000000000000 CR3=000000003f801000 CR4=00000668
DR0=0000000000000000 DR1=0000000000000000 DR2=0000000000000000 DR3=0000000000000000 
DR6=00000000ffff0ff0 DR7=0000000000000400
CCS=0000000000000000 CCD=0000000000000004 CCO=EFLAGS
EFER=0000000000000d00
Servicing hardware INT=0x20
    29: v=20 e=0000 i=0 cpl=0 IP=0038:000000003e533b96 pc=000000003e533b96 SP=0030:000000003fe65988 env->regs[R_EAX]=000000003e68c628
RAX=000000003e68c628 RBX=000000003fe65a10 RCX=0000000000000000 RDX=0000000000000000
RSI=0000000000000000 RDI=000000003e68a0a8 RBP=000000003fe65b20 RSP=000000003fe65988
R8 =0000000000000000 R9 =000000003fe659e8 R10=000000003e4fff84 R11=000000003e68bfa8
R12=000000003e68aa28 R13=000000003e568cd5 R14=000000003e6b8b28 R15=000000003fe8a8a0
RIP=000000003e533b96 RFL=00000246 [---Z-P-] CPL=0 II=0 A20=1 SMM=0 HLT=0
ES =0030 0000000000000000 ffffffff 00cf9300 DPL=0 DS   [-WA]
CS =0038 0000000000000000 ffffffff 00af9a00 DPL=0 CS64 [-R-]
SS =0030 0000000000000000 ffffffff 00cf9300 DPL=0 DS   [-WA]
DS =0030 0000000000000000 ffffffff 00cf9300 DPL=0 DS   [-WA]
FS =0030 0000000000000000 ffffffff 00cf9300 DPL=0 DS   [-WA]
GS =0030 0000000000000000 ffffffff 00cf9300 DPL=0 DS   [-WA]
LDT=0000 0000000000000000 0000ffff 00008200 DPL=0 LDT
TR =0000 0000000000000000 0000ffff 00008b00 DPL=0 TSS64-busy
GDT=     000000003f5dc000 00000047
IDT=     000000003efa3018 00000fff
CR0=80010033 CR2=0000000000000000 CR3=000000003f801000 CR4=00000668
DR0=0000000000000000 DR1=0000000000000000 DR2=0000000000000000 DR3=0000000000000000 
DR6=00000000ffff0ff0 DR7=0000000000000400
CCS=0000000000000044 CCD=0000000000000001 CCO=EFLAGS
EFER=0000000000000d00
Servicing hardware INT=0x20
    30: v=20 e=0000 i=0 cpl=0 IP=0038:000000003e52ecc1 pc=000000003e52ecc1 SP=0030:000000003fe65b00 env->regs[R_EAX]=0000000000000000
RAX=0000000000000000 RBX=000000003e68a0a8 RCX=0000000000000001 RDX=0000000000000000
RSI=000000003e56c15a RDI=0000000000000000 RBP=000000003fe65b20 RSP=000000003fe65b00
R8 =0000000000000004 R9 =000000003fe65aef R10=000000003fe65b3c R11=0000000000d10000
R12=000000003fe65b40 R13=0000000000000000 R14=0000000000000246 R15=000000003fe8a8a0
RIP=000000003e52ecc1 RFL=00000246 [---Z-P-] CPL=0 II=0 A20=1 SMM=0 HLT=0
ES =0030 0000000000000000 ffffffff 00cf9300 DPL=0 DS   [-WA]
CS =0038 0000000000000000 ffffffff 00af9a00 DPL=0 CS64 [-R-]
SS =0030 0000000000000000 ffffffff 00cf9300 DPL=0 DS   [-WA]
DS =0030 0000000000000000 ffffffff 00cf9300 DPL=0 DS   [-WA]
FS =0030 0000000000000000 ffffffff 00cf9300 DPL=0 DS   [-WA]
GS =0030 0000000000000000 ffffffff 00cf9300 DPL=0 DS   [-WA]
LDT=0000 0000000000000000 0000ffff 00008200 DPL=0 LDT
TR =0000 0000000000000000 0000ffff 00008b00 DPL=0 TSS64-busy
GDT=     000000003f5dc000 00000047
IDT=     000000003efa3018 00000fff
CR0=80010033 CR2=0000000000000000 CR3=000000003f801000 CR4=00000668
DR0=0000000000000000 DR1=0000000000000000 DR2=0000000000000000 DR3=0000000000000000 
DR6=00000000ffff0ff0 DR7=0000000000000400
CCS=0000000000000044 CCD=0000000000000000 CCO=EFLAGS
EFER=0000000000000d00
Servicing hardware INT=0x20
    31: v=20 e=0000 i=0 cpl=0 IP=0038:000000003e506e9f pc=000000003e506e9f SP=0030:000000003fe65aa8 env->regs[R_EAX]=000000000000000e
RAX=000000000000000e RBX=000000000000000c RCX=0000000000000072 RDX=0000000000000064
RSI=000000003e56ed2b RDI=000000003e68db28 RBP=000000003fe65ad0 RSP=000000003fe65aa8
R8 =000000003e68db28 R9 =0000000000000052 R10=0000000000000020 R11=000000003e68bfa8
R12=000000003e68db28 R13=000000003e597300 R14=000000003e597240 R15=000000003e5a9878
RIP=000000003e506e9f RFL=00000246 [---Z-P-] CPL=0 II=0 A20=1 SMM=0 HLT=0
ES =0030 0000000000000000 ffffffff 00cf9300 DPL=0 DS   [-WA]
CS =0038 0000000000000000 ffffffff 00af9a00 DPL=0 CS64 [-R-]
SS =0030 0000000000000000 ffffffff 00cf9300 DPL=0 DS   [-WA]
DS =0030 0000000000000000 ffffffff 00cf9300 DPL=0 DS   [-WA]
FS =0030 0000000000000000 ffffffff 00cf9300 DPL=0 DS   [-WA]
GS =0030 0000000000000000 ffffffff 00cf9300 DPL=0 DS   [-WA]
LDT=0000 0000000000000000 0000ffff 00008200 DPL=0 LDT
TR =0000 0000000000000000 0000ffff 00008b00 DPL=0 TSS64-busy
GDT=     000000003f5dc000 00000047
IDT=     000000003efa3018 00000fff
CR0=80010033 CR2=0000000000000000 CR3=000000003f801000 CR4=00000668
DR0=0000000000000000 DR1=0000000000000000 DR2=0000000000000000 DR3=0000000000000000 
DR6=00000000ffff0ff0 DR7=0000000000000400
CCS=0000000000000044 CCD=0000000000000000 CCO=EFLAGS
EFER=0000000000000d00
Servicing hardware INT=0x20
    32: v=20 e=0000 i=0 cpl=0 IP=0038:000000003fe82e8c pc=000000003fe82e8c SP=0030:000000003fe65860 env->regs[R_EAX]=00000000000000af
RAX=00000000000000af RBX=000000003fe8c0a0 RCX=0000000000000000 RDX=000000003e66d018
RSI=000000003fe8bb60 RDI=000000003e672618 RBP=000000003fe658f0 RSP=000000003fe65860
R8 =00000000000000af R9 =0000000000006000 R10=000000003fe65a78 R11=0000000000000000
R12=0000000000005628 R13=0000000000005600 R14=000000003e66d018 R15=000000003e66d000
RIP=000000003fe82e8c RFL=00000206 [-----P-] CPL=0 II=0 A20=1 SMM=0 HLT=0
ES =0030 0000000000000000 ffffffff 00cf9300 DPL=0 DS   [-WA]
CS =0038 0000000000000000 ffffffff 00af9a00 DPL=0 CS64 [-R-]
SS =0030 0000000000000000 ffffffff 00cf9300 DPL=0 DS   [-WA]
DS =0030 0000000000000000 ffffffff 00cf9300 DPL=0 DS   [-WA]
FS =0030 0000000000000000 ffffffff 00cf9300 DPL=0 DS   [-WA]
GS =0030 0000000000000000 ffffffff 00cf9300 DPL=0 DS   [-WA]
LDT=0000 0000000000000000 0000ffff 00008200 DPL=0 LDT
TR =0000 0000000000000000 0000ffff 00008b00 DPL=0 TSS64-busy
GDT=     000000003f5dc000 00000047
IDT=     000000003efa3018 00000fff
CR0=80010033 CR2=0000000000000000 CR3=000000003f801000 CR4=00000668
DR0=0000000000000000 DR1=0000000000000000 DR2=0000000000000000 DR3=0000000000000000 
DR6=00000000ffff0ff0 DR7=0000000000000400
CCS=0000000000000004 CCD=000000003fe65848 CCO=EFLAGS
EFER=0000000000000d00
Servicing hardware INT=0x20
    33: v=20 e=0000 i=0 cpl=0 IP=0038:000000003eb57266 pc=000000003eb57266 SP=0030:000000003fe65938 env->regs[R_EAX]=000000003eb6ca80
RAX=000000003eb6ca80 RBX=0000000000000010 RCX=000000003eb6ca80 RDX=0000000000000000
RSI=000000003e6579b0 RDI=0000000000000001 RBP=000000003fe65970 RSP=000000003fe65938
R8 =000000003fe65b48 R9 =000000003f4ecf98 R10=0000000000000021 R11=000000003e629ee0
R12=0000000000000010 R13=0000000000000000 R14=000000003f4ecf98 R15=000000003e6579b0
RIP=000000003eb57266 RFL=00000202 [-------] CPL=0 II=0 A20=1 SMM=0 HLT=0
ES =0030 0000000000000000 ffffffff 00cf9300 DPL=0 DS   [-WA]
CS =0038 0000000000000000 ffffffff 00af9a00 DPL=0 CS64 [-R-]
SS =0030 0000000000000000 ffffffff 00cf9300 DPL=0 DS   [-WA]
DS =0030 0000000000000000 ffffffff 00cf9300 DPL=0 DS   [-WA]
FS =0030 0000000000000000 ffffffff 00cf9300 DPL=0 DS   [-WA]
GS =0030 0000000000000000 ffffffff 00cf9300 DPL=0 DS   [-WA]
LDT=0000 0000000000000000 0000ffff 00008200 DPL=0 LDT
TR =0000 0000000000000000 0000ffff 00008b00 DPL=0 TSS64-busy
GDT=     000000003f5dc000 00000047
IDT=     000000003efa3018 00000fff
CR0=80010033 CR2=0000000000000000 CR3=000000003f801000 CR4=00000668
DR0=0000000000000000 DR1=0000000000000000 DR2=0000000000000000 DR3=0000000000000000 
DR6=00000000ffff0ff0 DR7=0000000000000400
CCS=0000000000000000 CCD=000000003fe65940 CCO=EFLAGS
EFER=0000000000000d00
Servicing hardware INT=0x20
    34: v=20 e=0000 i=0 cpl=0 IP=0038:000000003e78c80c pc=000000003e78c80c SP=0030:000000003fe65960 env->regs[R_EAX]=000000003fe65af8
RAX=000000003fe65af8 RBX=000000003fe65af8 RCX=0000000000000000 RDX=0000000000000000
RSI=0000000000000002 RDI=0000000000000000 RBP=000000003fe659b0 RSP=000000003fe65960
R8 =0000000000000002 R9 =0000000000000109 R10=000000003fe658d8 R11=0000000000000000
R12=0000000000000000 R13=0000000000000109 R14=0000000000010000 R15=000000003fe65a20
RIP=000000003e78c80c RFL=00000246 [---Z-P-] CPL=0 II=0 A20=1 SMM=0 HLT=0
ES =0030 0000000000000000 ffffffff 00cf9300 DPL=0 DS   [-WA]
CS =0038 0000000000000000 ffffffff 00af9a00 DPL=0 CS64 [-R-]
SS =0030 0000000000000000 ffffffff 00cf9300 DPL=0 DS   [-WA]
DS =0030 0000000000000000 ffffffff 00cf9300 DPL=0 DS   [-WA]
FS =0030 0000000000000000 ffffffff 00cf9300 DPL=0 DS   [-WA]
GS =0030 0000000000000000 ffffffff 00cf9300 DPL=0 DS   [-WA]
LDT=0000 0000000000000000 0000ffff 00008200 DPL=0 LDT
TR =0000 0000000000000000 0000ffff 00008b00 DPL=0 TSS64-busy
GDT=     000000003f5dc000 00000047
IDT=     000000003efa3018 00000fff
CR0=80010033 CR2=0000000000000000 CR3=000000003f801000 CR4=00000668
DR0=0000000000000000 DR1=0000000000000000 DR2=0000000000000000 DR3=0000000000000000 
DR6=00000000ffff0ff0 DR7=0000000000000400
CCS=0000000000000044 CCD=0000000000000000 CCO=EFLAGS
EFER=0000000000000d00
Servicing hardware INT=0x20
    35: v=20 e=0000 i=0 cpl=0 IP=0038:000000003f6c7989 pc=000000003f6c7989 SP=0030:000000003fe65960 env->regs[R_EAX]=000000003e66ec18
RAX=000000003e66ec18 RBX=0000000000000000 RCX=0000000000000000 RDX=000000003ea42044
RSI=000000000000002e RDI=000000003ea42034 RBP=000000003fe659f0 RSP=000000003fe65960
R8 =0000000000000006 R9 =000000003ea4209d R10=000000003ea42034 R11=000000003f6d631e
R12=000000003fe65a48 R13=000000003e66ec18 R14=000000003ea42034 R15=8000000000000001
RIP=000000003f6c7989 RFL=00000202 [-------] CPL=0 II=0 A20=1 SMM=0 HLT=0
ES =0030 0000000000000000 ffffffff 00cf9300 DPL=0 DS   [-WA]
CS =0038 0000000000000000 ffffffff 00af9a00 DPL=0 CS64 [-R-]
SS =0030 0000000000000000 ffffffff 00cf9300 DPL=0 DS   [-WA]
DS =0030 0000000000000000 ffffffff 00cf9300 DPL=0 DS   [-WA]
FS =0030 0000000000000000 ffffffff 00cf9300 DPL=0 DS   [-WA]
GS =0030 0000000000000000 ffffffff 00cf9300 DPL=0 DS   [-WA]
LDT=0000 0000000000000000 0000ffff 00008200 DPL=0 LDT
TR =0000 0000000000000000 0000ffff 00008b00 DPL=0 TSS64-busy
GDT=     000000003f5dc000 00000047
IDT=     000000003efa3018 00000fff
CR0=80010033 CR2=0000000000000000 CR3=000000003f801000 CR4=00000668
DR0=0000000000000000 DR1=0000000000000000 DR2=0000000000000000 DR3=0000000000000000 
DR6=00000000ffff0ff0 DR7=0000000000000400
CCS=0000000000000000 CCD=8000000000000001 CCO=EFLAGS
EFER=0000000000000d00
Servicing hardware INT=0x20
    36: v=20 e=0000 i=0 cpl=0 IP=0038:000000003e7390f2 pc=000000003e7390f2 SP=0030:000000003fe65910 env->regs[R_EAX]=0000000000000000
RAX=0000000000000000 RBX=000000003eb516c0 RCX=000000003eb516c0 RDX=000000003ea3572c
RSI=0000000000000002 RDI=000000003eb516c0 RBP=000000003fe659f0 RSP=000000003fe65910
R8 =000000003e66df18 R9 =0000000000000000 R10=0000000000000000 R11=0000000000000000
R12=000000003eb47d18 R13=0000000000000000 R14=0000000000000000 R15=0000000000000000
RIP=000000003e7390f2 RFL=00000206 [-----P-] CPL=0 II=0 A20=1 SMM=0 HLT=0
ES =0030 0000000000000000 ffffffff 00cf9300 DPL=0 DS   [-WA]
CS =0038 0000000000000000 ffffffff 00af9a00 DPL=0 CS64 [-R-]
SS =0030 0000000000000000 ffffffff 00cf9300 DPL=0 DS   [-WA]
DS =0030 0000000000000000 ffffffff 00cf9300 DPL=0 DS   [-WA]
FS =0030 0000000000000000 ffffffff 00cf9300 DPL=0 DS   [-WA]
GS =0030 0000000000000000 ffffffff 00cf9300 DPL=0 DS   [-WA]
LDT=0000 0000000000000000 0000ffff 00008200 DPL=0 LDT
TR =0000 0000000000000000 0000ffff 00008b00 DPL=0 TSS64-busy
GDT=     000000003f5dc000 00000047
IDT=     000000003efa3018 00000fff
CR0=80010033 CR2=0000000000000000 CR3=000000003f801000 CR4=00000668
DR0=0000000000000000 DR1=0000000000000000 DR2=0000000000000000 DR3=0000000000000000 
DR6=00000000ffff0ff0 DR7=0000000000000400
CCS=0000000000000004 CCD=000000003eb50150 CCO=EFLAGS
EFER=0000000000000d00
Servicing hardware INT=0x20
    37: v=20 e=0000 i=0 cpl=0 IP=0038:000000003e732508 pc=000000003e732508 SP=0030:000000003fe654b0 env->regs[R_EAX]=0000000000000000
RAX=0000000000000000 RBX=0000000000000000 RCX=0000000000000000 RDX=0000000000000000
RSI=0000000000000000 RDI=0000000000000002 RBP=000000003fe65500 RSP=000000003fe654b0
R8 =0000000000000000 R9 =000000003e5e8018 R10=000000000000267f R11=0000000000000002
R12=0000000000000002 R13=0000000000000000 R14=0000000000000000 R15=0000000000000000
RIP=000000003e732508 RFL=00000246 [---Z-P-] CPL=0 II=0 A20=1 SMM=0 HLT=0
ES =0030 0000000000000000 ffffffff 00cf9300 DPL=0 DS   [-WA]
CS =0038 0000000000000000 ffffffff 00af9a00 DPL=0 CS64 [-R-]
SS =0030 0000000000000000 ffffffff 00cf9300 DPL=0 DS   [-WA]
DS =0030 0000000000000000 ffffffff 00cf9300 DPL=0 DS   [-WA]
FS =0030 0000000000000000 ffffffff 00cf9300 DPL=0 DS   [-WA]
GS =0030 0000000000000000 ffffffff 00cf9300 DPL=0 DS   [-WA]
LDT=0000 0000000000000000 0000ffff 00008200 DPL=0 LDT
TR =0000 0000000000000000 0000ffff 00008b00 DPL=0 TSS64-busy
GDT=     000000003f5dc000 00000047
IDT=     000000003efa3018 00000fff
CR0=80010033 CR2=0000000000000000 CR3=000000003f801000 CR4=00000668
DR0=0000000000000000 DR1=0000000000000000 DR2=0000000000000000 DR3=0000000000000000 
DR6=00000000ffff0ff0 DR7=0000000000000400
CCS=0000000000000044 CCD=0000000000000000 CCO=EFLAGS
EFER=0000000000000d00
Servicing hardware INT=0x20
    38: v=20 e=0000 i=0 cpl=0 IP=0038:000000003eb57266 pc=000000003eb57266 SP=0030:000000003fe65788 env->regs[R_EAX]=000000003eb6ca80
RAX=000000003eb6ca80 RBX=0000000000000004 RCX=000000003eb6ca80 RDX=0000000000000000
RSI=0000000000000000 RDI=0000000000000001 RBP=000000003fe657c0 RSP=000000003fe65788
R8 =0000000000000000 R9 =0000000000000cf8 R10=0000000000000000 R11=0000000000000000
R12=000000000000001f R13=0000000000000007 R14=0000000000000004 R15=000000003e6650c8
RIP=000000003eb57266 RFL=00000206 [-----P-] CPL=0 II=0 A20=1 SMM=0 HLT=0
ES =0030 0000000000000000 ffffffff 00cf9300 DPL=0 DS   [-WA]
CS =0038 0000000000000000 ffffffff 00af9a00 DPL=0 CS64 [-R-]
SS =0030 0000000000000000 ffffffff 00cf9300 DPL=0 DS   [-WA]
DS =0030 0000000000000000 ffffffff 00cf9300 DPL=0 DS   [-WA]
FS =0030 0000000000000000 ffffffff 00cf9300 DPL=0 DS   [-WA]
GS =0030 0000000000000000 ffffffff 00cf9300 DPL=0 DS   [-WA]
LDT=0000 0000000000000000 0000ffff 00008200 DPL=0 LDT
TR =0000 0000000000000000 0000ffff 00008b00 DPL=0 TSS64-busy
GDT=     000000003f5dc000 00000047
IDT=     000000003efa3018 00000fff
CR0=80010033 CR2=0000000000000000 CR3=000000003f801000 CR4=00000668
DR0=0000000000000000 DR1=0000000000000000 DR2=0000000000000000 DR3=0000000000000000 
DR6=00000000ffff0ff0 DR7=0000000000000400
CCS=0000000000000020 CCD=000000003fe65790 CCO=SUBQ
EFER=0000000000000d00
Servicing hardware INT=0x20
    39: v=20 e=0000 i=0 cpl=0 IP=0038:000000003fe76f3a pc=000000003fe76f3a SP=0030:000000003fe653d0 env->regs[R_EAX]=0000000000000430
RAX=0000000000000430 RBX=000000003e660018 RCX=0000000000000003 RDX=0000000000000003
RSI=0000000000000009 RDI=000000003e660018 RBP=000000003fe65400 RSP=000000003fe653d0
R8 =000000000000976f R9 =0000000000000080 R10=000000000000001f R11=0000000000000002
R12=0000000000000003 R13=0000000000000101 R14=000000000000000a R15=0000000000009e04
RIP=000000003fe76f3a RFL=00000206 [-----P-] CPL=0 II=0 A20=1 SMM=0 HLT=0
ES =0030 0000000000000000 ffffffff 00cf9300 DPL=0 DS   [-WA]
CS =0038 0000000000000000 ffffffff 00af9a00 DPL=0 CS64 [-R-]
SS =0030 0000000000000000 ffffffff 00cf9300 DPL=0 DS   [-WA]
DS =0030 0000000000000000 ffffffff 00cf9300 DPL=0 DS   [-WA]
FS =0030 0000000000000000 ffffffff 00cf9300 DPL=0 DS   [-WA]
GS =0030 0000000000000000 ffffffff 00cf9300 DPL=0 DS   [-WA]
LDT=0000 0000000000000000 0000ffff 00008200 DPL=0 LDT
TR =0000 0000000000000000 0000ffff 00008b00 DPL=0 TSS64-busy
GDT=     000000003f5dc000 00000047
IDT=     000000003efa3018 00000fff
CR0=80010033 CR2=0000000000000000 CR3=000000003f801000 CR4=00000668
DR0=0000000000000000 DR1=0000000000000000 DR2=0000000000000000 DR3=0000000000000000 
DR6=00000000ffff0ff0 DR7=0000000000000400
CCS=0000000000000004 CCD=0000000000000430 CCO=EFLAGS
EFER=0000000000000d00
Servicing hardware INT=0x20
    40: v=20 e=0000 i=0 cpl=0 IP=0038:000000003fe76f15 pc=000000003fe76f15 SP=0030:000000003fe653f0 env->regs[R_EAX]=00000003675ffa08
RAX=00000003675ffa08 RBX=000000003e660018 RCX=0000000000000003 RDX=0000000000000003
RSI=0000000000000003 RDI=000000003e660018 RBP=000000003fe65420 RSP=000000003fe653f0
R8 =000000000001cc76 R9 =0000000000000040 R10=000000000000001f R11=0000000000000002
R12=0000000000000003 R13=0000000000000101 R14=000000000000000a R15=000000000001d1b3
RIP=000000003fe76f15 RFL=00000202 [-------] CPL=0 II=0 A20=1 SMM=0 HLT=0
ES =0030 0000000000000000 ffffffff 00cf9300 DPL=0 DS   [-WA]
CS =0038 0000000000000000 ffffffff 00af9a00 DPL=0 CS64 [-R-]
SS =0030 0000000000000000 ffffffff 00cf9300 DPL=0 DS   [-WA]
DS =0030 0000000000000000 ffffffff 00cf9300 DPL=0 DS   [-WA]
FS =0030 0000000000000000 ffffffff 00cf9300 DPL=0 DS   [-WA]
GS =0030 0000000000000000 ffffffff 00cf9300 DPL=0 DS   [-WA]
LDT=0000 0000000000000000 0000ffff 00008200 DPL=0 LDT
TR =0000 0000000000000000 0000ffff 00008b00 DPL=0 TSS64-busy
GDT=     000000003f5dc000 00000047
IDT=     000000003efa3018 00000fff
CR0=80010033 CR2=0000000000000000 CR3=000000003f801000 CR4=00000668
DR0=0000000000000000 DR1=0000000000000000 DR2=0000000000000000 DR3=0000000000000000 
DR6=00000000ffff0ff0 DR7=0000000000000400
CCS=0000000000000000 CCD=00000003675ffa08 CCO=EFLAGS
EFER=0000000000000d00
Servicing hardware INT=0x20
    41: v=20 e=0000 i=0 cpl=0 IP=0038:000000003e7363ef pc=000000003e7363ef SP=0030:000000003fe65850 env->regs[R_EAX]=0000000000000000
RAX=0000000000000000 RBX=000000003e66d418 RCX=0000000000000001 RDX=0000000000000000
RSI=000000003e66d428 RDI=000000003e663ba8 RBP=000000003fe658c0 RSP=000000003fe65850
R8 =0000000000000000 R9 =0000000000000cf8 R10=0000000000000031 R11=0000000000000004
R12=0000000000004000 R13=0000000000000000 R14=0000000000000001 R15=000000003ea24893
RIP=000000003e7363ef RFL=00000246 [---Z-P-] CPL=0 II=0 A20=1 SMM=0 HLT=0
ES =0030 0000000000000000 ffffffff 00cf9300 DPL=0 DS   [-WA]
CS =0038 0000000000000000 ffffffff 00af9a00 DPL=0 CS64 [-R-]
SS =0030 0000000000000000 ffffffff 00cf9300 DPL=0 DS   [-WA]
DS =0030 0000000000000000 ffffffff 00cf9300 DPL=0 DS   [-WA]
FS =0030 0000000000000000 ffffffff 00cf9300 DPL=0 DS   [-WA]
GS =0030 0000000000000000 ffffffff 00cf9300 DPL=0 DS   [-WA]
LDT=0000 0000000000000000 0000ffff 00008200 DPL=0 LDT
TR =0000 0000000000000000 0000ffff 00008b00 DPL=0 TSS64-busy
GDT=     000000003f5dc000 00000047
IDT=     000000003efa3018 00000fff
CR0=80010033 CR2=0000000000000000 CR3=000000003f801000 CR4=00000668
DR0=0000000000000000 DR1=0000000000000000 DR2=0000000000000000 DR3=0000000000000000 
DR6=00000000ffff0ff0 DR7=0000000000000400
CCS=0000000000000044 CCD=0000000000000000 CCO=EFLAGS
EFER=0000000000000d00
Servicing hardware INT=0x20
    42: v=20 e=0000 i=0 cpl=0 IP=0038:000000003fe6824a pc=000000003fe6824a SP=0030:000000003fe65800 env->regs[R_EAX]=000000003e660028
RAX=000000003e660028 RBX=000000003e660018 RCX=0000000000000000 RDX=000000003e661af8
RSI=000000000000003a RDI=0000000000000071 RBP=000000003fe65890 RSP=000000003fe65800
R8 =0000000000000000 R9 =000000003e661b27 R10=0000000000000000 R11=0000000000000004
R12=000000003e660028 R13=0000000000000030 R14=0000000000000001 R15=000000003e661af8
RIP=000000003fe6824a RFL=00000206 [-----P-] CPL=0 II=0 A20=1 SMM=0 HLT=0
ES =0030 0000000000000000 ffffffff 00cf9300 DPL=0 DS   [-WA]
CS =0038 0000000000000000 ffffffff 00af9a00 DPL=0 CS64 [-R-]
SS =0030 0000000000000000 ffffffff 00cf9300 DPL=0 DS   [-WA]
DS =0030 0000000000000000 ffffffff 00cf9300 DPL=0 DS   [-WA]
FS =0030 0000000000000000 ffffffff 00cf9300 DPL=0 DS   [-WA]
GS =0030 0000000000000000 ffffffff 00cf9300 DPL=0 DS   [-WA]
LDT=0000 0000000000000000 0000ffff 00008200 DPL=0 LDT
TR =0000 0000000000000000 0000ffff 00008b00 DPL=0 TSS64-busy
GDT=     000000003f5dc000 00000047
IDT=     000000003efa3018 00000fff
CR0=80010033 CR2=0000000000000000 CR3=000000003f801000 CR4=00000668
DR0=0000000000000000 DR1=0000000000000000 DR2=0000000000000000 DR3=0000000000000000 
DR6=00000000ffff0ff0 DR7=0000000000000400
CCS=0000000000000004 CCD=0000000000000006 CCO=EFLAGS
EFER=0000000000000d00
Servicing hardware INT=0x20
    43: v=20 e=0000 i=0 cpl=0 IP=0038:000000003f6cea4a pc=000000003f6cea4a SP=0030:000000003fe65710 env->regs[R_EAX]=00000000000000ff
RAX=00000000000000ff RBX=0000000000000000 RCX=0000000000010001 RDX=000000003eac2018
RSI=0000000000000000 RDI=000000003eaf2017 RBP=000000003fe657e0 RSP=000000003fe65710
R8 =00000000000000ff R9 =0000000000000000 R10=000000003f58a360 R11=0000000000000002
R12=000000003fe65840 R13=000000003fe65788 R14=0000000000000000 R15=000000003eac2018
RIP=000000003f6cea4a RFL=00010206 [-----P-] CPL=0 II=0 A20=1 SMM=0 HLT=0
ES =0030 0000000000000000 ffffffff 00cf9300 DPL=0 DS   [-WA]
CS =0038 0000000000000000 ffffffff 00af9a00 DPL=0 CS64 [-R-]
SS =0030 0000000000000000 ffffffff 00cf9300 DPL=0 DS   [-WA]
DS =0030 0000000000000000 ffffffff 00cf9300 DPL=0 DS   [-WA]
FS =0030 0000000000000000 ffffffff 00cf9300 DPL=0 DS   [-WA]
GS =0030 0000000000000000 ffffffff 00cf9300 DPL=0 DS   [-WA]
LDT=0000 0000000000000000 0000ffff 00008200 DPL=0 LDT
TR =0000 0000000000000000 0000ffff 00008b00 DPL=0 TSS64-busy
GDT=     000000003f5dc000 00000047
IDT=     000000003efa3018 00000fff
CR0=80010033 CR2=0000000000000000 CR3=000000003f801000 CR4=00000668
DR0=0000000000000000 DR1=0000000000000000 DR2=0000000000000000 DR3=0000000000000000 
DR6=00000000ffff0ff0 DR7=0000000000000400
CCS=0000000000000004 CCD=000000003fe65700 CCO=EFLAGS
EFER=0000000000000d00
Servicing hardware INT=0x20
    44: v=20 e=0000 i=0 cpl=0 IP=0038:000000003ef9f2b5 pc=000000003ef9f2b5 SP=0030:000000003fe65598 env->regs[R_EAX]=0000000000000000
RAX=0000000000000000 RBX=0000000080023a4c RCX=0000000000000002 RDX=000000003efa1880
RSI=0000000000000002 RDI=0000000000000000 RBP=000000003fe65620 RSP=000000003fe65598
R8 =000000003fe656dc R9 =0000000080000000 R10=00000000000fffff R11=000000000000000a
R12=000000003fe656dc R13=00000000000f716d R14=0000000000000004 R15=0000000000000000
RIP=000000003ef9f2b5 RFL=00000246 [---Z-P-] CPL=0 II=0 A20=1 SMM=0 HLT=0
ES =0030 0000000000000000 ffffffff 00cf9300 DPL=0 DS   [-WA]
CS =0038 0000000000000000 ffffffff 00af9a00 DPL=0 CS64 [-R-]
SS =0030 0000000000000000 ffffffff 00cf9300 DPL=0 DS   [-WA]
DS =0030 0000000000000000 ffffffff 00cf9300 DPL=0 DS   [-WA]
FS =0030 0000000000000000 ffffffff 00cf9300 DPL=0 DS   [-WA]
GS =0030 0000000000000000 ffffffff 00cf9300 DPL=0 DS   [-WA]
LDT=0000 0000000000000000 0000ffff 00008200 DPL=0 LDT
TR =0000 0000000000000000 0000ffff 00008b00 DPL=0 TSS64-busy
GDT=     000000003f5dc000 00000047
IDT=     000000003efa3018 00000fff
CR0=80010033 CR2=0000000000000000 CR3=000000003f801000 CR4=00000668
DR0=0000000000000000 DR1=0000000000000000 DR2=0000000000000000 DR3=0000000000000000 
DR6=00000000ffff0ff0 DR7=0000000000000400
CCS=0000000000000044 CCD=0000000000000000 CCO=EFLAGS
EFER=0000000000000d00
Servicing hardware INT=0x20
    45: v=20 e=0000 i=0 cpl=0 IP=0038:000000003efa0ae0 pc=000000003efa0ae0 SP=0030:000000003fe655a0 env->regs[R_EAX]=0000000000000000
RAX=0000000000000000 RBX=00000000800b1370 RCX=0000000000000002 RDX=000000003efa1880
RSI=0000000000000002 RDI=0000000000000000 RBP=000000003fe65620 RSP=000000003fe655a0
R8 =000000003fe656dc R9 =0000000080000000 R10=00000000000fffff R11=000000000000000a
R12=000000003fe656dc R13=00000000000d3b24 R14=0000000000000004 R15=0000000000000000
RIP=000000003efa0ae0 RFL=00000293 [--S-A-C] CPL=0 II=0 A20=1 SMM=0 HLT=0
ES =0030 0000000000000000 ffffffff 00cf9300 DPL=0 DS   [-WA]
CS =0038 0000000000000000 ffffffff 00af9a00 DPL=0 CS64 [-R-]
SS =0030 0000000000000000 ffffffff 00cf9300 DPL=0 DS   [-WA]
DS =0030 0000000000000000 ffffffff 00cf9300 DPL=0 DS   [-WA]
FS =0030 0000000000000000 ffffffff 00cf9300 DPL=0 DS   [-WA]
GS =0030 0000000000000000 ffffffff 00cf9300 DPL=0 DS   [-WA]
LDT=0000 0000000000000000 0000ffff 00008200 DPL=0 LDT
TR =0000 0000000000000000 0000ffff 00008b00 DPL=0 TSS64-busy
GDT=     000000003f5dc000 00000047
IDT=     000000003efa3018 00000fff
CR0=80010033 CR2=0000000000000000 CR3=000000003f801000 CR4=00000668
DR0=0000000000000000 DR1=0000000000000000 DR2=0000000000000000 DR3=0000000000000000 
DR6=00000000ffff0ff0 DR7=0000000000000400
CCS=0000000000000091 CCD=fffffffffffffffe CCO=EFLAGS
EFER=0000000000000d00
Servicing hardware INT=0x20
    46: v=20 e=0000 i=0 cpl=0 IP=0038:000000003ef9f2b5 pc=000000003ef9f2b5 SP=0030:000000003fe65598 env->regs[R_EAX]=0000000000000000
RAX=0000000000000000 RBX=000000008014593c RCX=0000000000000002 RDX=000000003efa1880
RSI=0000000000000002 RDI=0000000000000000 RBP=000000003fe65620 RSP=000000003fe65598
R8 =000000003fe656dc R9 =0000000080000000 R10=00000000000fffff R11=000000000000000a
R12=000000003fe656dc R13=00000000000ae9b1 R14=0000000000000004 R15=0000000000000000
RIP=000000003ef9f2b5 RFL=00000246 [---Z-P-] CPL=0 II=0 A20=1 SMM=0 HLT=0
ES =0030 0000000000000000 ffffffff 00cf9300 DPL=0 DS   [-WA]
CS =0038 0000000000000000 ffffffff 00af9a00 DPL=0 CS64 [-R-]
SS =0030 0000000000000000 ffffffff 00cf9300 DPL=0 DS   [-WA]
DS =0030 0000000000000000 ffffffff 00cf9300 DPL=0 DS   [-WA]
FS =0030 0000000000000000 ffffffff 00cf9300 DPL=0 DS   [-WA]
GS =0030 0000000000000000 ffffffff 00cf9300 DPL=0 DS   [-WA]
LDT=0000 0000000000000000 0000ffff 00008200 DPL=0 LDT
TR =0000 0000000000000000 0000ffff 00008b00 DPL=0 TSS64-busy
GDT=     000000003f5dc000 00000047
IDT=     000000003efa3018 00000fff
CR0=80010033 CR2=0000000000000000 CR3=000000003f801000 CR4=00000668
DR0=0000000000000000 DR1=0000000000000000 DR2=0000000000000000 DR3=0000000000000000 
DR6=00000000ffff0ff0 DR7=0000000000000400
CCS=0000000000000044 CCD=0000000000000000 CCO=EFLAGS
EFER=0000000000000d00
Servicing hardware INT=0x20
    47: v=20 e=0000 i=0 cpl=0 IP=0038:000000003ef9f291 pc=000000003ef9f291 SP=0030:000000003fe65578 env->regs[R_EAX]=0000000000000000
RAX=0000000000000000 RBX=00000000801ed994 RCX=0000000000000002 RDX=000000003efa1880
RSI=0000000000000002 RDI=0000000000000000 RBP=000000003fe65590 RSP=000000003fe65578
R8 =000000003fe656dc R9 =0000000080000000 R10=00000000000fffff R11=000000000000000a
R12=000000003fe656dc R13=000000000008499b R14=0000000000000004 R15=0000000000000000
RIP=000000003ef9f291 RFL=00000246 [---Z-P-] CPL=0 II=0 A20=1 SMM=0 HLT=0
ES =0030 0000000000000000 ffffffff 00cf9300 DPL=0 DS   [-WA]
CS =0038 0000000000000000 ffffffff 00af9a00 DPL=0 CS64 [-R-]
SS =0030 0000000000000000 ffffffff 00cf9300 DPL=0 DS   [-WA]
DS =0030 0000000000000000 ffffffff 00cf9300 DPL=0 DS   [-WA]
FS =0030 0000000000000000 ffffffff 00cf9300 DPL=0 DS   [-WA]
GS =0030 0000000000000000 ffffffff 00cf9300 DPL=0 DS   [-WA]
LDT=0000 0000000000000000 0000ffff 00008200 DPL=0 LDT
TR =0000 0000000000000000 0000ffff 00008b00 DPL=0 TSS64-busy
GDT=     000000003f5dc000 00000047
IDT=     000000003efa3018 00000fff
CR0=80010033 CR2=0000000000000000 CR3=000000003f801000 CR4=00000668
DR0=0000000000000000 DR1=0000000000000000 DR2=0000000000000000 DR3=0000000000000000 
DR6=00000000ffff0ff0 DR7=0000000000000400
CCS=0000000000000044 CCD=0000000000000000 CCO=EFLAGS
EFER=0000000000000d00
Servicing hardware INT=0x20
    48: v=20 e=0000 i=0 cpl=0 IP=0038:000000003efa0ae0 pc=000000003efa0ae0 SP=0030:000000003fe655a0 env->regs[R_EAX]=0000000000000000
RAX=0000000000000000 RBX=0000000080298bc8 RCX=0000000000000002 RDX=000000003efa1880
RSI=0000000000000002 RDI=0000000000000000 RBP=000000003fe65620 RSP=000000003fe655a0
R8 =000000003fe656dc R9 =0000000080000000 R10=00000000000fffff R11=000000000000000a
R12=000000003fe656dc R13=0000000000059d0e R14=0000000000000004 R15=0000000000000000
RIP=000000003efa0ae0 RFL=00000293 [--S-A-C] CPL=0 II=0 A20=1 SMM=0 HLT=0
ES =0030 0000000000000000 ffffffff 00cf9300 DPL=0 DS   [-WA]
CS =0038 0000000000000000 ffffffff 00af9a00 DPL=0 CS64 [-R-]
SS =0030 0000000000000000 ffffffff 00cf9300 DPL=0 DS   [-WA]
DS =0030 0000000000000000 ffffffff 00cf9300 DPL=0 DS   [-WA]
FS =0030 0000000000000000 ffffffff 00cf9300 DPL=0 DS   [-WA]
GS =0030 0000000000000000 ffffffff 00cf9300 DPL=0 DS   [-WA]
LDT=0000 0000000000000000 0000ffff 00008200 DPL=0 LDT
TR =0000 0000000000000000 0000ffff 00008b00 DPL=0 TSS64-busy
GDT=     000000003f5dc000 00000047
IDT=     000000003efa3018 00000fff
CR0=80010033 CR2=0000000000000000 CR3=000000003f801000 CR4=00000668
DR0=0000000000000000 DR1=0000000000000000 DR2=0000000000000000 DR3=0000000000000000 
DR6=00000000ffff0ff0 DR7=0000000000000400
CCS=0000000000000091 CCD=fffffffffffffffe CCO=EFLAGS
EFER=0000000000000d00
Servicing hardware INT=0x20
    49: v=20 e=0000 i=0 cpl=0 IP=0038:000000003efa0ae0 pc=000000003efa0ae0 SP=0030:000000003fe655a0 env->regs[R_EAX]=0000000000000000
RAX=0000000000000000 RBX=0000000080331770 RCX=0000000000000002 RDX=000000003efa1880
RSI=0000000000000002 RDI=0000000000000000 RBP=000000003fe65620 RSP=000000003fe655a0
R8 =000000003fe656dc R9 =0000000080000000 R10=00000000000fffff R11=000000000000000a
R12=000000003fe656dc R13=0000000000033a24 R14=0000000000000004 R15=0000000000000000
RIP=000000003efa0ae0 RFL=00000293 [--S-A-C] CPL=0 II=0 A20=1 SMM=0 HLT=0
ES =0030 0000000000000000 ffffffff 00cf9300 DPL=0 DS   [-WA]
CS =0038 0000000000000000 ffffffff 00af9a00 DPL=0 CS64 [-R-]
SS =0030 0000000000000000 ffffffff 00cf9300 DPL=0 DS   [-WA]
DS =0030 0000000000000000 ffffffff 00cf9300 DPL=0 DS   [-WA]
FS =0030 0000000000000000 ffffffff 00cf9300 DPL=0 DS   [-WA]
GS =0030 0000000000000000 ffffffff 00cf9300 DPL=0 DS   [-WA]
LDT=0000 0000000000000000 0000ffff 00008200 DPL=0 LDT
TR =0000 0000000000000000 0000ffff 00008b00 DPL=0 TSS64-busy
GDT=     000000003f5dc000 00000047
IDT=     000000003efa3018 00000fff
CR0=80010033 CR2=0000000000000000 CR3=000000003f801000 CR4=00000668
DR0=0000000000000000 DR1=0000000000000000 DR2=0000000000000000 DR3=0000000000000000 
DR6=00000000ffff0ff0 DR7=0000000000000400
CCS=0000000000000091 CCD=fffffffffffffffe CCO=EFLAGS
EFER=0000000000000d00
Servicing hardware INT=0x20
    50: v=20 e=0000 i=0 cpl=0 IP=0038:000000003efa0ae0 pc=000000003efa0ae0 SP=0030:000000003fe655a0 env->regs[R_EAX]=0000000000000000
RAX=0000000000000000 RBX=00000000803deec8 RCX=0000000000000002 RDX=000000003efa1880
RSI=0000000000000002 RDI=0000000000000000 RBP=000000003fe65620 RSP=000000003fe655a0
R8 =000000003fe656dc R9 =0000000080000000 R10=00000000000fffff R11=000000000000000a
R12=000000003fe656dc R13=000000000000844e R14=0000000000000004 R15=0000000000000000
RIP=000000003efa0ae0 RFL=00000293 [--S-A-C] CPL=0 II=0 A20=1 SMM=0 HLT=0
ES =0030 0000000000000000 ffffffff 00cf9300 DPL=0 DS   [-WA]
CS =0038 0000000000000000 ffffffff 00af9a00 DPL=0 CS64 [-R-]
SS =0030 0000000000000000 ffffffff 00cf9300 DPL=0 DS   [-WA]
DS =0030 0000000000000000 ffffffff 00cf9300 DPL=0 DS   [-WA]
FS =0030 0000000000000000 ffffffff 00cf9300 DPL=0 DS   [-WA]
GS =0030 0000000000000000 ffffffff 00cf9300 DPL=0 DS   [-WA]
LDT=0000 0000000000000000 0000ffff 00008200 DPL=0 LDT
TR =0000 0000000000000000 0000ffff 00008b00 DPL=0 TSS64-busy
GDT=     000000003f5dc000 00000047
IDT=     000000003efa3018 00000fff
CR0=80010033 CR2=0000000000000000 CR3=000000003f801000 CR4=00000668
DR0=0000000000000000 DR1=0000000000000000 DR2=0000000000000000 DR3=0000000000000000 
DR6=00000000ffff0ff0 DR7=0000000000000400
CCS=0000000000000091 CCD=fffffffffffffffe CCO=EFLAGS
EFER=0000000000000d00
Servicing hardware INT=0x20
    51: v=20 e=0000 i=0 cpl=0 IP=0038:000000003eb1e445 pc=000000003eb1e445 SP=0030:000000003fe65490 env->regs[R_EAX]=000000003e6390da
RAX=000000003e6390da RBX=00000000000000c2 RCX=0000000000000000 RDX=000000003e7b8f18
RSI=0000000000000004 RDI=000000003e7bda18 RBP=000000003fe65540 RSP=000000003fe65490
R8 =0000000000000004 R9 =000000003e7b8f4b R10=0000000000000000 R11=0000000000000000
R12=000000003e7b8d18 R13=000000003e7b8d30 R14=000000000000062b R15=000000003fe65578
RIP=000000003eb1e445 RFL=00000207 [-----PC] CPL=0 II=0 A20=1 SMM=0 HLT=0
ES =0030 0000000000000000 ffffffff 00cf9300 DPL=0 DS   [-WA]
CS =0038 0000000000000000 ffffffff 00af9a00 DPL=0 CS64 [-R-]
SS =0030 0000000000000000 ffffffff 00cf9300 DPL=0 DS   [-WA]
DS =0030 0000000000000000 ffffffff 00cf9300 DPL=0 DS   [-WA]
FS =0030 0000000000000000 ffffffff 00cf9300 DPL=0 DS   [-WA]
GS =0030 0000000000000000 ffffffff 00cf9300 DPL=0 DS   [-WA]
LDT=0000 0000000000000000 0000ffff 00008200 DPL=0 LDT
TR =0000 0000000000000000 0000ffff 00008b00 DPL=0 TSS64-busy
GDT=     000000003f5dc000 00000047
IDT=     000000003efa3018 00000fff
CR0=80010033 CR2=0000000000000000 CR3=000000003f801000 CR4=00000668
DR0=0000000000000000 DR1=0000000000000000 DR2=0000000000000000 DR3=0000000000000000 
DR6=00000000ffff0ff0 DR7=0000000000000400
CCS=0000000000000005 CCD=0000000000000006 CCO=EFLAGS
EFER=0000000000000d00
Servicing hardware INT=0x20
    52: v=20 e=0000 i=0 cpl=0 IP=0038:000000003e7cf8dc pc=000000003e7cf8dc SP=0030:000000003fe655f0 env->regs[R_EAX]=0000000000000000
RAX=0000000000000000 RBX=000000003fe658b0 RCX=0000000000000000 RDX=000000003e4ca917
RSI=0000000000000000 RDI=0000000000000200 RBP=000000003fe657f0 RSP=000000003fe655f0
R8 =0000000000000001 R9 =000000003e4ca917 R10=0000000000000003 R11=0000000000000000
R12=000000003fe65640 R13=000000003fe65637 R14=0000000000000188 R15=000000003fe65860
RIP=000000003e7cf8dc RFL=00000246 [---Z-P-] CPL=0 II=0 A20=1 SMM=0 HLT=0
ES =0030 0000000000000000 ffffffff 00cf9300 DPL=0 DS   [-WA]
CS =0038 0000000000000000 ffffffff 00af9a00 DPL=0 CS64 [-R-]
SS =0030 0000000000000000 ffffffff 00cf9300 DPL=0 DS   [-WA]
DS =0030 0000000000000000 ffffffff 00cf9300 DPL=0 DS   [-WA]
FS =0030 0000000000000000 ffffffff 00cf9300 DPL=0 DS   [-WA]
GS =0030 0000000000000000 ffffffff 00cf9300 DPL=0 DS   [-WA]
LDT=0000 0000000000000000 0000ffff 00008200 DPL=0 LDT
TR =0000 0000000000000000 0000ffff 00008b00 DPL=0 TSS64-busy
GDT=     000000003f5dc000 00000047
IDT=     000000003efa3018 00000fff
CR0=80010033 CR2=0000000000000000 CR3=000000003f801000 CR4=00000668
DR0=0000000000000000 DR1=0000000000000000 DR2=0000000000000000 DR3=0000000000000000 
DR6=00000000ffff0ff0 DR7=0000000000000400
CCS=0000000000000044 CCD=0000000000000000 CCO=EFLAGS
EFER=0000000000000d00
Servicing hardware INT=0x20
    53: v=20 e=0000 i=0 cpl=0 IP=0038:000000003fe76ef9 pc=000000003fe76ef9 SP=0030:000000003fe65748 env->regs[R_EAX]=0000000000000004
RAX=0000000000000004 RBX=000000003e5bd018 RCX=0000000000000002 RDX=00000000fb3a8d8e
RSI=0000000000000006 RDI=000000003e5bd018 RBP=000000003fe657b0 RSP=000000003fe65748
R8 =000000000000a8d7 R9 =0000000000000080 R10=000000000000001f R11=0000000000000002
R12=0000000000000004 R13=0000000000000100 R14=0000000000000004 R15=000000000000ab2a
RIP=000000003fe76ef9 RFL=00000293 [--S-A-C] CPL=0 II=0 A20=1 SMM=0 HLT=0
ES =0030 0000000000000000 ffffffff 00cf9300 DPL=0 DS   [-WA]
CS =0038 0000000000000000 ffffffff 00af9a00 DPL=0 CS64 [-R-]
SS =0030 0000000000000000 ffffffff 00cf9300 DPL=0 DS   [-WA]
DS =0030 0000000000000000 ffffffff 00cf9300 DPL=0 DS   [-WA]
FS =0030 0000000000000000 ffffffff 00cf9300 DPL=0 DS   [-WA]
GS =0030 0000000000000000 ffffffff 00cf9300 DPL=0 DS   [-WA]
LDT=0000 0000000000000000 0000ffff 00008200 DPL=0 LDT
TR =0000 0000000000000000 0000ffff 00008b00 DPL=0 TSS64-busy
GDT=     000000003f5dc000 00000047
IDT=     000000003efa3018 00000fff
CR0=80010033 CR2=0000000000000000 CR3=000000003f801000 CR4=00000668
DR0=0000000000000000 DR1=0000000000000000 DR2=0000000000000000 DR3=0000000000000000 
DR6=00000000ffff0ff0 DR7=0000000000000400
CCS=0000000000000091 CCD=ffffffffffffffe6 CCO=EFLAGS
EFER=0000000000000d00
Servicing hardware INT=0x20
    54: v=20 e=0000 i=0 cpl=0 IP=0038:000000003fe76f97 pc=000000003fe76f97 SP=0030:000000003fe65730 env->regs[R_EAX]=000000000000000c
RAX=000000000000000c RBX=000000000000038f RCX=0000000000000004 RDX=000000003e5d1c58
RSI=000000000000000c RDI=000000003e5bd018 RBP=000000003fe65740 RSP=000000003fe65730
R8 =0000000000023d60 R9 =00000000000000a0 R10=000000000000001f R11=0000000000000003
R12=000000000000000d R13=0000000000000112 R14=000000000000000d R15=0000000000023d6b
RIP=000000003fe76f97 RFL=00000202 [-------] CPL=0 II=0 A20=1 SMM=0 HLT=0
ES =0030 0000000000000000 ffffffff 00cf9300 DPL=0 DS   [-WA]
CS =0038 0000000000000000 ffffffff 00af9a00 DPL=0 CS64 [-R-]
SS =0030 0000000000000000 ffffffff 00cf9300 DPL=0 DS   [-WA]
DS =0030 0000000000000000 ffffffff 00cf9300 DPL=0 DS   [-WA]
FS =0030 0000000000000000 ffffffff 00cf9300 DPL=0 DS   [-WA]
GS =0030 0000000000000000 ffffffff 00cf9300 DPL=0 DS   [-WA]
LDT=0000 0000000000000000 0000ffff 00008200 DPL=0 LDT
TR =0000 0000000000000000 0000ffff 00008b00 DPL=0 TSS64-busy
GDT=     000000003f5dc000 00000047
IDT=     000000003efa3018 00000fff
CR0=80010033 CR2=0000000000000000 CR3=000000003f801000 CR4=00000668
DR0=0000000000000000 DR1=0000000000000000 DR2=0000000000000000 DR3=0000000000000000 
DR6=00000000ffff0ff0 DR7=0000000000000400
CCS=0000000000000000 CCD=000000005b26452c CCO=EFLAGS
EFER=0000000000000d00
Servicing hardware INT=0x20
    55: v=20 e=0000 i=0 cpl=0 IP=0038:000000003f6cea4c pc=000000003f6cea4c SP=0030:000000003fe65710 env->regs[R_EAX]=00000000000000ff
RAX=00000000000000ff RBX=0000000000000000 RCX=0000000000000000 RDX=000000003eac2018
RSI=0000000000000000 RDI=000000003eb02018 RBP=000000003fe657e0 RSP=000000003fe65710
R8 =00000000000000ff R9 =0000000000000000 R10=000000003f58adcc R11=0000000000000002
R12=000000003fe65840 R13=000000003fe65788 R14=0000000000000000 R15=000000003eac2018
RIP=000000003f6cea4c RFL=00000206 [-----P-] CPL=0 II=0 A20=1 SMM=0 HLT=0
ES =0030 0000000000000000 ffffffff 00cf9300 DPL=0 DS   [-WA]
CS =0038 0000000000000000 ffffffff 00af9a00 DPL=0 CS64 [-R-]
SS =0030 0000000000000000 ffffffff 00cf9300 DPL=0 DS   [-WA]
DS =0030 0000000000000000 ffffffff 00cf9300 DPL=0 DS   [-WA]
FS =0030 0000000000000000 ffffffff 00cf9300 DPL=0 DS   [-WA]
GS =0030 0000000000000000 ffffffff 00cf9300 DPL=0 DS   [-WA]
LDT=0000 0000000000000000 0000ffff 00008200 DPL=0 LDT
TR =0000 0000000000000000 0000ffff 00008b00 DPL=0 TSS64-busy
GDT=     000000003f5dc000 00000047
IDT=     000000003efa3018 00000fff
CR0=80010033 CR2=0000000000000000 CR3=000000003f801000 CR4=00000668
DR0=0000000000000000 DR1=0000000000000000 DR2=0000000000000000 DR3=0000000000000000 
DR6=00000000ffff0ff0 DR7=0000000000000400
CCS=0000000000000004 CCD=000000003fe65700 CCO=EFLAGS
EFER=0000000000000d00
Servicing hardware INT=0x20
    56: v=20 e=0000 i=0 cpl=0 IP=0038:000000003f6cea4a pc=000000003f6cea4a SP=0030:000000003fe65880 env->regs[R_EAX]=00000000000000ff
RAX=00000000000000ff RBX=0000000000000000 RCX=0000000000030001 RDX=000000003eac2018
RSI=000000003f5cc398 RDI=000000003ead2017 RBP=000000003fe65950 RSP=000000003fe65880
R8 =00000000000000ff R9 =0000000000000000 R10=000000003f58af28 R11=000000003fe65ae6
R12=000000003fe659b0 R13=000000003fe659b0 R14=0000000000000000 R15=000000003eac2018
RIP=000000003f6cea4a RFL=00010202 [-------] CPL=0 II=0 A20=1 SMM=0 HLT=0
ES =0030 0000000000000000 ffffffff 00cf9300 DPL=0 DS   [-WA]
CS =0038 0000000000000000 ffffffff 00af9a00 DPL=0 CS64 [-R-]
SS =0030 0000000000000000 ffffffff 00cf9300 DPL=0 DS   [-WA]
DS =0030 0000000000000000 ffffffff 00cf9300 DPL=0 DS   [-WA]
FS =0030 0000000000000000 ffffffff 00cf9300 DPL=0 DS   [-WA]
GS =0030 0000000000000000 ffffffff 00cf9300 DPL=0 DS   [-WA]
LDT=0000 0000000000000000 0000ffff 00008200 DPL=0 LDT
TR =0000 0000000000000000 0000ffff 00008b00 DPL=0 TSS64-busy
GDT=     000000003f5dc000 00000047
IDT=     000000003efa3018 00000fff
CR0=80010033 CR2=0000000000000000 CR3=000000003f801000 CR4=00000668
DR0=0000000000000000 DR1=0000000000000000 DR2=0000000000000000 DR3=0000000000000000 
DR6=00000000ffff0ff0 DR7=0000000000000400
CCS=0000000000000000 CCD=000000003fe65870 CCO=EFLAGS
EFER=0000000000000d00
Servicing hardware INT=0x20
    57: v=20 e=0000 i=0 cpl=0 IP=0038:000000003e6ba6f2 pc=000000003e6ba6f2 SP=0030:000000003fe65680 env->regs[R_EAX]=00000000000e1000
RAX=00000000000e1000 RBX=0000000000000000 RCX=0000000000000010 RDX=0000000000000000
RSI=000000000001c200 RDI=00000000001c2000 RBP=000000003fe656e0 RSP=000000003fe65680
R8 =000000003fe656a8 R9 =0000000000000000 R10=0000000000000047 R11=0000000000000000
R12=0000000000000001 R13=000000000001c200 R14=0000000000000000 R15=0000000000000001
RIP=000000003e6ba6f2 RFL=00000206 [-----P-] CPL=0 II=0 A20=1 SMM=0 HLT=0
ES =0030 0000000000000000 ffffffff 00cf9300 DPL=0 DS   [-WA]
CS =0038 0000000000000000 ffffffff 00af9a00 DPL=0 CS64 [-R-]
SS =0030 0000000000000000 ffffffff 00cf9300 DPL=0 DS   [-WA]
DS =0030 0000000000000000 ffffffff 00cf9300 DPL=0 DS   [-WA]
FS =0030 0000000000000000 ffffffff 00cf9300 DPL=0 DS   [-WA]
GS =0030 0000000000000000 ffffffff 00cf9300 DPL=0 DS   [-WA]
LDT=0000 0000000000000000 0000ffff 00008200 DPL=0 LDT
TR =0000 0000000000000000 0000ffff 00008b00 DPL=0 TSS64-busy
GDT=     000000003f5dc000 00000047
IDT=     000000003efa3018 00000fff
CR0=80010033 CR2=0000000000000000 CR3=000000003f801000 CR4=00000668
DR0=0000000000000000 DR1=0000000000000000 DR2=0000000000000000 DR3=0000000000000000 
DR6=00000000ffff0ff0 DR7=0000000000000400
CCS=0000000000000004 CCD=00000000001c1ff0 CCO=EFLAGS
EFER=0000000000000d00
Servicing hardware INT=0x20
    58: v=20 e=0000 i=0 cpl=0 IP=0038:000000003e709504 pc=000000003e709504 SP=0030:000000003fe65780 env->regs[R_EAX]=000000003e5bffff
RAX=000000003e5bffff RBX=000000003e5c0518 RCX=0000000000000040 RDX=0000000000000402
RSI=000000003fe65840 RDI=000000003e70f88a RBP=000000003fe657d0 RSP=000000003fe65780
R8 =0000000000000000 R9 =0000000000000050 R10=000000000001c200 R11=000000003e639328
R12=000000003e5bff28 R13=000000003e5c0d18 R14=000000003e5c0540 R15=000000003e7109c0
RIP=000000003e709504 RFL=00000293 [--S-A-C] CPL=0 II=0 A20=1 SMM=0 HLT=0
ES =0030 0000000000000000 ffffffff 00cf9300 DPL=0 DS   [-WA]
CS =0038 0000000000000000 ffffffff 00af9a00 DPL=0 CS64 [-R-]
SS =0030 0000000000000000 ffffffff 00cf9300 DPL=0 DS   [-WA]
DS =0030 0000000000000000 ffffffff 00cf9300 DPL=0 DS   [-WA]
FS =0030 0000000000000000 ffffffff 00cf9300 DPL=0 DS   [-WA]
GS =0030 0000000000000000 ffffffff 00cf9300 DPL=0 DS   [-WA]
LDT=0000 0000000000000000 0000ffff 00008200 DPL=0 LDT
TR =0000 0000000000000000 0000ffff 00008b00 DPL=0 TSS64-busy
GDT=     000000003f5dc000 00000047
IDT=     000000003efa3018 00000fff
CR0=80010033 CR2=0000000000000000 CR3=000000003f801000 CR4=00000668
DR0=0000000000000000 DR1=0000000000000000 DR2=0000000000000000 DR3=0000000000000000 
DR6=00000000ffff0ff0 DR7=0000000000000400
CCS=0000000000000091 CCD=000000003e5bfefe CCO=EFLAGS
EFER=0000000000000d00
Servicing hardware INT=0x20
    59: v=20 e=0000 i=0 cpl=0 IP=0038:000000003fe6662e pc=000000003fe6662e SP=0030:000000003fe657f0 env->regs[R_EAX]=000000003e660698
RAX=000000003e660698 RBX=000000003e6606a0 RCX=0000000000000010 RDX=000000003e770bb0
RSI=0000000000000010 RDI=000000003e7b6318 RBP=000000003fe65810 RSP=000000003fe657f0
R8 =000000003fe658d8 R9 =000000003e7b6318 R10=000000000000004e R11=0000000000000000
R12=000000003e7b6318 R13=000000003fe8a250 R14=000000003fe844d1 R15=000000003e770bb0
RIP=000000003fe6662e RFL=00000246 [---Z-P-] CPL=0 II=0 A20=1 SMM=0 HLT=0
ES =0030 0000000000000000 ffffffff 00cf9300 DPL=0 DS   [-WA]
CS =0038 0000000000000000 ffffffff 00af9a00 DPL=0 CS64 [-R-]
SS =0030 0000000000000000 ffffffff 00cf9300 DPL=0 DS   [-WA]
DS =0030 0000000000000000 ffffffff 00cf9300 DPL=0 DS   [-WA]
FS =0030 0000000000000000 ffffffff 00cf9300 DPL=0 DS   [-WA]
GS =0030 0000000000000000 ffffffff 00cf9300 DPL=0 DS   [-WA]
LDT=0000 0000000000000000 0000ffff 00008200 DPL=0 LDT
TR =0000 0000000000000000 0000ffff 00008b00 DPL=0 TSS64-busy
GDT=     000000003f5dc000 00000047
IDT=     000000003efa3018 00000fff
CR0=80010033 CR2=0000000000000000 CR3=000000003f801000 CR4=00000668
DR0=0000000000000000 DR1=0000000000000000 DR2=0000000000000000 DR3=0000000000000000 
DR6=00000000ffff0ff0 DR7=0000000000000400
CCS=0000000000000044 CCD=0000000000000000 CCO=EFLAGS
EFER=0000000000000d00
Servicing hardware INT=0x20
    60: v=20 e=0000 i=0 cpl=0 IP=0038:000000003e63e11a pc=000000003e63e11a SP=0030:000000003fe654c0 env->regs[R_EAX]=0000000000000000
RAX=0000000000000000 RBX=0000000000000000 RCX=00000000000c0001 RDX=0000000080000000
RSI=0000000000000004 RDI=00000000800e7ffc RBP=000000003fe65560 RSP=000000003fe654c0
R8 =0000000000000000 R9 =0000000000000000 R10=0000000000000064 R11=0000000000000000
R12=00000000803e8000 R13=00000000003e8000 R14=0000000000000000 R15=0000000000000320
RIP=000000003e63e11a RFL=00010246 [---Z-P-] CPL=0 II=0 A20=1 SMM=0 HLT=0
ES =0030 0000000000000000 ffffffff 00cf9300 DPL=0 DS   [-WA]
CS =0038 0000000000000000 ffffffff 00af9a00 DPL=0 CS64 [-R-]
SS =0030 0000000000000000 ffffffff 00cf9300 DPL=0 DS   [-WA]
DS =0030 0000000000000000 ffffffff 00cf9300 DPL=0 DS   [-WA]
FS =0030 0000000000000000 ffffffff 00cf9300 DPL=0 DS   [-WA]
GS =0030 0000000000000000 ffffffff 00cf9300 DPL=0 DS   [-WA]
LDT=0000 0000000000000000 0000ffff 00008200 DPL=0 LDT
TR =0000 0000000000000000 0000ffff 00008b00 DPL=0 TSS64-busy
GDT=     000000003f5dc000 00000047
IDT=     000000003efa3018 00000fff
CR0=80010033 CR2=0000000000000000 CR3=000000003f801000 CR4=00000668
DR0=0000000000000000 DR1=0000000000000000 DR2=0000000000000000 DR3=0000000000000000 
DR6=00000000ffff0ff0 DR7=0000000000000400
CCS=0000000000000044 CCD=0000000000000000 CCO=EFLAGS
EFER=0000000000000d00
Servicing hardware INT=0x20
    61: v=20 e=0000 i=0 cpl=0 IP=0038:000000003e6dee6d pc=000000003e6dee6d SP=0030:000000003fe657d0 env->regs[R_EAX]=0000000000000063
RAX=0000000000000063 RBX=000000000065eaff RCX=000000000000b008 RDX=000000000065ea9c
RSI=000000003fe658af RDI=000000003e5b6018 RBP=000000003fe65800 RSP=000000003fe657d0
R8 =0000000000000004 R9 =0000000000000064 R10=000000000000004f R11=000000003e73d980
R12=0000000000000817 R13=000000003fe658af R14=000000003e6e2bd0 R15=0000000000000001
RIP=000000003e6dee6d RFL=00000206 [-----P-] CPL=0 II=0 A20=1 SMM=0 HLT=0
ES =0030 0000000000000000 ffffffff 00cf9300 DPL=0 DS   [-WA]
CS =0038 0000000000000000 ffffffff 00af9a00 DPL=0 CS64 [-R-]
SS =0030 0000000000000000 ffffffff 00cf9300 DPL=0 DS   [-WA]
DS =0030 0000000000000000 ffffffff 00cf9300 DPL=0 DS   [-WA]
FS =0030 0000000000000000 ffffffff 00cf9300 DPL=0 DS   [-WA]
GS =0030 0000000000000000 ffffffff 00cf9300 DPL=0 DS   [-WA]
LDT=0000 0000000000000000 0000ffff 00008200 DPL=0 LDT
TR =0000 0000000000000000 0000ffff 00008b00 DPL=0 TSS64-busy
GDT=     000000003f5dc000 00000047
IDT=     000000003efa3018 00000fff
CR0=80010033 CR2=0000000000000000 CR3=000000003f801000 CR4=00000668
DR0=0000000000000000 DR1=0000000000000000 DR2=0000000000000000 DR3=0000000000000000 
DR6=00000000ffff0ff0 DR7=0000000000000400
CCS=0000000000000004 CCD=0000000000000063 CCO=EFLAGS
EFER=0000000000000d00
Servicing hardware INT=0x20
    62: v=20 e=0000 i=0 cpl=0 IP=0038:000000003e6dee6d pc=000000003e6dee6d SP=0030:000000003fe657d0 env->regs[R_EAX]=000000000000002c
RAX=000000000000002c RBX=0000000000667864 RCX=000000000000b008 RDX=0000000000667838
RSI=000000003fe658af RDI=000000003e5b6018 RBP=000000003fe65800 RSP=000000003fe657d0
R8 =0000000000000004 R9 =0000000000000064 R10=000000000000004f R11=000000003e73d980
R12=00000000000006e6 R13=000000003fe658af R14=000000003e6e2bd0 R15=0000000000000001
RIP=000000003e6dee6d RFL=00000202 [-------] CPL=0 II=0 A20=1 SMM=0 HLT=0
ES =0030 0000000000000000 ffffffff 00cf9300 DPL=0 DS   [-WA]
CS =0038 0000000000000000 ffffffff 00af9a00 DPL=0 CS64 [-R-]
SS =0030 0000000000000000 ffffffff 00cf9300 DPL=0 DS   [-WA]
DS =0030 0000000000000000 ffffffff 00cf9300 DPL=0 DS   [-WA]
FS =0030 0000000000000000 ffffffff 00cf9300 DPL=0 DS   [-WA]
GS =0030 0000000000000000 ffffffff 00cf9300 DPL=0 DS   [-WA]
LDT=0000 0000000000000000 0000ffff 00008200 DPL=0 LDT
TR =0000 0000000000000000 0000ffff 00008b00 DPL=0 TSS64-busy
GDT=     000000003f5dc000 00000047
IDT=     000000003efa3018 00000fff
CR0=80010033 CR2=0000000000000000 CR3=000000003f801000 CR4=00000668
DR0=0000000000000000 DR1=0000000000000000 DR2=0000000000000000 DR3=0000000000000000 
DR6=00000000ffff0ff0 DR7=0000000000000400
CCS=0000000000000000 CCD=000000000000002c CCO=EFLAGS
EFER=0000000000000d00
Servicing hardware INT=0x20
    63: v=20 e=0000 i=0 cpl=0 IP=0038:000000003e6dee6d pc=000000003e6dee6d SP=0030:000000003fe657d0 env->regs[R_EAX]=0000000000000008
RAX=0000000000000008 RBX=000000000066fdce RCX=000000000000b008 RDX=000000000066fdc6
RSI=000000003fe658af RDI=000000003e5b6018 RBP=000000003fe65800 RSP=000000003fe657d0
R8 =0000000000000004 R9 =0000000000000064 R10=000000000000004f R11=000000003e73d980
R12=00000000000005c6 R13=000000003fe658af R14=000000003e6e2bd0 R15=0000000000000001
RIP=000000003e6dee6d RFL=00000202 [-------] CPL=0 II=0 A20=1 SMM=0 HLT=0
ES =0030 0000000000000000 ffffffff 00cf9300 DPL=0 DS   [-WA]
CS =0038 0000000000000000 ffffffff 00af9a00 DPL=0 CS64 [-R-]
SS =0030 0000000000000000 ffffffff 00cf9300 DPL=0 DS   [-WA]
DS =0030 0000000000000000 ffffffff 00cf9300 DPL=0 DS   [-WA]
FS =0030 0000000000000000 ffffffff 00cf9300 DPL=0 DS   [-WA]
GS =0030 0000000000000000 ffffffff 00cf9300 DPL=0 DS   [-WA]
LDT=0000 0000000000000000 0000ffff 00008200 DPL=0 LDT
TR =0000 0000000000000000 0000ffff 00008b00 DPL=0 TSS64-busy
GDT=     000000003f5dc000 00000047
IDT=     000000003efa3018 00000fff
CR0=80010033 CR2=0000000000000000 CR3=000000003f801000 CR4=00000668
DR0=0000000000000000 DR1=0000000000000000 DR2=0000000000000000 DR3=0000000000000000 
DR6=00000000ffff0ff0 DR7=0000000000000400
CCS=0000000000000000 CCD=0000000000000008 CCO=EFLAGS
EFER=0000000000000d00
Servicing hardware INT=0x20
    64: v=20 e=0000 i=0 cpl=0 IP=0038:000000003e6dee6d pc=000000003e6dee6d SP=0030:000000003fe657d0 env->regs[R_EAX]=000000000000004c
RAX=000000000000004c RBX=000000000067910a RCX=000000000000b008 RDX=00000000006790be
RSI=000000003fe658af RDI=000000003e5b6018 RBP=000000003fe65800 RSP=000000003fe657d0
R8 =0000000000000004 R9 =0000000000000064 R10=000000000000004f R11=000000003e73d980
R12=000000000000047e R13=000000003fe658af R14=000000003e6e2bd0 R15=0000000000000001
RIP=000000003e6dee6d RFL=00000202 [-------] CPL=0 II=0 A20=1 SMM=0 HLT=0
ES =0030 0000000000000000 ffffffff 00cf9300 DPL=0 DS   [-WA]
CS =0038 0000000000000000 ffffffff 00af9a00 DPL=0 CS64 [-R-]
SS =0030 0000000000000000 ffffffff 00cf9300 DPL=0 DS   [-WA]
DS =0030 0000000000000000 ffffffff 00cf9300 DPL=0 DS   [-WA]
FS =0030 0000000000000000 ffffffff 00cf9300 DPL=0 DS   [-WA]
GS =0030 0000000000000000 ffffffff 00cf9300 DPL=0 DS   [-WA]
LDT=0000 0000000000000000 0000ffff 00008200 DPL=0 LDT
TR =0000 0000000000000000 0000ffff 00008b00 DPL=0 TSS64-busy
GDT=     000000003f5dc000 00000047
IDT=     000000003efa3018 00000fff
CR0=80010033 CR2=0000000000000000 CR3=000000003f801000 CR4=00000668
DR0=0000000000000000 DR1=0000000000000000 DR2=0000000000000000 DR3=0000000000000000 
DR6=00000000ffff0ff0 DR7=0000000000000400
CCS=0000000000000000 CCD=000000000000004c CCO=EFLAGS
EFER=0000000000000d00
Servicing hardware INT=0x20
    65: v=20 e=0000 i=0 cpl=0 IP=0038:000000003e6dee6d pc=000000003e6dee6d SP=0030:000000003fe657d0 env->regs[R_EAX]=0000000000000029
RAX=0000000000000029 RBX=0000000000680f9e RCX=000000000000b008 RDX=0000000000680f75
RSI=000000003fe658af RDI=000000003e5b6018 RBP=000000003fe65800 RSP=000000003fe657d0
R8 =0000000000000004 R9 =0000000000000064 R10=000000000000004f R11=000000003e73d980
R12=000000000000035e R13=000000003fe658af R14=000000003e6e2bd0 R15=0000000000000001
RIP=000000003e6dee6d RFL=00000202 [-------] CPL=0 II=0 A20=1 SMM=0 HLT=0
ES =0030 0000000000000000 ffffffff 00cf9300 DPL=0 DS   [-WA]
CS =0038 0000000000000000 ffffffff 00af9a00 DPL=0 CS64 [-R-]
SS =0030 0000000000000000 ffffffff 00cf9300 DPL=0 DS   [-WA]
DS =0030 0000000000000000 ffffffff 00cf9300 DPL=0 DS   [-WA]
FS =0030 0000000000000000 ffffffff 00cf9300 DPL=0 DS   [-WA]
GS =0030 0000000000000000 ffffffff 00cf9300 DPL=0 DS   [-WA]
LDT=0000 0000000000000000 0000ffff 00008200 DPL=0 LDT
TR =0000 0000000000000000 0000ffff 00008b00 DPL=0 TSS64-busy
GDT=     000000003f5dc000 00000047
IDT=     000000003efa3018 00000fff
CR0=80010033 CR2=0000000000000000 CR3=000000003f801000 CR4=00000668
DR0=0000000000000000 DR1=0000000000000000 DR2=0000000000000000 DR3=0000000000000000 
DR6=00000000ffff0ff0 DR7=0000000000000400
CCS=0000000000000000 CCD=0000000000000029 CCO=EFLAGS
EFER=0000000000000d00
Servicing hardware INT=0x20
    66: v=20 e=0000 i=0 cpl=0 IP=0038:000000003e6dee6d pc=000000003e6dee6d SP=0030:000000003fe657d0 env->regs[R_EAX]=0000000000000016
RAX=0000000000000016 RBX=000000000068a277 RCX=000000000000b008 RDX=000000000068a261
RSI=000000003fe658af RDI=000000003e5b6018 RBP=000000003fe65800 RSP=000000003fe657d0
R8 =0000000000000004 R9 =0000000000000064 R10=000000000000004f R11=000000003e73d980
R12=0000000000000210 R13=000000003fe658af R14=000000003e6e2bd0 R15=0000000000000001
RIP=000000003e6dee6d RFL=00000202 [-------] CPL=0 II=0 A20=1 SMM=0 HLT=0
ES =0030 0000000000000000 ffffffff 00cf9300 DPL=0 DS   [-WA]
CS =0038 0000000000000000 ffffffff 00af9a00 DPL=0 CS64 [-R-]
SS =0030 0000000000000000 ffffffff 00cf9300 DPL=0 DS   [-WA]
DS =0030 0000000000000000 ffffffff 00cf9300 DPL=0 DS   [-WA]
FS =0030 0000000000000000 ffffffff 00cf9300 DPL=0 DS   [-WA]
GS =0030 0000000000000000 ffffffff 00cf9300 DPL=0 DS   [-WA]
LDT=0000 0000000000000000 0000ffff 00008200 DPL=0 LDT
TR =0000 0000000000000000 0000ffff 00008b00 DPL=0 TSS64-busy
GDT=     000000003f5dc000 00000047
IDT=     000000003efa3018 00000fff
CR0=80010033 CR2=0000000000000000 CR3=000000003f801000 CR4=00000668
DR0=0000000000000000 DR1=0000000000000000 DR2=0000000000000000 DR3=0000000000000000 
DR6=00000000ffff0ff0 DR7=0000000000000400
CCS=0000000000000000 CCD=0000000000000016 CCO=EFLAGS
EFER=0000000000000d00
Servicing hardware INT=0x20
    67: v=20 e=0000 i=0 cpl=0 IP=0038:000000003e6dee6d pc=000000003e6dee6d SP=0030:000000003fe657d0 env->regs[R_EAX]=0000000000000056
RAX=0000000000000056 RBX=00000000006927da RCX=000000000000b008 RDX=0000000000692784
RSI=000000003fe658af RDI=000000003e5b6018 RBP=000000003fe65800 RSP=000000003fe657d0
R8 =0000000000000004 R9 =0000000000000064 R10=000000000000004f R11=000000003e73d980
R12=00000000000000e3 R13=000000003fe658af R14=000000003e6e2bd0 R15=0000000000000001
RIP=000000003e6dee6d RFL=00000206 [-----P-] CPL=0 II=0 A20=1 SMM=0 HLT=0
ES =0030 0000000000000000 ffffffff 00cf9300 DPL=0 DS   [-WA]
CS =0038 0000000000000000 ffffffff 00af9a00 DPL=0 CS64 [-R-]
SS =0030 0000000000000000 ffffffff 00cf9300 DPL=0 DS   [-WA]
DS =0030 0000000000000000 ffffffff 00cf9300 DPL=0 DS   [-WA]
FS =0030 0000000000000000 ffffffff 00cf9300 DPL=0 DS   [-WA]
GS =0030 0000000000000000 ffffffff 00cf9300 DPL=0 DS   [-WA]
LDT=0000 0000000000000000 0000ffff 00008200 DPL=0 LDT
TR =0000 0000000000000000 0000ffff 00008b00 DPL=0 TSS64-busy
GDT=     000000003f5dc000 00000047
IDT=     000000003efa3018 00000fff
CR0=80010033 CR2=0000000000000000 CR3=000000003f801000 CR4=00000668
DR0=0000000000000000 DR1=0000000000000000 DR2=0000000000000000 DR3=0000000000000000 
DR6=00000000ffff0ff0 DR7=0000000000000400
CCS=0000000000000004 CCD=0000000000000056 CCO=EFLAGS
EFER=0000000000000d00
Servicing hardware INT=0x20
    68: v=20 e=0000 i=0 cpl=0 IP=0038:000000003e6de516 pc=000000003e6de516 SP=0030:000000003fe65800 env->regs[R_EAX]=000000003e5b7900
RAX=000000003e5b7900 RBX=000000003e5b6018 RCX=0000000000000010 RDX=000000003e7b8800
RSI=000000003e7b8840 RDI=000000003e7264e0 RBP=000000003fe65870 RSP=000000003fe65800
R8 =000000003e78cdb5 R9 =000000003e7b86a0 R10=000000003ea42394 R11=0000000000000004
R12=000000003e5b8b38 R13=000000003e7b8828 R14=000000003e78cdb5 R15=000000003e5b8b18
RIP=000000003e6de516 RFL=00000246 [---Z-P-] CPL=0 II=0 A20=1 SMM=0 HLT=0
ES =0030 0000000000000000 ffffffff 00cf9300 DPL=0 DS   [-WA]
CS =0038 0000000000000000 ffffffff 00af9a00 DPL=0 CS64 [-R-]
SS =0030 0000000000000000 ffffffff 00cf9300 DPL=0 DS   [-WA]
DS =0030 0000000000000000 ffffffff 00cf9300 DPL=0 DS   [-WA]
FS =0030 0000000000000000 ffffffff 00cf9300 DPL=0 DS   [-WA]
GS =0030 0000000000000000 ffffffff 00cf9300 DPL=0 DS   [-WA]
LDT=0000 0000000000000000 0000ffff 00008200 DPL=0 LDT
TR =0000 0000000000000000 0000ffff 00008b00 DPL=0 TSS64-busy
GDT=     000000003f5dc000 00000047
IDT=     000000003efa3018 00000fff
CR0=80010033 CR2=0000000000000000 CR3=000000003f801000 CR4=00000668
DR0=0000000000000000 DR1=0000000000000000 DR2=0000000000000000 DR3=0000000000000000 
DR6=00000000ffff0ff0 DR7=0000000000000400
CCS=0000000000000044 CCD=0000000000000000 CCO=EFLAGS
EFER=0000000000000d00
Servicing hardware INT=0x20
    69: v=20 e=0000 i=0 cpl=0 IP=0038:000000003e6d9c18 pc=000000003e6d9c18 SP=0030:000000003fe65598 env->regs[R_EAX]=000000003e5b4018
RAX=000000003e5b4018 RBX=0000000000000000 RCX=0000000000000000 RDX=000000003e6dc020
RSI=000000003e6dc1b0 RDI=000000003e5b41a8 RBP=000000003fe658f0 RSP=000000003fe65598
R8 =0000000000000000 R9 =000000003e6dc1af R10=0000000000000007 R11=0000000000000000
R12=000000003e5b5c18 R13=0000000000000000 R14=000000003e6dbf40 R15=0000000000000001
RIP=000000003e6d9c18 RFL=00000202 [-------] CPL=0 II=0 A20=1 SMM=0 HLT=0
ES =0030 0000000000000000 ffffffff 00cf9300 DPL=0 DS   [-WA]
CS =0038 0000000000000000 ffffffff 00af9a00 DPL=0 CS64 [-R-]
SS =0030 0000000000000000 ffffffff 00cf9300 DPL=0 DS   [-WA]
DS =0030 0000000000000000 ffffffff 00cf9300 DPL=0 DS   [-WA]
FS =0030 0000000000000000 ffffffff 00cf9300 DPL=0 DS   [-WA]
GS =0030 0000000000000000 ffffffff 00cf9300 DPL=0 DS   [-WA]
LDT=0000 0000000000000000 0000ffff 00008200 DPL=0 LDT
TR =0000 0000000000000000 0000ffff 00008b00 DPL=0 TSS64-busy
GDT=     000000003f5dc000 00000047
IDT=     000000003efa3018 00000fff
CR0=80010033 CR2=0000000000000000 CR3=000000003f801000 CR4=00000668
DR0=0000000000000000 DR1=0000000000000000 DR2=0000000000000000 DR3=0000000000000000 
DR6=00000000ffff0ff0 DR7=0000000000000400
CCS=0000000000000000 CCD=0000000000000032 CCO=EFLAGS
EFER=0000000000000d00
Servicing hardware INT=0x20
    70: v=20 e=0000 i=0 cpl=0 IP=0038:000000003e6d4951 pc=000000003e6d4951 SP=0030:000000003fe655a8 env->regs[R_EAX]=0000000000000000
RAX=0000000000000000 RBX=000000003e5b4018 RCX=000000003e5b4018 RDX=0000000000000001
RSI=000000003e5b40e8 RDI=000000003e5b9720 RBP=000000003fe658f0 RSP=000000003fe655a8
R8 =0000000000000000 R9 =000000003fe656b0 R10=0000000000000000 R11=0000000000000000
R12=0000000000000000 R13=0000000000000014 R14=00000000ffffffe0 R15=0000000000000000
RIP=000000003e6d4951 RFL=00000246 [---Z-P-] CPL=0 II=0 A20=1 SMM=0 HLT=0
ES =0030 0000000000000000 ffffffff 00cf9300 DPL=0 DS   [-WA]
CS =0038 0000000000000000 ffffffff 00af9a00 DPL=0 CS64 [-R-]
SS =0030 0000000000000000 ffffffff 00cf9300 DPL=0 DS   [-WA]
DS =0030 0000000000000000 ffffffff 00cf9300 DPL=0 DS   [-WA]
FS =0030 0000000000000000 ffffffff 00cf9300 DPL=0 DS   [-WA]
GS =0030 0000000000000000 ffffffff 00cf9300 DPL=0 DS   [-WA]
LDT=0000 0000000000000000 0000ffff 00008200 DPL=0 LDT
TR =0000 0000000000000000 0000ffff 00008b00 DPL=0 TSS64-busy
GDT=     000000003f5dc000 00000047
IDT=     000000003efa3018 00000fff
CR0=80010033 CR2=0000000000000000 CR3=000000003f801000 CR4=00000668
DR0=0000000000000000 DR1=0000000000000000 DR2=0000000000000000 DR3=0000000000000000 
DR6=00000000ffff0ff0 DR7=0000000000000400
CCS=0000000000000044 CCD=0000000000000100 CCO=EFLAGS
EFER=0000000000000d00
Servicing hardware INT=0x20
    71: v=20 e=0000 i=0 cpl=0 IP=0038:000000003e6d3862 pc=000000003e6d3862 SP=0030:000000003fe65530 env->regs[R_EAX]=0000000000000508
RAX=0000000000000508 RBX=0000000000000190 RCX=000000000000b008 RDX=00000000006b6563
RSI=00000000006b6a6b RDI=000000003fe65688 RBP=000000003fe65560 RSP=000000003fe65530
R8 =000000003fe65580 R9 =0000000000000177 R10=0000000000000000 R11=0000000000000000
R12=0000000000007531 R13=0000000000000000 R14=000000003e5b40a0 R15=00000000ffffff00
RIP=000000003e6d3862 RFL=00000202 [-------] CPL=0 II=0 A20=1 SMM=0 HLT=0
ES =0030 0000000000000000 ffffffff 00cf9300 DPL=0 DS   [-WA]
CS =0038 0000000000000000 ffffffff 00af9a00 DPL=0 CS64 [-R-]
SS =0030 0000000000000000 ffffffff 00cf9300 DPL=0 DS   [-WA]
DS =0030 0000000000000000 ffffffff 00cf9300 DPL=0 DS   [-WA]
FS =0030 0000000000000000 ffffffff 00cf9300 DPL=0 DS   [-WA]
GS =0030 0000000000000000 ffffffff 00cf9300 DPL=0 DS   [-WA]
LDT=0000 0000000000000000 0000ffff 00008200 DPL=0 LDT
TR =0000 0000000000000000 0000ffff 00008b00 DPL=0 TSS64-busy
GDT=     000000003f5dc000 00000047
IDT=     000000003efa3018 00000fff
CR0=80010033 CR2=0000000000000000 CR3=000000003f801000 CR4=00000668
DR0=0000000000000000 DR1=0000000000000000 DR2=0000000000000000 DR3=0000000000000000 
DR6=00000000ffff0ff0 DR7=0000000000000400
CCS=0000000000000000 CCD=0000000000000508 CCO=EFLAGS
EFER=0000000000000d00
Servicing hardware INT=0x20
    72: v=20 e=0000 i=0 cpl=0 IP=0038:000000003e6ee28c pc=000000003e6ee28c SP=0030:000000003fe655b0 env->regs[R_EAX]=0000000000000000
RAX=0000000000000000 RBX=8000000000000006 RCX=0000000000400000 RDX=000000003e6f19eb
RSI=000000003e4c1f18 RDI=000000003e4c1198 RBP=000000003fe656b0 RSP=000000003fe655b0
R8 =0000000000000001 R9 =0000000000000005 R10=0000000000000005 R11=0000000000000006
R12=0000000000000000 R13=000000003e4c1198 R14=8000000000000007 R15=000000003e4c1f03
RIP=000000003e6ee28c RFL=00000246 [---Z-P-] CPL=0 II=0 A20=1 SMM=0 HLT=0
ES =0030 0000000000000000 ffffffff 00cf9300 DPL=0 DS   [-WA]
CS =0038 0000000000000000 ffffffff 00af9a00 DPL=0 CS64 [-R-]
SS =0030 0000000000000000 ffffffff 00cf9300 DPL=0 DS   [-WA]
DS =0030 0000000000000000 ffffffff 00cf9300 DPL=0 DS   [-WA]
FS =0030 0000000000000000 ffffffff 00cf9300 DPL=0 DS   [-WA]
GS =0030 0000000000000000 ffffffff 00cf9300 DPL=0 DS   [-WA]
LDT=0000 0000000000000000 0000ffff 00008200 DPL=0 LDT
TR =0000 0000000000000000 0000ffff 00008b00 DPL=0 TSS64-busy
GDT=     000000003f5dc000 00000047
IDT=     000000003efa3018 00000fff
CR0=80010033 CR2=0000000000000000 CR3=000000003f801000 CR4=00000668
DR0=0000000000000000 DR1=0000000000000000 DR2=0000000000000000 DR3=0000000000000000 
DR6=00000000ffff0ff0 DR7=0000000000000400
CCS=0000000000000044 CCD=0000000000000000 CCO=EFLAGS
EFER=0000000000000d00
Servicing hardware INT=0x20
    73: v=20 e=0000 i=0 cpl=0 IP=0038:000000003e6d3862 pc=000000003e6d3862 SP=0030:000000003fe65020 env->regs[R_EAX]=0000000000000021
RAX=0000000000000021 RBX=000000000000000a RCX=000000000000b008 RDX=00000000006c7704
RSI=00000000006c7725 RDI=000000003e666028 RBP=000000003fe65050 RSP=000000003fe65020
R8 =000000003fe650f2 R9 =0000000000000170 R10=0000000000000000 R11=0000000000000001
R12=000000003fe650f2 R13=0000000000000005 R14=000000003e5b402c R15=0000000000000000
RIP=000000003e6d3862 RFL=00000206 [-----P-] CPL=0 II=0 A20=1 SMM=0 HLT=0
ES =0030 0000000000000000 ffffffff 00cf9300 DPL=0 DS   [-WA]
CS =0038 0000000000000000 ffffffff 00af9a00 DPL=0 CS64 [-R-]
SS =0030 0000000000000000 ffffffff 00cf9300 DPL=0 DS   [-WA]
DS =0030 0000000000000000 ffffffff 00cf9300 DPL=0 DS   [-WA]
FS =0030 0000000000000000 ffffffff 00cf9300 DPL=0 DS   [-WA]
GS =0030 0000000000000000 ffffffff 00cf9300 DPL=0 DS   [-WA]
LDT=0000 0000000000000000 0000ffff 00008200 DPL=0 LDT
TR =0000 0000000000000000 0000ffff 00008b00 DPL=0 TSS64-busy
GDT=     000000003f5dc000 00000047
IDT=     000000003efa3018 00000fff
CR0=80010033 CR2=0000000000000000 CR3=000000003f801000 CR4=00000668
DR0=0000000000000000 DR1=0000000000000000 DR2=0000000000000000 DR3=0000000000000000 
DR6=00000000ffff0ff0 DR7=0000000000000400
CCS=0000000000000004 CCD=0000000000000021 CCO=EFLAGS
EFER=0000000000000d00
Servicing hardware INT=0x20
    74: v=20 e=0000 i=0 cpl=0 IP=0038:000000003e6cc353 pc=000000003e6cc353 SP=0030:000000003fe653f8 env->regs[R_EAX]=0000000000000008
RAX=0000000000000008 RBX=8000000000000002 RCX=0000000000000001 RDX=0000000000000000
RSI=000000003e4c0218 RDI=000000003e5b3018 RBP=000000003fe65450 RSP=000000003fe653f8
R8 =0000000000000000 R9 =0000000000000000 R10=000000003e4c0218 R11=000000003e73d980
R12=0000000000000000 R13=0000000000000008 R14=000000003e5b3018 R15=0000000000000001
RIP=000000003e6cc353 RFL=00000206 [-----P-] CPL=0 II=0 A20=1 SMM=0 HLT=0
ES =0030 0000000000000000 ffffffff 00cf9300 DPL=0 DS   [-WA]
CS =0038 0000000000000000 ffffffff 00af9a00 DPL=0 CS64 [-R-]
SS =0030 0000000000000000 ffffffff 00cf9300 DPL=0 DS   [-WA]
DS =0030 0000000000000000 ffffffff 00cf9300 DPL=0 DS   [-WA]
FS =0030 0000000000000000 ffffffff 00cf9300 DPL=0 DS   [-WA]
GS =0030 0000000000000000 ffffffff 00cf9300 DPL=0 DS   [-WA]
LDT=0000 0000000000000000 0000ffff 00008200 DPL=0 LDT
TR =0000 0000000000000000 0000ffff 00008b00 DPL=0 TSS64-busy
GDT=     000000003f5dc000 00000047
IDT=     000000003efa3018 00000fff
CR0=80010033 CR2=0000000000000000 CR3=000000003f801000 CR4=00000668
DR0=0000000000000000 DR1=0000000000000000 DR2=0000000000000000 DR3=0000000000000000 
DR6=00000000ffff0ff0 DR7=0000000000000400
CCS=0000000000000004 CCD=000000003fe65400 CCO=EFLAGS
EFER=0000000000000d00
Servicing hardware INT=0x20
    75: v=20 e=0000 i=0 cpl=0 IP=0038:000000003e6d3862 pc=000000003e6d3862 SP=0030:000000003fe65120 env->regs[R_EAX]=00000000000024f6
RAX=00000000000024f6 RBX=0000000000002710 RCX=000000000000b008 RDX=00000000006d89d3
RSI=00000000006daec9 RDI=000000003e5b40d4 RBP=000000003fe65150 RSP=000000003fe65120
R8 =000000003fe65170 R9 =00000000000003f6 R10=0000000000000000 R11=0000000000000000
R12=000000000000c042 R13=0000000000000011 R14=000000000000c040 R15=0000000000000000
RIP=000000003e6d3862 RFL=00000206 [-----P-] CPL=0 II=0 A20=1 SMM=0 HLT=0
ES =0030 0000000000000000 ffffffff 00cf9300 DPL=0 DS   [-WA]
CS =0038 0000000000000000 ffffffff 00af9a00 DPL=0 CS64 [-R-]
SS =0030 0000000000000000 ffffffff 00cf9300 DPL=0 DS   [-WA]
DS =0030 0000000000000000 ffffffff 00cf9300 DPL=0 DS   [-WA]
FS =0030 0000000000000000 ffffffff 00cf9300 DPL=0 DS   [-WA]
GS =0030 0000000000000000 ffffffff 00cf9300 DPL=0 DS   [-WA]
LDT=0000 0000000000000000 0000ffff 00008200 DPL=0 LDT
TR =0000 0000000000000000 0000ffff 00008b00 DPL=0 TSS64-busy
GDT=     000000003f5dc000 00000047
IDT=     000000003efa3018 00000fff
CR0=80010033 CR2=0000000000000000 CR3=000000003f801000 CR4=00000668
DR0=0000000000000000 DR1=0000000000000000 DR2=0000000000000000 DR3=0000000000000000 
DR6=00000000ffff0ff0 DR7=0000000000000400
CCS=0000000000000004 CCD=00000000000024f6 CCO=EFLAGS
EFER=0000000000000d00
Servicing hardware INT=0x20
    76: v=20 e=0000 i=0 cpl=0 IP=0038:000000003e6d3862 pc=000000003e6d3862 SP=0030:000000003fe64f70 env->regs[R_EAX]=0000000000003445
RAX=0000000000003445 RBX=0000000000002710 RCX=000000000000b008 RDX=00000000006e1c34
RSI=00000000006e5079 RDI=000000003e5b40d4 RBP=000000003fe64fa0 RSP=000000003fe64f70
R8 =000000003fe64fc0 R9 =00000000000003f6 R10=0000000000000000 R11=0000000000000000
R12=000000000000c042 R13=0000000000000011 R14=000000000000c040 R15=0000000000000000
RIP=000000003e6d3862 RFL=00000202 [-------] CPL=0 II=0 A20=1 SMM=0 HLT=0
ES =0030 0000000000000000 ffffffff 00cf9300 DPL=0 DS   [-WA]
CS =0038 0000000000000000 ffffffff 00af9a00 DPL=0 CS64 [-R-]
SS =0030 0000000000000000 ffffffff 00cf9300 DPL=0 DS   [-WA]
DS =0030 0000000000000000 ffffffff 00cf9300 DPL=0 DS   [-WA]
FS =0030 0000000000000000 ffffffff 00cf9300 DPL=0 DS   [-WA]
GS =0030 0000000000000000 ffffffff 00cf9300 DPL=0 DS   [-WA]
LDT=0000 0000000000000000 0000ffff 00008200 DPL=0 LDT
TR =0000 0000000000000000 0000ffff 00008b00 DPL=0 TSS64-busy
GDT=     000000003f5dc000 00000047
IDT=     000000003efa3018 00000fff
CR0=80010033 CR2=0000000000000000 CR3=000000003f801000 CR4=00000668
DR0=0000000000000000 DR1=0000000000000000 DR2=0000000000000000 DR3=0000000000000000 
DR6=00000000ffff0ff0 DR7=0000000000000400
CCS=0000000000000000 CCD=0000000000003445 CCO=EFLAGS
EFER=0000000000000d00
Servicing hardware INT=0x20
    77: v=20 e=0000 i=0 cpl=0 IP=0038:000000003e6d3862 pc=000000003e6d3862 SP=0030:000000003fe64f70 env->regs[R_EAX]=0000000000004676
RAX=0000000000004676 RBX=0000000000002710 RCX=000000000000b008 RDX=00000000006ea939
RSI=00000000006eefaf RDI=000000003e5b40d4 RBP=000000003fe64fa0 RSP=000000003fe64f70
R8 =000000003fe64fc0 R9 =00000000000003f6 R10=0000000000000000 R11=0000000000000000
R12=000000000000c042 R13=0000000000000011 R14=000000000000c040 R15=0000000000000000
RIP=000000003e6d3862 RFL=00000202 [-------] CPL=0 II=0 A20=1 SMM=0 HLT=0
ES =0030 0000000000000000 ffffffff 00cf9300 DPL=0 DS   [-WA]
CS =0038 0000000000000000 ffffffff 00af9a00 DPL=0 CS64 [-R-]
SS =0030 0000000000000000 ffffffff 00cf9300 DPL=0 DS   [-WA]
DS =0030 0000000000000000 ffffffff 00cf9300 DPL=0 DS   [-WA]
FS =0030 0000000000000000 ffffffff 00cf9300 DPL=0 DS   [-WA]
GS =0030 0000000000000000 ffffffff 00cf9300 DPL=0 DS   [-WA]
LDT=0000 0000000000000000 0000ffff 00008200 DPL=0 LDT
TR =0000 0000000000000000 0000ffff 00008b00 DPL=0 TSS64-busy
GDT=     000000003f5dc000 00000047
IDT=     000000003efa3018 00000fff
CR0=80010033 CR2=0000000000000000 CR3=000000003f801000 CR4=00000668
DR0=0000000000000000 DR1=0000000000000000 DR2=0000000000000000 DR3=0000000000000000 
DR6=00000000ffff0ff0 DR7=0000000000000400
CCS=0000000000000000 CCD=0000000000004676 CCO=EFLAGS
EFER=0000000000000d00
Servicing hardware INT=0x20
    78: v=20 e=0000 i=0 cpl=0 IP=0038:000000003e6d3862 pc=000000003e6d3862 SP=0030:000000003fe65110 env->regs[R_EAX]=0000000000004fcb
RAX=0000000000004fcb RBX=0000000000002710 RCX=000000000000b008 RDX=00000000006f3c55
RSI=00000000006f8c20 RDI=000000003e5b40d4 RBP=000000003fe65140 RSP=000000003fe65110
R8 =000000003fe65160 R9 =00000000000003f6 R10=0000000000000000 R11=0000000000000000
R12=000000000000c042 R13=0000000000000011 R14=000000000000c040 R15=0000000000000000
RIP=000000003e6d3862 RFL=00000202 [-------] CPL=0 II=0 A20=1 SMM=0 HLT=0
ES =0030 0000000000000000 ffffffff 00cf9300 DPL=0 DS   [-WA]
CS =0038 0000000000000000 ffffffff 00af9a00 DPL=0 CS64 [-R-]
SS =0030 0000000000000000 ffffffff 00cf9300 DPL=0 DS   [-WA]
DS =0030 0000000000000000 ffffffff 00cf9300 DPL=0 DS   [-WA]
FS =0030 0000000000000000 ffffffff 00cf9300 DPL=0 DS   [-WA]
GS =0030 0000000000000000 ffffffff 00cf9300 DPL=0 DS   [-WA]
LDT=0000 0000000000000000 0000ffff 00008200 DPL=0 LDT
TR =0000 0000000000000000 0000ffff 00008b00 DPL=0 TSS64-busy
GDT=     000000003f5dc000 00000047
IDT=     000000003efa3018 00000fff
CR0=80010033 CR2=0000000000000000 CR3=000000003f801000 CR4=00000668
DR0=0000000000000000 DR1=0000000000000000 DR2=0000000000000000 DR3=0000000000000000 
DR6=00000000ffff0ff0 DR7=0000000000000400
CCS=0000000000000000 CCD=0000000000004fcb CCO=EFLAGS
EFER=0000000000000d00
Servicing hardware INT=0x20
    79: v=20 e=0000 i=0 cpl=0 IP=0038:000000003e6d3862 pc=000000003e6d3862 SP=0030:000000003fe64f10 env->regs[R_EAX]=000000000000015d
RAX=000000000000015d RBX=0000000000000064 RCX=000000000000b008 RDX=00000000006fb4b3
RSI=00000000006fb610 RDI=000000003e5b40d4 RBP=000000003fe64f40 RSP=000000003fe64f10
R8 =000000003fe64f2f R9 =000000000000c042 R10=0000000000000000 R11=0000000000000000
R12=000000000004baf1 R13=0000000000000011 R14=000000000000c040 R15=0000000000000000
RIP=000000003e6d3862 RFL=00000202 [-------] CPL=0 II=0 A20=1 SMM=0 HLT=0
ES =0030 0000000000000000 ffffffff 00cf9300 DPL=0 DS   [-WA]
CS =0038 0000000000000000 ffffffff 00af9a00 DPL=0 CS64 [-R-]
SS =0030 0000000000000000 ffffffff 00cf9300 DPL=0 DS   [-WA]
DS =0030 0000000000000000 ffffffff 00cf9300 DPL=0 DS   [-WA]
FS =0030 0000000000000000 ffffffff 00cf9300 DPL=0 DS   [-WA]
GS =0030 0000000000000000 ffffffff 00cf9300 DPL=0 DS   [-WA]
LDT=0000 0000000000000000 0000ffff 00008200 DPL=0 LDT
TR =0000 0000000000000000 0000ffff 00008b00 DPL=0 TSS64-busy
GDT=     000000003f5dc000 00000047
IDT=     000000003efa3018 00000fff
CR0=80010033 CR2=0000000000000000 CR3=000000003f801000 CR4=00000668
DR0=0000000000000000 DR1=0000000000000000 DR2=0000000000000000 DR3=0000000000000000 
DR6=00000000ffff0ff0 DR7=0000000000000400
CCS=0000000000000000 CCD=000000000000015d CCO=EFLAGS
EFER=0000000000000d00
Servicing hardware INT=0x20
    80: v=20 e=0000 i=0 cpl=0 IP=0038:000000003e6d3862 pc=000000003e6d3862 SP=0030:000000003fe64f10 env->regs[R_EAX]=000000000000039e
RAX=000000000000039e RBX=0000000000002710 RCX=000000000000b008 RDX=0000000000703fee
RSI=000000000070438c RDI=000000003e5b40d4 RBP=000000003fe64f40 RSP=000000003fe64f10
R8 =000000003fe64f60 R9 =00000000000003f6 R10=0000000000000000 R11=0000000000000000
R12=000000000000c042 R13=0000000000000011 R14=000000000000c040 R15=0000000000000000
RIP=000000003e6d3862 RFL=00000202 [-------] CPL=0 II=0 A20=1 SMM=0 HLT=0
ES =0030 0000000000000000 ffffffff 00cf9300 DPL=0 DS   [-WA]
CS =0038 0000000000000000 ffffffff 00af9a00 DPL=0 CS64 [-R-]
SS =0030 0000000000000000 ffffffff 00cf9300 DPL=0 DS   [-WA]
DS =0030 0000000000000000 ffffffff 00cf9300 DPL=0 DS   [-WA]
FS =0030 0000000000000000 ffffffff 00cf9300 DPL=0 DS   [-WA]
GS =0030 0000000000000000 ffffffff 00cf9300 DPL=0 DS   [-WA]
LDT=0000 0000000000000000 0000ffff 00008200 DPL=0 LDT
TR =0000 0000000000000000 0000ffff 00008b00 DPL=0 TSS64-busy
GDT=     000000003f5dc000 00000047
IDT=     000000003efa3018 00000fff
CR0=80010033 CR2=0000000000000000 CR3=000000003f801000 CR4=00000668
DR0=0000000000000000 DR1=0000000000000000 DR2=0000000000000000 DR3=0000000000000000 
DR6=00000000ffff0ff0 DR7=0000000000000400
CCS=0000000000000000 CCD=000000000000039e CCO=EFLAGS
EFER=0000000000000d00
Servicing hardware INT=0x20
    81: v=20 e=0000 i=0 cpl=0 IP=0038:000000003e6d3862 pc=000000003e6d3862 SP=0030:000000003fe64d60 env->regs[R_EAX]=00000000000005c9
RAX=00000000000005c9 RBX=0000000000002710 RCX=000000000000b008 RDX=000000000070da08
RSI=000000000070dfd1 RDI=000000003e5b40d4 RBP=000000003fe64d90 RSP=000000003fe64d60
R8 =000000003fe64db0 R9 =00000000000003f6 R10=0000000000000000 R11=0000000000000000
R12=000000000000c042 R13=0000000000000011 R14=000000000000c040 R15=0000000000000000
RIP=000000003e6d3862 RFL=00000206 [-----P-] CPL=0 II=0 A20=1 SMM=0 HLT=0
ES =0030 0000000000000000 ffffffff 00cf9300 DPL=0 DS   [-WA]
CS =0038 0000000000000000 ffffffff 00af9a00 DPL=0 CS64 [-R-]
SS =0030 0000000000000000 ffffffff 00cf9300 DPL=0 DS   [-WA]
DS =0030 0000000000000000 ffffffff 00cf9300 DPL=0 DS   [-WA]
FS =0030 0000000000000000 ffffffff 00cf9300 DPL=0 DS   [-WA]
GS =0030 0000000000000000 ffffffff 00cf9300 DPL=0 DS   [-WA]
LDT=0000 0000000000000000 0000ffff 00008200 DPL=0 LDT
TR =0000 0000000000000000 0000ffff 00008b00 DPL=0 TSS64-busy
GDT=     000000003f5dc000 00000047
IDT=     000000003efa3018 00000fff
CR0=80010033 CR2=0000000000000000 CR3=000000003f801000 CR4=00000668
DR0=0000000000000000 DR1=0000000000000000 DR2=0000000000000000 DR3=0000000000000000 
DR6=00000000ffff0ff0 DR7=0000000000000400
CCS=0000000000000004 CCD=00000000000005c9 CCO=EFLAGS
EFER=0000000000000d00
Servicing hardware INT=0x20
    82: v=20 e=0000 i=0 cpl=0 IP=0038:000000003e6d3862 pc=000000003e6d3862 SP=0030:000000003fe64d60 env->regs[R_EAX]=0000000000001ca5
RAX=0000000000001ca5 RBX=0000000000002710 RCX=000000000000b008 RDX=0000000000715c85
RSI=000000000071792a RDI=000000003e5b40d4 RBP=000000003fe64d90 RSP=000000003fe64d60
R8 =000000003fe64db0 R9 =00000000000003f6 R10=0000000000000000 R11=0000000000000000
R12=000000000000c042 R13=0000000000000011 R14=000000000000c040 R15=0000000000000000
RIP=000000003e6d3862 RFL=00000206 [-----P-] CPL=0 II=0 A20=1 SMM=0 HLT=0
ES =0030 0000000000000000 ffffffff 00cf9300 DPL=0 DS   [-WA]
CS =0038 0000000000000000 ffffffff 00af9a00 DPL=0 CS64 [-R-]
SS =0030 0000000000000000 ffffffff 00cf9300 DPL=0 DS   [-WA]
DS =0030 0000000000000000 ffffffff 00cf9300 DPL=0 DS   [-WA]
FS =0030 0000000000000000 ffffffff 00cf9300 DPL=0 DS   [-WA]
GS =0030 0000000000000000 ffffffff 00cf9300 DPL=0 DS   [-WA]
LDT=0000 0000000000000000 0000ffff 00008200 DPL=0 LDT
TR =0000 0000000000000000 0000ffff 00008b00 DPL=0 TSS64-busy
GDT=     000000003f5dc000 00000047
IDT=     000000003efa3018 00000fff
CR0=80010033 CR2=0000000000000000 CR3=000000003f801000 CR4=00000668
DR0=0000000000000000 DR1=0000000000000000 DR2=0000000000000000 DR3=0000000000000000 
DR6=00000000ffff0ff0 DR7=0000000000000400
CCS=0000000000000004 CCD=0000000000001ca5 CCO=EFLAGS
EFER=0000000000000d00
Servicing hardware INT=0x20
    83: v=20 e=0000 i=0 cpl=0 IP=0038:000000003e6d3862 pc=000000003e6d3862 SP=0030:000000003fe64f00 env->regs[R_EAX]=0000000000002a3a
RAX=0000000000002a3a RBX=0000000000002710 RCX=000000000000b008 RDX=000000000071e84b
RSI=0000000000721285 RDI=000000003e5b40d4 RBP=000000003fe64f30 RSP=000000003fe64f00
R8 =000000003fe64f50 R9 =00000000000003f6 R10=0000000000000000 R11=0000000000000000
R12=000000000000c042 R13=0000000000000011 R14=000000000000c040 R15=0000000000000000
RIP=000000003e6d3862 RFL=00000206 [-----P-] CPL=0 II=0 A20=1 SMM=0 HLT=0
ES =0030 0000000000000000 ffffffff 00cf9300 DPL=0 DS   [-WA]
CS =0038 0000000000000000 ffffffff 00af9a00 DPL=0 CS64 [-R-]
SS =0030 0000000000000000 ffffffff 00cf9300 DPL=0 DS   [-WA]
DS =0030 0000000000000000 ffffffff 00cf9300 DPL=0 DS   [-WA]
FS =0030 0000000000000000 ffffffff 00cf9300 DPL=0 DS   [-WA]
GS =0030 0000000000000000 ffffffff 00cf9300 DPL=0 DS   [-WA]
LDT=0000 0000000000000000 0000ffff 00008200 DPL=0 LDT
TR =0000 0000000000000000 0000ffff 00008b00 DPL=0 TSS64-busy
GDT=     000000003f5dc000 00000047
IDT=     000000003efa3018 00000fff
CR0=80010033 CR2=0000000000000000 CR3=000000003f801000 CR4=00000668
DR0=0000000000000000 DR1=0000000000000000 DR2=0000000000000000 DR3=0000000000000000 
DR6=00000000ffff0ff0 DR7=0000000000000400
CCS=0000000000000004 CCD=0000000000002a3a CCO=EFLAGS
EFER=0000000000000d00
Servicing hardware INT=0x20
    84: v=20 e=0000 i=0 cpl=0 IP=0038:000000003e6d3862 pc=000000003e6d3862 SP=0030:000000003fe65050 env->regs[R_EAX]=00000000000035dc
RAX=00000000000035dc RBX=0000000000002710 RCX=000000000000b008 RDX=0000000000727b59
RSI=000000000072b135 RDI=000000003e5b40d4 RBP=000000003fe65080 RSP=000000003fe65050
R8 =000000003fe650a0 R9 =00000000000003f6 R10=0000000000000000 R11=0000000000000000
R12=000000000000c042 R13=0000000000000011 R14=000000000000c040 R15=0000000000000000
RIP=000000003e6d3862 RFL=00000202 [-------] CPL=0 II=0 A20=1 SMM=0 HLT=0
ES =0030 0000000000000000 ffffffff 00cf9300 DPL=0 DS   [-WA]
CS =0038 0000000000000000 ffffffff 00af9a00 DPL=0 CS64 [-R-]
SS =0030 0000000000000000 ffffffff 00cf9300 DPL=0 DS   [-WA]
DS =0030 0000000000000000 ffffffff 00cf9300 DPL=0 DS   [-WA]
FS =0030 0000000000000000 ffffffff 00cf9300 DPL=0 DS   [-WA]
GS =0030 0000000000000000 ffffffff 00cf9300 DPL=0 DS   [-WA]
LDT=0000 0000000000000000 0000ffff 00008200 DPL=0 LDT
TR =0000 0000000000000000 0000ffff 00008b00 DPL=0 TSS64-busy
GDT=     000000003f5dc000 00000047
IDT=     000000003efa3018 00000fff
CR0=80010033 CR2=0000000000000000 CR3=000000003f801000 CR4=00000668
DR0=0000000000000000 DR1=0000000000000000 DR2=0000000000000000 DR3=0000000000000000 
DR6=00000000ffff0ff0 DR7=0000000000000400
CCS=0000000000000000 CCD=00000000000035dc CCO=EFLAGS
EFER=0000000000000d00
Servicing hardware INT=0x20
    85: v=20 e=0000 i=0 cpl=0 IP=0038:000000003e6d3862 pc=000000003e6d3862 SP=0030:000000003fe64fa0 env->regs[R_EAX]=0000000000005074
RAX=0000000000005074 RBX=0000000000002710 RCX=000000000000b008 RDX=00000000007300ba
RSI=000000000073512e RDI=000000003e5b40d4 RBP=000000003fe64fd0 RSP=000000003fe64fa0
R8 =000000003fe64ff0 R9 =00000000000003f6 R10=0000000000000000 R11=0000000000000000
R12=000000000000c042 R13=0000000000000011 R14=000000000000c040 R15=0000000000000000
RIP=000000003e6d3862 RFL=00000206 [-----P-] CPL=0 II=0 A20=1 SMM=0 HLT=0
ES =0030 0000000000000000 ffffffff 00cf9300 DPL=0 DS   [-WA]
CS =0038 0000000000000000 ffffffff 00af9a00 DPL=0 CS64 [-R-]
SS =0030 0000000000000000 ffffffff 00cf9300 DPL=0 DS   [-WA]
DS =0030 0000000000000000 ffffffff 00cf9300 DPL=0 DS   [-WA]
FS =0030 0000000000000000 ffffffff 00cf9300 DPL=0 DS   [-WA]
GS =0030 0000000000000000 ffffffff 00cf9300 DPL=0 DS   [-WA]
LDT=0000 0000000000000000 0000ffff 00008200 DPL=0 LDT
TR =0000 0000000000000000 0000ffff 00008b00 DPL=0 TSS64-busy
GDT=     000000003f5dc000 00000047
IDT=     000000003efa3018 00000fff
CR0=80010033 CR2=0000000000000000 CR3=000000003f801000 CR4=00000668
DR0=0000000000000000 DR1=0000000000000000 DR2=0000000000000000 DR3=0000000000000000 
DR6=00000000ffff0ff0 DR7=0000000000000400
CCS=0000000000000004 CCD=0000000000005074 CCO=EFLAGS
EFER=0000000000000d00
Servicing hardware INT=0x20
    86: v=20 e=0000 i=0 cpl=0 IP=0038:000000003fe82e8a pc=000000003fe82e8a SP=0030:000000003fe65440 env->regs[R_EAX]=00000000000000af
RAX=00000000000000af RBX=000000003fe8c0a0 RCX=00000000001f0001 RDX=000000003df62018
RSI=000000003fe8bb60 RDI=000000003e1f2017 RBP=000000003fe654d0 RSP=000000003fe65440
R8 =00000000000000af R9 =0000000000481000 R10=0000000000000000 R11=0000000000000000
R12=0000000000480028 R13=0000000000480000 R14=000000003df62018 R15=000000003df62000
RIP=000000003fe82e8a RFL=00010206 [-----P-] CPL=0 II=0 A20=1 SMM=0 HLT=0
ES =0030 0000000000000000 ffffffff 00cf9300 DPL=0 DS   [-WA]
CS =0038 0000000000000000 ffffffff 00af9a00 DPL=0 CS64 [-R-]
SS =0030 0000000000000000 ffffffff 00cf9300 DPL=0 DS   [-WA]
DS =0030 0000000000000000 ffffffff 00cf9300 DPL=0 DS   [-WA]
FS =0030 0000000000000000 ffffffff 00cf9300 DPL=0 DS   [-WA]
GS =0030 0000000000000000 ffffffff 00cf9300 DPL=0 DS   [-WA]
LDT=0000 0000000000000000 0000ffff 00008200 DPL=0 LDT
TR =0000 0000000000000000 0000ffff 00008b00 DPL=0 TSS64-busy
GDT=     000000003f5dc000 00000047
IDT=     000000003efa3018 00000fff
CR0=80010033 CR2=0000000000000000 CR3=000000003f801000 CR4=00000668
DR0=0000000000000000 DR1=0000000000000000 DR2=0000000000000000 DR3=0000000000000000 
DR6=00000000ffff0ff0 DR7=0000000000000400
CCS=0000000000000004 CCD=000000003fe65428 CCO=EFLAGS
EFER=0000000000000d00
Servicing hardware INT=0x20
    87: v=20 e=0000 i=0 cpl=0 IP=0038:000000003e6d3862 pc=000000003e6d3862 SP=0030:000000003fe64b80 env->regs[R_EAX]=0000000000000164
RAX=0000000000000164 RBX=0000000000000064 RCX=000000000000b008 RDX=0000000000741169
RSI=00000000007412cd RDI=000000003e5b40d4 RBP=000000003fe64bb0 RSP=000000003fe64b80
R8 =000000003fe64b9f R9 =000000000000c042 R10=0000000000000000 R11=0000000000000000
R12=000000000004baf1 R13=0000000000000011 R14=000000000000c040 R15=0000000000000000
RIP=000000003e6d3862 RFL=00000202 [-------] CPL=0 II=0 A20=1 SMM=0 HLT=0
ES =0030 0000000000000000 ffffffff 00cf9300 DPL=0 DS   [-WA]
CS =0038 0000000000000000 ffffffff 00af9a00 DPL=0 CS64 [-R-]
SS =0030 0000000000000000 ffffffff 00cf9300 DPL=0 DS   [-WA]
DS =0030 0000000000000000 ffffffff 00cf9300 DPL=0 DS   [-WA]
FS =0030 0000000000000000 ffffffff 00cf9300 DPL=0 DS   [-WA]
GS =0030 0000000000000000 ffffffff 00cf9300 DPL=0 DS   [-WA]
LDT=0000 0000000000000000 0000ffff 00008200 DPL=0 LDT
TR =0000 0000000000000000 0000ffff 00008b00 DPL=0 TSS64-busy
GDT=     000000003f5dc000 00000047
IDT=     000000003efa3018 00000fff
CR0=80010033 CR2=0000000000000000 CR3=000000003f801000 CR4=00000668
DR0=0000000000000000 DR1=0000000000000000 DR2=0000000000000000 DR3=0000000000000000 
DR6=00000000ffff0ff0 DR7=0000000000000400
CCS=0000000000000000 CCD=0000000000000164 CCO=EFLAGS
EFER=0000000000000d00
Servicing hardware INT=0x20
    88: v=20 e=0000 i=0 cpl=0 IP=0038:000000003e6a5aaa pc=000000003e6a5aaa SP=0030:000000003fe65290 env->regs[R_EAX]=000000003fe653d0
RAX=000000003fe653d0 RBX=000000003e4ae018 RCX=0000000000000000 RDX=0000000000000000
RSI=0000000000000001 RDI=0000000000000020 RBP=000000003fe65300 RSP=000000003fe65290
R8 =0000000000000000 R9 =000000003dfe2057 R10=0000000000000000 R11=0000000000000000
R12=0000000000000020 R13=0000000000000000 R14=0000000000000010 R15=0000000000000020
RIP=000000003e6a5aaa RFL=00000246 [---Z-P-] CPL=0 II=0 A20=1 SMM=0 HLT=0
ES =0030 0000000000000000 ffffffff 00cf9300 DPL=0 DS   [-WA]
CS =0038 0000000000000000 ffffffff 00af9a00 DPL=0 CS64 [-R-]
SS =0030 0000000000000000 ffffffff 00cf9300 DPL=0 DS   [-WA]
DS =0030 0000000000000000 ffffffff 00cf9300 DPL=0 DS   [-WA]
FS =0030 0000000000000000 ffffffff 00cf9300 DPL=0 DS   [-WA]
GS =0030 0000000000000000 ffffffff 00cf9300 DPL=0 DS   [-WA]
LDT=0000 0000000000000000 0000ffff 00008200 DPL=0 LDT
TR =0000 0000000000000000 0000ffff 00008b00 DPL=0 TSS64-busy
GDT=     000000003f5dc000 00000047
IDT=     000000003efa3018 00000fff
CR0=80010033 CR2=0000000000000000 CR3=000000003f801000 CR4=00000668
DR0=0000000000000000 DR1=0000000000000000 DR2=0000000000000000 DR3=0000000000000000 
DR6=00000000ffff0ff0 DR7=0000000000000400
CCS=0000000000000044 CCD=0000000000000000 CCO=EFLAGS
EFER=0000000000000d00
Servicing hardware INT=0x20
    89: v=20 e=0000 i=0 cpl=0 IP=0038:000000003e6d3862 pc=000000003e6d3862 SP=0030:000000003fe65190 env->regs[R_EAX]=0000000000000161
RAX=0000000000000161 RBX=0000000000000064 RCX=000000000000b008 RDX=00000000007528d0
RSI=0000000000752a31 RDI=000000003e5b40d4 RBP=000000003fe651c0 RSP=000000003fe65190
R8 =000000003fe651af R9 =000000000000c042 R10=0000000000000000 R11=0000000000000000
R12=000000000004bad3 R13=0000000000000011 R14=000000000000c040 R15=0000000000000000
RIP=000000003e6d3862 RFL=00000202 [-------] CPL=0 II=0 A20=1 SMM=0 HLT=0
ES =0030 0000000000000000 ffffffff 00cf9300 DPL=0 DS   [-WA]
CS =0038 0000000000000000 ffffffff 00af9a00 DPL=0 CS64 [-R-]
SS =0030 0000000000000000 ffffffff 00cf9300 DPL=0 DS   [-WA]
DS =0030 0000000000000000 ffffffff 00cf9300 DPL=0 DS   [-WA]
FS =0030 0000000000000000 ffffffff 00cf9300 DPL=0 DS   [-WA]
GS =0030 0000000000000000 ffffffff 00cf9300 DPL=0 DS   [-WA]
LDT=0000 0000000000000000 0000ffff 00008200 DPL=0 LDT
TR =0000 0000000000000000 0000ffff 00008b00 DPL=0 TSS64-busy
GDT=     000000003f5dc000 00000047
IDT=     000000003efa3018 00000fff
CR0=80010033 CR2=0000000000000000 CR3=000000003f801000 CR4=00000668
DR0=0000000000000000 DR1=0000000000000000 DR2=0000000000000000 DR3=0000000000000000 
DR6=00000000ffff0ff0 DR7=0000000000000400
CCS=0000000000000000 CCD=0000000000000161 CCO=EFLAGS
EFER=0000000000000d00
Servicing hardware INT=0x20
    90: v=20 e=0000 i=0 cpl=0 IP=0038:000000003e6d3862 pc=000000003e6d3862 SP=0030:000000003fe65190 env->regs[R_EAX]=00000000000000d5
RAX=00000000000000d5 RBX=0000000000000064 RCX=000000000000b008 RDX=000000000075b4a2
RSI=000000000075b577 RDI=000000003e5b40d4 RBP=000000003fe651c0 RSP=000000003fe65190
R8 =000000003fe651af R9 =000000000000c042 R10=0000000000000000 R11=0000000000000000
R12=000000000004ba8f R13=0000000000000011 R14=000000000000c040 R15=0000000000000000
RIP=000000003e6d3862 RFL=00000202 [-------] CPL=0 II=0 A20=1 SMM=0 HLT=0
ES =0030 0000000000000000 ffffffff 00cf9300 DPL=0 DS   [-WA]
CS =0038 0000000000000000 ffffffff 00af9a00 DPL=0 CS64 [-R-]
SS =0030 0000000000000000 ffffffff 00cf9300 DPL=0 DS   [-WA]
DS =0030 0000000000000000 ffffffff 00cf9300 DPL=0 DS   [-WA]
FS =0030 0000000000000000 ffffffff 00cf9300 DPL=0 DS   [-WA]
GS =0030 0000000000000000 ffffffff 00cf9300 DPL=0 DS   [-WA]
LDT=0000 0000000000000000 0000ffff 00008200 DPL=0 LDT
TR =0000 0000000000000000 0000ffff 00008b00 DPL=0 TSS64-busy
GDT=     000000003f5dc000 00000047
IDT=     000000003efa3018 00000fff
CR0=80010033 CR2=0000000000000000 CR3=000000003f801000 CR4=00000668
DR0=0000000000000000 DR1=0000000000000000 DR2=0000000000000000 DR3=0000000000000000 
DR6=00000000ffff0ff0 DR7=0000000000000400
CCS=0000000000000000 CCD=00000000000000d5 CCO=EFLAGS
EFER=0000000000000d00
Servicing hardware INT=0x20
    91: v=20 e=0000 i=0 cpl=0 IP=0038:000000003e6d3862 pc=000000003e6d3862 SP=0030:000000003fe65190 env->regs[R_EAX]=00000000000000ea
RAX=00000000000000ea RBX=0000000000000064 RCX=000000000000b008 RDX=0000000000764086
RSI=0000000000764170 RDI=000000003e5b40d4 RBP=000000003fe651c0 RSP=000000003fe65190
R8 =000000003fe651af R9 =000000000000c042 R10=0000000000000000 R11=0000000000000000
R12=000000000004ba52 R13=0000000000000011 R14=000000000000c040 R15=0000000000000000
RIP=000000003e6d3862 RFL=00000202 [-------] CPL=0 II=0 A20=1 SMM=0 HLT=0
ES =0030 0000000000000000 ffffffff 00cf9300 DPL=0 DS   [-WA]
CS =0038 0000000000000000 ffffffff 00af9a00 DPL=0 CS64 [-R-]
SS =0030 0000000000000000 ffffffff 00cf9300 DPL=0 DS   [-WA]
DS =0030 0000000000000000 ffffffff 00cf9300 DPL=0 DS   [-WA]
FS =0030 0000000000000000 ffffffff 00cf9300 DPL=0 DS   [-WA]
GS =0030 0000000000000000 ffffffff 00cf9300 DPL=0 DS   [-WA]
LDT=0000 0000000000000000 0000ffff 00008200 DPL=0 LDT
TR =0000 0000000000000000 0000ffff 00008b00 DPL=0 TSS64-busy
GDT=     000000003f5dc000 00000047
IDT=     000000003efa3018 00000fff
CR0=80010033 CR2=0000000000000000 CR3=000000003f801000 CR4=00000668
DR0=0000000000000000 DR1=0000000000000000 DR2=0000000000000000 DR3=0000000000000000 
DR6=00000000ffff0ff0 DR7=0000000000000400
CCS=0000000000000000 CCD=00000000000000ea CCO=EFLAGS
EFER=0000000000000d00
Servicing hardware INT=0x20
    92: v=20 e=0000 i=0 cpl=0 IP=0038:000000003e6d3862 pc=000000003e6d3862 SP=0030:000000003fe65190 env->regs[R_EAX]=000000000000464d
RAX=000000000000464d RBX=0000000000002710 RCX=000000000000b008 RDX=000000000076e70e
RSI=0000000000772d5b RDI=000000003e5b40d4 RBP=000000003fe651c0 RSP=000000003fe65190
R8 =000000003fe651e0 R9 =00000000000003f6 R10=0000000000000000 R11=0000000000000000
R12=000000000000c042 R13=0000000000000011 R14=000000000000c040 R15=0000000000000000
RIP=000000003e6d3862 RFL=00000206 [-----P-] CPL=0 II=0 A20=1 SMM=0 HLT=0
ES =0030 0000000000000000 ffffffff 00cf9300 DPL=0 DS   [-WA]
CS =0038 0000000000000000 ffffffff 00af9a00 DPL=0 CS64 [-R-]
SS =0030 0000000000000000 ffffffff 00cf9300 DPL=0 DS   [-WA]
DS =0030 0000000000000000 ffffffff 00cf9300 DPL=0 DS   [-WA]
FS =0030 0000000000000000 ffffffff 00cf9300 DPL=0 DS   [-WA]
GS =0030 0000000000000000 ffffffff 00cf9300 DPL=0 DS   [-WA]
LDT=0000 0000000000000000 0000ffff 00008200 DPL=0 LDT
TR =0000 0000000000000000 0000ffff 00008b00 DPL=0 TSS64-busy
GDT=     000000003f5dc000 00000047
IDT=     000000003efa3018 00000fff
CR0=80010033 CR2=0000000000000000 CR3=000000003f801000 CR4=00000668
DR0=0000000000000000 DR1=0000000000000000 DR2=0000000000000000 DR3=0000000000000000 
DR6=00000000ffff0ff0 DR7=0000000000000400
CCS=0000000000000004 CCD=000000000000464d CCO=EFLAGS
EFER=0000000000000d00
Servicing hardware INT=0x20
    93: v=20 e=0000 i=0 cpl=0 IP=0038:000000003e6d3862 pc=000000003e6d3862 SP=0030:000000003fe650e0 env->regs[R_EAX]=0000000000007c28
RAX=0000000000007c28 RBX=0000000000002710 RCX=000000000000b008 RDX=0000000000776460
RSI=000000000077e088 RDI=000000003e5b40d4 RBP=000000003fe65110 RSP=000000003fe650e0
R8 =000000003fe65130 R9 =00000000000003f6 R10=0000000000000000 R11=0000000000000000
R12=000000000000c042 R13=0000000000000011 R14=000000000000c040 R15=0000000000000000
RIP=000000003e6d3862 RFL=00000206 [-----P-] CPL=0 II=0 A20=1 SMM=0 HLT=0
ES =0030 0000000000000000 ffffffff 00cf9300 DPL=0 DS   [-WA]
CS =0038 0000000000000000 ffffffff 00af9a00 DPL=0 CS64 [-R-]
SS =0030 0000000000000000 ffffffff 00cf9300 DPL=0 DS   [-WA]
DS =0030 0000000000000000 ffffffff 00cf9300 DPL=0 DS   [-WA]
FS =0030 0000000000000000 ffffffff 00cf9300 DPL=0 DS   [-WA]
GS =0030 0000000000000000 ffffffff 00cf9300 DPL=0 DS   [-WA]
LDT=0000 0000000000000000 0000ffff 00008200 DPL=0 LDT
TR =0000 0000000000000000 0000ffff 00008b00 DPL=0 TSS64-busy
GDT=     000000003f5dc000 00000047
IDT=     000000003efa3018 00000fff
CR0=80010033 CR2=0000000000000000 CR3=000000003f801000 CR4=00000668
DR0=0000000000000000 DR1=0000000000000000 DR2=0000000000000000 DR3=0000000000000000 
DR6=00000000ffff0ff0 DR7=0000000000000400
CCS=0000000000000004 CCD=0000000000007c28 CCO=EFLAGS
EFER=0000000000000d00
Servicing hardware INT=0x20
    94: v=20 e=0000 i=0 cpl=0 IP=0038:000000003e6d3862 pc=000000003e6d3862 SP=0030:000000003fe650e0 env->regs[R_EAX]=000000000000015f
RAX=000000000000015f RBX=0000000000000064 RCX=000000000000b008 RDX=000000000077f6ee
RSI=000000000077f84d RDI=000000003e5b40d4 RBP=000000003fe65110 RSP=000000003fe650e0
R8 =000000003fe650ff R9 =000000000000c042 R10=0000000000000000 R11=0000000000000000
R12=000000000004baf1 R13=0000000000000011 R14=000000000000c040 R15=0000000000000000
RIP=000000003e6d3862 RFL=00000206 [-----P-] CPL=0 II=0 A20=1 SMM=0 HLT=0
ES =0030 0000000000000000 ffffffff 00cf9300 DPL=0 DS   [-WA]
CS =0038 0000000000000000 ffffffff 00af9a00 DPL=0 CS64 [-R-]
SS =0030 0000000000000000 ffffffff 00cf9300 DPL=0 DS   [-WA]
DS =0030 0000000000000000 ffffffff 00cf9300 DPL=0 DS   [-WA]
FS =0030 0000000000000000 ffffffff 00cf9300 DPL=0 DS   [-WA]
GS =0030 0000000000000000 ffffffff 00cf9300 DPL=0 DS   [-WA]
LDT=0000 0000000000000000 0000ffff 00008200 DPL=0 LDT
TR =0000 0000000000000000 0000ffff 00008b00 DPL=0 TSS64-busy
GDT=     000000003f5dc000 00000047
IDT=     000000003efa3018 00000fff
CR0=80010033 CR2=0000000000000000 CR3=000000003f801000 CR4=00000668
DR0=0000000000000000 DR1=0000000000000000 DR2=0000000000000000 DR3=0000000000000000 
DR6=00000000ffff0ff0 DR7=0000000000000400
CCS=0000000000000004 CCD=000000000000015f CCO=EFLAGS
EFER=0000000000000d00
Servicing hardware INT=0x20
    95: v=20 e=0000 i=0 cpl=0 IP=0038:000000003e6d3862 pc=000000003e6d3862 SP=0030:000000003fe650e0 env->regs[R_EAX]=00000000000008f4
RAX=00000000000008f4 RBX=0000000000002710 RCX=000000000000b008 RDX=0000000000787c77
RSI=000000000078856b RDI=000000003e5b40d4 RBP=000000003fe65110 RSP=000000003fe650e0
R8 =000000003fe65130 R9 =00000000000003f6 R10=0000000000000000 R11=0000000000000000
R12=000000000000c042 R13=0000000000000011 R14=000000000000c040 R15=0000000000000000
RIP=000000003e6d3862 RFL=00000202 [-------] CPL=0 II=0 A20=1 SMM=0 HLT=0
ES =0030 0000000000000000 ffffffff 00cf9300 DPL=0 DS   [-WA]
CS =0038 0000000000000000 ffffffff 00af9a00 DPL=0 CS64 [-R-]
SS =0030 0000000000000000 ffffffff 00cf9300 DPL=0 DS   [-WA]
DS =0030 0000000000000000 ffffffff 00cf9300 DPL=0 DS   [-WA]
FS =0030 0000000000000000 ffffffff 00cf9300 DPL=0 DS   [-WA]
GS =0030 0000000000000000 ffffffff 00cf9300 DPL=0 DS   [-WA]
LDT=0000 0000000000000000 0000ffff 00008200 DPL=0 LDT
TR =0000 0000000000000000 0000ffff 00008b00 DPL=0 TSS64-busy
GDT=     000000003f5dc000 00000047
IDT=     000000003efa3018 00000fff
CR0=80010033 CR2=0000000000000000 CR3=000000003f801000 CR4=00000668
DR0=0000000000000000 DR1=0000000000000000 DR2=0000000000000000 DR3=0000000000000000 
DR6=00000000ffff0ff0 DR7=0000000000000400
CCS=0000000000000000 CCD=00000000000008f4 CCO=EFLAGS
EFER=0000000000000d00
Servicing hardware INT=0x20
    96: v=20 e=0000 i=0 cpl=0 IP=0038:000000003e6d3862 pc=000000003e6d3862 SP=0030:000000003fe65240 env->regs[R_EAX]=0000000000000059
RAX=0000000000000059 RBX=0000000000000064 RCX=000000000000b008 RDX=000000000078fb4c
RSI=000000000078fba5 RDI=000000003e5b40d4 RBP=000000003fe65270 RSP=000000003fe65240
R8 =000000003fe6525f R9 =000000000000c042 R10=0000000000000000 R11=0000000000000000
R12=000000000004bac4 R13=0000000000000011 R14=000000000000c040 R15=0000000000000000
RIP=000000003e6d3862 RFL=00000206 [-----P-] CPL=0 II=0 A20=1 SMM=0 HLT=0
ES =0030 0000000000000000 ffffffff 00cf9300 DPL=0 DS   [-WA]
CS =0038 0000000000000000 ffffffff 00af9a00 DPL=0 CS64 [-R-]
SS =0030 0000000000000000 ffffffff 00cf9300 DPL=0 DS   [-WA]
DS =0030 0000000000000000 ffffffff 00cf9300 DPL=0 DS   [-WA]
FS =0030 0000000000000000 ffffffff 00cf9300 DPL=0 DS   [-WA]
GS =0030 0000000000000000 ffffffff 00cf9300 DPL=0 DS   [-WA]
LDT=0000 0000000000000000 0000ffff 00008200 DPL=0 LDT
TR =0000 0000000000000000 0000ffff 00008b00 DPL=0 TSS64-busy
GDT=     000000003f5dc000 00000047
IDT=     000000003efa3018 00000fff
CR0=80010033 CR2=0000000000000000 CR3=000000003f801000 CR4=00000668
DR0=0000000000000000 DR1=0000000000000000 DR2=0000000000000000 DR3=0000000000000000 
DR6=00000000ffff0ff0 DR7=0000000000000400
CCS=0000000000000004 CCD=0000000000000059 CCO=EFLAGS
EFER=0000000000000d00
Servicing hardware INT=0x20
    97: v=20 e=0000 i=0 cpl=0 IP=0038:000000003e6d3862 pc=000000003e6d3862 SP=0030:000000003fe65240 env->regs[R_EAX]=0000000000004680
RAX=0000000000004680 RBX=0000000000002710 RCX=000000000000b008 RDX=0000000000799476
RSI=000000000079daf6 RDI=000000003e5b40d4 RBP=000000003fe65270 RSP=000000003fe65240
R8 =000000003fe65290 R9 =00000000000003f6 R10=0000000000000000 R11=0000000000000000
R12=000000000000c042 R13=0000000000000011 R14=000000000000c040 R15=0000000000000000
RIP=000000003e6d3862 RFL=00000202 [-------] CPL=0 II=0 A20=1 SMM=0 HLT=0
ES =0030 0000000000000000 ffffffff 00cf9300 DPL=0 DS   [-WA]
CS =0038 0000000000000000 ffffffff 00af9a00 DPL=0 CS64 [-R-]
SS =0030 0000000000000000 ffffffff 00cf9300 DPL=0 DS   [-WA]
DS =0030 0000000000000000 ffffffff 00cf9300 DPL=0 DS   [-WA]
FS =0030 0000000000000000 ffffffff 00cf9300 DPL=0 DS   [-WA]
GS =0030 0000000000000000 ffffffff 00cf9300 DPL=0 DS   [-WA]
LDT=0000 0000000000000000 0000ffff 00008200 DPL=0 LDT
TR =0000 0000000000000000 0000ffff 00008b00 DPL=0 TSS64-busy
GDT=     000000003f5dc000 00000047
IDT=     000000003efa3018 00000fff
CR0=80010033 CR2=0000000000000000 CR3=000000003f801000 CR4=00000668
DR0=0000000000000000 DR1=0000000000000000 DR2=0000000000000000 DR3=0000000000000000 
DR6=00000000ffff0ff0 DR7=0000000000000400
CCS=0000000000000000 CCD=0000000000004680 CCO=EFLAGS
EFER=0000000000000d00
Servicing hardware INT=0x20
    98: v=20 e=0000 i=0 cpl=0 IP=0038:000000003e6d3862 pc=000000003e6d3862 SP=0030:000000003fe65240 env->regs[R_EAX]=0000000000000069
RAX=0000000000000069 RBX=0000000000000064 RCX=000000000000b008 RDX=00000000007a1339
RSI=00000000007a13a2 RDI=000000003e5b40d4 RBP=000000003fe65270 RSP=000000003fe65240
R8 =000000003fe6525f R9 =000000000000c042 R10=0000000000000000 R11=0000000000000000
R12=000000000004badd R13=0000000000000011 R14=000000000000c040 R15=0000000000000000
RIP=000000003e6d3862 RFL=00000206 [-----P-] CPL=0 II=0 A20=1 SMM=0 HLT=0
ES =0030 0000000000000000 ffffffff 00cf9300 DPL=0 DS   [-WA]
CS =0038 0000000000000000 ffffffff 00af9a00 DPL=0 CS64 [-R-]
SS =0030 0000000000000000 ffffffff 00cf9300 DPL=0 DS   [-WA]
DS =0030 0000000000000000 ffffffff 00cf9300 DPL=0 DS   [-WA]
FS =0030 0000000000000000 ffffffff 00cf9300 DPL=0 DS   [-WA]
GS =0030 0000000000000000 ffffffff 00cf9300 DPL=0 DS   [-WA]
LDT=0000 0000000000000000 0000ffff 00008200 DPL=0 LDT
TR =0000 0000000000000000 0000ffff 00008b00 DPL=0 TSS64-busy
GDT=     000000003f5dc000 00000047
IDT=     000000003efa3018 00000fff
CR0=80010033 CR2=0000000000000000 CR3=000000003f801000 CR4=00000668
DR0=0000000000000000 DR1=0000000000000000 DR2=0000000000000000 DR3=0000000000000000 
DR6=00000000ffff0ff0 DR7=0000000000000400
CCS=0000000000000004 CCD=0000000000000069 CCO=EFLAGS
EFER=0000000000000d00
Servicing hardware INT=0x20
    99: v=20 e=0000 i=0 cpl=0 IP=0038:000000003e6d3862 pc=000000003e6d3862 SP=0030:000000003fe65240 env->regs[R_EAX]=0000000000007b03
RAX=0000000000007b03 RBX=0000000000002710 RCX=000000000000b008 RDX=00000000007aa6f5
RSI=00000000007b21f8 RDI=000000003e5b40d4 RBP=000000003fe65270 RSP=000000003fe65240
R8 =000000003fe65290 R9 =00000000000003f6 R10=0000000000000000 R11=0000000000000000
R12=000000000000c042 R13=0000000000000011 R14=000000000000c040 R15=0000000000000000
RIP=000000003e6d3862 RFL=00000206 [-----P-] CPL=0 II=0 A20=1 SMM=0 HLT=0
ES =0030 0000000000000000 ffffffff 00cf9300 DPL=0 DS   [-WA]
CS =0038 0000000000000000 ffffffff 00af9a00 DPL=0 CS64 [-R-]
SS =0030 0000000000000000 ffffffff 00cf9300 DPL=0 DS   [-WA]
DS =0030 0000000000000000 ffffffff 00cf9300 DPL=0 DS   [-WA]
FS =0030 0000000000000000 ffffffff 00cf9300 DPL=0 DS   [-WA]
GS =0030 0000000000000000 ffffffff 00cf9300 DPL=0 DS   [-WA]
LDT=0000 0000000000000000 0000ffff 00008200 DPL=0 LDT
TR =0000 0000000000000000 0000ffff 00008b00 DPL=0 TSS64-busy
GDT=     000000003f5dc000 00000047
IDT=     000000003efa3018 00000fff
CR0=80010033 CR2=0000000000000000 CR3=000000003f801000 CR4=00000668
DR0=0000000000000000 DR1=0000000000000000 DR2=0000000000000000 DR3=0000000000000000 
DR6=00000000ffff0ff0 DR7=0000000000000400
CCS=0000000000000004 CCD=0000000000007b03 CCO=EFLAGS
EFER=0000000000000d00
Servicing hardware INT=0x20
   100: v=20 e=0000 i=0 cpl=0 IP=0038:000000003e6d3862 pc=000000003e6d3862 SP=0030:000000003fe651d0 env->regs[R_EAX]=0000000000000175
RAX=0000000000000175 RBX=0000000000000190 RCX=000000000000b008 RDX=00000000007b2c40
RSI=00000000007b2db5 RDI=000000003e5b3140 RBP=000000003fe65200 RSP=000000003fe651d0
R8 =000000003fe65220 R9 =00000000000001f7 R10=0000000000000000 R11=0000000000000000
R12=000000000004baf1 R13=0000000000000000 R14=000000000000c0ca R15=00000000ffffff00
RIP=000000003e6d3862 RFL=00000202 [-------] CPL=0 II=0 A20=1 SMM=0 HLT=0
ES =0030 0000000000000000 ffffffff 00cf9300 DPL=0 DS   [-WA]
CS =0038 0000000000000000 ffffffff 00af9a00 DPL=0 CS64 [-R-]
SS =0030 0000000000000000 ffffffff 00cf9300 DPL=0 DS   [-WA]
DS =0030 0000000000000000 ffffffff 00cf9300 DPL=0 DS   [-WA]
FS =0030 0000000000000000 ffffffff 00cf9300 DPL=0 DS   [-WA]
GS =0030 0000000000000000 ffffffff 00cf9300 DPL=0 DS   [-WA]
LDT=0000 0000000000000000 0000ffff 00008200 DPL=0 LDT
TR =0000 0000000000000000 0000ffff 00008b00 DPL=0 TSS64-busy
GDT=     000000003f5dc000 00000047
IDT=     000000003efa3018 00000fff
CR0=80010033 CR2=0000000000000000 CR3=000000003f801000 CR4=00000668
DR0=0000000000000000 DR1=0000000000000000 DR2=0000000000000000 DR3=0000000000000000 
DR6=00000000ffff0ff0 DR7=0000000000000400
CCS=0000000000000000 CCD=0000000000000175 CCO=EFLAGS
EFER=0000000000000d00
Servicing hardware INT=0x20
   101: v=20 e=0000 i=0 cpl=0 IP=0038:000000003e6d3862 pc=000000003e6d3862 SP=0030:000000003fe65240 env->regs[R_EAX]=00000000000000d0
RAX=00000000000000d0 RBX=0000000000000064 RCX=000000000000b008 RDX=00000000007bb673
RSI=00000000007bb743 RDI=000000003e5b40d4 RBP=000000003fe65270 RSP=000000003fe65240
R8 =000000003fe6525f R9 =000000000000c042 R10=0000000000000000 R11=0000000000000000
R12=000000000004baaf R13=0000000000000011 R14=000000000000c040 R15=0000000000000000
RIP=000000003e6d3862 RFL=00000202 [-------] CPL=0 II=0 A20=1 SMM=0 HLT=0
ES =0030 0000000000000000 ffffffff 00cf9300 DPL=0 DS   [-WA]
CS =0038 0000000000000000 ffffffff 00af9a00 DPL=0 CS64 [-R-]
SS =0030 0000000000000000 ffffffff 00cf9300 DPL=0 DS   [-WA]
DS =0030 0000000000000000 ffffffff 00cf9300 DPL=0 DS   [-WA]
FS =0030 0000000000000000 ffffffff 00cf9300 DPL=0 DS   [-WA]
GS =0030 0000000000000000 ffffffff 00cf9300 DPL=0 DS   [-WA]
LDT=0000 0000000000000000 0000ffff 00008200 DPL=0 LDT
TR =0000 0000000000000000 0000ffff 00008b00 DPL=0 TSS64-busy
GDT=     000000003f5dc000 00000047
IDT=     000000003efa3018 00000fff
CR0=80010033 CR2=0000000000000000 CR3=000000003f801000 CR4=00000668
DR0=0000000000000000 DR1=0000000000000000 DR2=0000000000000000 DR3=0000000000000000 
DR6=00000000ffff0ff0 DR7=0000000000000400
CCS=0000000000000000 CCD=00000000000000d0 CCO=EFLAGS
EFER=0000000000000d00
Servicing hardware INT=0x20
   102: v=20 e=0000 i=0 cpl=0 IP=0038:000000003e6d3862 pc=000000003e6d3862 SP=0030:000000003fe65240 env->regs[R_EAX]=0000000000000055
RAX=0000000000000055 RBX=0000000000000064 RCX=000000000000b008 RDX=00000000007c41da
RSI=00000000007c422f RDI=000000003e5b40d4 RBP=000000003fe65270 RSP=000000003fe65240
R8 =000000003fe6525f R9 =000000000000c042 R10=0000000000000000 R11=0000000000000000
R12=000000000004ba77 R13=0000000000000011 R14=000000000000c040 R15=0000000000000000
RIP=000000003e6d3862 RFL=00000206 [-----P-] CPL=0 II=0 A20=1 SMM=0 HLT=0
ES =0030 0000000000000000 ffffffff 00cf9300 DPL=0 DS   [-WA]
CS =0038 0000000000000000 ffffffff 00af9a00 DPL=0 CS64 [-R-]
SS =0030 0000000000000000 ffffffff 00cf9300 DPL=0 DS   [-WA]
DS =0030 0000000000000000 ffffffff 00cf9300 DPL=0 DS   [-WA]
FS =0030 0000000000000000 ffffffff 00cf9300 DPL=0 DS   [-WA]
GS =0030 0000000000000000 ffffffff 00cf9300 DPL=0 DS   [-WA]
LDT=0000 0000000000000000 0000ffff 00008200 DPL=0 LDT
TR =0000 0000000000000000 0000ffff 00008b00 DPL=0 TSS64-busy
GDT=     000000003f5dc000 00000047
IDT=     000000003efa3018 00000fff
CR0=80010033 CR2=0000000000000000 CR3=000000003f801000 CR4=00000668
DR0=0000000000000000 DR1=0000000000000000 DR2=0000000000000000 DR3=0000000000000000 
DR6=00000000ffff0ff0 DR7=0000000000000400
CCS=0000000000000004 CCD=0000000000000055 CCO=EFLAGS
EFER=0000000000000d00
Servicing hardware INT=0x20
   103: v=20 e=0000 i=0 cpl=0 IP=0038:000000003ef9f419 pc=000000003ef9f419 SP=0030:000000003fe65110 env->regs[R_EAX]=0000000000000001
RAX=0000000000000001 RBX=000000000000c042 RCX=000000000000c042 RDX=000000000000c042
RSI=0000000000000000 RDI=0000000000000000 RBP=000000003fe65130 RSP=000000003fe65110
R8 =000000003fe6525f R9 =000000000000c042 R10=0000000000000000 R11=0000000000000000
R12=000000003fe6525f R13=0000000000000001 R14=0000000000000001 R15=0000000000000001
RIP=000000003ef9f419 RFL=00000246 [---Z-P-] CPL=0 II=0 A20=1 SMM=0 HLT=0
ES =0030 0000000000000000 ffffffff 00cf9300 DPL=0 DS   [-WA]
CS =0038 0000000000000000 ffffffff 00af9a00 DPL=0 CS64 [-R-]
SS =0030 0000000000000000 ffffffff 00cf9300 DPL=0 DS   [-WA]
DS =0030 0000000000000000 ffffffff 00cf9300 DPL=0 DS   [-WA]
FS =0030 0000000000000000 ffffffff 00cf9300 DPL=0 DS   [-WA]
GS =0030 0000000000000000 ffffffff 00cf9300 DPL=0 DS   [-WA]
LDT=0000 0000000000000000 0000ffff 00008200 DPL=0 LDT
TR =0000 0000000000000000 0000ffff 00008b00 DPL=0 TSS64-busy
GDT=     000000003f5dc000 00000047
IDT=     000000003efa3018 00000fff
CR0=80010033 CR2=0000000000000000 CR3=000000003f801000 CR4=00000668
DR0=0000000000000000 DR1=0000000000000000 DR2=0000000000000000 DR3=0000000000000000 
DR6=00000000ffff0ff0 DR7=0000000000000400
CCS=0000000000000044 CCD=0000000000000000 CCO=EFLAGS
EFER=0000000000000d00
Servicing hardware INT=0x20
   104: v=20 e=0000 i=0 cpl=0 IP=0038:000000003e6d3862 pc=000000003e6d3862 SP=0030:000000003fe65240 env->regs[R_EAX]=0000000000003b0d
RAX=0000000000003b0d RBX=0000000000002710 RCX=000000000000b008 RDX=00000000007d5c7b
RSI=00000000007d9788 RDI=000000003e5b40d4 RBP=000000003fe65270 RSP=000000003fe65240
R8 =000000003fe65290 R9 =00000000000003f6 R10=0000000000000000 R11=0000000000000000
R12=000000000000c042 R13=0000000000000011 R14=000000000000c040 R15=0000000000000000
RIP=000000003e6d3862 RFL=00000202 [-------] CPL=0 II=0 A20=1 SMM=0 HLT=0
ES =0030 0000000000000000 ffffffff 00cf9300 DPL=0 DS   [-WA]
CS =0038 0000000000000000 ffffffff 00af9a00 DPL=0 CS64 [-R-]
SS =0030 0000000000000000 ffffffff 00cf9300 DPL=0 DS   [-WA]
DS =0030 0000000000000000 ffffffff 00cf9300 DPL=0 DS   [-WA]
FS =0030 0000000000000000 ffffffff 00cf9300 DPL=0 DS   [-WA]
GS =0030 0000000000000000 ffffffff 00cf9300 DPL=0 DS   [-WA]
LDT=0000 0000000000000000 0000ffff 00008200 DPL=0 LDT
TR =0000 0000000000000000 0000ffff 00008b00 DPL=0 TSS64-busy
GDT=     000000003f5dc000 00000047
IDT=     000000003efa3018 00000fff
CR0=80010033 CR2=0000000000000000 CR3=000000003f801000 CR4=00000668
DR0=0000000000000000 DR1=0000000000000000 DR2=0000000000000000 DR3=0000000000000000 
DR6=00000000ffff0ff0 DR7=0000000000000400
CCS=0000000000000000 CCD=0000000000003b0d CCO=EFLAGS
EFER=0000000000000d00
Servicing hardware INT=0x20
   105: v=20 e=0000 i=0 cpl=0 IP=0038:000000003e6d3862 pc=000000003e6d3862 SP=0030:000000003fe65240 env->regs[R_EAX]=00000000000000ed
RAX=00000000000000ed RBX=0000000000000064 RCX=000000000000b008 RDX=00000000007de5ed
RSI=00000000007de6da RDI=000000003e5b40d4 RBP=000000003fe65270 RSP=000000003fe65240
R8 =000000003fe6525f R9 =000000000000c042 R10=0000000000000000 R11=0000000000000000
R12=000000000004bad3 R13=0000000000000011 R14=000000000000c040 R15=0000000000000000
RIP=000000003e6d3862 RFL=00000206 [-----P-] CPL=0 II=0 A20=1 SMM=0 HLT=0
ES =0030 0000000000000000 ffffffff 00cf9300 DPL=0 DS   [-WA]
CS =0038 0000000000000000 ffffffff 00af9a00 DPL=0 CS64 [-R-]
SS =0030 0000000000000000 ffffffff 00cf9300 DPL=0 DS   [-WA]
DS =0030 0000000000000000 ffffffff 00cf9300 DPL=0 DS   [-WA]
FS =0030 0000000000000000 ffffffff 00cf9300 DPL=0 DS   [-WA]
GS =0030 0000000000000000 ffffffff 00cf9300 DPL=0 DS   [-WA]
LDT=0000 0000000000000000 0000ffff 00008200 DPL=0 LDT
TR =0000 0000000000000000 0000ffff 00008b00 DPL=0 TSS64-busy
GDT=     000000003f5dc000 00000047
IDT=     000000003efa3018 00000fff
CR0=80010033 CR2=0000000000000000 CR3=000000003f801000 CR4=00000668
DR0=0000000000000000 DR1=0000000000000000 DR2=0000000000000000 DR3=0000000000000000 
DR6=00000000ffff0ff0 DR7=0000000000000400
CCS=0000000000000004 CCD=00000000000000ed CCO=EFLAGS
EFER=0000000000000d00
Servicing hardware INT=0x20
   106: v=20 e=0000 i=0 cpl=0 IP=0038:000000003e6d3862 pc=000000003e6d3862 SP=0030:000000003fe65240 env->regs[R_EAX]=000000000000005b
RAX=000000000000005b RBX=0000000000000064 RCX=000000000000b008 RDX=00000000007e719b
RSI=00000000007e71f6 RDI=000000003e5b40d4 RBP=000000003fe65270 RSP=000000003fe65240
R8 =000000003fe6525f R9 =000000000000c042 R10=0000000000000000 R11=0000000000000000
R12=000000000004ba94 R13=0000000000000011 R14=000000000000c040 R15=0000000000000000
RIP=000000003e6d3862 RFL=00000202 [-------] CPL=0 II=0 A20=1 SMM=0 HLT=0
ES =0030 0000000000000000 ffffffff 00cf9300 DPL=0 DS   [-WA]
CS =0038 0000000000000000 ffffffff 00af9a00 DPL=0 CS64 [-R-]
SS =0030 0000000000000000 ffffffff 00cf9300 DPL=0 DS   [-WA]
DS =0030 0000000000000000 ffffffff 00cf9300 DPL=0 DS   [-WA]
FS =0030 0000000000000000 ffffffff 00cf9300 DPL=0 DS   [-WA]
GS =0030 0000000000000000 ffffffff 00cf9300 DPL=0 DS   [-WA]
LDT=0000 0000000000000000 0000ffff 00008200 DPL=0 LDT
TR =0000 0000000000000000 0000ffff 00008b00 DPL=0 TSS64-busy
GDT=     000000003f5dc000 00000047
IDT=     000000003efa3018 00000fff
CR0=80010033 CR2=0000000000000000 CR3=000000003f801000 CR4=00000668
DR0=0000000000000000 DR1=0000000000000000 DR2=0000000000000000 DR3=0000000000000000 
DR6=00000000ffff0ff0 DR7=0000000000000400
CCS=0000000000000000 CCD=000000000000005b CCO=EFLAGS
EFER=0000000000000d00
Servicing hardware INT=0x20
   107: v=20 e=0000 i=0 cpl=0 IP=0038:000000003e6d3862 pc=000000003e6d3862 SP=0030:000000003fe65240 env->regs[R_EAX]=0000000000005372
RAX=0000000000005372 RBX=0000000000002710 RCX=000000000000b008 RDX=00000000007f08c1
RSI=00000000007f5c33 RDI=000000003e5b40d4 RBP=000000003fe65270 RSP=000000003fe65240
R8 =000000003fe65290 R9 =00000000000003f6 R10=0000000000000000 R11=0000000000000000
R12=000000000000c042 R13=0000000000000011 R14=000000000000c040 R15=0000000000000000
RIP=000000003e6d3862 RFL=00000206 [-----P-] CPL=0 II=0 A20=1 SMM=0 HLT=0
ES =0030 0000000000000000 ffffffff 00cf9300 DPL=0 DS   [-WA]
CS =0038 0000000000000000 ffffffff 00af9a00 DPL=0 CS64 [-R-]
SS =0030 0000000000000000 ffffffff 00cf9300 DPL=0 DS   [-WA]
DS =0030 0000000000000000 ffffffff 00cf9300 DPL=0 DS   [-WA]
FS =0030 0000000000000000 ffffffff 00cf9300 DPL=0 DS   [-WA]
GS =0030 0000000000000000 ffffffff 00cf9300 DPL=0 DS   [-WA]
LDT=0000 0000000000000000 0000ffff 00008200 DPL=0 LDT
TR =0000 0000000000000000 0000ffff 00008b00 DPL=0 TSS64-busy
GDT=     000000003f5dc000 00000047
IDT=     000000003efa3018 00000fff
CR0=80010033 CR2=0000000000000000 CR3=000000003f801000 CR4=00000668
DR0=0000000000000000 DR1=0000000000000000 DR2=0000000000000000 DR3=0000000000000000 
DR6=00000000ffff0ff0 DR7=0000000000000400
CCS=0000000000000004 CCD=0000000000005372 CCO=EFLAGS
EFER=0000000000000d00
Servicing hardware INT=0x20
   108: v=20 e=0000 i=0 cpl=0 IP=0038:000000003e6d3862 pc=000000003e6d3862 SP=0030:000000003fe65060 env->regs[R_EAX]=00000000000000a4
RAX=00000000000000a4 RBX=0000000000000064 RCX=000000000000b008 RDX=00000000007f88a2
RSI=00000000007f8946 RDI=000000003e5b40d4 RBP=000000003fe65090 RSP=000000003fe65060
R8 =000000003fe6507f R9 =000000000000c042 R10=0000000000000000 R11=0000000000000000
R12=000000000004baf1 R13=0000000000000011 R14=000000000000c040 R15=0000000000000000
RIP=000000003e6d3862 RFL=00000202 [-------] CPL=0 II=0 A20=1 SMM=0 HLT=0
ES =0030 0000000000000000 ffffffff 00cf9300 DPL=0 DS   [-WA]
CS =0038 0000000000000000 ffffffff 00af9a00 DPL=0 CS64 [-R-]
SS =0030 0000000000000000 ffffffff 00cf9300 DPL=0 DS   [-WA]
DS =0030 0000000000000000 ffffffff 00cf9300 DPL=0 DS   [-WA]
FS =0030 0000000000000000 ffffffff 00cf9300 DPL=0 DS   [-WA]
GS =0030 0000000000000000 ffffffff 00cf9300 DPL=0 DS   [-WA]
LDT=0000 0000000000000000 0000ffff 00008200 DPL=0 LDT
TR =0000 0000000000000000 0000ffff 00008b00 DPL=0 TSS64-busy
GDT=     000000003f5dc000 00000047
IDT=     000000003efa3018 00000fff
CR0=80010033 CR2=0000000000000000 CR3=000000003f801000 CR4=00000668
DR0=0000000000000000 DR1=0000000000000000 DR2=0000000000000000 DR3=0000000000000000 
DR6=00000000ffff0ff0 DR7=0000000000000400
CCS=0000000000000000 CCD=00000000000000a4 CCO=EFLAGS
EFER=0000000000000d00
Servicing hardware INT=0x20
   109: v=20 e=0000 i=0 cpl=0 IP=0038:000000003e6d3862 pc=000000003e6d3862 SP=0030:000000003fe65060 env->regs[R_EAX]=000000000000012d
RAX=000000000000012d RBX=0000000000000064 RCX=000000000000b008 RDX=00000000008014f0
RSI=000000000080161d RDI=000000003e5b40d4 RBP=000000003fe65090 RSP=000000003fe65060
R8 =000000003fe6507f R9 =000000000000c042 R10=0000000000000000 R11=0000000000000000
R12=000000000004bab2 R13=0000000000000011 R14=000000000000c040 R15=0000000000000000
RIP=000000003e6d3862 RFL=00000206 [-----P-] CPL=0 II=0 A20=1 SMM=0 HLT=0
ES =0030 0000000000000000 ffffffff 00cf9300 DPL=0 DS   [-WA]
CS =0038 0000000000000000 ffffffff 00af9a00 DPL=0 CS64 [-R-]
SS =0030 0000000000000000 ffffffff 00cf9300 DPL=0 DS   [-WA]
DS =0030 0000000000000000 ffffffff 00cf9300 DPL=0 DS   [-WA]
FS =0030 0000000000000000 ffffffff 00cf9300 DPL=0 DS   [-WA]
GS =0030 0000000000000000 ffffffff 00cf9300 DPL=0 DS   [-WA]
LDT=0000 0000000000000000 0000ffff 00008200 DPL=0 LDT
TR =0000 0000000000000000 0000ffff 00008b00 DPL=0 TSS64-busy
GDT=     000000003f5dc000 00000047
IDT=     000000003efa3018 00000fff
CR0=80010033 CR2=0000000000000000 CR3=000000003f801000 CR4=00000668
DR0=0000000000000000 DR1=0000000000000000 DR2=0000000000000000 DR3=0000000000000000 
DR6=00000000ffff0ff0 DR7=0000000000000400
CCS=0000000000000004 CCD=000000000000012d CCO=EFLAGS
EFER=0000000000000d00
Servicing hardware INT=0x20
   110: v=20 e=0000 i=0 cpl=0 IP=0038:000000003e6d3862 pc=000000003e6d3862 SP=0030:000000003fe65060 env->regs[R_EAX]=0000000000006115
RAX=0000000000006115 RBX=0000000000002710 RCX=000000000000b008 RDX=000000000080b3d6
RSI=00000000008114eb RDI=000000003e5b40d4 RBP=000000003fe65090 RSP=000000003fe65060
R8 =000000003fe650b0 R9 =00000000000003f6 R10=0000000000000000 R11=0000000000000000
R12=000000000000c042 R13=0000000000000011 R14=000000000000c040 R15=0000000000000000
RIP=000000003e6d3862 RFL=00000202 [-------] CPL=0 II=0 A20=1 SMM=0 HLT=0
ES =0030 0000000000000000 ffffffff 00cf9300 DPL=0 DS   [-WA]
CS =0038 0000000000000000 ffffffff 00af9a00 DPL=0 CS64 [-R-]
SS =0030 0000000000000000 ffffffff 00cf9300 DPL=0 DS   [-WA]
DS =0030 0000000000000000 ffffffff 00cf9300 DPL=0 DS   [-WA]
FS =0030 0000000000000000 ffffffff 00cf9300 DPL=0 DS   [-WA]
GS =0030 0000000000000000 ffffffff 00cf9300 DPL=0 DS   [-WA]
LDT=0000 0000000000000000 0000ffff 00008200 DPL=0 LDT
TR =0000 0000000000000000 0000ffff 00008b00 DPL=0 TSS64-busy
GDT=     000000003f5dc000 00000047
IDT=     000000003efa3018 00000fff
CR0=80010033 CR2=0000000000000000 CR3=000000003f801000 CR4=00000668
DR0=0000000000000000 DR1=0000000000000000 DR2=0000000000000000 DR3=0000000000000000 
DR6=00000000ffff0ff0 DR7=0000000000000400
CCS=0000000000000000 CCD=0000000000006115 CCO=EFLAGS
EFER=0000000000000d00
Servicing hardware INT=0x20
   111: v=20 e=0000 i=0 cpl=0 IP=0038:000000003e6d3862 pc=000000003e6d3862 SP=0030:000000003fe65060 env->regs[R_EAX]=000000000000006f
RAX=000000000000006f RBX=0000000000000064 RCX=000000000000b008 RDX=0000000000812cee
RSI=0000000000812d5d RDI=000000003e5b40d4 RBP=000000003fe65090 RSP=000000003fe65060
R8 =000000003fe6507f R9 =000000000000c042 R10=0000000000000000 R11=0000000000000000
R12=000000000004baee R13=0000000000000011 R14=000000000000c040 R15=0000000000000000
RIP=000000003e6d3862 RFL=00000206 [-----P-] CPL=0 II=0 A20=1 SMM=0 HLT=0
ES =0030 0000000000000000 ffffffff 00cf9300 DPL=0 DS   [-WA]
CS =0038 0000000000000000 ffffffff 00af9a00 DPL=0 CS64 [-R-]
SS =0030 0000000000000000 ffffffff 00cf9300 DPL=0 DS   [-WA]
DS =0030 0000000000000000 ffffffff 00cf9300 DPL=0 DS   [-WA]
FS =0030 0000000000000000 ffffffff 00cf9300 DPL=0 DS   [-WA]
GS =0030 0000000000000000 ffffffff 00cf9300 DPL=0 DS   [-WA]
LDT=0000 0000000000000000 0000ffff 00008200 DPL=0 LDT
TR =0000 0000000000000000 0000ffff 00008b00 DPL=0 TSS64-busy
GDT=     000000003f5dc000 00000047
IDT=     000000003efa3018 00000fff
CR0=80010033 CR2=0000000000000000 CR3=000000003f801000 CR4=00000668
DR0=0000000000000000 DR1=0000000000000000 DR2=0000000000000000 DR3=0000000000000000 
DR6=00000000ffff0ff0 DR7=0000000000000400
CCS=0000000000000004 CCD=000000000000006f CCO=EFLAGS
EFER=0000000000000d00
Servicing hardware INT=0x20
   112: v=20 e=0000 i=0 cpl=0 IP=0038:000000003e6d3862 pc=000000003e6d3862 SP=0030:000000003fe65060 env->regs[R_EAX]=0000000000000096
RAX=0000000000000096 RBX=0000000000000064 RCX=000000000000b008 RDX=000000000081b8ad
RSI=000000000081b943 RDI=000000003e5b40d4 RBP=000000003fe65090 RSP=000000003fe65060
R8 =000000003fe6507f R9 =000000000000c042 R10=0000000000000000 R11=0000000000000000
R12=000000000004baa9 R13=0000000000000011 R14=000000000000c040 R15=0000000000000000
RIP=000000003e6d3862 RFL=00000206 [-----P-] CPL=0 II=0 A20=1 SMM=0 HLT=0
ES =0030 0000000000000000 ffffffff 00cf9300 DPL=0 DS   [-WA]
CS =0038 0000000000000000 ffffffff 00af9a00 DPL=0 CS64 [-R-]
SS =0030 0000000000000000 ffffffff 00cf9300 DPL=0 DS   [-WA]
DS =0030 0000000000000000 ffffffff 00cf9300 DPL=0 DS   [-WA]
FS =0030 0000000000000000 ffffffff 00cf9300 DPL=0 DS   [-WA]
GS =0030 0000000000000000 ffffffff 00cf9300 DPL=0 DS   [-WA]
LDT=0000 0000000000000000 0000ffff 00008200 DPL=0 LDT
TR =0000 0000000000000000 0000ffff 00008b00 DPL=0 TSS64-busy
GDT=     000000003f5dc000 00000047
IDT=     000000003efa3018 00000fff
CR0=80010033 CR2=0000000000000000 CR3=000000003f801000 CR4=00000668
DR0=0000000000000000 DR1=0000000000000000 DR2=0000000000000000 DR3=0000000000000000 
DR6=00000000ffff0ff0 DR7=0000000000000400
CCS=0000000000000004 CCD=0000000000000096 CCO=EFLAGS
EFER=0000000000000d00
Servicing hardware INT=0x20
   113: v=20 e=0000 i=0 cpl=0 IP=0038:000000003e6d3862 pc=000000003e6d3862 SP=0030:000000003fe65060 env->regs[R_EAX]=0000000000000985
RAX=0000000000000985 RBX=0000000000002710 RCX=000000000000b008 RDX=0000000000825830
RSI=00000000008261b5 RDI=000000003e5b40d4 RBP=000000003fe65090 RSP=000000003fe65060
R8 =000000003fe650b0 R9 =00000000000003f6 R10=0000000000000000 R11=0000000000000000
R12=000000000000c042 R13=0000000000000011 R14=000000000000c040 R15=0000000000000000
RIP=000000003e6d3862 RFL=00000202 [-------] CPL=0 II=0 A20=1 SMM=0 HLT=0
ES =0030 0000000000000000 ffffffff 00cf9300 DPL=0 DS   [-WA]
CS =0038 0000000000000000 ffffffff 00af9a00 DPL=0 CS64 [-R-]
SS =0030 0000000000000000 ffffffff 00cf9300 DPL=0 DS   [-WA]
DS =0030 0000000000000000 ffffffff 00cf9300 DPL=0 DS   [-WA]
FS =0030 0000000000000000 ffffffff 00cf9300 DPL=0 DS   [-WA]
GS =0030 0000000000000000 ffffffff 00cf9300 DPL=0 DS   [-WA]
LDT=0000 0000000000000000 0000ffff 00008200 DPL=0 LDT
TR =0000 0000000000000000 0000ffff 00008b00 DPL=0 TSS64-busy
GDT=     000000003f5dc000 00000047
IDT=     000000003efa3018 00000fff
CR0=80010033 CR2=0000000000000000 CR3=000000003f801000 CR4=00000668
DR0=0000000000000000 DR1=0000000000000000 DR2=0000000000000000 DR3=0000000000000000 
DR6=00000000ffff0ff0 DR7=0000000000000400
CCS=0000000000000000 CCD=0000000000000985 CCO=EFLAGS
EFER=0000000000000d00
Servicing hardware INT=0x20
   114: v=20 e=0000 i=0 cpl=0 IP=0038:000000003ef9f419 pc=000000003ef9f419 SP=0030:000000003fe64f30 env->regs[R_EAX]=0000000000000001
RAX=0000000000000001 RBX=000000000000c042 RCX=000000000000c042 RDX=000000000000c042
RSI=0000000000000000 RDI=0000000000000000 RBP=000000003fe64f50 RSP=000000003fe64f30
R8 =000000003fe6507f R9 =000000000000c042 R10=0000000000000000 R11=0000000000000000
R12=000000003fe6507f R13=0000000000000001 R14=0000000000000001 R15=0000000000000001
RIP=000000003ef9f419 RFL=00000246 [---Z-P-] CPL=0 II=0 A20=1 SMM=0 HLT=0
ES =0030 0000000000000000 ffffffff 00cf9300 DPL=0 DS   [-WA]
CS =0038 0000000000000000 ffffffff 00af9a00 DPL=0 CS64 [-R-]
SS =0030 0000000000000000 ffffffff 00cf9300 DPL=0 DS   [-WA]
DS =0030 0000000000000000 ffffffff 00cf9300 DPL=0 DS   [-WA]
FS =0030 0000000000000000 ffffffff 00cf9300 DPL=0 DS   [-WA]
GS =0030 0000000000000000 ffffffff 00cf9300 DPL=0 DS   [-WA]
LDT=0000 0000000000000000 0000ffff 00008200 DPL=0 LDT
TR =0000 0000000000000000 0000ffff 00008b00 DPL=0 TSS64-busy
GDT=     000000003f5dc000 00000047
IDT=     000000003efa3018 00000fff
CR0=80010033 CR2=0000000000000000 CR3=000000003f801000 CR4=00000668
DR0=0000000000000000 DR1=0000000000000000 DR2=0000000000000000 DR3=0000000000000000 
DR6=00000000ffff0ff0 DR7=0000000000000400
CCS=0000000000000044 CCD=0000000000000000 CCO=EFLAGS
EFER=0000000000000d00
Servicing hardware INT=0x20
   115: v=20 e=0000 i=0 cpl=0 IP=0038:000000003e6d3862 pc=000000003e6d3862 SP=0030:000000003fe65060 env->regs[R_EAX]=0000000000000059
RAX=0000000000000059 RBX=0000000000000064 RCX=000000000000b008 RDX=0000000000835b32
RSI=0000000000835b8b RDI=000000003e5b40d4 RBP=000000003fe65090 RSP=000000003fe65060
R8 =000000003fe6507f R9 =000000000000c042 R10=0000000000000000 R11=0000000000000000
R12=000000000004ba83 R13=0000000000000011 R14=000000000000c040 R15=0000000000000000
RIP=000000003e6d3862 RFL=00000206 [-----P-] CPL=0 II=0 A20=1 SMM=0 HLT=0
ES =0030 0000000000000000 ffffffff 00cf9300 DPL=0 DS   [-WA]
CS =0038 0000000000000000 ffffffff 00af9a00 DPL=0 CS64 [-R-]
SS =0030 0000000000000000 ffffffff 00cf9300 DPL=0 DS   [-WA]
DS =0030 0000000000000000 ffffffff 00cf9300 DPL=0 DS   [-WA]
FS =0030 0000000000000000 ffffffff 00cf9300 DPL=0 DS   [-WA]
GS =0030 0000000000000000 ffffffff 00cf9300 DPL=0 DS   [-WA]
LDT=0000 0000000000000000 0000ffff 00008200 DPL=0 LDT
TR =0000 0000000000000000 0000ffff 00008b00 DPL=0 TSS64-busy
GDT=     000000003f5dc000 00000047
IDT=     000000003efa3018 00000fff
CR0=80010033 CR2=0000000000000000 CR3=000000003f801000 CR4=00000668
DR0=0000000000000000 DR1=0000000000000000 DR2=0000000000000000 DR3=0000000000000000 
DR6=00000000ffff0ff0 DR7=0000000000000400
CCS=0000000000000004 CCD=0000000000000059 CCO=EFLAGS
EFER=0000000000000d00
Servicing hardware INT=0x20
   116: v=20 e=0000 i=0 cpl=0 IP=0038:000000003e6d3862 pc=000000003e6d3862 SP=0030:000000003fe65060 env->regs[R_EAX]=0000000000005802
RAX=0000000000005802 RBX=0000000000002710 RCX=000000000000b008 RDX=000000000084030f
RSI=0000000000845b11 RDI=000000003e5b40d4 RBP=000000003fe65090 RSP=000000003fe65060
R8 =000000003fe650b0 R9 =00000000000003f6 R10=0000000000000000 R11=0000000000000000
R12=000000000000c042 R13=0000000000000011 R14=000000000000c040 R15=0000000000000000
RIP=000000003e6d3862 RFL=00000202 [-------] CPL=0 II=0 A20=1 SMM=0 HLT=0
ES =0030 0000000000000000 ffffffff 00cf9300 DPL=0 DS   [-WA]
CS =0038 0000000000000000 ffffffff 00af9a00 DPL=0 CS64 [-R-]
SS =0030 0000000000000000 ffffffff 00cf9300 DPL=0 DS   [-WA]
DS =0030 0000000000000000 ffffffff 00cf9300 DPL=0 DS   [-WA]
FS =0030 0000000000000000 ffffffff 00cf9300 DPL=0 DS   [-WA]
GS =0030 0000000000000000 ffffffff 00cf9300 DPL=0 DS   [-WA]
LDT=0000 0000000000000000 0000ffff 00008200 DPL=0 LDT
TR =0000 0000000000000000 0000ffff 00008b00 DPL=0 TSS64-busy
GDT=     000000003f5dc000 00000047
IDT=     000000003efa3018 00000fff
CR0=80010033 CR2=0000000000000000 CR3=000000003f801000 CR4=00000668
DR0=0000000000000000 DR1=0000000000000000 DR2=0000000000000000 DR3=0000000000000000 
DR6=00000000ffff0ff0 DR7=0000000000000400
CCS=0000000000000000 CCD=0000000000005802 CCO=EFLAGS
EFER=0000000000000d00
Servicing hardware INT=0x20
   117: v=20 e=0000 i=0 cpl=0 IP=0038:000000003e6d3862 pc=000000003e6d3862 SP=0030:000000003fe650a0 env->regs[R_EAX]=000000000000014a
RAX=000000000000014a RBX=0000000000000064 RCX=000000000000b008 RDX=00000000008473b3
RSI=00000000008474fd RDI=000000003e5b40d4 RBP=000000003fe650d0 RSP=000000003fe650a0
R8 =000000003fe650bf R9 =000000000000c042 R10=0000000000000000 R11=0000000000000000
R12=000000000004baec R13=0000000000000011 R14=000000000000c040 R15=0000000000000000
RIP=000000003e6d3862 RFL=00000202 [-------] CPL=0 II=0 A20=1 SMM=0 HLT=0
ES =0030 0000000000000000 ffffffff 00cf9300 DPL=0 DS   [-WA]
CS =0038 0000000000000000 ffffffff 00af9a00 DPL=0 CS64 [-R-]
SS =0030 0000000000000000 ffffffff 00cf9300 DPL=0 DS   [-WA]
DS =0030 0000000000000000 ffffffff 00cf9300 DPL=0 DS   [-WA]
FS =0030 0000000000000000 ffffffff 00cf9300 DPL=0 DS   [-WA]
GS =0030 0000000000000000 ffffffff 00cf9300 DPL=0 DS   [-WA]
LDT=0000 0000000000000000 0000ffff 00008200 DPL=0 LDT
TR =0000 0000000000000000 0000ffff 00008b00 DPL=0 TSS64-busy
GDT=     000000003f5dc000 00000047
IDT=     000000003efa3018 00000fff
CR0=80010033 CR2=0000000000000000 CR3=000000003f801000 CR4=00000668
DR0=0000000000000000 DR1=0000000000000000 DR2=0000000000000000 DR3=0000000000000000 
DR6=00000000ffff0ff0 DR7=0000000000000400
CCS=0000000000000000 CCD=000000000000014a CCO=EFLAGS
EFER=0000000000000d00
Servicing hardware INT=0x20
   118: v=20 e=0000 i=0 cpl=0 IP=0038:000000003e6d3862 pc=000000003e6d3862 SP=0030:000000003fe650a0 env->regs[R_EAX]=0000000000003c2c
RAX=0000000000003c2c RBX=0000000000002710 RCX=000000000000b008 RDX=0000000000851446
RSI=0000000000855072 RDI=000000003e5b40d4 RBP=000000003fe650d0 RSP=000000003fe650a0
R8 =000000003fe650f0 R9 =00000000000003f6 R10=0000000000000000 R11=0000000000000000
R12=000000000000c042 R13=0000000000000011 R14=000000000000c040 R15=0000000000000000
RIP=000000003e6d3862 RFL=00000202 [-------] CPL=0 II=0 A20=1 SMM=0 HLT=0
ES =0030 0000000000000000 ffffffff 00cf9300 DPL=0 DS   [-WA]
CS =0038 0000000000000000 ffffffff 00af9a00 DPL=0 CS64 [-R-]
SS =0030 0000000000000000 ffffffff 00cf9300 DPL=0 DS   [-WA]
DS =0030 0000000000000000 ffffffff 00cf9300 DPL=0 DS   [-WA]
FS =0030 0000000000000000 ffffffff 00cf9300 DPL=0 DS   [-WA]
GS =0030 0000000000000000 ffffffff 00cf9300 DPL=0 DS   [-WA]
LDT=0000 0000000000000000 0000ffff 00008200 DPL=0 LDT
TR =0000 0000000000000000 0000ffff 00008b00 DPL=0 TSS64-busy
GDT=     000000003f5dc000 00000047
IDT=     000000003efa3018 00000fff
CR0=80010033 CR2=0000000000000000 CR3=000000003f801000 CR4=00000668
DR0=0000000000000000 DR1=0000000000000000 DR2=0000000000000000 DR3=0000000000000000 
DR6=00000000ffff0ff0 DR7=0000000000000400
CCS=0000000000000000 CCD=0000000000003c2c CCO=EFLAGS
EFER=0000000000000d00
Servicing hardware INT=0x20
   119: v=20 e=0000 i=0 cpl=0 IP=0038:000000003e6d3862 pc=000000003e6d3862 SP=0030:000000003fe650a0 env->regs[R_EAX]=000000000000008c
RAX=000000000000008c RBX=0000000000000064 RCX=000000000000b008 RDX=0000000000858b94
RSI=0000000000858c20 RDI=000000003e5b40d4 RBP=000000003fe650d0 RSP=000000003fe650a0
R8 =000000003fe650bf R9 =000000000000c042 R10=0000000000000000 R11=0000000000000000
R12=000000000004bad5 R13=0000000000000011 R14=000000000000c040 R15=0000000000000000
RIP=000000003e6d3862 RFL=00000202 [-------] CPL=0 II=0 A20=1 SMM=0 HLT=0
ES =0030 0000000000000000 ffffffff 00cf9300 DPL=0 DS   [-WA]
CS =0038 0000000000000000 ffffffff 00af9a00 DPL=0 CS64 [-R-]
SS =0030 0000000000000000 ffffffff 00cf9300 DPL=0 DS   [-WA]
DS =0030 0000000000000000 ffffffff 00cf9300 DPL=0 DS   [-WA]
FS =0030 0000000000000000 ffffffff 00cf9300 DPL=0 DS   [-WA]
GS =0030 0000000000000000 ffffffff 00cf9300 DPL=0 DS   [-WA]
LDT=0000 0000000000000000 0000ffff 00008200 DPL=0 LDT
TR =0000 0000000000000000 0000ffff 00008b00 DPL=0 TSS64-busy
GDT=     000000003f5dc000 00000047
IDT=     000000003efa3018 00000fff
CR0=80010033 CR2=0000000000000000 CR3=000000003f801000 CR4=00000668
DR0=0000000000000000 DR1=0000000000000000 DR2=0000000000000000 DR3=0000000000000000 
DR6=00000000ffff0ff0 DR7=0000000000000400
CCS=0000000000000000 CCD=000000000000008c CCO=EFLAGS
EFER=0000000000000d00
Servicing hardware INT=0x20
   120: v=20 e=0000 i=0 cpl=0 IP=0038:000000003e6d3862 pc=000000003e6d3862 SP=0030:000000003fe650a0 env->regs[R_EAX]=0000000000002404
RAX=0000000000002404 RBX=0000000000002710 RCX=000000000000b008 RDX=0000000000861e4e
RSI=0000000000864252 RDI=000000003e5b40d4 RBP=000000003fe650d0 RSP=000000003fe650a0
R8 =000000003fe650f0 R9 =00000000000003f6 R10=0000000000000000 R11=0000000000000000
R12=000000000000c042 R13=0000000000000011 R14=000000000000c040 R15=0000000000000000
RIP=000000003e6d3862 RFL=00000202 [-------] CPL=0 II=0 A20=1 SMM=0 HLT=0
ES =0030 0000000000000000 ffffffff 00cf9300 DPL=0 DS   [-WA]
CS =0038 0000000000000000 ffffffff 00af9a00 DPL=0 CS64 [-R-]
SS =0030 0000000000000000 ffffffff 00cf9300 DPL=0 DS   [-WA]
DS =0030 0000000000000000 ffffffff 00cf9300 DPL=0 DS   [-WA]
FS =0030 0000000000000000 ffffffff 00cf9300 DPL=0 DS   [-WA]
GS =0030 0000000000000000 ffffffff 00cf9300 DPL=0 DS   [-WA]
LDT=0000 0000000000000000 0000ffff 00008200 DPL=0 LDT
TR =0000 0000000000000000 0000ffff 00008b00 DPL=0 TSS64-busy
GDT=     000000003f5dc000 00000047
IDT=     000000003efa3018 00000fff
CR0=80010033 CR2=0000000000000000 CR3=000000003f801000 CR4=00000668
DR0=0000000000000000 DR1=0000000000000000 DR2=0000000000000000 DR3=0000000000000000 
DR6=00000000ffff0ff0 DR7=0000000000000400
CCS=0000000000000000 CCD=0000000000002404 CCO=EFLAGS
EFER=0000000000000d00
Servicing hardware INT=0x20
   121: v=20 e=0000 i=0 cpl=0 IP=0038:000000003e6d3862 pc=000000003e6d3862 SP=0030:000000003fe650a0 env->regs[R_EAX]=000000000000015f
RAX=000000000000015f RBX=0000000000000064 RCX=000000000000b008 RDX=000000000086a2c4
RSI=000000000086a423 RDI=000000003e5b40d4 RBP=000000003fe650d0 RSP=000000003fe650a0
R8 =000000003fe650bf R9 =000000000000c042 R10=0000000000000000 R11=0000000000000000
R12=000000000004bac1 R13=0000000000000011 R14=000000000000c040 R15=0000000000000000
RIP=000000003e6d3862 RFL=00000206 [-----P-] CPL=0 II=0 A20=1 SMM=0 HLT=0
ES =0030 0000000000000000 ffffffff 00cf9300 DPL=0 DS   [-WA]
CS =0038 0000000000000000 ffffffff 00af9a00 DPL=0 CS64 [-R-]
SS =0030 0000000000000000 ffffffff 00cf9300 DPL=0 DS   [-WA]
DS =0030 0000000000000000 ffffffff 00cf9300 DPL=0 DS   [-WA]
FS =0030 0000000000000000 ffffffff 00cf9300 DPL=0 DS   [-WA]
GS =0030 0000000000000000 ffffffff 00cf9300 DPL=0 DS   [-WA]
LDT=0000 0000000000000000 0000ffff 00008200 DPL=0 LDT
TR =0000 0000000000000000 0000ffff 00008b00 DPL=0 TSS64-busy
GDT=     000000003f5dc000 00000047
IDT=     000000003efa3018 00000fff
CR0=80010033 CR2=0000000000000000 CR3=000000003f801000 CR4=00000668
DR0=0000000000000000 DR1=0000000000000000 DR2=0000000000000000 DR3=0000000000000000 
DR6=00000000ffff0ff0 DR7=0000000000000400
CCS=0000000000000004 CCD=000000000000015f CCO=EFLAGS
EFER=0000000000000d00
Servicing hardware INT=0x20
   122: v=20 e=0000 i=0 cpl=0 IP=0038:000000003e6d3862 pc=000000003e6d3862 SP=0030:000000003fe650a0 env->regs[R_EAX]=00000000000021dc
RAX=00000000000021dc RBX=0000000000002710 RCX=000000000000b008 RDX=0000000000873631
RSI=000000000087580d RDI=000000003e5b40d4 RBP=000000003fe650d0 RSP=000000003fe650a0
R8 =000000003fe650f0 R9 =00000000000003f6 R10=0000000000000000 R11=0000000000000000
R12=000000000000c042 R13=0000000000000011 R14=000000000000c040 R15=0000000000000000
RIP=000000003e6d3862 RFL=00000202 [-------] CPL=0 II=0 A20=1 SMM=0 HLT=0
ES =0030 0000000000000000 ffffffff 00cf9300 DPL=0 DS   [-WA]
CS =0038 0000000000000000 ffffffff 00af9a00 DPL=0 CS64 [-R-]
SS =0030 0000000000000000 ffffffff 00cf9300 DPL=0 DS   [-WA]
DS =0030 0000000000000000 ffffffff 00cf9300 DPL=0 DS   [-WA]
FS =0030 0000000000000000 ffffffff 00cf9300 DPL=0 DS   [-WA]
GS =0030 0000000000000000 ffffffff 00cf9300 DPL=0 DS   [-WA]
LDT=0000 0000000000000000 0000ffff 00008200 DPL=0 LDT
TR =0000 0000000000000000 0000ffff 00008b00 DPL=0 TSS64-busy
GDT=     000000003f5dc000 00000047
IDT=     000000003efa3018 00000fff
CR0=80010033 CR2=0000000000000000 CR3=000000003f801000 CR4=00000668
DR0=0000000000000000 DR1=0000000000000000 DR2=0000000000000000 DR3=0000000000000000 
DR6=00000000ffff0ff0 DR7=0000000000000400
CCS=0000000000000000 CCD=00000000000021dc CCO=EFLAGS
EFER=0000000000000d00
Servicing hardware INT=0x20
   123: v=20 e=0000 i=0 cpl=0 IP=0038:000000003e6d3862 pc=000000003e6d3862 SP=0030:000000003fe650a0 env->regs[R_EAX]=0000000000000158
RAX=0000000000000158 RBX=0000000000000064 RCX=000000000000b008 RDX=000000000087baf0
RSI=000000000087bc48 RDI=000000003e5b40d4 RBP=000000003fe650d0 RSP=000000003fe650a0
R8 =000000003fe650bf R9 =000000000000c042 R10=0000000000000000 R11=0000000000000000
R12=000000000004babf R13=0000000000000011 R14=000000000000c040 R15=0000000000000000
RIP=000000003e6d3862 RFL=00000202 [-------] CPL=0 II=0 A20=1 SMM=0 HLT=0
ES =0030 0000000000000000 ffffffff 00cf9300 DPL=0 DS   [-WA]
CS =0038 0000000000000000 ffffffff 00af9a00 DPL=0 CS64 [-R-]
SS =0030 0000000000000000 ffffffff 00cf9300 DPL=0 DS   [-WA]
DS =0030 0000000000000000 ffffffff 00cf9300 DPL=0 DS   [-WA]
FS =0030 0000000000000000 ffffffff 00cf9300 DPL=0 DS   [-WA]
GS =0030 0000000000000000 ffffffff 00cf9300 DPL=0 DS   [-WA]
LDT=0000 0000000000000000 0000ffff 00008200 DPL=0 LDT
TR =0000 0000000000000000 0000ffff 00008b00 DPL=0 TSS64-busy
GDT=     000000003f5dc000 00000047
IDT=     000000003efa3018 00000fff
CR0=80010033 CR2=0000000000000000 CR3=000000003f801000 CR4=00000668
DR0=0000000000000000 DR1=0000000000000000 DR2=0000000000000000 DR3=0000000000000000 
DR6=00000000ffff0ff0 DR7=0000000000000400
CCS=0000000000000000 CCD=0000000000000158 CCO=EFLAGS
EFER=0000000000000d00
Servicing hardware INT=0x20
   124: v=20 e=0000 i=0 cpl=0 IP=0038:000000003e6d3862 pc=000000003e6d3862 SP=0030:000000003fe650a0 env->regs[R_EAX]=0000000000001e30
RAX=0000000000001e30 RBX=0000000000002710 RCX=000000000000b008 RDX=000000000088476c
RSI=000000000088659c RDI=000000003e5b40d4 RBP=000000003fe650d0 RSP=000000003fe650a0
R8 =000000003fe650f0 R9 =00000000000003f6 R10=0000000000000000 R11=0000000000000000
R12=000000000000c042 R13=0000000000000011 R14=000000000000c040 R15=0000000000000000
RIP=000000003e6d3862 RFL=00000206 [-----P-] CPL=0 II=0 A20=1 SMM=0 HLT=0
ES =0030 0000000000000000 ffffffff 00cf9300 DPL=0 DS   [-WA]
CS =0038 0000000000000000 ffffffff 00af9a00 DPL=0 CS64 [-R-]
SS =0030 0000000000000000 ffffffff 00cf9300 DPL=0 DS   [-WA]
DS =0030 0000000000000000 ffffffff 00cf9300 DPL=0 DS   [-WA]
FS =0030 0000000000000000 ffffffff 00cf9300 DPL=0 DS   [-WA]
GS =0030 0000000000000000 ffffffff 00cf9300 DPL=0 DS   [-WA]
LDT=0000 0000000000000000 0000ffff 00008200 DPL=0 LDT
TR =0000 0000000000000000 0000ffff 00008b00 DPL=0 TSS64-busy
GDT=     000000003f5dc000 00000047
IDT=     000000003efa3018 00000fff
CR0=80010033 CR2=0000000000000000 CR3=000000003f801000 CR4=00000668
DR0=0000000000000000 DR1=0000000000000000 DR2=0000000000000000 DR3=0000000000000000 
DR6=00000000ffff0ff0 DR7=0000000000000400
CCS=0000000000000004 CCD=0000000000001e30 CCO=EFLAGS
EFER=0000000000000d00
Servicing hardware INT=0x20
   125: v=20 e=0000 i=0 cpl=0 IP=0038:000000003fe6662e pc=000000003fe6662e SP=0030:000000003fe65680 env->regs[R_EAX]=000000003e7aae18
RAX=000000003e7aae18 RBX=000000003e7aae20 RCX=0000000000000010 RDX=000000003e4adc18
RSI=000000003fe657c8 RDI=000000003e7bd798 RBP=000000003fe656a0 RSP=000000003fe65680
R8 =000000003e4ad018 R9 =0000000000000000 R10=000000003fe8afc0 R11=000000003e73d980
R12=000000003e7bd798 R13=000000003fe8a250 R14=000000003fe844d1 R15=000000003e4adc18
RIP=000000003fe6662e RFL=00000246 [---Z-P-] CPL=0 II=0 A20=1 SMM=0 HLT=0
ES =0030 0000000000000000 ffffffff 00cf9300 DPL=0 DS   [-WA]
CS =0038 0000000000000000 ffffffff 00af9a00 DPL=0 CS64 [-R-]
SS =0030 0000000000000000 ffffffff 00cf9300 DPL=0 DS   [-WA]
DS =0030 0000000000000000 ffffffff 00cf9300 DPL=0 DS   [-WA]
FS =0030 0000000000000000 ffffffff 00cf9300 DPL=0 DS   [-WA]
GS =0030 0000000000000000 ffffffff 00cf9300 DPL=0 DS   [-WA]
LDT=0000 0000000000000000 0000ffff 00008200 DPL=0 LDT
TR =0000 0000000000000000 0000ffff 00008b00 DPL=0 TSS64-busy
GDT=     000000003f5dc000 00000047
IDT=     000000003efa3018 00000fff
CR0=80010033 CR2=0000000000000000 CR3=000000003f801000 CR4=00000668
DR0=0000000000000000 DR1=0000000000000000 DR2=0000000000000000 DR3=0000000000000000 
DR6=00000000ffff0ff0 DR7=0000000000000400
CCS=0000000000000044 CCD=0000000000000000 CCO=EFLAGS
EFER=0000000000000d00
Servicing hardware INT=0x20
   126: v=20 e=0000 i=0 cpl=0 IP=0038:000000003fe665f0 pc=000000003fe665f0 SP=0030:000000003fe65900 env->regs[R_EAX]=000000003eb7a298
RAX=000000003eb7a298 RBX=000000003eb7a0a0 RCX=0000000000000010 RDX=000000003e64f440
RSI=000000003efa5d98 RDI=000000003efa5d98 RBP=000000003fe65920 RSP=000000003fe65900
R8 =000000003fe659e8 R9 =000000003e672e18 R10=0000000000000028 R11=000000003e73d980
R12=000000003efa5d98 R13=000000003fe8a250 R14=000000003fe844d1 R15=000000003e64f440
RIP=000000003fe665f0 RFL=00000287 [--S--PC] CPL=0 II=0 A20=1 SMM=0 HLT=0
ES =0030 0000000000000000 ffffffff 00cf9300 DPL=0 DS   [-WA]
CS =0038 0000000000000000 ffffffff 00af9a00 DPL=0 CS64 [-R-]
SS =0030 0000000000000000 ffffffff 00cf9300 DPL=0 DS   [-WA]
DS =0030 0000000000000000 ffffffff 00cf9300 DPL=0 DS   [-WA]
FS =0030 0000000000000000 ffffffff 00cf9300 DPL=0 DS   [-WA]
GS =0030 0000000000000000 ffffffff 00cf9300 DPL=0 DS   [-WA]
LDT=0000 0000000000000000 0000ffff 00008200 DPL=0 LDT
TR =0000 0000000000000000 0000ffff 00008b00 DPL=0 TSS64-busy
GDT=     000000003f5dc000 00000047
IDT=     000000003efa3018 00000fff
CR0=80010033 CR2=0000000000000000 CR3=000000003f801000 CR4=00000668
DR0=0000000000000000 DR1=0000000000000000 DR2=0000000000000000 DR3=0000000000000000 
DR6=00000000ffff0ff0 DR7=0000000000000400
CCS=0000000000000085 CCD=ffffffffffbd4500 CCO=EFLAGS
EFER=0000000000000d00
Servicing hardware INT=0x20
   127: v=20 e=0000 i=0 cpl=0 IP=0038:000000003fe664a6 pc=000000003fe664a6 SP=0030:000000003fe65908 env->regs[R_EAX]=000000003e74a898
RAX=000000003e74a898 RBX=0000000000000000 RCX=000000003fe664a6 RDX=0000000000000e88
RSI=000000003fe65938 RDI=000000003fe65940 RBP=000000003fe65990 RSP=000000003fe65908
R8 =000000003e4add18 R9 =000000003e4add18 R10=000000003fe8afc0 R11=000000003e73d980
R12=000000003fe659c8 R13=0000000000000002 R14=00000000000000b0 R15=000000003e4addc8
RIP=000000003fe664a6 RFL=00000202 [-------] CPL=0 II=0 A20=1 SMM=0 HLT=0
ES =0030 0000000000000000 ffffffff 00cf9300 DPL=0 DS   [-WA]
CS =0038 0000000000000000 ffffffff 00af9a00 DPL=0 CS64 [-R-]
SS =0030 0000000000000000 ffffffff 00cf9300 DPL=0 DS   [-WA]
DS =0030 0000000000000000 ffffffff 00cf9300 DPL=0 DS   [-WA]
FS =0030 0000000000000000 ffffffff 00cf9300 DPL=0 DS   [-WA]
GS =0030 0000000000000000 ffffffff 00cf9300 DPL=0 DS   [-WA]
LDT=0000 0000000000000000 0000ffff 00008200 DPL=0 LDT
TR =0000 0000000000000000 0000ffff 00008b00 DPL=0 TSS64-busy
GDT=     000000003f5dc000 00000047
IDT=     000000003efa3018 00000fff
CR0=80010033 CR2=0000000000000000 CR3=000000003f801000 CR4=00000668
DR0=0000000000000000 DR1=0000000000000000 DR2=0000000000000000 DR3=0000000000000000 
DR6=00000000ffff0ff0 DR7=0000000000000400
CCS=0000000000000000 CCD=000000003e4addc8 CCO=EFLAGS
EFER=0000000000000d00
Servicing hardware INT=0x20
   128: v=20 e=0000 i=0 cpl=0 IP=0038:000000003efae1b1 pc=000000003efae1b1 SP=0030:000000003fe65470 env->regs[R_EAX]=000000003e4ada02
RAX=000000003e4ada02 RBX=000000003e4ada7e RCX=000000003e4ada7e RDX=000000003e4ada01
RSI=0000000000000004 RDI=0000000000000049 RBP=000000003fe654a0 RSP=000000003fe65470
R8 =00000000000000af R9 =0000000000000050 R10=000000003ea42674 R11=000000003e73d980
R12=000000003e4ac698 R13=000000003e4ad818 R14=000000003e4add18 R15=000000003fe655f0
RIP=000000003efae1b1 RFL=00000202 [-------] CPL=0 II=0 A20=1 SMM=0 HLT=0
ES =0030 0000000000000000 ffffffff 00cf9300 DPL=0 DS   [-WA]
CS =0038 0000000000000000 ffffffff 00af9a00 DPL=0 CS64 [-R-]
SS =0030 0000000000000000 ffffffff 00cf9300 DPL=0 DS   [-WA]
DS =0030 0000000000000000 ffffffff 00cf9300 DPL=0 DS   [-WA]
FS =0030 0000000000000000 ffffffff 00cf9300 DPL=0 DS   [-WA]
GS =0030 0000000000000000 ffffffff 00cf9300 DPL=0 DS   [-WA]
LDT=0000 0000000000000000 0000ffff 00008200 DPL=0 LDT
TR =0000 0000000000000000 0000ffff 00008b00 DPL=0 TSS64-busy
GDT=     000000003f5dc000 00000047
IDT=     000000003efa3018 00000fff
CR0=80010033 CR2=0000000000000000 CR3=000000003f801000 CR4=00000668
DR0=0000000000000000 DR1=0000000000000000 DR2=0000000000000000 DR3=0000000000000000 
DR6=00000000ffff0ff0 DR7=0000000000000400
CCS=0000000000000000 CCD=000000003fe65458 CCO=EFLAGS
EFER=0000000000000d00
Servicing hardware INT=0x20
   129: v=20 e=0000 i=0 cpl=0 IP=0038:000000003e6d3862 pc=000000003e6d3862 SP=0030:000000003fe64fd0 env->regs[R_EAX]=00000000000003be
RAX=00000000000003be RBX=0000000000000190 RCX=000000000000b008 RDX=00000000008b0be4
RSI=00000000008b0fa2 RDI=000000003fe65128 RBP=000000003fe65000 RSP=000000003fe64fd0
R8 =000000003fe65020 R9 =0000000000000177 R10=0000000000000000 R11=0000000000000000
R12=00000000000493e1 R13=0000000000000000 R14=000000003e5b40a0 R15=00000000ffffff00
RIP=000000003e6d3862 RFL=00000206 [-----P-] CPL=0 II=0 A20=1 SMM=0 HLT=0
ES =0030 0000000000000000 ffffffff 00cf9300 DPL=0 DS   [-WA]
CS =0038 0000000000000000 ffffffff 00af9a00 DPL=0 CS64 [-R-]
SS =0030 0000000000000000 ffffffff 00cf9300 DPL=0 DS   [-WA]
DS =0030 0000000000000000 ffffffff 00cf9300 DPL=0 DS   [-WA]
FS =0030 0000000000000000 ffffffff 00cf9300 DPL=0 DS   [-WA]
GS =0030 0000000000000000 ffffffff 00cf9300 DPL=0 DS   [-WA]
LDT=0000 0000000000000000 0000ffff 00008200 DPL=0 LDT
TR =0000 0000000000000000 0000ffff 00008b00 DPL=0 TSS64-busy
GDT=     000000003f5dc000 00000047
IDT=     000000003efa3018 00000fff
CR0=80010033 CR2=0000000000000000 CR3=000000003f801000 CR4=00000668
DR0=0000000000000000 DR1=0000000000000000 DR2=0000000000000000 DR3=0000000000000000 
DR6=00000000ffff0ff0 DR7=0000000000000400
CCS=0000000000000004 CCD=00000000000003be CCO=EFLAGS
EFER=0000000000000d00
Servicing hardware INT=0x20
   130: v=20 e=0000 i=0 cpl=0 IP=0038:000000003e6d3862 pc=000000003e6d3862 SP=0030:000000003fe65140 env->regs[R_EAX]=000000000000014c
RAX=000000000000014c RBX=0000000000000064 RCX=000000000000b008 RDX=00000000008b8f55
RSI=00000000008b90a1 RDI=000000003e5b40d4 RBP=000000003fe65170 RSP=000000003fe65140
R8 =000000003fe6515f R9 =000000000000c042 R10=0000000000000000 R11=0000000000000000
R12=000000000004baf1 R13=0000000000000011 R14=000000000000c040 R15=0000000000000000
RIP=000000003e6d3862 RFL=00000202 [-------] CPL=0 II=0 A20=1 SMM=0 HLT=0
ES =0030 0000000000000000 ffffffff 00cf9300 DPL=0 DS   [-WA]
CS =0038 0000000000000000 ffffffff 00af9a00 DPL=0 CS64 [-R-]
SS =0030 0000000000000000 ffffffff 00cf9300 DPL=0 DS   [-WA]
DS =0030 0000000000000000 ffffffff 00cf9300 DPL=0 DS   [-WA]
FS =0030 0000000000000000 ffffffff 00cf9300 DPL=0 DS   [-WA]
GS =0030 0000000000000000 ffffffff 00cf9300 DPL=0 DS   [-WA]
LDT=0000 0000000000000000 0000ffff 00008200 DPL=0 LDT
TR =0000 0000000000000000 0000ffff 00008b00 DPL=0 TSS64-busy
GDT=     000000003f5dc000 00000047
IDT=     000000003efa3018 00000fff
CR0=80010033 CR2=0000000000000000 CR3=000000003f801000 CR4=00000668
DR0=0000000000000000 DR1=0000000000000000 DR2=0000000000000000 DR3=0000000000000000 
DR6=00000000ffff0ff0 DR7=0000000000000400
CCS=0000000000000000 CCD=000000000000014c CCO=EFLAGS
EFER=0000000000000d00
Servicing hardware INT=0x20
   131: v=20 e=0000 i=0 cpl=0 IP=0038:000000003e6d3862 pc=000000003e6d3862 SP=0030:000000003fe64f90 env->regs[R_EAX]=00000000000000d1
RAX=00000000000000d1 RBX=0000000000000064 RCX=000000000000b008 RDX=00000000008c2cdf
RSI=00000000008c2db0 RDI=000000003e5b40d4 RBP=000000003fe64fc0 RSP=000000003fe64f90
R8 =000000003fe64faf R9 =000000000000c042 R10=0000000000000000 R11=0000000000000000
R12=000000000004baf1 R13=0000000000000011 R14=000000000000c040 R15=0000000000000000
RIP=000000003e6d3862 RFL=00000206 [-----P-] CPL=0 II=0 A20=1 SMM=0 HLT=0
ES =0030 0000000000000000 ffffffff 00cf9300 DPL=0 DS   [-WA]
CS =0038 0000000000000000 ffffffff 00af9a00 DPL=0 CS64 [-R-]
SS =0030 0000000000000000 ffffffff 00cf9300 DPL=0 DS   [-WA]
DS =0030 0000000000000000 ffffffff 00cf9300 DPL=0 DS   [-WA]
FS =0030 0000000000000000 ffffffff 00cf9300 DPL=0 DS   [-WA]
GS =0030 0000000000000000 ffffffff 00cf9300 DPL=0 DS   [-WA]
LDT=0000 0000000000000000 0000ffff 00008200 DPL=0 LDT
TR =0000 0000000000000000 0000ffff 00008b00 DPL=0 TSS64-busy
GDT=     000000003f5dc000 00000047
IDT=     000000003efa3018 00000fff
CR0=80010033 CR2=0000000000000000 CR3=000000003f801000 CR4=00000668
DR0=0000000000000000 DR1=0000000000000000 DR2=0000000000000000 DR3=0000000000000000 
DR6=00000000ffff0ff0 DR7=0000000000000400
CCS=0000000000000004 CCD=00000000000000d1 CCO=EFLAGS
EFER=0000000000000d00
Servicing hardware INT=0x20
   132: v=20 e=0000 i=0 cpl=0 IP=0038:000000003e6d3862 pc=000000003e6d3862 SP=0030:000000003fe64f90 env->regs[R_EAX]=00000000000013e2
RAX=00000000000013e2 RBX=0000000000002710 RCX=000000000000b008 RDX=00000000008ca91b
RSI=00000000008cbcfd RDI=000000003e5b40d4 RBP=000000003fe64fc0 RSP=000000003fe64f90
R8 =000000003fe64fe0 R9 =00000000000003f6 R10=0000000000000000 R11=0000000000000000
R12=000000000000c042 R13=0000000000000011 R14=000000000000c040 R15=0000000000000000
RIP=000000003e6d3862 RFL=00000206 [-----P-] CPL=0 II=0 A20=1 SMM=0 HLT=0
ES =0030 0000000000000000 ffffffff 00cf9300 DPL=0 DS   [-WA]
CS =0038 0000000000000000 ffffffff 00af9a00 DPL=0 CS64 [-R-]
SS =0030 0000000000000000 ffffffff 00cf9300 DPL=0 DS   [-WA]
DS =0030 0000000000000000 ffffffff 00cf9300 DPL=0 DS   [-WA]
FS =0030 0000000000000000 ffffffff 00cf9300 DPL=0 DS   [-WA]
GS =0030 0000000000000000 ffffffff 00cf9300 DPL=0 DS   [-WA]
LDT=0000 0000000000000000 0000ffff 00008200 DPL=0 LDT
TR =0000 0000000000000000 0000ffff 00008b00 DPL=0 TSS64-busy
GDT=     000000003f5dc000 00000047
IDT=     000000003efa3018 00000fff
CR0=80010033 CR2=0000000000000000 CR3=000000003f801000 CR4=00000668
DR0=0000000000000000 DR1=0000000000000000 DR2=0000000000000000 DR3=0000000000000000 
DR6=00000000ffff0ff0 DR7=0000000000000400
CCS=0000000000000004 CCD=00000000000013e2 CCO=EFLAGS
EFER=0000000000000d00
Servicing hardware INT=0x20
   133: v=20 e=0000 i=0 cpl=0 IP=0038:000000003e6d3862 pc=000000003e6d3862 SP=0030:000000003fe64f90 env->regs[R_EAX]=00000000000021ba
RAX=00000000000021ba RBX=0000000000002710 RCX=000000000000b008 RDX=00000000008d3516
RSI=00000000008d56d0 RDI=000000003e5b40d4 RBP=000000003fe64fc0 RSP=000000003fe64f90
R8 =000000003fe64fe0 R9 =00000000000003f6 R10=0000000000000000 R11=0000000000000000
R12=000000000000c042 R13=0000000000000011 R14=000000000000c040 R15=0000000000000000
RIP=000000003e6d3862 RFL=00000202 [-------] CPL=0 II=0 A20=1 SMM=0 HLT=0
ES =0030 0000000000000000 ffffffff 00cf9300 DPL=0 DS   [-WA]
CS =0038 0000000000000000 ffffffff 00af9a00 DPL=0 CS64 [-R-]
SS =0030 0000000000000000 ffffffff 00cf9300 DPL=0 DS   [-WA]
DS =0030 0000000000000000 ffffffff 00cf9300 DPL=0 DS   [-WA]
FS =0030 0000000000000000 ffffffff 00cf9300 DPL=0 DS   [-WA]
GS =0030 0000000000000000 ffffffff 00cf9300 DPL=0 DS   [-WA]
LDT=0000 0000000000000000 0000ffff 00008200 DPL=0 LDT
TR =0000 0000000000000000 0000ffff 00008b00 DPL=0 TSS64-busy
GDT=     000000003f5dc000 00000047
IDT=     000000003efa3018 00000fff
CR0=80010033 CR2=0000000000000000 CR3=000000003f801000 CR4=00000668
DR0=0000000000000000 DR1=0000000000000000 DR2=0000000000000000 DR3=0000000000000000 
DR6=00000000ffff0ff0 DR7=0000000000000400
CCS=0000000000000000 CCD=00000000000021ba CCO=EFLAGS
EFER=0000000000000d00
Servicing hardware INT=0x20
   134: v=20 e=0000 i=0 cpl=0 IP=0038:000000003e6d3862 pc=000000003e6d3862 SP=0030:000000003fe65130 env->regs[R_EAX]=0000000000001ade
RAX=0000000000001ade RBX=0000000000002710 RCX=000000000000b008 RDX=00000000008dd600
RSI=00000000008df0de RDI=000000003e5b40d4 RBP=000000003fe65160 RSP=000000003fe65130
R8 =000000003fe65180 R9 =00000000000003f6 R10=0000000000000000 R11=0000000000000000
R12=000000000000c042 R13=0000000000000011 R14=000000000000c040 R15=0000000000000000
RIP=000000003e6d3862 RFL=00000206 [-----P-] CPL=0 II=0 A20=1 SMM=0 HLT=0
ES =0030 0000000000000000 ffffffff 00cf9300 DPL=0 DS   [-WA]
CS =0038 0000000000000000 ffffffff 00af9a00 DPL=0 CS64 [-R-]
SS =0030 0000000000000000 ffffffff 00cf9300 DPL=0 DS   [-WA]
DS =0030 0000000000000000 ffffffff 00cf9300 DPL=0 DS   [-WA]
FS =0030 0000000000000000 ffffffff 00cf9300 DPL=0 DS   [-WA]
GS =0030 0000000000000000 ffffffff 00cf9300 DPL=0 DS   [-WA]
LDT=0000 0000000000000000 0000ffff 00008200 DPL=0 LDT
TR =0000 0000000000000000 0000ffff 00008b00 DPL=0 TSS64-busy
GDT=     000000003f5dc000 00000047
IDT=     000000003efa3018 00000fff
CR0=80010033 CR2=0000000000000000 CR3=000000003f801000 CR4=00000668
DR0=0000000000000000 DR1=0000000000000000 DR2=0000000000000000 DR3=0000000000000000 
DR6=00000000ffff0ff0 DR7=0000000000000400
CCS=0000000000000004 CCD=0000000000001ade CCO=EFLAGS
EFER=0000000000000d00
Servicing hardware INT=0x20
   135: v=20 e=0000 i=0 cpl=0 IP=0038:000000003e733306 pc=000000003e733306 SP=0030:000000003fe65870 env->regs[R_EAX]=0000000000000000
RAX=0000000000000000 RBX=000000003e664920 RCX=000000003eb6ca80 RDX=0000000000000fed
RSI=0000000000000000 RDI=000000003fe65988 RBP=000000003fe65910 RSP=000000003fe65870
R8 =000000003e4ab018 R9 =000000003e4ab018 R10=0000000000000000 R11=000000003e73d980
R12=000000003e664918 R13=0000000000000000 R14=000000003e6650d8 R15=000000003fe65901
RIP=000000003e733306 RFL=00000206 [-----P-] CPL=0 II=0 A20=1 SMM=0 HLT=0
ES =0030 0000000000000000 ffffffff 00cf9300 DPL=0 DS   [-WA]
CS =0038 0000000000000000 ffffffff 00af9a00 DPL=0 CS64 [-R-]
SS =0030 0000000000000000 ffffffff 00cf9300 DPL=0 DS   [-WA]
DS =0030 0000000000000000 ffffffff 00cf9300 DPL=0 DS   [-WA]
FS =0030 0000000000000000 ffffffff 00cf9300 DPL=0 DS   [-WA]
GS =0030 0000000000000000 ffffffff 00cf9300 DPL=0 DS   [-WA]
LDT=0000 0000000000000000 0000ffff 00008200 DPL=0 LDT
TR =0000 0000000000000000 0000ffff 00008b00 DPL=0 TSS64-busy
GDT=     000000003f5dc000 00000047
IDT=     000000003efa3018 00000fff
CR0=80010033 CR2=0000000000000000 CR3=000000003f801000 CR4=00000668
DR0=0000000000000000 DR1=0000000000000000 DR2=0000000000000000 DR3=0000000000000000 
DR6=00000000ffff0ff0 DR7=0000000000000400
CCS=0000000000000004 CCD=000000003fe65828 CCO=EFLAGS
EFER=0000000000000d00
Servicing hardware INT=0x20
   136: v=20 e=0000 i=0 cpl=0 IP=0038:000000003eb55171 pc=000000003eb55171 SP=0030:000000003fe656f0 env->regs[R_EAX]=00000000000003d4
RAX=00000000000003d4 RBX=00000000008ee433 RCX=000000000000b008 RDX=00000000008ee05f
RSI=000000000000000d RDI=0000000000000dfb RBP=000000003fe65700 RSP=000000003fe656f0
R8 =000000003fe6579c R9 =0000000000000030 R10=000000003e425c00 R11=000000003e4260d0
R12=0000000000000000 R13=000000003e427ef8 R14=0000000000000004 R15=000000003e427f18
RIP=000000003eb55171 RFL=00000206 [-----P-] CPL=0 II=0 A20=1 SMM=0 HLT=0
ES =0030 0000000000000000 ffffffff 00cf9300 DPL=0 DS   [-WA]
CS =0038 0000000000000000 ffffffff 00af9a00 DPL=0 CS64 [-R-]
SS =0030 0000000000000000 ffffffff 00cf9300 DPL=0 DS   [-WA]
DS =0030 0000000000000000 ffffffff 00cf9300 DPL=0 DS   [-WA]
FS =0030 0000000000000000 ffffffff 00cf9300 DPL=0 DS   [-WA]
GS =0030 0000000000000000 ffffffff 00cf9300 DPL=0 DS   [-WA]
LDT=0000 0000000000000000 0000ffff 00008200 DPL=0 LDT
TR =0000 0000000000000000 0000ffff 00008b00 DPL=0 TSS64-busy
GDT=     000000003f5dc000 00000047
IDT=     000000003efa3018 00000fff
CR0=80010033 CR2=0000000000000000 CR3=000000003f801000 CR4=00000668
DR0=0000000000000000 DR1=0000000000000000 DR2=0000000000000000 DR3=0000000000000000 
DR6=00000000ffff0ff0 DR7=0000000000000400
CCS=0000000000000004 CCD=00000000000003d4 CCO=EFLAGS
EFER=0000000000000d00
Servicing hardware INT=0x20
   137: v=20 e=0000 i=0 cpl=0 IP=0038:000000003eb55171 pc=000000003eb55171 SP=0030:000000003fe656f0 env->regs[R_EAX]=0000000000000b34
RAX=0000000000000b34 RBX=00000000008f7e77 RCX=000000000000b008 RDX=00000000008f7343
RSI=000000000000000d RDI=0000000000000dfb RBP=000000003fe65700 RSP=000000003fe656f0
R8 =000000003fe6579c R9 =0000000000000030 R10=000000003e425c00 R11=000000003e4260d0
R12=0000000000000000 R13=000000003e427ef8 R14=0000000000000004 R15=000000003e427f18
RIP=000000003eb55171 RFL=00000202 [-------] CPL=0 II=0 A20=1 SMM=0 HLT=0
ES =0030 0000000000000000 ffffffff 00cf9300 DPL=0 DS   [-WA]
CS =0038 0000000000000000 ffffffff 00af9a00 DPL=0 CS64 [-R-]
SS =0030 0000000000000000 ffffffff 00cf9300 DPL=0 DS   [-WA]
DS =0030 0000000000000000 ffffffff 00cf9300 DPL=0 DS   [-WA]
FS =0030 0000000000000000 ffffffff 00cf9300 DPL=0 DS   [-WA]
GS =0030 0000000000000000 ffffffff 00cf9300 DPL=0 DS   [-WA]
LDT=0000 0000000000000000 0000ffff 00008200 DPL=0 LDT
TR =0000 0000000000000000 0000ffff 00008b00 DPL=0 TSS64-busy
GDT=     000000003f5dc000 00000047
IDT=     000000003efa3018 00000fff
CR0=80010033 CR2=0000000000000000 CR3=000000003f801000 CR4=00000668
DR0=0000000000000000 DR1=0000000000000000 DR2=0000000000000000 DR3=0000000000000000 
DR6=00000000ffff0ff0 DR7=0000000000000400
CCS=0000000000000000 CCD=0000000000000b34 CCO=EFLAGS
EFER=0000000000000d00
Servicing hardware INT=0x20
   138: v=20 e=0000 i=0 cpl=0 IP=0038:000000003eb55171 pc=000000003eb55171 SP=0030:000000003fe656f0 env->regs[R_EAX]=00000000000005b7
RAX=00000000000005b7 RBX=00000000008ffe07 RCX=000000000000b008 RDX=00000000008ff850
RSI=000000000000000d RDI=0000000000000dfb RBP=000000003fe65700 RSP=000000003fe656f0
R8 =000000003fe6579c R9 =0000000000000030 R10=000000003e425c00 R11=000000003e4260d0
R12=0000000000000000 R13=000000003e427ef8 R14=0000000000000004 R15=000000003e427f18
RIP=000000003eb55171 RFL=00000206 [-----P-] CPL=0 II=0 A20=1 SMM=0 HLT=0
ES =0030 0000000000000000 ffffffff 00cf9300 DPL=0 DS   [-WA]
CS =0038 0000000000000000 ffffffff 00af9a00 DPL=0 CS64 [-R-]
SS =0030 0000000000000000 ffffffff 00cf9300 DPL=0 DS   [-WA]
DS =0030 0000000000000000 ffffffff 00cf9300 DPL=0 DS   [-WA]
FS =0030 0000000000000000 ffffffff 00cf9300 DPL=0 DS   [-WA]
GS =0030 0000000000000000 ffffffff 00cf9300 DPL=0 DS   [-WA]
LDT=0000 0000000000000000 0000ffff 00008200 DPL=0 LDT
TR =0000 0000000000000000 0000ffff 00008b00 DPL=0 TSS64-busy
GDT=     000000003f5dc000 00000047
IDT=     000000003efa3018 00000fff
CR0=80010033 CR2=0000000000000000 CR3=000000003f801000 CR4=00000668
DR0=0000000000000000 DR1=0000000000000000 DR2=0000000000000000 DR3=0000000000000000 
DR6=00000000ffff0ff0 DR7=0000000000000400
CCS=0000000000000004 CCD=00000000000005b7 CCO=EFLAGS
EFER=0000000000000d00
Servicing hardware INT=0x20
   139: v=20 e=0000 i=0 cpl=0 IP=0038:000000003eb55171 pc=000000003eb55171 SP=0030:000000003fe656f0 env->regs[R_EAX]=0000000000000c79
RAX=0000000000000c79 RBX=0000000000909829 RCX=000000000000b008 RDX=0000000000908bb0
RSI=000000000000000d RDI=0000000000000dfb RBP=000000003fe65700 RSP=000000003fe656f0
R8 =000000003fe6579c R9 =0000000000000030 R10=000000003e425c00 R11=000000003e4260d0
R12=0000000000000000 R13=000000003e427ef8 R14=0000000000000004 R15=000000003e427f18
RIP=000000003eb55171 RFL=00000202 [-------] CPL=0 II=0 A20=1 SMM=0 HLT=0
ES =0030 0000000000000000 ffffffff 00cf9300 DPL=0 DS   [-WA]
CS =0038 0000000000000000 ffffffff 00af9a00 DPL=0 CS64 [-R-]
SS =0030 0000000000000000 ffffffff 00cf9300 DPL=0 DS   [-WA]
DS =0030 0000000000000000 ffffffff 00cf9300 DPL=0 DS   [-WA]
FS =0030 0000000000000000 ffffffff 00cf9300 DPL=0 DS   [-WA]
GS =0030 0000000000000000 ffffffff 00cf9300 DPL=0 DS   [-WA]
LDT=0000 0000000000000000 0000ffff 00008200 DPL=0 LDT
TR =0000 0000000000000000 0000ffff 00008b00 DPL=0 TSS64-busy
GDT=     000000003f5dc000 00000047
IDT=     000000003efa3018 00000fff
CR0=80010033 CR2=0000000000000000 CR3=000000003f801000 CR4=00000668
DR0=0000000000000000 DR1=0000000000000000 DR2=0000000000000000 DR3=0000000000000000 
DR6=00000000ffff0ff0 DR7=0000000000000400
CCS=0000000000000000 CCD=0000000000000c79 CCO=EFLAGS
EFER=0000000000000d00
Servicing hardware INT=0x20
   140: v=20 e=0000 i=0 cpl=0 IP=0038:000000003e41d3dc pc=000000003e41d3dc SP=0030:000000003fe65608 env->regs[R_EAX]=0000000000000005
RAX=0000000000000005 RBX=000000003fe65690 RCX=0000000000000003 RDX=0000000000000004
RSI=0000000000000005 RDI=000000003fe65690 RBP=000000003e429808 RSP=000000003fe65608
R8 =000000003e429f1d R9 =000000003e424910 R10=000000003fe65680 R11=000000003fe65670
R12=000000003e429408 R13=000000003fe8afc0 R14=000000003e429ca8 R15=0000000000000003
RIP=000000003e41d3dc RFL=00000206 [-----P-] CPL=0 II=0 A20=1 SMM=0 HLT=0
ES =0030 0000000000000000 ffffffff 00cf9300 DPL=0 DS   [-WA]
CS =0038 0000000000000000 ffffffff 00af9a00 DPL=0 CS64 [-R-]
SS =0030 0000000000000000 ffffffff 00cf9300 DPL=0 DS   [-WA]
DS =0030 0000000000000000 ffffffff 00cf9300 DPL=0 DS   [-WA]
FS =0030 0000000000000000 ffffffff 00cf9300 DPL=0 DS   [-WA]
GS =0030 0000000000000000 ffffffff 00cf9300 DPL=0 DS   [-WA]
LDT=0000 0000000000000000 0000ffff 00008200 DPL=0 LDT
TR =0000 0000000000000000 0000ffff 00008b00 DPL=0 TSS64-busy
GDT=     000000003f5dc000 00000047
IDT=     000000003efa3018 00000fff
CR0=80010033 CR2=0000000000000000 CR3=000000003f801000 CR4=00000668
DR0=0000000000000000 DR1=0000000000000000 DR2=0000000000000000 DR3=0000000000000000 
DR6=00000000ffff0ff0 DR7=0000000000000400
CCS=0000000000000004 CCD=000000003fe655d8 CCO=EFLAGS
EFER=0000000000000d00
Servicing hardware INT=0x20
   141: v=20 e=0000 i=0 cpl=0 IP=0038:000000003e6d3862 pc=000000003e6d3862 SP=0030:000000003fe64eb0 env->regs[R_EAX]=00000000000000b4
RAX=00000000000000b4 RBX=0000000000000064 RCX=000000000000b008 RDX=0000000000918fa3
RSI=0000000000919057 RDI=000000003e5b40d4 RBP=000000003fe64ee0 RSP=000000003fe64eb0
R8 =000000003fe64ecf R9 =000000000000c042 R10=0000000000000000 R11=0000000000000000
R12=000000000004bad3 R13=0000000000000011 R14=000000000000c040 R15=0000000000000000
RIP=000000003e6d3862 RFL=00000206 [-----P-] CPL=0 II=0 A20=1 SMM=0 HLT=0
ES =0030 0000000000000000 ffffffff 00cf9300 DPL=0 DS   [-WA]
CS =0038 0000000000000000 ffffffff 00af9a00 DPL=0 CS64 [-R-]
SS =0030 0000000000000000 ffffffff 00cf9300 DPL=0 DS   [-WA]
DS =0030 0000000000000000 ffffffff 00cf9300 DPL=0 DS   [-WA]
FS =0030 0000000000000000 ffffffff 00cf9300 DPL=0 DS   [-WA]
GS =0030 0000000000000000 ffffffff 00cf9300 DPL=0 DS   [-WA]
LDT=0000 0000000000000000 0000ffff 00008200 DPL=0 LDT
TR =0000 0000000000000000 0000ffff 00008b00 DPL=0 TSS64-busy
GDT=     000000003f5dc000 00000047
IDT=     000000003efa3018 00000fff
CR0=80010033 CR2=0000000000000000 CR3=000000003f801000 CR4=00000668
DR0=0000000000000000 DR1=0000000000000000 DR2=0000000000000000 DR3=0000000000000000 
DR6=00000000ffff0ff0 DR7=0000000000000400
CCS=0000000000000004 CCD=00000000000000b4 CCO=EFLAGS
EFER=0000000000000d00
Servicing hardware INT=0x20
   142: v=20 e=0000 i=0 cpl=0 IP=0038:000000003e6d3862 pc=000000003e6d3862 SP=0030:000000003fe64eb0 env->regs[R_EAX]=000000000000216d
RAX=000000000000216d RBX=0000000000002710 RCX=000000000000b008 RDX=0000000000922870
RSI=00000000009249dd RDI=000000003e5b40d4 RBP=000000003fe64ee0 RSP=000000003fe64eb0
R8 =000000003fe64f00 R9 =00000000000003f6 R10=0000000000000000 R11=0000000000000000
R12=000000000000c042 R13=0000000000000011 R14=000000000000c040 R15=0000000000000000
RIP=000000003e6d3862 RFL=00000202 [-------] CPL=0 II=0 A20=1 SMM=0 HLT=0
ES =0030 0000000000000000 ffffffff 00cf9300 DPL=0 DS   [-WA]
CS =0038 0000000000000000 ffffffff 00af9a00 DPL=0 CS64 [-R-]
SS =0030 0000000000000000 ffffffff 00cf9300 DPL=0 DS   [-WA]
DS =0030 0000000000000000 ffffffff 00cf9300 DPL=0 DS   [-WA]
FS =0030 0000000000000000 ffffffff 00cf9300 DPL=0 DS   [-WA]
GS =0030 0000000000000000 ffffffff 00cf9300 DPL=0 DS   [-WA]
LDT=0000 0000000000000000 0000ffff 00008200 DPL=0 LDT
TR =0000 0000000000000000 0000ffff 00008b00 DPL=0 TSS64-busy
GDT=     000000003f5dc000 00000047
IDT=     000000003efa3018 00000fff
CR0=80010033 CR2=0000000000000000 CR3=000000003f801000 CR4=00000668
DR0=0000000000000000 DR1=0000000000000000 DR2=0000000000000000 DR3=0000000000000000 
DR6=00000000ffff0ff0 DR7=0000000000000400
CCS=0000000000000000 CCD=000000000000216d CCO=EFLAGS
EFER=0000000000000d00
Servicing hardware INT=0x20
   143: v=20 e=0000 i=0 cpl=0 IP=0038:000000003e6d3862 pc=000000003e6d3862 SP=0030:000000003fe64eb0 env->regs[R_EAX]=000000000000009a
RAX=000000000000009a RBX=0000000000000064 RCX=000000000000b008 RDX=000000000092a764
RSI=000000000092a7fe RDI=000000003e5b40d4 RBP=000000003fe64ee0 RSP=000000003fe64eb0
R8 =000000003fe64ecf R9 =000000000000c042 R10=0000000000000000 R11=0000000000000000
R12=000000000004bac6 R13=0000000000000011 R14=000000000000c040 R15=0000000000000000
RIP=000000003e6d3862 RFL=00000206 [-----P-] CPL=0 II=0 A20=1 SMM=0 HLT=0
ES =0030 0000000000000000 ffffffff 00cf9300 DPL=0 DS   [-WA]
CS =0038 0000000000000000 ffffffff 00af9a00 DPL=0 CS64 [-R-]
SS =0030 0000000000000000 ffffffff 00cf9300 DPL=0 DS   [-WA]
DS =0030 0000000000000000 ffffffff 00cf9300 DPL=0 DS   [-WA]
FS =0030 0000000000000000 ffffffff 00cf9300 DPL=0 DS   [-WA]
GS =0030 0000000000000000 ffffffff 00cf9300 DPL=0 DS   [-WA]
LDT=0000 0000000000000000 0000ffff 00008200 DPL=0 LDT
TR =0000 0000000000000000 0000ffff 00008b00 DPL=0 TSS64-busy
GDT=     000000003f5dc000 00000047
IDT=     000000003efa3018 00000fff
CR0=80010033 CR2=0000000000000000 CR3=000000003f801000 CR4=00000668
DR0=0000000000000000 DR1=0000000000000000 DR2=0000000000000000 DR3=0000000000000000 
DR6=00000000ffff0ff0 DR7=0000000000000400
CCS=0000000000000004 CCD=000000000000009a CCO=EFLAGS
EFER=0000000000000d00
Servicing hardware INT=0x20
   144: v=20 e=0000 i=0 cpl=0 IP=0038:000000003e6d3862 pc=000000003e6d3862 SP=0030:000000003fe64eb0 env->regs[R_EAX]=0000000000000e47
RAX=0000000000000e47 RBX=0000000000002710 RCX=000000000000b008 RDX=0000000000933358
RSI=000000000093419f RDI=000000003e5b40d4 RBP=000000003fe64ee0 RSP=000000003fe64eb0
R8 =000000003fe64f00 R9 =00000000000003f6 R10=0000000000000000 R11=0000000000000000
R12=000000000000c042 R13=0000000000000011 R14=000000000000c040 R15=0000000000000000
RIP=000000003e6d3862 RFL=00000206 [-----P-] CPL=0 II=0 A20=1 SMM=0 HLT=0
ES =0030 0000000000000000 ffffffff 00cf9300 DPL=0 DS   [-WA]
CS =0038 0000000000000000 ffffffff 00af9a00 DPL=0 CS64 [-R-]
SS =0030 0000000000000000 ffffffff 00cf9300 DPL=0 DS   [-WA]
DS =0030 0000000000000000 ffffffff 00cf9300 DPL=0 DS   [-WA]
FS =0030 0000000000000000 ffffffff 00cf9300 DPL=0 DS   [-WA]
GS =0030 0000000000000000 ffffffff 00cf9300 DPL=0 DS   [-WA]
LDT=0000 0000000000000000 0000ffff 00008200 DPL=0 LDT
TR =0000 0000000000000000 0000ffff 00008b00 DPL=0 TSS64-busy
GDT=     000000003f5dc000 00000047
IDT=     000000003efa3018 00000fff
CR0=80010033 CR2=0000000000000000 CR3=000000003f801000 CR4=00000668
DR0=0000000000000000 DR1=0000000000000000 DR2=0000000000000000 DR3=0000000000000000 
DR6=00000000ffff0ff0 DR7=0000000000000400
CCS=0000000000000004 CCD=0000000000000e47 CCO=EFLAGS
EFER=0000000000000d00
Servicing hardware INT=0x20
   145: v=20 e=0000 i=0 cpl=0 IP=0038:000000003e6d3862 pc=000000003e6d3862 SP=0030:000000003fe64eb0 env->regs[R_EAX]=0000000000000046
RAX=0000000000000046 RBX=0000000000000064 RCX=000000000000b008 RDX=000000000093bf42
RSI=000000000093bf88 RDI=000000003e5b40d4 RBP=000000003fe64ee0 RSP=000000003fe64eb0
R8 =000000003fe64ecf R9 =000000000000c042 R10=0000000000000000 R11=0000000000000000
R12=000000000004bab6 R13=0000000000000011 R14=000000000000c040 R15=0000000000000000
RIP=000000003e6d3862 RFL=00000202 [-------] CPL=0 II=0 A20=1 SMM=0 HLT=0
ES =0030 0000000000000000 ffffffff 00cf9300 DPL=0 DS   [-WA]
CS =0038 0000000000000000 ffffffff 00af9a00 DPL=0 CS64 [-R-]
SS =0030 0000000000000000 ffffffff 00cf9300 DPL=0 DS   [-WA]
DS =0030 0000000000000000 ffffffff 00cf9300 DPL=0 DS   [-WA]
FS =0030 0000000000000000 ffffffff 00cf9300 DPL=0 DS   [-WA]
GS =0030 0000000000000000 ffffffff 00cf9300 DPL=0 DS   [-WA]
LDT=0000 0000000000000000 0000ffff 00008200 DPL=0 LDT
TR =0000 0000000000000000 0000ffff 00008b00 DPL=0 TSS64-busy
GDT=     000000003f5dc000 00000047
IDT=     000000003efa3018 00000fff
CR0=80010033 CR2=0000000000000000 CR3=000000003f801000 CR4=00000668
DR0=0000000000000000 DR1=0000000000000000 DR2=0000000000000000 DR3=0000000000000000 
DR6=00000000ffff0ff0 DR7=0000000000000400
CCS=0000000000000000 CCD=0000000000000046 CCO=EFLAGS
EFER=0000000000000d00
Servicing hardware INT=0x20
   146: v=20 e=0000 i=0 cpl=0 IP=0038:000000003e6d3862 pc=000000003e6d3862 SP=0030:000000003fe64eb0 env->regs[R_EAX]=000000000000238a
RAX=000000000000238a RBX=0000000000002710 RCX=000000000000b008 RDX=0000000000944b43
RSI=0000000000946ecd RDI=000000003e5b40d4 RBP=000000003fe64ee0 RSP=000000003fe64eb0
R8 =000000003fe64f00 R9 =00000000000003f6 R10=0000000000000000 R11=0000000000000000
R12=000000000000c042 R13=0000000000000011 R14=000000000000c040 R15=0000000000000000
RIP=000000003e6d3862 RFL=00000202 [-------] CPL=0 II=0 A20=1 SMM=0 HLT=0
ES =0030 0000000000000000 ffffffff 00cf9300 DPL=0 DS   [-WA]
CS =0038 0000000000000000 ffffffff 00af9a00 DPL=0 CS64 [-R-]
SS =0030 0000000000000000 ffffffff 00cf9300 DPL=0 DS   [-WA]
DS =0030 0000000000000000 ffffffff 00cf9300 DPL=0 DS   [-WA]
FS =0030 0000000000000000 ffffffff 00cf9300 DPL=0 DS   [-WA]
GS =0030 0000000000000000 ffffffff 00cf9300 DPL=0 DS   [-WA]
LDT=0000 0000000000000000 0000ffff 00008200 DPL=0 LDT
TR =0000 0000000000000000 0000ffff 00008b00 DPL=0 TSS64-busy
GDT=     000000003f5dc000 00000047
IDT=     000000003efa3018 00000fff
CR0=80010033 CR2=0000000000000000 CR3=000000003f801000 CR4=00000668
DR0=0000000000000000 DR1=0000000000000000 DR2=0000000000000000 DR3=0000000000000000 
DR6=00000000ffff0ff0 DR7=0000000000000400
CCS=0000000000000000 CCD=000000000000238a CCO=EFLAGS
EFER=0000000000000d00
Servicing hardware INT=0x20
   147: v=20 e=0000 i=0 cpl=0 IP=0038:000000003e6d3862 pc=000000003e6d3862 SP=0030:000000003fe64ef0 env->regs[R_EAX]=0000000000000096
RAX=0000000000000096 RBX=0000000000000064 RCX=000000000000b008 RDX=000000000094de47
RSI=000000000094dedd RDI=000000003e5b40d4 RBP=000000003fe64f20 RSP=000000003fe64ef0
R8 =000000003fe64f0f R9 =000000000000c042 R10=0000000000000000 R11=0000000000000000
R12=000000000004baad R13=0000000000000011 R14=000000000000c040 R15=0000000000000000
RIP=000000003e6d3862 RFL=00000206 [-----P-] CPL=0 II=0 A20=1 SMM=0 HLT=0
ES =0030 0000000000000000 ffffffff 00cf9300 DPL=0 DS   [-WA]
CS =0038 0000000000000000 ffffffff 00af9a00 DPL=0 CS64 [-R-]
SS =0030 0000000000000000 ffffffff 00cf9300 DPL=0 DS   [-WA]
DS =0030 0000000000000000 ffffffff 00cf9300 DPL=0 DS   [-WA]
FS =0030 0000000000000000 ffffffff 00cf9300 DPL=0 DS   [-WA]
GS =0030 0000000000000000 ffffffff 00cf9300 DPL=0 DS   [-WA]
LDT=0000 0000000000000000 0000ffff 00008200 DPL=0 LDT
TR =0000 0000000000000000 0000ffff 00008b00 DPL=0 TSS64-busy
GDT=     000000003f5dc000 00000047
IDT=     000000003efa3018 00000fff
CR0=80010033 CR2=0000000000000000 CR3=000000003f801000 CR4=00000668
DR0=0000000000000000 DR1=0000000000000000 DR2=0000000000000000 DR3=0000000000000000 
DR6=00000000ffff0ff0 DR7=0000000000000400
CCS=0000000000000004 CCD=0000000000000096 CCO=EFLAGS
EFER=0000000000000d00
Servicing hardware INT=0x20
   148: v=20 e=0000 i=0 cpl=0 IP=0038:000000003e6d3862 pc=000000003e6d3862 SP=0030:000000003fe64ef0 env->regs[R_EAX]=00000000000000d3
RAX=00000000000000d3 RBX=0000000000000064 RCX=000000000000b008 RDX=0000000000956259
RSI=000000000095632c RDI=000000003e5b40d4 RBP=000000003fe64f20 RSP=000000003fe64ef0
R8 =000000003fe64f0f R9 =000000000000c042 R10=0000000000000000 R11=0000000000000000
R12=000000000004ba58 R13=0000000000000011 R14=000000000000c040 R15=0000000000000000
RIP=000000003e6d3862 RFL=00000202 [-------] CPL=0 II=0 A20=1 SMM=0 HLT=0
ES =0030 0000000000000000 ffffffff 00cf9300 DPL=0 DS   [-WA]
CS =0038 0000000000000000 ffffffff 00af9a00 DPL=0 CS64 [-R-]
SS =0030 0000000000000000 ffffffff 00cf9300 DPL=0 DS   [-WA]
DS =0030 0000000000000000 ffffffff 00cf9300 DPL=0 DS   [-WA]
FS =0030 0000000000000000 ffffffff 00cf9300 DPL=0 DS   [-WA]
GS =0030 0000000000000000 ffffffff 00cf9300 DPL=0 DS   [-WA]
LDT=0000 0000000000000000 0000ffff 00008200 DPL=0 LDT
TR =0000 0000000000000000 0000ffff 00008b00 DPL=0 TSS64-busy
GDT=     000000003f5dc000 00000047
IDT=     000000003efa3018 00000fff
CR0=80010033 CR2=0000000000000000 CR3=000000003f801000 CR4=00000668
DR0=0000000000000000 DR1=0000000000000000 DR2=0000000000000000 DR3=0000000000000000 
DR6=00000000ffff0ff0 DR7=0000000000000400
CCS=0000000000000000 CCD=00000000000000d3 CCO=EFLAGS
EFER=0000000000000d00
Servicing hardware INT=0x20
   149: v=20 e=0000 i=0 cpl=0 IP=0038:000000003e6d3862 pc=000000003e6d3862 SP=0030:000000003fe64ef0 env->regs[R_EAX]=000000000000444e
RAX=000000000000444e RBX=0000000000002710 RCX=000000000000b008 RDX=000000000095f64b
RSI=0000000000963a99 RDI=000000003e5b40d4 RBP=000000003fe64f20 RSP=000000003fe64ef0
R8 =000000003fe64f40 R9 =00000000000003f6 R10=0000000000000000 R11=0000000000000000
R12=000000000000c042 R13=0000000000000011 R14=000000000000c040 R15=0000000000000000
RIP=000000003e6d3862 RFL=00000206 [-----P-] CPL=0 II=0 A20=1 SMM=0 HLT=0
ES =0030 0000000000000000 ffffffff 00cf9300 DPL=0 DS   [-WA]
CS =0038 0000000000000000 ffffffff 00af9a00 DPL=0 CS64 [-R-]
SS =0030 0000000000000000 ffffffff 00cf9300 DPL=0 DS   [-WA]
DS =0030 0000000000000000 ffffffff 00cf9300 DPL=0 DS   [-WA]
FS =0030 0000000000000000 ffffffff 00cf9300 DPL=0 DS   [-WA]
GS =0030 0000000000000000 ffffffff 00cf9300 DPL=0 DS   [-WA]
LDT=0000 0000000000000000 0000ffff 00008200 DPL=0 LDT
TR =0000 0000000000000000 0000ffff 00008b00 DPL=0 TSS64-busy
GDT=     000000003f5dc000 00000047
IDT=     000000003efa3018 00000fff
CR0=80010033 CR2=0000000000000000 CR3=000000003f801000 CR4=00000668
DR0=0000000000000000 DR1=0000000000000000 DR2=0000000000000000 DR3=0000000000000000 
DR6=00000000ffff0ff0 DR7=0000000000000400
CCS=0000000000000004 CCD=000000000000444e CCO=EFLAGS
EFER=0000000000000d00
Servicing hardware INT=0x20
   150: v=20 e=0000 i=0 cpl=0 IP=0038:000000003e6d3862 pc=000000003e6d3862 SP=0030:000000003fe64ef0 env->regs[R_EAX]=0000000000000077
RAX=0000000000000077 RBX=0000000000000064 RCX=000000000000b008 RDX=00000000009679ff
RSI=0000000000967a76 RDI=000000003e5b40d4 RBP=000000003fe64f20 RSP=000000003fe64ef0
R8 =000000003fe64f0f R9 =000000000000c042 R10=0000000000000000 R11=0000000000000000
R12=000000000004bad5 R13=0000000000000011 R14=000000000000c040 R15=0000000000000000
RIP=000000003e6d3862 RFL=00000206 [-----P-] CPL=0 II=0 A20=1 SMM=0 HLT=0
ES =0030 0000000000000000 ffffffff 00cf9300 DPL=0 DS   [-WA]
CS =0038 0000000000000000 ffffffff 00af9a00 DPL=0 CS64 [-R-]
SS =0030 0000000000000000 ffffffff 00cf9300 DPL=0 DS   [-WA]
DS =0030 0000000000000000 ffffffff 00cf9300 DPL=0 DS   [-WA]
FS =0030 0000000000000000 ffffffff 00cf9300 DPL=0 DS   [-WA]
GS =0030 0000000000000000 ffffffff 00cf9300 DPL=0 DS   [-WA]
LDT=0000 0000000000000000 0000ffff 00008200 DPL=0 LDT
TR =0000 0000000000000000 0000ffff 00008b00 DPL=0 TSS64-busy
GDT=     000000003f5dc000 00000047
IDT=     000000003efa3018 00000fff
CR0=80010033 CR2=0000000000000000 CR3=000000003f801000 CR4=00000668
DR0=0000000000000000 DR1=0000000000000000 DR2=0000000000000000 DR3=0000000000000000 
DR6=00000000ffff0ff0 DR7=0000000000000400
CCS=0000000000000004 CCD=0000000000000077 CCO=EFLAGS
EFER=0000000000000d00
Servicing hardware INT=0x20
   151: v=20 e=0000 i=0 cpl=0 IP=0038:000000003e6d3862 pc=000000003e6d3862 SP=0030:000000003fe64ef0 env->regs[R_EAX]=00000000000029de
RAX=00000000000029de RBX=0000000000002710 RCX=000000000000b008 RDX=0000000000970e7c
RSI=000000000097385a RDI=000000003e5b40d4 RBP=000000003fe64f20 RSP=000000003fe64ef0
R8 =000000003fe64f40 R9 =00000000000003f6 R10=0000000000000000 R11=0000000000000000
R12=000000000000c042 R13=0000000000000011 R14=000000000000c040 R15=0000000000000000
RIP=000000003e6d3862 RFL=00000206 [-----P-] CPL=0 II=0 A20=1 SMM=0 HLT=0
ES =0030 0000000000000000 ffffffff 00cf9300 DPL=0 DS   [-WA]
CS =0038 0000000000000000 ffffffff 00af9a00 DPL=0 CS64 [-R-]
SS =0030 0000000000000000 ffffffff 00cf9300 DPL=0 DS   [-WA]
DS =0030 0000000000000000 ffffffff 00cf9300 DPL=0 DS   [-WA]
FS =0030 0000000000000000 ffffffff 00cf9300 DPL=0 DS   [-WA]
GS =0030 0000000000000000 ffffffff 00cf9300 DPL=0 DS   [-WA]
LDT=0000 0000000000000000 0000ffff 00008200 DPL=0 LDT
TR =0000 0000000000000000 0000ffff 00008b00 DPL=0 TSS64-busy
GDT=     000000003f5dc000 00000047
IDT=     000000003efa3018 00000fff
CR0=80010033 CR2=0000000000000000 CR3=000000003f801000 CR4=00000668
DR0=0000000000000000 DR1=0000000000000000 DR2=0000000000000000 DR3=0000000000000000 
DR6=00000000ffff0ff0 DR7=0000000000000400
CCS=0000000000000004 CCD=00000000000029de CCO=EFLAGS
EFER=0000000000000d00
Servicing hardware INT=0x20
   152: v=20 e=0000 i=0 cpl=0 IP=0038:000000003e6d3862 pc=000000003e6d3862 SP=0030:000000003fe64ef0 env->regs[R_EAX]=000000000000002f
RAX=000000000000002f RBX=0000000000000064 RCX=000000000000b008 RDX=00000000009791d7
RSI=0000000000979206 RDI=000000003e5b40d4 RBP=000000003fe64f20 RSP=000000003fe64ef0
R8 =000000003fe64f0f R9 =000000000000c042 R10=0000000000000000 R11=0000000000000000
R12=000000000004baca R13=0000000000000011 R14=000000000000c040 R15=0000000000000000
RIP=000000003e6d3862 RFL=00000202 [-------] CPL=0 II=0 A20=1 SMM=0 HLT=0
ES =0030 0000000000000000 ffffffff 00cf9300 DPL=0 DS   [-WA]
CS =0038 0000000000000000 ffffffff 00af9a00 DPL=0 CS64 [-R-]
SS =0030 0000000000000000 ffffffff 00cf9300 DPL=0 DS   [-WA]
DS =0030 0000000000000000 ffffffff 00cf9300 DPL=0 DS   [-WA]
FS =0030 0000000000000000 ffffffff 00cf9300 DPL=0 DS   [-WA]
GS =0030 0000000000000000 ffffffff 00cf9300 DPL=0 DS   [-WA]
LDT=0000 0000000000000000 0000ffff 00008200 DPL=0 LDT
TR =0000 0000000000000000 0000ffff 00008b00 DPL=0 TSS64-busy
GDT=     000000003f5dc000 00000047
IDT=     000000003efa3018 00000fff
CR0=80010033 CR2=0000000000000000 CR3=000000003f801000 CR4=00000668
DR0=0000000000000000 DR1=0000000000000000 DR2=0000000000000000 DR3=0000000000000000 
DR6=00000000ffff0ff0 DR7=0000000000000400
CCS=0000000000000000 CCD=000000000000002f CCO=EFLAGS
EFER=0000000000000d00
Servicing hardware INT=0x20
   153: v=20 e=0000 i=0 cpl=0 IP=0038:000000003e6d3862 pc=000000003e6d3862 SP=0030:000000003fe64ef0 env->regs[R_EAX]=0000000000003dc2
RAX=0000000000003dc2 RBX=0000000000002710 RCX=000000000000b008 RDX=0000000000982914
RSI=00000000009866d6 RDI=000000003e5b40d4 RBP=000000003fe64f20 RSP=000000003fe64ef0
R8 =000000003fe64f40 R9 =00000000000003f6 R10=0000000000000000 R11=0000000000000000
R12=000000000000c042 R13=0000000000000011 R14=000000000000c040 R15=0000000000000000
RIP=000000003e6d3862 RFL=00000202 [-------] CPL=0 II=0 A20=1 SMM=0 HLT=0
ES =0030 0000000000000000 ffffffff 00cf9300 DPL=0 DS   [-WA]
CS =0038 0000000000000000 ffffffff 00af9a00 DPL=0 CS64 [-R-]
SS =0030 0000000000000000 ffffffff 00cf9300 DPL=0 DS   [-WA]
DS =0030 0000000000000000 ffffffff 00cf9300 DPL=0 DS   [-WA]
FS =0030 0000000000000000 ffffffff 00cf9300 DPL=0 DS   [-WA]
GS =0030 0000000000000000 ffffffff 00cf9300 DPL=0 DS   [-WA]
LDT=0000 0000000000000000 0000ffff 00008200 DPL=0 LDT
TR =0000 0000000000000000 0000ffff 00008b00 DPL=0 TSS64-busy
GDT=     000000003f5dc000 00000047
IDT=     000000003efa3018 00000fff
CR0=80010033 CR2=0000000000000000 CR3=000000003f801000 CR4=00000668
DR0=0000000000000000 DR1=0000000000000000 DR2=0000000000000000 DR3=0000000000000000 
DR6=00000000ffff0ff0 DR7=0000000000000400
CCS=0000000000000000 CCD=0000000000003dc2 CCO=EFLAGS
EFER=0000000000000d00
Servicing hardware INT=0x20
   154: v=20 e=0000 i=0 cpl=0 IP=0038:000000003e6d3862 pc=000000003e6d3862 SP=0030:000000003fe64ef0 env->regs[R_EAX]=000000000000007d
RAX=000000000000007d RBX=0000000000000064 RCX=000000000000b008 RDX=000000000098a99c
RSI=000000000098aa19 RDI=000000003e5b40d4 RBP=000000003fe64f20 RSP=000000003fe64ef0
R8 =000000003fe64f0f R9 =000000000000c042 R10=0000000000000000 R11=0000000000000000
R12=000000000004bad6 R13=0000000000000011 R14=000000000000c040 R15=0000000000000000
RIP=000000003e6d3862 RFL=00000206 [-----P-] CPL=0 II=0 A20=1 SMM=0 HLT=0
ES =0030 0000000000000000 ffffffff 00cf9300 DPL=0 DS   [-WA]
CS =0038 0000000000000000 ffffffff 00af9a00 DPL=0 CS64 [-R-]
SS =0030 0000000000000000 ffffffff 00cf9300 DPL=0 DS   [-WA]
DS =0030 0000000000000000 ffffffff 00cf9300 DPL=0 DS   [-WA]
FS =0030 0000000000000000 ffffffff 00cf9300 DPL=0 DS   [-WA]
GS =0030 0000000000000000 ffffffff 00cf9300 DPL=0 DS   [-WA]
LDT=0000 0000000000000000 0000ffff 00008200 DPL=0 LDT
TR =0000 0000000000000000 0000ffff 00008b00 DPL=0 TSS64-busy
GDT=     000000003f5dc000 00000047
IDT=     000000003efa3018 00000fff
CR0=80010033 CR2=0000000000000000 CR3=000000003f801000 CR4=00000668
DR0=0000000000000000 DR1=0000000000000000 DR2=0000000000000000 DR3=0000000000000000 
DR6=00000000ffff0ff0 DR7=0000000000000400
CCS=0000000000000004 CCD=000000000000007d CCO=EFLAGS
EFER=0000000000000d00
Servicing hardware INT=0x20
   155: v=20 e=0000 i=0 cpl=0 IP=0038:000000003e6d3862 pc=000000003e6d3862 SP=0030:000000003fe64ef0 env->regs[R_EAX]=0000000000003df0
RAX=0000000000003df0 RBX=0000000000002710 RCX=000000000000b008 RDX=0000000000994ede
RSI=0000000000998cce RDI=000000003e5b40d4 RBP=000000003fe64f20 RSP=000000003fe64ef0
R8 =000000003fe64f40 R9 =00000000000003f6 R10=0000000000000000 R11=0000000000000000
R12=000000000000c042 R13=0000000000000011 R14=000000000000c040 R15=0000000000000000
RIP=000000003e6d3862 RFL=00000206 [-----P-] CPL=0 II=0 A20=1 SMM=0 HLT=0
ES =0030 0000000000000000 ffffffff 00cf9300 DPL=0 DS   [-WA]
CS =0038 0000000000000000 ffffffff 00af9a00 DPL=0 CS64 [-R-]
SS =0030 0000000000000000 ffffffff 00cf9300 DPL=0 DS   [-WA]
DS =0030 0000000000000000 ffffffff 00cf9300 DPL=0 DS   [-WA]
FS =0030 0000000000000000 ffffffff 00cf9300 DPL=0 DS   [-WA]
GS =0030 0000000000000000 ffffffff 00cf9300 DPL=0 DS   [-WA]
LDT=0000 0000000000000000 0000ffff 00008200 DPL=0 LDT
TR =0000 0000000000000000 0000ffff 00008b00 DPL=0 TSS64-busy
GDT=     000000003f5dc000 00000047
IDT=     000000003efa3018 00000fff
CR0=80010033 CR2=0000000000000000 CR3=000000003f801000 CR4=00000668
DR0=0000000000000000 DR1=0000000000000000 DR2=0000000000000000 DR3=0000000000000000 
DR6=00000000ffff0ff0 DR7=0000000000000400
CCS=0000000000000004 CCD=0000000000003df0 CCO=EFLAGS
EFER=0000000000000d00
Servicing hardware INT=0x20
   156: v=20 e=0000 i=0 cpl=0 IP=0038:000000003fe82e8c pc=000000003fe82e8c SP=0030:000000003fe65810 env->regs[R_EAX]=00000000000000af
RAX=00000000000000af RBX=000000003fe8c0a0 RCX=0000000000000000 RDX=000000003e4ad698
RSI=0000000000000140 RDI=000000003e4ad7d8 RBP=000000003fe658a0 RSP=000000003fe65810
R8 =00000000000000af R9 =000000003fe65ab0 R10=000000003fe8afc0 R11=000000003e73d980
R12=0000000000000168 R13=0000000000000140 R14=000000003e4ad698 R15=000000003e4ad680
RIP=000000003fe82e8c RFL=00000202 [-------] CPL=0 II=0 A20=1 SMM=0 HLT=0
ES =0030 0000000000000000 ffffffff 00cf9300 DPL=0 DS   [-WA]
CS =0038 0000000000000000 ffffffff 00af9a00 DPL=0 CS64 [-R-]
SS =0030 0000000000000000 ffffffff 00cf9300 DPL=0 DS   [-WA]
DS =0030 0000000000000000 ffffffff 00cf9300 DPL=0 DS   [-WA]
FS =0030 0000000000000000 ffffffff 00cf9300 DPL=0 DS   [-WA]
GS =0030 0000000000000000 ffffffff 00cf9300 DPL=0 DS   [-WA]
LDT=0000 0000000000000000 0000ffff 00008200 DPL=0 LDT
TR =0000 0000000000000000 0000ffff 00008b00 DPL=0 TSS64-busy
GDT=     000000003f5dc000 00000047
IDT=     000000003efa3018 00000fff
CR0=80010033 CR2=0000000000000000 CR3=000000003f801000 CR4=00000668
DR0=0000000000000000 DR1=0000000000000000 DR2=0000000000000000 DR3=0000000000000000 
DR6=00000000ffff0ff0 DR7=0000000000000400
CCS=0000000000000000 CCD=000000003fe657f8 CCO=EFLAGS
EFER=0000000000000d00
Servicing hardware INT=0x20
   157: v=20 e=0000 i=0 cpl=0 IP=0038:000000003fe773de pc=000000003fe773de SP=0030:000000003fe65900 env->regs[R_EAX]=11d4a3916b30c738
RAX=11d4a3916b30c738 RBX=000000003fe8a130 RCX=000000003fe8a130 RDX=000000003fe8a130
RSI=000000003df5b930 RDI=4f73f755e18541cd RBP=000000003fe65940 RSP=000000003fe65900
R8 =000000003fe65a90 R9 =000000003df58c18 R10=000000003fe8afc0 R11=000000003e73d980
R12=000000003df5b918 R13=0000000000000000 R14=000000003fe8a0e0 R15=000000003fe844d1
RIP=000000003fe773de RFL=00000206 [-----P-] CPL=0 II=0 A20=1 SMM=0 HLT=0
ES =0030 0000000000000000 ffffffff 00cf9300 DPL=0 DS   [-WA]
CS =0038 0000000000000000 ffffffff 00af9a00 DPL=0 CS64 [-R-]
SS =0030 0000000000000000 ffffffff 00cf9300 DPL=0 DS   [-WA]
DS =0030 0000000000000000 ffffffff 00cf9300 DPL=0 DS   [-WA]
FS =0030 0000000000000000 ffffffff 00cf9300 DPL=0 DS   [-WA]
GS =0030 0000000000000000 ffffffff 00cf9300 DPL=0 DS   [-WA]
LDT=0000 0000000000000000 0000ffff 00008200 DPL=0 LDT
TR =0000 0000000000000000 0000ffff 00008b00 DPL=0 TSS64-busy
GDT=     000000003f5dc000 00000047
IDT=     000000003efa3018 00000fff
CR0=80010033 CR2=0000000000000000 CR3=000000003f801000 CR4=00000668
DR0=0000000000000000 DR1=0000000000000000 DR2=0000000000000000 DR3=0000000000000000 
DR6=00000000ffff0ff0 DR7=0000000000000400
CCS=0000000000000004 CCD=000000003fe658e8 CCO=EFLAGS
EFER=0000000000000d00
Servicing hardware INT=0x20
   158: v=20 e=0000 i=0 cpl=0 IP=0038:000000003fe77388 pc=000000003fe77388 SP=0030:000000003fe65818 env->regs[R_EAX]=000000003e7b7e18
RAX=000000003e7b7e18 RBX=000000003fe8a140 RCX=000000003e7b7e30 RDX=000000003fe8a140
RSI=000000003e7b7e30 RDI=000000003e673918 RBP=000000003fe65860 RSP=000000003fe65818
R8 =000000003fe659d8 R9 =000000003f4ecf98 R10=000000003fe8afc0 R11=000000003e73d980
R12=000000003e672c98 R13=000000003e673930 R14=000000003fe8a140 R15=000000003fe844d1
RIP=000000003fe77388 RFL=00000202 [-------] CPL=0 II=0 A20=1 SMM=0 HLT=0
ES =0030 0000000000000000 ffffffff 00cf9300 DPL=0 DS   [-WA]
CS =0038 0000000000000000 ffffffff 00af9a00 DPL=0 CS64 [-R-]
SS =0030 0000000000000000 ffffffff 00cf9300 DPL=0 DS   [-WA]
DS =0030 0000000000000000 ffffffff 00cf9300 DPL=0 DS   [-WA]
FS =0030 0000000000000000 ffffffff 00cf9300 DPL=0 DS   [-WA]
GS =0030 0000000000000000 ffffffff 00cf9300 DPL=0 DS   [-WA]
LDT=0000 0000000000000000 0000ffff 00008200 DPL=0 LDT
TR =0000 0000000000000000 0000ffff 00008b00 DPL=0 TSS64-busy
GDT=     000000003f5dc000 00000047
IDT=     000000003efa3018 00000fff
CR0=80010033 CR2=0000000000000000 CR3=000000003f801000 CR4=00000668
DR0=0000000000000000 DR1=0000000000000000 DR2=0000000000000000 DR3=0000000000000000 
DR6=00000000ffff0ff0 DR7=0000000000000400
CCS=0000000000000000 CCD=000000003fe65820 CCO=EFLAGS
EFER=0000000000000d00
Servicing hardware INT=0x20
   159: v=20 e=0000 i=0 cpl=0 IP=0038:000000003eb57266 pc=000000003eb57266 SP=0030:000000003fe658a8 env->regs[R_EAX]=000000003eb6ca80
RAX=000000003eb6ca80 RBX=0000000000000004 RCX=000000003eb6ca80 RDX=000000003df58998
RSI=000000003fe65ac8 RDI=0000000000000001 RBP=000000003fe658e0 RSP=000000003fe658a8
R8 =000000003df58c18 R9 =0000000000000000 R10=000000003fe8afc0 R11=000000003e73d980
R12=0000000000000010 R13=0000000000000000 R14=000000003fe65ac8 R15=000000003df58998
RIP=000000003eb57266 RFL=00000202 [-------] CPL=0 II=0 A20=1 SMM=0 HLT=0
ES =0030 0000000000000000 ffffffff 00cf9300 DPL=0 DS   [-WA]
CS =0038 0000000000000000 ffffffff 00af9a00 DPL=0 CS64 [-R-]
SS =0030 0000000000000000 ffffffff 00cf9300 DPL=0 DS   [-WA]
DS =0030 0000000000000000 ffffffff 00cf9300 DPL=0 DS   [-WA]
FS =0030 0000000000000000 ffffffff 00cf9300 DPL=0 DS   [-WA]
GS =0030 0000000000000000 ffffffff 00cf9300 DPL=0 DS   [-WA]
LDT=0000 0000000000000000 0000ffff 00008200 DPL=0 LDT
TR =0000 0000000000000000 0000ffff 00008b00 DPL=0 TSS64-busy
GDT=     000000003f5dc000 00000047
IDT=     000000003efa3018 00000fff
CR0=80010033 CR2=0000000000000000 CR3=000000003f801000 CR4=00000668
DR0=0000000000000000 DR1=0000000000000000 DR2=0000000000000000 DR3=0000000000000000 
DR6=00000000ffff0ff0 DR7=0000000000000400
CCS=0000000000000000 CCD=000000003fe658b0 CCO=EFLAGS
EFER=0000000000000d00
Servicing hardware INT=0x20
   160: v=20 e=0000 i=0 cpl=0 IP=0038:000000003fe7971a pc=000000003fe7971a SP=0030:000000003fe65750 env->regs[R_EAX]=0000000000000006
RAX=0000000000000006 RBX=000000003e6634a4 RCX=000000003e6634a6 RDX=000000003e663400
RSI=000000000000000c RDI=000000000000000c RBP=000000003fe65780 RSP=000000003fe65750
R8 =000000003fe65898 R9 =000000003f4ecf98 R10=000000000000001d R11=000000003e73d931
R12=fffffffffffffffb R13=0000000000000012 R14=000000000000000f R15=000000003e666c98
RIP=000000003fe7971a RFL=00000202 [-------] CPL=0 II=0 A20=1 SMM=0 HLT=0
ES =0030 0000000000000000 ffffffff 00cf9300 DPL=0 DS   [-WA]
CS =0038 0000000000000000 ffffffff 00af9a00 DPL=0 CS64 [-R-]
SS =0030 0000000000000000 ffffffff 00cf9300 DPL=0 DS   [-WA]
DS =0030 0000000000000000 ffffffff 00cf9300 DPL=0 DS   [-WA]
FS =0030 0000000000000000 ffffffff 00cf9300 DPL=0 DS   [-WA]
GS =0030 0000000000000000 ffffffff 00cf9300 DPL=0 DS   [-WA]
LDT=0000 0000000000000000 0000ffff 00008200 DPL=0 LDT
TR =0000 0000000000000000 0000ffff 00008b00 DPL=0 TSS64-busy
GDT=     000000003f5dc000 00000047
IDT=     000000003efa3018 00000fff
CR0=80010033 CR2=0000000000000000 CR3=000000003f801000 CR4=00000668
DR0=0000000000000000 DR1=0000000000000000 DR2=0000000000000000 DR3=0000000000000000 
DR6=00000000ffff0ff0 DR7=0000000000000400
CCS=0000000000000000 CCD=000000003fe65738 CCO=EFLAGS
EFER=0000000000000d00
Servicing hardware INT=0x20
   161: v=20 e=0000 i=0 cpl=0 IP=0038:000000003ea3068a pc=000000003ea3068a SP=0030:000000003fe65040 env->regs[R_EAX]=0000000000000001
RAX=0000000000000001 RBX=0000000080000900 RCX=0000000000000001 RDX=0000000000000cf8
RSI=0000000000000001 RDI=0000000000000001 RBP=000000003fe650a0 RSP=000000003fe65040
R8 =0000000000000000 R9 =0000000000000cf8 R10=0000000000000000 R11=0000000000000000
R12=0000000000000000 R13=0000000000000001 R14=0000000000009038 R15=0000000000000001
RIP=000000003ea3068a RFL=00000202 [-------] CPL=0 II=0 A20=1 SMM=0 HLT=0
ES =0030 0000000000000000 ffffffff 00cf9300 DPL=0 DS   [-WA]
CS =0038 0000000000000000 ffffffff 00af9a00 DPL=0 CS64 [-R-]
SS =0030 0000000000000000 ffffffff 00cf9300 DPL=0 DS   [-WA]
DS =0030 0000000000000000 ffffffff 00cf9300 DPL=0 DS   [-WA]
FS =0030 0000000000000000 ffffffff 00cf9300 DPL=0 DS   [-WA]
GS =0030 0000000000000000 ffffffff 00cf9300 DPL=0 DS   [-WA]
LDT=0000 0000000000000000 0000ffff 00008200 DPL=0 LDT
TR =0000 0000000000000000 0000ffff 00008b00 DPL=0 TSS64-busy
GDT=     000000003f5dc000 00000047
IDT=     000000003efa3018 00000fff
CR0=80010033 CR2=0000000000000000 CR3=000000003f801000 CR4=00000668
DR0=0000000000000000 DR1=0000000000000000 DR2=0000000000000000 DR3=0000000000000000 
DR6=00000000ffff0ff0 DR7=0000000000000400
CCS=0000000000000038 CCD=0000000000000001 CCO=LOGICB
EFER=0000000000000d00
Servicing hardware INT=0x20
   162: v=20 e=0000 i=0 cpl=0 IP=0038:000000003e6d3862 pc=000000003e6d3862 SP=0030:000000003fe65240 env->regs[R_EAX]=0000000000003b37
RAX=0000000000003b37 RBX=0000000000002710 RCX=000000000000b008 RDX=00000000009d0857
RSI=00000000009d438e RDI=000000003e5b40d4 RBP=000000003fe65270 RSP=000000003fe65240
R8 =000000003fe65290 R9 =00000000000003f6 R10=0000000000000000 R11=0000000000000000
R12=000000000000c042 R13=0000000000000011 R14=000000000000c040 R15=0000000000000000
RIP=000000003e6d3862 RFL=00000202 [-------] CPL=0 II=0 A20=1 SMM=0 HLT=0
ES =0030 0000000000000000 ffffffff 00cf9300 DPL=0 DS   [-WA]
CS =0038 0000000000000000 ffffffff 00af9a00 DPL=0 CS64 [-R-]
SS =0030 0000000000000000 ffffffff 00cf9300 DPL=0 DS   [-WA]
DS =0030 0000000000000000 ffffffff 00cf9300 DPL=0 DS   [-WA]
FS =0030 0000000000000000 ffffffff 00cf9300 DPL=0 DS   [-WA]
GS =0030 0000000000000000 ffffffff 00cf9300 DPL=0 DS   [-WA]
LDT=0000 0000000000000000 0000ffff 00008200 DPL=0 LDT
TR =0000 0000000000000000 0000ffff 00008b00 DPL=0 TSS64-busy
GDT=     000000003f5dc000 00000047
IDT=     000000003efa3018 00000fff
CR0=80010033 CR2=0000000000000000 CR3=000000003f801000 CR4=00000668
DR0=0000000000000000 DR1=0000000000000000 DR2=0000000000000000 DR3=0000000000000000 
DR6=00000000ffff0ff0 DR7=0000000000000400
CCS=0000000000000000 CCD=0000000000003b37 CCO=EFLAGS
EFER=0000000000000d00
Servicing hardware INT=0x20
   163: v=20 e=0000 i=0 cpl=0 IP=0038:000000003e6d3862 pc=000000003e6d3862 SP=0030:000000003fe65090 env->regs[R_EAX]=00000000000000f5
RAX=00000000000000f5 RBX=0000000000000064 RCX=000000000000b008 RDX=00000000009deb97
RSI=00000000009dec8c RDI=000000003e5b40d4 RBP=000000003fe650c0 RSP=000000003fe65090
R8 =000000003fe650af R9 =000000000000c042 R10=0000000000000000 R11=0000000000000000
R12=000000000004baf1 R13=0000000000000011 R14=000000000000c040 R15=0000000000000000
RIP=000000003e6d3862 RFL=00000206 [-----P-] CPL=0 II=0 A20=1 SMM=0 HLT=0
ES =0030 0000000000000000 ffffffff 00cf9300 DPL=0 DS   [-WA]
CS =0038 0000000000000000 ffffffff 00af9a00 DPL=0 CS64 [-R-]
SS =0030 0000000000000000 ffffffff 00cf9300 DPL=0 DS   [-WA]
DS =0030 0000000000000000 ffffffff 00cf9300 DPL=0 DS   [-WA]
FS =0030 0000000000000000 ffffffff 00cf9300 DPL=0 DS   [-WA]
GS =0030 0000000000000000 ffffffff 00cf9300 DPL=0 DS   [-WA]
LDT=0000 0000000000000000 0000ffff 00008200 DPL=0 LDT
TR =0000 0000000000000000 0000ffff 00008b00 DPL=0 TSS64-busy
GDT=     000000003f5dc000 00000047
IDT=     000000003efa3018 00000fff
CR0=80010033 CR2=0000000000000000 CR3=000000003f801000 CR4=00000668
DR0=0000000000000000 DR1=0000000000000000 DR2=0000000000000000 DR3=0000000000000000 
DR6=00000000ffff0ff0 DR7=0000000000000400
CCS=0000000000000004 CCD=00000000000000f5 CCO=EFLAGS
EFER=0000000000000d00
Servicing hardware INT=0x20
   164: v=20 e=0000 i=0 cpl=0 IP=0038:000000003e6d3862 pc=000000003e6d3862 SP=0030:000000003fe65230 env->regs[R_EAX]=0000000000000134
RAX=0000000000000134 RBX=0000000000000064 RCX=000000000000b008 RDX=00000000009e895b
RSI=00000000009e8a8f RDI=000000003e5b40d4 RBP=000000003fe65260 RSP=000000003fe65230
R8 =000000003fe6524f R9 =000000000000c042 R10=0000000000000000 R11=0000000000000000
R12=000000000004baf1 R13=0000000000000011 R14=000000000000c040 R15=0000000000000000
RIP=000000003e6d3862 RFL=00000202 [-------] CPL=0 II=0 A20=1 SMM=0 HLT=0
ES =0030 0000000000000000 ffffffff 00cf9300 DPL=0 DS   [-WA]
CS =0038 0000000000000000 ffffffff 00af9a00 DPL=0 CS64 [-R-]
SS =0030 0000000000000000 ffffffff 00cf9300 DPL=0 DS   [-WA]
DS =0030 0000000000000000 ffffffff 00cf9300 DPL=0 DS   [-WA]
FS =0030 0000000000000000 ffffffff 00cf9300 DPL=0 DS   [-WA]
GS =0030 0000000000000000 ffffffff 00cf9300 DPL=0 DS   [-WA]
LDT=0000 0000000000000000 0000ffff 00008200 DPL=0 LDT
TR =0000 0000000000000000 0000ffff 00008b00 DPL=0 TSS64-busy
GDT=     000000003f5dc000 00000047
IDT=     000000003efa3018 00000fff
CR0=80010033 CR2=0000000000000000 CR3=000000003f801000 CR4=00000668
DR0=0000000000000000 DR1=0000000000000000 DR2=0000000000000000 DR3=0000000000000000 
DR6=00000000ffff0ff0 DR7=0000000000000400
CCS=0000000000000000 CCD=0000000000000134 CCO=EFLAGS
EFER=0000000000000d00
Servicing hardware INT=0x20
   165: v=20 e=0000 i=0 cpl=0 IP=0038:000000003e6d3862 pc=000000003e6d3862 SP=0030:000000003fe65230 env->regs[R_EAX]=0000000000002f0c
RAX=0000000000002f0c RBX=0000000000002710 RCX=000000000000b008 RDX=00000000009eef5c
RSI=00000000009f1e68 RDI=000000003e5b40d4 RBP=000000003fe65260 RSP=000000003fe65230
R8 =000000003fe65280 R9 =00000000000003f6 R10=0000000000000000 R11=0000000000000000
R12=000000000000c042 R13=0000000000000011 R14=000000000000c040 R15=0000000000000000
RIP=000000003e6d3862 RFL=00000206 [-----P-] CPL=0 II=0 A20=1 SMM=0 HLT=0
ES =0030 0000000000000000 ffffffff 00cf9300 DPL=0 DS   [-WA]
CS =0038 0000000000000000 ffffffff 00af9a00 DPL=0 CS64 [-R-]
SS =0030 0000000000000000 ffffffff 00cf9300 DPL=0 DS   [-WA]
DS =0030 0000000000000000 ffffffff 00cf9300 DPL=0 DS   [-WA]
FS =0030 0000000000000000 ffffffff 00cf9300 DPL=0 DS   [-WA]
GS =0030 0000000000000000 ffffffff 00cf9300 DPL=0 DS   [-WA]
LDT=0000 0000000000000000 0000ffff 00008200 DPL=0 LDT
TR =0000 0000000000000000 0000ffff 00008b00 DPL=0 TSS64-busy
GDT=     000000003f5dc000 00000047
IDT=     000000003efa3018 00000fff
CR0=80010033 CR2=0000000000000000 CR3=000000003f801000 CR4=00000668
DR0=0000000000000000 DR1=0000000000000000 DR2=0000000000000000 DR3=0000000000000000 
DR6=00000000ffff0ff0 DR7=0000000000000400
CCS=0000000000000004 CCD=0000000000002f0c CCO=EFLAGS
EFER=0000000000000d00
Servicing hardware INT=0x20
   166: v=20 e=0000 i=0 cpl=0 IP=0038:000000003fe6662e pc=000000003fe6662e SP=0030:000000003fe65680 env->regs[R_EAX]=000000003e727918
RAX=000000003e727918 RBX=000000003e727920 RCX=0000000000000010 RDX=000000003df58c18
RSI=000000003fe657c8 RDI=000000003e749a18 RBP=000000003fe656a0 RSP=000000003fe65680
R8 =000000003df58598 R9 =0000000000000000 R10=000000003fe8afc0 R11=000000003e73d980
R12=000000003e749a18 R13=000000003fe8a250 R14=000000003fe844d1 R15=000000003df58c18
RIP=000000003fe6662e RFL=00000246 [---Z-P-] CPL=0 II=0 A20=1 SMM=0 HLT=0
ES =0030 0000000000000000 ffffffff 00cf9300 DPL=0 DS   [-WA]
CS =0038 0000000000000000 ffffffff 00af9a00 DPL=0 CS64 [-R-]
SS =0030 0000000000000000 ffffffff 00cf9300 DPL=0 DS   [-WA]
DS =0030 0000000000000000 ffffffff 00cf9300 DPL=0 DS   [-WA]
FS =0030 0000000000000000 ffffffff 00cf9300 DPL=0 DS   [-WA]
GS =0030 0000000000000000 ffffffff 00cf9300 DPL=0 DS   [-WA]
LDT=0000 0000000000000000 0000ffff 00008200 DPL=0 LDT
TR =0000 0000000000000000 0000ffff 00008b00 DPL=0 TSS64-busy
GDT=     000000003f5dc000 00000047
IDT=     000000003efa3018 00000fff
CR0=80010033 CR2=0000000000000000 CR3=000000003f801000 CR4=00000668
DR0=0000000000000000 DR1=0000000000000000 DR2=0000000000000000 DR3=0000000000000000 
DR6=00000000ffff0ff0 DR7=0000000000000400
CCS=0000000000000044 CCD=0000000000000000 CCO=EFLAGS
EFER=0000000000000d00
Servicing hardware INT=0x20
   167: v=20 e=0000 i=0 cpl=0 IP=0038:000000003e6d3862 pc=000000003e6d3862 SP=0030:000000003fe65340 env->regs[R_EAX]=0000000000000155
RAX=0000000000000155 RBX=0000000000000064 RCX=000000000000b008 RDX=0000000000a07c3c
RSI=0000000000a07d91 RDI=000000003e5b40d4 RBP=000000003fe65370 RSP=000000003fe65340
R8 =000000003fe6535f R9 =000000000000c042 R10=0000000000000000 R11=0000000000000000
R12=000000000004baf1 R13=0000000000000011 R14=000000000000c040 R15=0000000000000000
RIP=000000003e6d3862 RFL=00000206 [-----P-] CPL=0 II=0 A20=1 SMM=0 HLT=0
ES =0030 0000000000000000 ffffffff 00cf9300 DPL=0 DS   [-WA]
CS =0038 0000000000000000 ffffffff 00af9a00 DPL=0 CS64 [-R-]
SS =0030 0000000000000000 ffffffff 00cf9300 DPL=0 DS   [-WA]
DS =0030 0000000000000000 ffffffff 00cf9300 DPL=0 DS   [-WA]
FS =0030 0000000000000000 ffffffff 00cf9300 DPL=0 DS   [-WA]
GS =0030 0000000000000000 ffffffff 00cf9300 DPL=0 DS   [-WA]
LDT=0000 0000000000000000 0000ffff 00008200 DPL=0 LDT
TR =0000 0000000000000000 0000ffff 00008b00 DPL=0 TSS64-busy
GDT=     000000003f5dc000 00000047
IDT=     000000003efa3018 00000fff
CR0=80010033 CR2=0000000000000000 CR3=000000003f801000 CR4=00000668
DR0=0000000000000000 DR1=0000000000000000 DR2=0000000000000000 DR3=0000000000000000 
DR6=00000000ffff0ff0 DR7=0000000000000400
CCS=0000000000000004 CCD=0000000000000155 CCO=EFLAGS
EFER=0000000000000d00
Servicing hardware INT=0x20
   168: v=20 e=0000 i=0 cpl=0 IP=0038:000000003e6d3862 pc=000000003e6d3862 SP=0030:000000003fe65190 env->regs[R_EAX]=00000000000000d4
RAX=00000000000000d4 RBX=0000000000000064 RCX=000000000000b008 RDX=0000000000a11baf
RSI=0000000000a11c83 RDI=000000003e5b40d4 RBP=000000003fe651c0 RSP=000000003fe65190
R8 =000000003fe651af R9 =000000000000c042 R10=0000000000000000 R11=0000000000000000
R12=000000000004baf1 R13=0000000000000011 R14=000000000000c040 R15=0000000000000000
RIP=000000003e6d3862 RFL=00000206 [-----P-] CPL=0 II=0 A20=1 SMM=0 HLT=0
ES =0030 0000000000000000 ffffffff 00cf9300 DPL=0 DS   [-WA]
CS =0038 0000000000000000 ffffffff 00af9a00 DPL=0 CS64 [-R-]
SS =0030 0000000000000000 ffffffff 00cf9300 DPL=0 DS   [-WA]
DS =0030 0000000000000000 ffffffff 00cf9300 DPL=0 DS   [-WA]
FS =0030 0000000000000000 ffffffff 00cf9300 DPL=0 DS   [-WA]
GS =0030 0000000000000000 ffffffff 00cf9300 DPL=0 DS   [-WA]
LDT=0000 0000000000000000 0000ffff 00008200 DPL=0 LDT
TR =0000 0000000000000000 0000ffff 00008b00 DPL=0 TSS64-busy
GDT=     000000003f5dc000 00000047
IDT=     000000003efa3018 00000fff
CR0=80010033 CR2=0000000000000000 CR3=000000003f801000 CR4=00000668
DR0=0000000000000000 DR1=0000000000000000 DR2=0000000000000000 DR3=0000000000000000 
DR6=00000000ffff0ff0 DR7=0000000000000400
CCS=0000000000000004 CCD=00000000000000d4 CCO=EFLAGS
EFER=0000000000000d00
Servicing hardware INT=0x20
   169: v=20 e=0000 i=0 cpl=0 IP=0038:000000003e6d3862 pc=000000003e6d3862 SP=0030:000000003fe65190 env->regs[R_EAX]=00000000000024da
RAX=00000000000024da RBX=0000000000002710 RCX=000000000000b008 RDX=0000000000a18879
RSI=0000000000a1ad53 RDI=000000003e5b40d4 RBP=000000003fe651c0 RSP=000000003fe65190
R8 =000000003fe651e0 R9 =00000000000003f6 R10=0000000000000000 R11=0000000000000000
R12=000000000000c042 R13=0000000000000011 R14=000000000000c040 R15=0000000000000000
RIP=000000003e6d3862 RFL=00000202 [-------] CPL=0 II=0 A20=1 SMM=0 HLT=0
ES =0030 0000000000000000 ffffffff 00cf9300 DPL=0 DS   [-WA]
CS =0038 0000000000000000 ffffffff 00af9a00 DPL=0 CS64 [-R-]
SS =0030 0000000000000000 ffffffff 00cf9300 DPL=0 DS   [-WA]
DS =0030 0000000000000000 ffffffff 00cf9300 DPL=0 DS   [-WA]
FS =0030 0000000000000000 ffffffff 00cf9300 DPL=0 DS   [-WA]
GS =0030 0000000000000000 ffffffff 00cf9300 DPL=0 DS   [-WA]
LDT=0000 0000000000000000 0000ffff 00008200 DPL=0 LDT
TR =0000 0000000000000000 0000ffff 00008b00 DPL=0 TSS64-busy
GDT=     000000003f5dc000 00000047
IDT=     000000003efa3018 00000fff
CR0=80010033 CR2=0000000000000000 CR3=000000003f801000 CR4=00000668
DR0=0000000000000000 DR1=0000000000000000 DR2=0000000000000000 DR3=0000000000000000 
DR6=00000000ffff0ff0 DR7=0000000000000400
CCS=0000000000000000 CCD=00000000000024da CCO=EFLAGS
EFER=0000000000000d00
Servicing hardware INT=0x20
   170: v=20 e=0000 i=0 cpl=0 IP=0038:000000003e6d3862 pc=000000003e6d3862 SP=0030:000000003fe65330 env->regs[R_EAX]=0000000000000155
RAX=0000000000000155 RBX=0000000000000064 RCX=000000000000b008 RDX=0000000000a257e8
RSI=0000000000a2593d RDI=000000003e5b40d4 RBP=000000003fe65360 RSP=000000003fe65330
R8 =000000003fe6534f R9 =000000000000c042 R10=0000000000000000 R11=0000000000000000
R12=000000000004baf1 R13=0000000000000011 R14=000000000000c040 R15=0000000000000000
RIP=000000003e6d3862 RFL=00000206 [-----P-] CPL=0 II=0 A20=1 SMM=0 HLT=0
ES =0030 0000000000000000 ffffffff 00cf9300 DPL=0 DS   [-WA]
CS =0038 0000000000000000 ffffffff 00af9a00 DPL=0 CS64 [-R-]
SS =0030 0000000000000000 ffffffff 00cf9300 DPL=0 DS   [-WA]
DS =0030 0000000000000000 ffffffff 00cf9300 DPL=0 DS   [-WA]
FS =0030 0000000000000000 ffffffff 00cf9300 DPL=0 DS   [-WA]
GS =0030 0000000000000000 ffffffff 00cf9300 DPL=0 DS   [-WA]
LDT=0000 0000000000000000 0000ffff 00008200 DPL=0 LDT
TR =0000 0000000000000000 0000ffff 00008b00 DPL=0 TSS64-busy
GDT=     000000003f5dc000 00000047
IDT=     000000003efa3018 00000fff
CR0=80010033 CR2=0000000000000000 CR3=000000003f801000 CR4=00000668
DR0=0000000000000000 DR1=0000000000000000 DR2=0000000000000000 DR3=0000000000000000 
DR6=00000000ffff0ff0 DR7=0000000000000400
CCS=0000000000000004 CCD=0000000000000155 CCO=EFLAGS
EFER=0000000000000d00
Servicing hardware INT=0x20
   171: v=20 e=0000 i=0 cpl=0 IP=0038:000000003efa0609 pc=000000003efa0609 SP=0030:000000003fe65370 env->regs[R_EAX]=0000000000000000
RAX=0000000000000000 RBX=0000000000000170 RCX=0000000000000001 RDX=0000000000000170
RSI=0000000000000001 RDI=0000000000000000 RBP=000000003fe653e0 RSP=000000003fe65370
R8 =000000003fe654f2 R9 =0000000000000170 R10=0000000000000000 R11=0000000000000001
R12=0000000000000001 R13=000000003fe654f2 R14=0000000000000002 R15=0000000000000002
RIP=000000003efa0609 RFL=00000246 [---Z-P-] CPL=0 II=0 A20=1 SMM=0 HLT=0
ES =0030 0000000000000000 ffffffff 00cf9300 DPL=0 DS   [-WA]
CS =0038 0000000000000000 ffffffff 00af9a00 DPL=0 CS64 [-R-]
SS =0030 0000000000000000 ffffffff 00cf9300 DPL=0 DS   [-WA]
DS =0030 0000000000000000 ffffffff 00cf9300 DPL=0 DS   [-WA]
FS =0030 0000000000000000 ffffffff 00cf9300 DPL=0 DS   [-WA]
GS =0030 0000000000000000 ffffffff 00cf9300 DPL=0 DS   [-WA]
LDT=0000 0000000000000000 0000ffff 00008200 DPL=0 LDT
TR =0000 0000000000000000 0000ffff 00008b00 DPL=0 TSS64-busy
GDT=     000000003f5dc000 00000047
IDT=     000000003efa3018 00000fff
CR0=80010033 CR2=0000000000000000 CR3=000000003f801000 CR4=00000668
DR0=0000000000000000 DR1=0000000000000000 DR2=0000000000000000 DR3=0000000000000000 
DR6=00000000ffff0ff0 DR7=0000000000000400
CCS=0000000000000044 CCD=0000000000000000 CCO=EFLAGS
EFER=0000000000000d00
Servicing hardware INT=0x20
   172: v=20 e=0000 i=0 cpl=0 IP=0038:000000003e6d3862 pc=000000003e6d3862 SP=0030:000000003fe64f80 env->regs[R_EAX]=00000000000000fa
RAX=00000000000000fa RBX=0000000000000064 RCX=000000000000b008 RDX=0000000000a3fb65
RSI=0000000000a3fc5f RDI=000000003e5b40d4 RBP=000000003fe64fb0 RSP=000000003fe64f80
R8 =000000003fe64f9f R9 =000000000000c042 R10=0000000000000000 R11=0000000000000000
R12=000000000004baf1 R13=0000000000000011 R14=000000000000c040 R15=0000000000000000
RIP=000000003e6d3862 RFL=00000206 [-----P-] CPL=0 II=0 A20=1 SMM=0 HLT=0
ES =0030 0000000000000000 ffffffff 00cf9300 DPL=0 DS   [-WA]
CS =0038 0000000000000000 ffffffff 00af9a00 DPL=0 CS64 [-R-]
SS =0030 0000000000000000 ffffffff 00cf9300 DPL=0 DS   [-WA]
DS =0030 0000000000000000 ffffffff 00cf9300 DPL=0 DS   [-WA]
FS =0030 0000000000000000 ffffffff 00cf9300 DPL=0 DS   [-WA]
GS =0030 0000000000000000 ffffffff 00cf9300 DPL=0 DS   [-WA]
LDT=0000 0000000000000000 0000ffff 00008200 DPL=0 LDT
TR =0000 0000000000000000 0000ffff 00008b00 DPL=0 TSS64-busy
GDT=     000000003f5dc000 00000047
IDT=     000000003efa3018 00000fff
CR0=80010033 CR2=0000000000000000 CR3=000000003f801000 CR4=00000668
DR0=0000000000000000 DR1=0000000000000000 DR2=0000000000000000 DR3=0000000000000000 
DR6=00000000ffff0ff0 DR7=0000000000000400
CCS=0000000000000004 CCD=00000000000000fa CCO=EFLAGS
EFER=0000000000000d00
Servicing hardware INT=0x20
   173: v=20 e=0000 i=0 cpl=0 IP=0038:000000003e6d3862 pc=000000003e6d3862 SP=0030:000000003fe64f80 env->regs[R_EAX]=0000000000000031
RAX=0000000000000031 RBX=0000000000000064 RCX=000000000000b008 RDX=0000000000a4217e
RSI=0000000000a421af RDI=000000003e5b40d4 RBP=000000003fe64fb0 RSP=000000003fe64f80
R8 =000000003fe64f9f R9 =000000000000c042 R10=0000000000000000 R11=0000000000000000
R12=000000000004bade R13=0000000000000011 R14=000000000000c040 R15=0000000000000000
RIP=000000003e6d3862 RFL=00000202 [-------] CPL=0 II=0 A20=1 SMM=0 HLT=0
ES =0030 0000000000000000 ffffffff 00cf9300 DPL=0 DS   [-WA]
CS =0038 0000000000000000 ffffffff 00af9a00 DPL=0 CS64 [-R-]
SS =0030 0000000000000000 ffffffff 00cf9300 DPL=0 DS   [-WA]
DS =0030 0000000000000000 ffffffff 00cf9300 DPL=0 DS   [-WA]
FS =0030 0000000000000000 ffffffff 00cf9300 DPL=0 DS   [-WA]
GS =0030 0000000000000000 ffffffff 00cf9300 DPL=0 DS   [-WA]
LDT=0000 0000000000000000 0000ffff 00008200 DPL=0 LDT
TR =0000 0000000000000000 0000ffff 00008b00 DPL=0 TSS64-busy
GDT=     000000003f5dc000 00000047
IDT=     000000003efa3018 00000fff
CR0=80010033 CR2=0000000000000000 CR3=000000003f801000 CR4=00000668
DR0=0000000000000000 DR1=0000000000000000 DR2=0000000000000000 DR3=0000000000000000 
DR6=00000000ffff0ff0 DR7=0000000000000400
CCS=0000000000000000 CCD=0000000000000031 CCO=EFLAGS
EFER=0000000000000d00
Servicing hardware INT=0x20
   174: v=20 e=0000 i=0 cpl=0 IP=0038:000000003e6d3862 pc=000000003e6d3862 SP=0030:000000003fe64f80 env->regs[R_EAX]=00000000000000e5
RAX=00000000000000e5 RBX=0000000000000064 RCX=000000000000b008 RDX=0000000000a4f607
RSI=0000000000a4f6ec RDI=000000003e5b40d4 RBP=000000003fe64fb0 RSP=000000003fe64f80
R8 =000000003fe64f9f R9 =000000000000c042 R10=0000000000000000 R11=0000000000000000
R12=000000000004baf1 R13=0000000000000011 R14=000000000000c040 R15=0000000000000000
RIP=000000003e6d3862 RFL=00000202 [-------] CPL=0 II=0 A20=1 SMM=0 HLT=0
ES =0030 0000000000000000 ffffffff 00cf9300 DPL=0 DS   [-WA]
CS =0038 0000000000000000 ffffffff 00af9a00 DPL=0 CS64 [-R-]
SS =0030 0000000000000000 ffffffff 00cf9300 DPL=0 DS   [-WA]
DS =0030 0000000000000000 ffffffff 00cf9300 DPL=0 DS   [-WA]
FS =0030 0000000000000000 ffffffff 00cf9300 DPL=0 DS   [-WA]
GS =0030 0000000000000000 ffffffff 00cf9300 DPL=0 DS   [-WA]
LDT=0000 0000000000000000 0000ffff 00008200 DPL=0 LDT
TR =0000 0000000000000000 0000ffff 00008b00 DPL=0 TSS64-busy
GDT=     000000003f5dc000 00000047
IDT=     000000003efa3018 00000fff
CR0=80010033 CR2=0000000000000000 CR3=000000003f801000 CR4=00000668
DR0=0000000000000000 DR1=0000000000000000 DR2=0000000000000000 DR3=0000000000000000 
DR6=00000000ffff0ff0 DR7=0000000000000400
CCS=0000000000000000 CCD=00000000000000e5 CCO=EFLAGS
EFER=0000000000000d00
Servicing hardware INT=0x20
   175: v=20 e=0000 i=0 cpl=0 IP=0038:000000003e6d3862 pc=000000003e6d3862 SP=0030:000000003fe64f80 env->regs[R_EAX]=00000000000000ce
RAX=00000000000000ce RBX=0000000000000064 RCX=000000000000b008 RDX=0000000000a53a5d
RSI=0000000000a53b2b RDI=000000003e5b40d4 RBP=000000003fe64fb0 RSP=000000003fe64f80
R8 =000000003fe64f9f R9 =000000000000c042 R10=0000000000000000 R11=0000000000000000
R12=000000000004bad8 R13=0000000000000011 R14=000000000000c040 R15=0000000000000000
RIP=000000003e6d3862 RFL=00000202 [-------] CPL=0 II=0 A20=1 SMM=0 HLT=0
ES =0030 0000000000000000 ffffffff 00cf9300 DPL=0 DS   [-WA]
CS =0038 0000000000000000 ffffffff 00af9a00 DPL=0 CS64 [-R-]
SS =0030 0000000000000000 ffffffff 00cf9300 DPL=0 DS   [-WA]
DS =0030 0000000000000000 ffffffff 00cf9300 DPL=0 DS   [-WA]
FS =0030 0000000000000000 ffffffff 00cf9300 DPL=0 DS   [-WA]
GS =0030 0000000000000000 ffffffff 00cf9300 DPL=0 DS   [-WA]
LDT=0000 0000000000000000 0000ffff 00008200 DPL=0 LDT
TR =0000 0000000000000000 0000ffff 00008b00 DPL=0 TSS64-busy
GDT=     000000003f5dc000 00000047
IDT=     000000003efa3018 00000fff
CR0=80010033 CR2=0000000000000000 CR3=000000003f801000 CR4=00000668
DR0=0000000000000000 DR1=0000000000000000 DR2=0000000000000000 DR3=0000000000000000 
DR6=00000000ffff0ff0 DR7=0000000000000400
CCS=0000000000000000 CCD=00000000000000ce CCO=EFLAGS
EFER=0000000000000d00
Servicing hardware INT=0x20
   176: v=20 e=0000 i=0 cpl=0 IP=0038:000000003e6d3862 pc=000000003e6d3862 SP=0030:000000003fe64f80 env->regs[R_EAX]=0000000000001bfa
RAX=0000000000001bfa RBX=0000000000002710 RCX=000000000000b008 RDX=0000000000a5f005
RSI=0000000000a60bff RDI=000000003e5b40d4 RBP=000000003fe64fb0 RSP=000000003fe64f80
R8 =000000003fe64fd0 R9 =00000000000003f6 R10=0000000000000000 R11=0000000000000000
R12=000000000000c042 R13=0000000000000011 R14=000000000000c040 R15=0000000000000000
RIP=000000003e6d3862 RFL=00000206 [-----P-] CPL=0 II=0 A20=1 SMM=0 HLT=0
ES =0030 0000000000000000 ffffffff 00cf9300 DPL=0 DS   [-WA]
CS =0038 0000000000000000 ffffffff 00af9a00 DPL=0 CS64 [-R-]
SS =0030 0000000000000000 ffffffff 00cf9300 DPL=0 DS   [-WA]
DS =0030 0000000000000000 ffffffff 00cf9300 DPL=0 DS   [-WA]
FS =0030 0000000000000000 ffffffff 00cf9300 DPL=0 DS   [-WA]
GS =0030 0000000000000000 ffffffff 00cf9300 DPL=0 DS   [-WA]
LDT=0000 0000000000000000 0000ffff 00008200 DPL=0 LDT
TR =0000 0000000000000000 0000ffff 00008b00 DPL=0 TSS64-busy
GDT=     000000003f5dc000 00000047
IDT=     000000003efa3018 00000fff
CR0=80010033 CR2=0000000000000000 CR3=000000003f801000 CR4=00000668
DR0=0000000000000000 DR1=0000000000000000 DR2=0000000000000000 DR3=0000000000000000 
DR6=00000000ffff0ff0 DR7=0000000000000400
CCS=0000000000000004 CCD=0000000000001bfa CCO=EFLAGS
EFER=0000000000000d00
Servicing hardware INT=0x20
   177: v=20 e=0000 i=0 cpl=0 IP=0038:000000003e6d3862 pc=000000003e6d3862 SP=0030:000000003fe64f80 env->regs[R_EAX]=0000000000000009
RAX=0000000000000009 RBX=0000000000000064 RCX=000000000000b008 RDX=0000000000a650ef
RSI=0000000000a650f8 RDI=000000003e5b40d4 RBP=000000003fe64fb0 RSP=000000003fe64f80
R8 =000000003fe64f9f R9 =000000000000c042 R10=0000000000000000 R11=0000000000000000
R12=000000000004badf R13=0000000000000011 R14=000000000000c040 R15=0000000000000000
RIP=000000003e6d3862 RFL=00000206 [-----P-] CPL=0 II=0 A20=1 SMM=0 HLT=0
ES =0030 0000000000000000 ffffffff 00cf9300 DPL=0 DS   [-WA]
CS =0038 0000000000000000 ffffffff 00af9a00 DPL=0 CS64 [-R-]
SS =0030 0000000000000000 ffffffff 00cf9300 DPL=0 DS   [-WA]
DS =0030 0000000000000000 ffffffff 00cf9300 DPL=0 DS   [-WA]
FS =0030 0000000000000000 ffffffff 00cf9300 DPL=0 DS   [-WA]
GS =0030 0000000000000000 ffffffff 00cf9300 DPL=0 DS   [-WA]
LDT=0000 0000000000000000 0000ffff 00008200 DPL=0 LDT
TR =0000 0000000000000000 0000ffff 00008b00 DPL=0 TSS64-busy
GDT=     000000003f5dc000 00000047
IDT=     000000003efa3018 00000fff
CR0=80010033 CR2=0000000000000000 CR3=000000003f801000 CR4=00000668
DR0=0000000000000000 DR1=0000000000000000 DR2=0000000000000000 DR3=0000000000000000 
DR6=00000000ffff0ff0 DR7=0000000000000400
CCS=0000000000000004 CCD=0000000000000009 CCO=EFLAGS
EFER=0000000000000d00
Servicing hardware INT=0x20
   178: v=20 e=0000 i=0 cpl=0 IP=0038:000000003e6d3862 pc=000000003e6d3862 SP=0030:000000003fe64f80 env->regs[R_EAX]=0000000000000151
RAX=0000000000000151 RBX=0000000000000064 RCX=000000000000b008 RDX=0000000000a6d892
RSI=0000000000a6d9e3 RDI=000000003e5b40d4 RBP=000000003fe64fb0 RSP=000000003fe64f80
R8 =000000003fe64f9f R9 =000000000000c042 R10=0000000000000000 R11=0000000000000000
R12=000000000004ba9d R13=0000000000000011 R14=000000000000c040 R15=0000000000000000
RIP=000000003e6d3862 RFL=00000202 [-------] CPL=0 II=0 A20=1 SMM=0 HLT=0
ES =0030 0000000000000000 ffffffff 00cf9300 DPL=0 DS   [-WA]
CS =0038 0000000000000000 ffffffff 00af9a00 DPL=0 CS64 [-R-]
SS =0030 0000000000000000 ffffffff 00cf9300 DPL=0 DS   [-WA]
DS =0030 0000000000000000 ffffffff 00cf9300 DPL=0 DS   [-WA]
FS =0030 0000000000000000 ffffffff 00cf9300 DPL=0 DS   [-WA]
GS =0030 0000000000000000 ffffffff 00cf9300 DPL=0 DS   [-WA]
LDT=0000 0000000000000000 0000ffff 00008200 DPL=0 LDT
TR =0000 0000000000000000 0000ffff 00008b00 DPL=0 TSS64-busy
GDT=     000000003f5dc000 00000047
IDT=     000000003efa3018 00000fff
CR0=80010033 CR2=0000000000000000 CR3=000000003f801000 CR4=00000668
DR0=0000000000000000 DR1=0000000000000000 DR2=0000000000000000 DR3=0000000000000000 
DR6=00000000ffff0ff0 DR7=0000000000000400
CCS=0000000000000000 CCD=0000000000000151 CCO=EFLAGS
EFER=0000000000000d00
Servicing hardware INT=0x20
   179: v=20 e=0000 i=0 cpl=0 IP=0038:000000003e6d3862 pc=000000003e6d3862 SP=0030:000000003fe64f80 env->regs[R_EAX]=0000000000005bf3
RAX=0000000000005bf3 RBX=0000000000002710 RCX=000000000000b008 RDX=0000000000a798b9
RSI=0000000000a7f4ac RDI=000000003e5b40d4 RBP=000000003fe64fb0 RSP=000000003fe64f80
R8 =000000003fe64fd0 R9 =00000000000003f6 R10=0000000000000000 R11=0000000000000000
R12=000000000000c042 R13=0000000000000011 R14=000000000000c040 R15=0000000000000000
RIP=000000003e6d3862 RFL=00000206 [-----P-] CPL=0 II=0 A20=1 SMM=0 HLT=0
ES =0030 0000000000000000 ffffffff 00cf9300 DPL=0 DS   [-WA]
CS =0038 0000000000000000 ffffffff 00af9a00 DPL=0 CS64 [-R-]
SS =0030 0000000000000000 ffffffff 00cf9300 DPL=0 DS   [-WA]
DS =0030 0000000000000000 ffffffff 00cf9300 DPL=0 DS   [-WA]
FS =0030 0000000000000000 ffffffff 00cf9300 DPL=0 DS   [-WA]
GS =0030 0000000000000000 ffffffff 00cf9300 DPL=0 DS   [-WA]
LDT=0000 0000000000000000 0000ffff 00008200 DPL=0 LDT
TR =0000 0000000000000000 0000ffff 00008b00 DPL=0 TSS64-busy
GDT=     000000003f5dc000 00000047
IDT=     000000003efa3018 00000fff
CR0=80010033 CR2=0000000000000000 CR3=000000003f801000 CR4=00000668
DR0=0000000000000000 DR1=0000000000000000 DR2=0000000000000000 DR3=0000000000000000 
DR6=00000000ffff0ff0 DR7=0000000000000400
CCS=0000000000000004 CCD=0000000000005bf3 CCO=EFLAGS
EFER=0000000000000d00
Servicing hardware INT=0x20
   180: v=20 e=0000 i=0 cpl=0 IP=0038:000000003e6d3862 pc=000000003e6d3862 SP=0030:000000003fe64fc0 env->regs[R_EAX]=0000000000000108
RAX=0000000000000108 RBX=0000000000000064 RCX=000000000000b008 RDX=0000000000a8041d
RSI=0000000000a80525 RDI=000000003e5b40d4 RBP=000000003fe64ff0 RSP=000000003fe64fc0
R8 =000000003fe64fdf R9 =000000000000c042 R10=0000000000000000 R11=0000000000000000
R12=000000000004baf1 R13=0000000000000011 R14=000000000000c040 R15=0000000000000000
RIP=000000003e6d3862 RFL=00000202 [-------] CPL=0 II=0 A20=1 SMM=0 HLT=0
ES =0030 0000000000000000 ffffffff 00cf9300 DPL=0 DS   [-WA]
CS =0038 0000000000000000 ffffffff 00af9a00 DPL=0 CS64 [-R-]
SS =0030 0000000000000000 ffffffff 00cf9300 DPL=0 DS   [-WA]
DS =0030 0000000000000000 ffffffff 00cf9300 DPL=0 DS   [-WA]
FS =0030 0000000000000000 ffffffff 00cf9300 DPL=0 DS   [-WA]
GS =0030 0000000000000000 ffffffff 00cf9300 DPL=0 DS   [-WA]
LDT=0000 0000000000000000 0000ffff 00008200 DPL=0 LDT
TR =0000 0000000000000000 0000ffff 00008b00 DPL=0 TSS64-busy
GDT=     000000003f5dc000 00000047
IDT=     000000003efa3018 00000fff
CR0=80010033 CR2=0000000000000000 CR3=000000003f801000 CR4=00000668
DR0=0000000000000000 DR1=0000000000000000 DR2=0000000000000000 DR3=0000000000000000 
DR6=00000000ffff0ff0 DR7=0000000000000400
CCS=0000000000000000 CCD=0000000000000108 CCO=EFLAGS
EFER=0000000000000d00
Servicing hardware INT=0x20
   181: v=20 e=0000 i=0 cpl=0 IP=0038:000000003e6d3862 pc=000000003e6d3862 SP=0030:000000003fe64fc0 env->regs[R_EAX]=0000000000000036
RAX=0000000000000036 RBX=0000000000000064 RCX=000000000000b008 RDX=0000000000a88092
RSI=0000000000a880c8 RDI=000000003e5b40d4 RBP=000000003fe64ff0 RSP=000000003fe64fc0
R8 =000000003fe64fdf R9 =000000000000c042 R10=0000000000000000 R11=0000000000000000
R12=000000000004babe R13=0000000000000011 R14=000000000000c040 R15=0000000000000000
RIP=000000003e6d3862 RFL=00000206 [-----P-] CPL=0 II=0 A20=1 SMM=0 HLT=0
ES =0030 0000000000000000 ffffffff 00cf9300 DPL=0 DS   [-WA]
CS =0038 0000000000000000 ffffffff 00af9a00 DPL=0 CS64 [-R-]
SS =0030 0000000000000000 ffffffff 00cf9300 DPL=0 DS   [-WA]
DS =0030 0000000000000000 ffffffff 00cf9300 DPL=0 DS   [-WA]
FS =0030 0000000000000000 ffffffff 00cf9300 DPL=0 DS   [-WA]
GS =0030 0000000000000000 ffffffff 00cf9300 DPL=0 DS   [-WA]
LDT=0000 0000000000000000 0000ffff 00008200 DPL=0 LDT
TR =0000 0000000000000000 0000ffff 00008b00 DPL=0 TSS64-busy
GDT=     000000003f5dc000 00000047
IDT=     000000003efa3018 00000fff
CR0=80010033 CR2=0000000000000000 CR3=000000003f801000 CR4=00000668
DR0=0000000000000000 DR1=0000000000000000 DR2=0000000000000000 DR3=0000000000000000 
DR6=00000000ffff0ff0 DR7=0000000000000400
CCS=0000000000000004 CCD=0000000000000036 CCO=EFLAGS
EFER=0000000000000d00
Servicing hardware INT=0x20
   182: v=20 e=0000 i=0 cpl=0 IP=0038:000000003e6d3862 pc=000000003e6d3862 SP=0030:000000003fe64fc0 env->regs[R_EAX]=00000000000000d8
RAX=00000000000000d8 RBX=0000000000000064 RCX=000000000000b008 RDX=0000000000a9282f
RSI=0000000000a92907 RDI=000000003e5b40d4 RBP=000000003fe64ff0 RSP=000000003fe64fc0
R8 =000000003fe64fdf R9 =000000000000c042 R10=0000000000000000 R11=0000000000000000
R12=000000000004baf1 R13=0000000000000011 R14=000000000000c040 R15=0000000000000000
RIP=000000003e6d3862 RFL=00000206 [-----P-] CPL=0 II=0 A20=1 SMM=0 HLT=0
ES =0030 0000000000000000 ffffffff 00cf9300 DPL=0 DS   [-WA]
CS =0038 0000000000000000 ffffffff 00af9a00 DPL=0 CS64 [-R-]
SS =0030 0000000000000000 ffffffff 00cf9300 DPL=0 DS   [-WA]
DS =0030 0000000000000000 ffffffff 00cf9300 DPL=0 DS   [-WA]
FS =0030 0000000000000000 ffffffff 00cf9300 DPL=0 DS   [-WA]
GS =0030 0000000000000000 ffffffff 00cf9300 DPL=0 DS   [-WA]
LDT=0000 0000000000000000 0000ffff 00008200 DPL=0 LDT
TR =0000 0000000000000000 0000ffff 00008b00 DPL=0 TSS64-busy
GDT=     000000003f5dc000 00000047
IDT=     000000003efa3018 00000fff
CR0=80010033 CR2=0000000000000000 CR3=000000003f801000 CR4=00000668
DR0=0000000000000000 DR1=0000000000000000 DR2=0000000000000000 DR3=0000000000000000 
DR6=00000000ffff0ff0 DR7=0000000000000400
CCS=0000000000000004 CCD=00000000000000d8 CCO=EFLAGS
EFER=0000000000000d00
Servicing hardware INT=0x20
   183: v=20 e=0000 i=0 cpl=0 IP=0038:000000003e6d3862 pc=000000003e6d3862 SP=0030:000000003fe64fc0 env->regs[R_EAX]=0000000000000010
RAX=0000000000000010 RBX=0000000000000064 RCX=000000000000b008 RDX=0000000000a99339
RSI=0000000000a99349 RDI=000000003e5b40d4 RBP=000000003fe64ff0 RSP=000000003fe64fc0
R8 =000000003fe64fdf R9 =000000000000c042 R10=0000000000000000 R11=0000000000000000
R12=000000000004badb R13=0000000000000011 R14=000000000000c040 R15=0000000000000000
RIP=000000003e6d3862 RFL=00000202 [-------] CPL=0 II=0 A20=1 SMM=0 HLT=0
ES =0030 0000000000000000 ffffffff 00cf9300 DPL=0 DS   [-WA]
CS =0038 0000000000000000 ffffffff 00af9a00 DPL=0 CS64 [-R-]
SS =0030 0000000000000000 ffffffff 00cf9300 DPL=0 DS   [-WA]
DS =0030 0000000000000000 ffffffff 00cf9300 DPL=0 DS   [-WA]
FS =0030 0000000000000000 ffffffff 00cf9300 DPL=0 DS   [-WA]
GS =0030 0000000000000000 ffffffff 00cf9300 DPL=0 DS   [-WA]
LDT=0000 0000000000000000 0000ffff 00008200 DPL=0 LDT
TR =0000 0000000000000000 0000ffff 00008b00 DPL=0 TSS64-busy
GDT=     000000003f5dc000 00000047
IDT=     000000003efa3018 00000fff
CR0=80010033 CR2=0000000000000000 CR3=000000003f801000 CR4=00000668
DR0=0000000000000000 DR1=0000000000000000 DR2=0000000000000000 DR3=0000000000000000 
DR6=00000000ffff0ff0 DR7=0000000000000400
CCS=0000000000000000 CCD=0000000000000010 CCO=EFLAGS
EFER=0000000000000d00
Servicing hardware INT=0x20
   184: v=20 e=0000 i=0 cpl=0 IP=0038:000000003e6d3862 pc=000000003e6d3862 SP=0030:000000003fe64fc0 env->regs[R_EAX]=0000000000000138
RAX=0000000000000138 RBX=0000000000000064 RCX=000000000000b008 RDX=0000000000aa2202
RSI=0000000000aa233a RDI=000000003e5b40d4 RBP=000000003fe64ff0 RSP=000000003fe64fc0
R8 =000000003fe64fdf R9 =000000000000c042 R10=0000000000000000 R11=0000000000000000
R12=000000000004bacc R13=0000000000000011 R14=000000000000c040 R15=0000000000000000
RIP=000000003e6d3862 RFL=00000202 [-------] CPL=0 II=0 A20=1 SMM=0 HLT=0
ES =0030 0000000000000000 ffffffff 00cf9300 DPL=0 DS   [-WA]
CS =0038 0000000000000000 ffffffff 00af9a00 DPL=0 CS64 [-R-]
SS =0030 0000000000000000 ffffffff 00cf9300 DPL=0 DS   [-WA]
DS =0030 0000000000000000 ffffffff 00cf9300 DPL=0 DS   [-WA]
FS =0030 0000000000000000 ffffffff 00cf9300 DPL=0 DS   [-WA]
GS =0030 0000000000000000 ffffffff 00cf9300 DPL=0 DS   [-WA]
LDT=0000 0000000000000000 0000ffff 00008200 DPL=0 LDT
TR =0000 0000000000000000 0000ffff 00008b00 DPL=0 TSS64-busy
GDT=     000000003f5dc000 00000047
IDT=     000000003efa3018 00000fff
CR0=80010033 CR2=0000000000000000 CR3=000000003f801000 CR4=00000668
DR0=0000000000000000 DR1=0000000000000000 DR2=0000000000000000 DR3=0000000000000000 
DR6=00000000ffff0ff0 DR7=0000000000000400
CCS=0000000000000000 CCD=0000000000000138 CCO=EFLAGS
EFER=0000000000000d00
Servicing hardware INT=0x20
   185: v=20 e=0000 i=0 cpl=0 IP=0038:000000003e6d3862 pc=000000003e6d3862 SP=0030:000000003fe64fc0 env->regs[R_EAX]=000000000000009c
RAX=000000000000009c RBX=0000000000000064 RCX=000000000000b008 RDX=0000000000aa98bd
RSI=0000000000aa9959 RDI=000000003e5b40d4 RBP=000000003fe64ff0 RSP=000000003fe64fc0
R8 =000000003fe64fdf R9 =000000000000c042 R10=0000000000000000 R11=0000000000000000
R12=000000000004baa4 R13=0000000000000011 R14=000000000000c040 R15=0000000000000000
RIP=000000003e6d3862 RFL=00000206 [-----P-] CPL=0 II=0 A20=1 SMM=0 HLT=0
ES =0030 0000000000000000 ffffffff 00cf9300 DPL=0 DS   [-WA]
CS =0038 0000000000000000 ffffffff 00af9a00 DPL=0 CS64 [-R-]
SS =0030 0000000000000000 ffffffff 00cf9300 DPL=0 DS   [-WA]
DS =0030 0000000000000000 ffffffff 00cf9300 DPL=0 DS   [-WA]
FS =0030 0000000000000000 ffffffff 00cf9300 DPL=0 DS   [-WA]
GS =0030 0000000000000000 ffffffff 00cf9300 DPL=0 DS   [-WA]
LDT=0000 0000000000000000 0000ffff 00008200 DPL=0 LDT
TR =0000 0000000000000000 0000ffff 00008b00 DPL=0 TSS64-busy
GDT=     000000003f5dc000 00000047
IDT=     000000003efa3018 00000fff
CR0=80010033 CR2=0000000000000000 CR3=000000003f801000 CR4=00000668
DR0=0000000000000000 DR1=0000000000000000 DR2=0000000000000000 DR3=0000000000000000 
DR6=00000000ffff0ff0 DR7=0000000000000400
CCS=0000000000000004 CCD=000000000000009c CCO=EFLAGS
EFER=0000000000000d00
Servicing hardware INT=0x20
   186: v=20 e=0000 i=0 cpl=0 IP=0038:000000003e6d3862 pc=000000003e6d3862 SP=0030:000000003fe64fc0 env->regs[R_EAX]=00000000000000ac
RAX=00000000000000ac RBX=0000000000000064 RCX=000000000000b008 RDX=0000000000aba37b
RSI=0000000000aba427 RDI=000000003e5b40d4 RBP=000000003fe64ff0 RSP=000000003fe64fc0
R8 =000000003fe64fdf R9 =000000000000c042 R10=0000000000000000 R11=0000000000000000
R12=000000000004baf1 R13=0000000000000011 R14=000000000000c040 R15=0000000000000000
RIP=000000003e6d3862 RFL=00000206 [-----P-] CPL=0 II=0 A20=1 SMM=0 HLT=0
ES =0030 0000000000000000 ffffffff 00cf9300 DPL=0 DS   [-WA]
CS =0038 0000000000000000 ffffffff 00af9a00 DPL=0 CS64 [-R-]
SS =0030 0000000000000000 ffffffff 00cf9300 DPL=0 DS   [-WA]
DS =0030 0000000000000000 ffffffff 00cf9300 DPL=0 DS   [-WA]
FS =0030 0000000000000000 ffffffff 00cf9300 DPL=0 DS   [-WA]
GS =0030 0000000000000000 ffffffff 00cf9300 DPL=0 DS   [-WA]
LDT=0000 0000000000000000 0000ffff 00008200 DPL=0 LDT
TR =0000 0000000000000000 0000ffff 00008b00 DPL=0 TSS64-busy
GDT=     000000003f5dc000 00000047
IDT=     000000003efa3018 00000fff
CR0=80010033 CR2=0000000000000000 CR3=000000003f801000 CR4=00000668
DR0=0000000000000000 DR1=0000000000000000 DR2=0000000000000000 DR3=0000000000000000 
DR6=00000000ffff0ff0 DR7=0000000000000400
CCS=0000000000000004 CCD=00000000000000ac CCO=EFLAGS
EFER=0000000000000d00
Servicing hardware INT=0x20
   187: v=20 e=0000 i=0 cpl=0 IP=0038:000000003e6d3862 pc=000000003e6d3862 SP=0030:000000003fe64fc0 env->regs[R_EAX]=000000000000009f
RAX=000000000000009f RBX=0000000000000064 RCX=000000000000b008 RDX=0000000000abc71e
RSI=0000000000abc7bd RDI=000000003e5b40d4 RBP=000000003fe64ff0 RSP=000000003fe64fc0
R8 =000000003fe64fdf R9 =000000000000c042 R10=0000000000000000 R11=0000000000000000
R12=000000000004badf R13=0000000000000011 R14=000000000000c040 R15=0000000000000000
RIP=000000003e6d3862 RFL=00000206 [-----P-] CPL=0 II=0 A20=1 SMM=0 HLT=0
ES =0030 0000000000000000 ffffffff 00cf9300 DPL=0 DS   [-WA]
CS =0038 0000000000000000 ffffffff 00af9a00 DPL=0 CS64 [-R-]
SS =0030 0000000000000000 ffffffff 00cf9300 DPL=0 DS   [-WA]
DS =0030 0000000000000000 ffffffff 00cf9300 DPL=0 DS   [-WA]
FS =0030 0000000000000000 ffffffff 00cf9300 DPL=0 DS   [-WA]
GS =0030 0000000000000000 ffffffff 00cf9300 DPL=0 DS   [-WA]
LDT=0000 0000000000000000 0000ffff 00008200 DPL=0 LDT
TR =0000 0000000000000000 0000ffff 00008b00 DPL=0 TSS64-busy
GDT=     000000003f5dc000 00000047
IDT=     000000003efa3018 00000fff
CR0=80010033 CR2=0000000000000000 CR3=000000003f801000 CR4=00000668
DR0=0000000000000000 DR1=0000000000000000 DR2=0000000000000000 DR3=0000000000000000 
DR6=00000000ffff0ff0 DR7=0000000000000400
CCS=0000000000000004 CCD=000000000000009f CCO=EFLAGS
EFER=0000000000000d00
Servicing hardware INT=0x20
   188: v=20 e=0000 i=0 cpl=0 IP=0038:000000003e6d9bb6 pc=000000003e6d9bb6 SP=0030:000000003fe64fe8 env->regs[R_EAX]=0000000000000000
RAX=0000000000000000 RBX=000000003e666028 RCX=0000000000000000 RDX=0000000000000000
RSI=0000000000000000 RDI=000000003df47000 RBP=000000003fe650d0 RSP=000000003fe64fe8
R8 =000000003df36000 R9 =000000003fe65080 R10=000000003e312018 R11=000000003df36000
R12=000000003e312018 R13=0000000000000011 R14=000000000000c040 R15=0000000000011000
RIP=000000003e6d9bb6 RFL=00000246 [---Z-P-] CPL=0 II=0 A20=1 SMM=0 HLT=0
ES =0030 0000000000000000 ffffffff 00cf9300 DPL=0 DS   [-WA]
CS =0038 0000000000000000 ffffffff 00af9a00 DPL=0 CS64 [-R-]
SS =0030 0000000000000000 ffffffff 00cf9300 DPL=0 DS   [-WA]
DS =0030 0000000000000000 ffffffff 00cf9300 DPL=0 DS   [-WA]
FS =0030 0000000000000000 ffffffff 00cf9300 DPL=0 DS   [-WA]
GS =0030 0000000000000000 ffffffff 00cf9300 DPL=0 DS   [-WA]
LDT=0000 0000000000000000 0000ffff 00008200 DPL=0 LDT
TR =0000 0000000000000000 0000ffff 00008b00 DPL=0 TSS64-busy
GDT=     000000003f5dc000 00000047
IDT=     000000003efa3018 00000fff
CR0=80010033 CR2=0000000000000000 CR3=000000003f801000 CR4=00000668
DR0=0000000000000000 DR1=0000000000000000 DR2=0000000000000000 DR3=0000000000000000 
DR6=00000000ffff0ff0 DR7=0000000000000400
CCS=0000000000000044 CCD=0000000000000000 CCO=EFLAGS
EFER=0000000000000d00
Servicing hardware INT=0x20
   189: v=20 e=0000 i=0 cpl=0 IP=0038:000000003e6d3862 pc=000000003e6d3862 SP=0030:000000003fe64fc0 env->regs[R_EAX]=00000000000000e0
RAX=00000000000000e0 RBX=0000000000000064 RCX=000000000000b008 RDX=0000000000ace86a
RSI=0000000000ace94a RDI=000000003e5b40d4 RBP=000000003fe64ff0 RSP=000000003fe64fc0
R8 =000000003fe64fdf R9 =000000000000c042 R10=0000000000000000 R11=0000000000000000
R12=000000000004baf1 R13=0000000000000011 R14=000000000000c040 R15=0000000000000000
RIP=000000003e6d3862 RFL=00000202 [-------] CPL=0 II=0 A20=1 SMM=0 HLT=0
ES =0030 0000000000000000 ffffffff 00cf9300 DPL=0 DS   [-WA]
CS =0038 0000000000000000 ffffffff 00af9a00 DPL=0 CS64 [-R-]
SS =0030 0000000000000000 ffffffff 00cf9300 DPL=0 DS   [-WA]
DS =0030 0000000000000000 ffffffff 00cf9300 DPL=0 DS   [-WA]
FS =0030 0000000000000000 ffffffff 00cf9300 DPL=0 DS   [-WA]
GS =0030 0000000000000000 ffffffff 00cf9300 DPL=0 DS   [-WA]
LDT=0000 0000000000000000 0000ffff 00008200 DPL=0 LDT
TR =0000 0000000000000000 0000ffff 00008b00 DPL=0 TSS64-busy
GDT=     000000003f5dc000 00000047
IDT=     000000003efa3018 00000fff
CR0=80010033 CR2=0000000000000000 CR3=000000003f801000 CR4=00000668
DR0=0000000000000000 DR1=0000000000000000 DR2=0000000000000000 DR3=0000000000000000 
DR6=00000000ffff0ff0 DR7=0000000000000400
CCS=0000000000000000 CCD=00000000000000e0 CCO=EFLAGS
EFER=0000000000000d00
Servicing hardware INT=0x20
   190: v=20 e=0000 i=0 cpl=0 IP=0038:000000003e6d3862 pc=000000003e6d3862 SP=0030:000000003fe64fc0 env->regs[R_EAX]=0000000000000150
RAX=0000000000000150 RBX=0000000000000064 RCX=000000000000b008 RDX=0000000000ad655b
RSI=0000000000ad66ab RDI=000000003e5b40d4 RBP=000000003fe64ff0 RSP=000000003fe64fc0
R8 =000000003fe64fdf R9 =000000000000c042 R10=0000000000000000 R11=0000000000000000
R12=000000000004bab1 R13=0000000000000011 R14=000000000000c040 R15=0000000000000000
RIP=000000003e6d3862 RFL=00000206 [-----P-] CPL=0 II=0 A20=1 SMM=0 HLT=0
ES =0030 0000000000000000 ffffffff 00cf9300 DPL=0 DS   [-WA]
CS =0038 0000000000000000 ffffffff 00af9a00 DPL=0 CS64 [-R-]
SS =0030 0000000000000000 ffffffff 00cf9300 DPL=0 DS   [-WA]
DS =0030 0000000000000000 ffffffff 00cf9300 DPL=0 DS   [-WA]
FS =0030 0000000000000000 ffffffff 00cf9300 DPL=0 DS   [-WA]
GS =0030 0000000000000000 ffffffff 00cf9300 DPL=0 DS   [-WA]
LDT=0000 0000000000000000 0000ffff 00008200 DPL=0 LDT
TR =0000 0000000000000000 0000ffff 00008b00 DPL=0 TSS64-busy
GDT=     000000003f5dc000 00000047
IDT=     000000003efa3018 00000fff
CR0=80010033 CR2=0000000000000000 CR3=000000003f801000 CR4=00000668
DR0=0000000000000000 DR1=0000000000000000 DR2=0000000000000000 DR3=0000000000000000 
DR6=00000000ffff0ff0 DR7=0000000000000400
CCS=0000000000000004 CCD=0000000000000150 CCO=EFLAGS
EFER=0000000000000d00
Servicing hardware INT=0x20
   191: v=20 e=0000 i=0 cpl=0 IP=0038:000000003e6d3862 pc=000000003e6d3862 SP=0030:000000003fe64eb0 env->regs[R_EAX]=000000000000007e
RAX=000000000000007e RBX=0000000000000064 RCX=000000000000b008 RDX=0000000000ae9810
RSI=0000000000ae988e RDI=000000003e5b40d4 RBP=000000003fe64ee0 RSP=000000003fe64eb0
R8 =000000003fe64ecf R9 =000000000000c042 R10=0000000000000000 R11=0000000000000000
R12=000000000004baf1 R13=0000000000000011 R14=000000000000c040 R15=0000000000000000
RIP=000000003e6d3862 RFL=00000206 [-----P-] CPL=0 II=0 A20=1 SMM=0 HLT=0
ES =0030 0000000000000000 ffffffff 00cf9300 DPL=0 DS   [-WA]
CS =0038 0000000000000000 ffffffff 00af9a00 DPL=0 CS64 [-R-]
SS =0030 0000000000000000 ffffffff 00cf9300 DPL=0 DS   [-WA]
DS =0030 0000000000000000 ffffffff 00cf9300 DPL=0 DS   [-WA]
FS =0030 0000000000000000 ffffffff 00cf9300 DPL=0 DS   [-WA]
GS =0030 0000000000000000 ffffffff 00cf9300 DPL=0 DS   [-WA]
LDT=0000 0000000000000000 0000ffff 00008200 DPL=0 LDT
TR =0000 0000000000000000 0000ffff 00008b00 DPL=0 TSS64-busy
GDT=     000000003f5dc000 00000047
IDT=     000000003efa3018 00000fff
CR0=80010033 CR2=0000000000000000 CR3=000000003f801000 CR4=00000668
DR0=0000000000000000 DR1=0000000000000000 DR2=0000000000000000 DR3=0000000000000000 
DR6=00000000ffff0ff0 DR7=0000000000000400
CCS=0000000000000004 CCD=000000000000007e CCO=EFLAGS
EFER=0000000000000d00
Servicing hardware INT=0x20
   192: v=20 e=0000 i=0 cpl=0 IP=0038:000000003e6d3862 pc=000000003e6d3862 SP=0030:000000003fe64eb0 env->regs[R_EAX]=000000000000013d
RAX=000000000000013d RBX=0000000000000064 RCX=000000000000b008 RDX=0000000000af0e9f
RSI=0000000000af0fdc RDI=000000003e5b40d4 RBP=000000003fe64ee0 RSP=000000003fe64eb0
R8 =000000003fe64ecf R9 =000000000000c042 R10=0000000000000000 R11=0000000000000000
R12=000000000004babc R13=0000000000000011 R14=000000000000c040 R15=0000000000000000
RIP=000000003e6d3862 RFL=00000202 [-------] CPL=0 II=0 A20=1 SMM=0 HLT=0
ES =0030 0000000000000000 ffffffff 00cf9300 DPL=0 DS   [-WA]
CS =0038 0000000000000000 ffffffff 00af9a00 DPL=0 CS64 [-R-]
SS =0030 0000000000000000 ffffffff 00cf9300 DPL=0 DS   [-WA]
DS =0030 0000000000000000 ffffffff 00cf9300 DPL=0 DS   [-WA]
FS =0030 0000000000000000 ffffffff 00cf9300 DPL=0 DS   [-WA]
GS =0030 0000000000000000 ffffffff 00cf9300 DPL=0 DS   [-WA]
LDT=0000 0000000000000000 0000ffff 00008200 DPL=0 LDT
TR =0000 0000000000000000 0000ffff 00008b00 DPL=0 TSS64-busy
GDT=     000000003f5dc000 00000047
IDT=     000000003efa3018 00000fff
CR0=80010033 CR2=0000000000000000 CR3=000000003f801000 CR4=00000668
DR0=0000000000000000 DR1=0000000000000000 DR2=0000000000000000 DR3=0000000000000000 
DR6=00000000ffff0ff0 DR7=0000000000000400
CCS=0000000000000000 CCD=000000000000013d CCO=EFLAGS
EFER=0000000000000d00
Servicing hardware INT=0x20
   193: v=20 e=0000 i=0 cpl=0 IP=0038:000000003e6d3862 pc=000000003e6d3862 SP=0030:000000003fe64eb0 env->regs[R_EAX]=00000000000000d5
RAX=00000000000000d5 RBX=0000000000000064 RCX=000000000000b008 RDX=0000000000afc070
RSI=0000000000afc145 RDI=000000003e5b40d4 RBP=000000003fe64ee0 RSP=000000003fe64eb0
R8 =000000003fe64ecf R9 =000000000000c042 R10=0000000000000000 R11=0000000000000000
R12=000000000004baf1 R13=0000000000000011 R14=000000000000c040 R15=0000000000000000
RIP=000000003e6d3862 RFL=00000202 [-------] CPL=0 II=0 A20=1 SMM=0 HLT=0
ES =0030 0000000000000000 ffffffff 00cf9300 DPL=0 DS   [-WA]
CS =0038 0000000000000000 ffffffff 00af9a00 DPL=0 CS64 [-R-]
SS =0030 0000000000000000 ffffffff 00cf9300 DPL=0 DS   [-WA]
DS =0030 0000000000000000 ffffffff 00cf9300 DPL=0 DS   [-WA]
FS =0030 0000000000000000 ffffffff 00cf9300 DPL=0 DS   [-WA]
GS =0030 0000000000000000 ffffffff 00cf9300 DPL=0 DS   [-WA]
LDT=0000 0000000000000000 0000ffff 00008200 DPL=0 LDT
TR =0000 0000000000000000 0000ffff 00008b00 DPL=0 TSS64-busy
GDT=     000000003f5dc000 00000047
IDT=     000000003efa3018 00000fff
CR0=80010033 CR2=0000000000000000 CR3=000000003f801000 CR4=00000668
DR0=0000000000000000 DR1=0000000000000000 DR2=0000000000000000 DR3=0000000000000000 
DR6=00000000ffff0ff0 DR7=0000000000000400
CCS=0000000000000000 CCD=00000000000000d5 CCO=EFLAGS
EFER=0000000000000d00
Servicing hardware INT=0x20
   194: v=20 e=0000 i=0 cpl=0 IP=0038:000000003e6d3862 pc=000000003e6d3862 SP=0030:000000003fe64eb0 env->regs[R_EAX]=000000000000015d
RAX=000000000000015d RBX=0000000000000064 RCX=000000000000b008 RDX=0000000000b02403
RSI=0000000000b02560 RDI=000000003e5b40d4 RBP=000000003fe64ee0 RSP=000000003fe64eb0
R8 =000000003fe64ecf R9 =000000000000c042 R10=0000000000000000 R11=0000000000000000
R12=000000000004babd R13=0000000000000011 R14=000000000000c040 R15=0000000000000000
RIP=000000003e6d3862 RFL=00000202 [-------] CPL=0 II=0 A20=1 SMM=0 HLT=0
ES =0030 0000000000000000 ffffffff 00cf9300 DPL=0 DS   [-WA]
CS =0038 0000000000000000 ffffffff 00af9a00 DPL=0 CS64 [-R-]
SS =0030 0000000000000000 ffffffff 00cf9300 DPL=0 DS   [-WA]
DS =0030 0000000000000000 ffffffff 00cf9300 DPL=0 DS   [-WA]
FS =0030 0000000000000000 ffffffff 00cf9300 DPL=0 DS   [-WA]
GS =0030 0000000000000000 ffffffff 00cf9300 DPL=0 DS   [-WA]
LDT=0000 0000000000000000 0000ffff 00008200 DPL=0 LDT
TR =0000 0000000000000000 0000ffff 00008b00 DPL=0 TSS64-busy
GDT=     000000003f5dc000 00000047
IDT=     000000003efa3018 00000fff
CR0=80010033 CR2=0000000000000000 CR3=000000003f801000 CR4=00000668
DR0=0000000000000000 DR1=0000000000000000 DR2=0000000000000000 DR3=0000000000000000 
DR6=00000000ffff0ff0 DR7=0000000000000400
CCS=0000000000000000 CCD=000000000000015d CCO=EFLAGS
EFER=0000000000000d00
Servicing hardware INT=0x20
   195: v=20 e=0000 i=0 cpl=0 IP=0038:000000003e6d3862 pc=000000003e6d3862 SP=0030:000000003fe64eb0 env->regs[R_EAX]=00000000000000df
RAX=00000000000000df RBX=0000000000000064 RCX=000000000000b008 RDX=0000000000b0ce02
RSI=0000000000b0cee1 RDI=000000003e5b40d4 RBP=000000003fe64ee0 RSP=000000003fe64eb0
R8 =000000003fe64ecf R9 =000000000000c042 R10=0000000000000000 R11=0000000000000000
R12=000000000004baf1 R13=0000000000000011 R14=000000000000c040 R15=0000000000000000
RIP=000000003e6d3862 RFL=00000202 [-------] CPL=0 II=0 A20=1 SMM=0 HLT=0
ES =0030 0000000000000000 ffffffff 00cf9300 DPL=0 DS   [-WA]
CS =0038 0000000000000000 ffffffff 00af9a00 DPL=0 CS64 [-R-]
SS =0030 0000000000000000 ffffffff 00cf9300 DPL=0 DS   [-WA]
DS =0030 0000000000000000 ffffffff 00cf9300 DPL=0 DS   [-WA]
FS =0030 0000000000000000 ffffffff 00cf9300 DPL=0 DS   [-WA]
GS =0030 0000000000000000 ffffffff 00cf9300 DPL=0 DS   [-WA]
LDT=0000 0000000000000000 0000ffff 00008200 DPL=0 LDT
TR =0000 0000000000000000 0000ffff 00008b00 DPL=0 TSS64-busy
GDT=     000000003f5dc000 00000047
IDT=     000000003efa3018 00000fff
CR0=80010033 CR2=0000000000000000 CR3=000000003f801000 CR4=00000668
DR0=0000000000000000 DR1=0000000000000000 DR2=0000000000000000 DR3=0000000000000000 
DR6=00000000ffff0ff0 DR7=0000000000000400
CCS=0000000000000000 CCD=00000000000000df CCO=EFLAGS
EFER=0000000000000d00
Servicing hardware INT=0x20
   196: v=20 e=0000 i=0 cpl=0 IP=0038:000000003e6d3862 pc=000000003e6d3862 SP=0030:000000003fe64eb0 env->regs[R_EAX]=000000000000015d
RAX=000000000000015d RBX=0000000000000064 RCX=000000000000b008 RDX=0000000000b13b72
RSI=0000000000b13ccf RDI=000000003e5b40d4 RBP=000000003fe64ee0 RSP=000000003fe64eb0
R8 =000000003fe64ecf R9 =000000000000c042 R10=0000000000000000 R11=0000000000000000
R12=000000000004bab5 R13=0000000000000011 R14=000000000000c040 R15=0000000000000000
RIP=000000003e6d3862 RFL=00000202 [-------] CPL=0 II=0 A20=1 SMM=0 HLT=0
ES =0030 0000000000000000 ffffffff 00cf9300 DPL=0 DS   [-WA]
CS =0038 0000000000000000 ffffffff 00af9a00 DPL=0 CS64 [-R-]
SS =0030 0000000000000000 ffffffff 00cf9300 DPL=0 DS   [-WA]
DS =0030 0000000000000000 ffffffff 00cf9300 DPL=0 DS   [-WA]
FS =0030 0000000000000000 ffffffff 00cf9300 DPL=0 DS   [-WA]
GS =0030 0000000000000000 ffffffff 00cf9300 DPL=0 DS   [-WA]
LDT=0000 0000000000000000 0000ffff 00008200 DPL=0 LDT
TR =0000 0000000000000000 0000ffff 00008b00 DPL=0 TSS64-busy
GDT=     000000003f5dc000 00000047
IDT=     000000003efa3018 00000fff
CR0=80010033 CR2=0000000000000000 CR3=000000003f801000 CR4=00000668
DR0=0000000000000000 DR1=0000000000000000 DR2=0000000000000000 DR3=0000000000000000 
DR6=00000000ffff0ff0 DR7=0000000000000400
CCS=0000000000000000 CCD=000000000000015d CCO=EFLAGS
EFER=0000000000000d00
Servicing hardware INT=0x20
   197: v=20 e=0000 i=0 cpl=0 IP=0038:000000003fe82e8c pc=000000003fe82e8c SP=0030:000000003fe64da0 env->regs[R_EAX]=00000000000000af
RAX=00000000000000af RBX=000000003df36000 RCX=0000000000000000 RDX=000000003df36000
RSI=000000003fe8bb60 RDI=000000003df47000 RBP=000000003fe64e30 RSP=000000003fe64da0
R8 =00000000000000af R9 =000000003df46fff R10=0000000000000000 R11=0000000000000000
R12=000000003df46fff R13=000000003df47000 R14=000000003ea12840 R15=000000003df46fff
RIP=000000003fe82e8c RFL=00000206 [-----P-] CPL=0 II=0 A20=1 SMM=0 HLT=0
ES =0030 0000000000000000 ffffffff 00cf9300 DPL=0 DS   [-WA]
CS =0038 0000000000000000 ffffffff 00af9a00 DPL=0 CS64 [-R-]
SS =0030 0000000000000000 ffffffff 00cf9300 DPL=0 DS   [-WA]
DS =0030 0000000000000000 ffffffff 00cf9300 DPL=0 DS   [-WA]
FS =0030 0000000000000000 ffffffff 00cf9300 DPL=0 DS   [-WA]
GS =0030 0000000000000000 ffffffff 00cf9300 DPL=0 DS   [-WA]
LDT=0000 0000000000000000 0000ffff 00008200 DPL=0 LDT
TR =0000 0000000000000000 0000ffff 00008b00 DPL=0 TSS64-busy
GDT=     000000003f5dc000 00000047
IDT=     000000003efa3018 00000fff
CR0=80010033 CR2=0000000000000000 CR3=000000003f801000 CR4=00000668
DR0=0000000000000000 DR1=0000000000000000 DR2=0000000000000000 DR3=0000000000000000 
DR6=00000000ffff0ff0 DR7=0000000000000400
CCS=0000000000000004 CCD=000000003fe64d88 CCO=EFLAGS
EFER=0000000000000d00
Servicing hardware INT=0x20
   198: v=20 e=0000 i=0 cpl=0 IP=0038:000000003e6d3862 pc=000000003e6d3862 SP=0030:000000003fe64ef0 env->regs[R_EAX]=0000000000000153
RAX=0000000000000153 RBX=0000000000000064 RCX=000000000000b008 RDX=0000000000b25518
RSI=0000000000b2566b RDI=000000003e5b40d4 RBP=000000003fe64f20 RSP=000000003fe64ef0
R8 =000000003fe64f0f R9 =000000000000c042 R10=0000000000000000 R11=0000000000000000
R12=000000000004badd R13=0000000000000011 R14=000000000000c040 R15=0000000000000000
RIP=000000003e6d3862 RFL=00000206 [-----P-] CPL=0 II=0 A20=1 SMM=0 HLT=0
ES =0030 0000000000000000 ffffffff 00cf9300 DPL=0 DS   [-WA]
CS =0038 0000000000000000 ffffffff 00af9a00 DPL=0 CS64 [-R-]
SS =0030 0000000000000000 ffffffff 00cf9300 DPL=0 DS   [-WA]
DS =0030 0000000000000000 ffffffff 00cf9300 DPL=0 DS   [-WA]
FS =0030 0000000000000000 ffffffff 00cf9300 DPL=0 DS   [-WA]
GS =0030 0000000000000000 ffffffff 00cf9300 DPL=0 DS   [-WA]
LDT=0000 0000000000000000 0000ffff 00008200 DPL=0 LDT
TR =0000 0000000000000000 0000ffff 00008b00 DPL=0 TSS64-busy
GDT=     000000003f5dc000 00000047
IDT=     000000003efa3018 00000fff
CR0=80010033 CR2=0000000000000000 CR3=000000003f801000 CR4=00000668
DR0=0000000000000000 DR1=0000000000000000 DR2=0000000000000000 DR3=0000000000000000 
DR6=00000000ffff0ff0 DR7=0000000000000400
CCS=0000000000000004 CCD=0000000000000153 CCO=EFLAGS
EFER=0000000000000d00
Servicing hardware INT=0x20
   199: v=20 e=0000 i=0 cpl=0 IP=0038:000000003e6d3862 pc=000000003e6d3862 SP=0030:000000003fe64ef0 env->regs[R_EAX]=00000000000000ef
RAX=00000000000000ef RBX=0000000000000064 RCX=000000000000b008 RDX=0000000000b2dd28
RSI=0000000000b2de17 RDI=000000003e5b40d4 RBP=000000003fe64f20 RSP=000000003fe64ef0
R8 =000000003fe64f0f R9 =000000000000c042 R10=0000000000000000 R11=0000000000000000
R12=000000000004ba9e R13=0000000000000011 R14=000000000000c040 R15=0000000000000000
RIP=000000003e6d3862 RFL=00000202 [-------] CPL=0 II=0 A20=1 SMM=0 HLT=0
ES =0030 0000000000000000 ffffffff 00cf9300 DPL=0 DS   [-WA]
CS =0038 0000000000000000 ffffffff 00af9a00 DPL=0 CS64 [-R-]
SS =0030 0000000000000000 ffffffff 00cf9300 DPL=0 DS   [-WA]
DS =0030 0000000000000000 ffffffff 00cf9300 DPL=0 DS   [-WA]
FS =0030 0000000000000000 ffffffff 00cf9300 DPL=0 DS   [-WA]
GS =0030 0000000000000000 ffffffff 00cf9300 DPL=0 DS   [-WA]
LDT=0000 0000000000000000 0000ffff 00008200 DPL=0 LDT
TR =0000 0000000000000000 0000ffff 00008b00 DPL=0 TSS64-busy
GDT=     000000003f5dc000 00000047
IDT=     000000003efa3018 00000fff
CR0=80010033 CR2=0000000000000000 CR3=000000003f801000 CR4=00000668
DR0=0000000000000000 DR1=0000000000000000 DR2=0000000000000000 DR3=0000000000000000 
DR6=00000000ffff0ff0 DR7=0000000000000400
CCS=0000000000000000 CCD=00000000000000ef CCO=EFLAGS
EFER=0000000000000d00
Servicing hardware INT=0x20
   200: v=20 e=0000 i=0 cpl=0 IP=0038:000000003e6d3862 pc=000000003e6d3862 SP=0030:000000003fe64ef0 env->regs[R_EAX]=00000000000000e0
RAX=00000000000000e0 RBX=0000000000000064 RCX=000000000000b008 RDX=0000000000b38fab
RSI=0000000000b3908b RDI=000000003e5b40d4 RBP=000000003fe64f20 RSP=000000003fe64ef0
R8 =000000003fe64f0f R9 =000000000000c042 R10=0000000000000000 R11=0000000000000000
R12=000000000004baf1 R13=0000000000000011 R14=000000000000c040 R15=0000000000000000
RIP=000000003e6d3862 RFL=00000202 [-------] CPL=0 II=0 A20=1 SMM=0 HLT=0
ES =0030 0000000000000000 ffffffff 00cf9300 DPL=0 DS   [-WA]
CS =0038 0000000000000000 ffffffff 00af9a00 DPL=0 CS64 [-R-]
SS =0030 0000000000000000 ffffffff 00cf9300 DPL=0 DS   [-WA]
DS =0030 0000000000000000 ffffffff 00cf9300 DPL=0 DS   [-WA]
FS =0030 0000000000000000 ffffffff 00cf9300 DPL=0 DS   [-WA]
GS =0030 0000000000000000 ffffffff 00cf9300 DPL=0 DS   [-WA]
LDT=0000 0000000000000000 0000ffff 00008200 DPL=0 LDT
TR =0000 0000000000000000 0000ffff 00008b00 DPL=0 TSS64-busy
GDT=     000000003f5dc000 00000047
IDT=     000000003efa3018 00000fff
CR0=80010033 CR2=0000000000000000 CR3=000000003f801000 CR4=00000668
DR0=0000000000000000 DR1=0000000000000000 DR2=0000000000000000 DR3=0000000000000000 
DR6=00000000ffff0ff0 DR7=0000000000000400
CCS=0000000000000000 CCD=00000000000000e0 CCO=EFLAGS
EFER=0000000000000d00
Servicing hardware INT=0x20
   201: v=20 e=0000 i=0 cpl=0 IP=0038:000000003ef9f419 pc=000000003ef9f419 SP=0030:000000003fe64dc0 env->regs[R_EAX]=0000000000000001
RAX=0000000000000001 RBX=000000000000c042 RCX=000000000000c042 RDX=000000000000c042
RSI=0000000000000000 RDI=0000000000000000 RBP=000000003fe64de0 RSP=000000003fe64dc0
R8 =000000003fe64f0f R9 =000000000000c042 R10=0000000000000000 R11=0000000000000000
R12=000000003fe64f0f R13=0000000000000001 R14=0000000000000001 R15=0000000000000001
RIP=000000003ef9f419 RFL=00000246 [---Z-P-] CPL=0 II=0 A20=1 SMM=0 HLT=0
ES =0030 0000000000000000 ffffffff 00cf9300 DPL=0 DS   [-WA]
CS =0038 0000000000000000 ffffffff 00af9a00 DPL=0 CS64 [-R-]
SS =0030 0000000000000000 ffffffff 00cf9300 DPL=0 DS   [-WA]
DS =0030 0000000000000000 ffffffff 00cf9300 DPL=0 DS   [-WA]
FS =0030 0000000000000000 ffffffff 00cf9300 DPL=0 DS   [-WA]
GS =0030 0000000000000000 ffffffff 00cf9300 DPL=0 DS   [-WA]
LDT=0000 0000000000000000 0000ffff 00008200 DPL=0 LDT
TR =0000 0000000000000000 0000ffff 00008b00 DPL=0 TSS64-busy
GDT=     000000003f5dc000 00000047
IDT=     000000003efa3018 00000fff
CR0=80010033 CR2=0000000000000000 CR3=000000003f801000 CR4=00000668
DR0=0000000000000000 DR1=0000000000000000 DR2=0000000000000000 DR3=0000000000000000 
DR6=00000000ffff0ff0 DR7=0000000000000400
CCS=0000000000000044 CCD=0000000000000000 CCO=EFLAGS
EFER=0000000000000d00
Servicing hardware INT=0x20
   202: v=20 e=0000 i=0 cpl=0 IP=0038:000000003e6d3862 pc=000000003e6d3862 SP=0030:000000003fe64ef0 env->regs[R_EAX]=0000000000000129
RAX=0000000000000129 RBX=0000000000000064 RCX=000000000000b008 RDX=0000000000b4a1d1
RSI=0000000000b4a2fa RDI=000000003e5b40d4 RBP=000000003fe64f20 RSP=000000003fe64ef0
R8 =000000003fe64f0f R9 =000000000000c042 R10=0000000000000000 R11=0000000000000000
R12=000000000004baf1 R13=0000000000000011 R14=000000000000c040 R15=0000000000000000
RIP=000000003e6d3862 RFL=00000202 [-------] CPL=0 II=0 A20=1 SMM=0 HLT=0
ES =0030 0000000000000000 ffffffff 00cf9300 DPL=0 DS   [-WA]
CS =0038 0000000000000000 ffffffff 00af9a00 DPL=0 CS64 [-R-]
SS =0030 0000000000000000 ffffffff 00cf9300 DPL=0 DS   [-WA]
DS =0030 0000000000000000 ffffffff 00cf9300 DPL=0 DS   [-WA]
FS =0030 0000000000000000 ffffffff 00cf9300 DPL=0 DS   [-WA]
GS =0030 0000000000000000 ffffffff 00cf9300 DPL=0 DS   [-WA]
LDT=0000 0000000000000000 0000ffff 00008200 DPL=0 LDT
TR =0000 0000000000000000 0000ffff 00008b00 DPL=0 TSS64-busy
GDT=     000000003f5dc000 00000047
IDT=     000000003efa3018 00000fff
CR0=80010033 CR2=0000000000000000 CR3=000000003f801000 CR4=00000668
DR0=0000000000000000 DR1=0000000000000000 DR2=0000000000000000 DR3=0000000000000000 
DR6=00000000ffff0ff0 DR7=0000000000000400
CCS=0000000000000000 CCD=0000000000000129 CCO=EFLAGS
EFER=0000000000000d00
Servicing hardware INT=0x20
   203: v=20 e=0000 i=0 cpl=0 IP=0038:000000003e6d3862 pc=000000003e6d3862 SP=0030:000000003fe64ef0 env->regs[R_EAX]=0000000000000154
RAX=0000000000000154 RBX=0000000000000064 RCX=000000000000b008 RDX=0000000000b51090
RSI=0000000000b511e4 RDI=000000003e5b40d4 RBP=000000003fe64f20 RSP=000000003fe64ef0
R8 =000000003fe64f0f R9 =000000000000c042 R10=0000000000000000 R11=0000000000000000
R12=000000000004bab4 R13=0000000000000011 R14=000000000000c040 R15=0000000000000000
RIP=000000003e6d3862 RFL=00000202 [-------] CPL=0 II=0 A20=1 SMM=0 HLT=0
ES =0030 0000000000000000 ffffffff 00cf9300 DPL=0 DS   [-WA]
CS =0038 0000000000000000 ffffffff 00af9a00 DPL=0 CS64 [-R-]
SS =0030 0000000000000000 ffffffff 00cf9300 DPL=0 DS   [-WA]
DS =0030 0000000000000000 ffffffff 00cf9300 DPL=0 DS   [-WA]
FS =0030 0000000000000000 ffffffff 00cf9300 DPL=0 DS   [-WA]
GS =0030 0000000000000000 ffffffff 00cf9300 DPL=0 DS   [-WA]
LDT=0000 0000000000000000 0000ffff 00008200 DPL=0 LDT
TR =0000 0000000000000000 0000ffff 00008b00 DPL=0 TSS64-busy
GDT=     000000003f5dc000 00000047
IDT=     000000003efa3018 00000fff
CR0=80010033 CR2=0000000000000000 CR3=000000003f801000 CR4=00000668
DR0=0000000000000000 DR1=0000000000000000 DR2=0000000000000000 DR3=0000000000000000 
DR6=00000000ffff0ff0 DR7=0000000000000400
CCS=0000000000000000 CCD=0000000000000154 CCO=EFLAGS
EFER=0000000000000d00
Servicing hardware INT=0x20
   204: v=20 e=0000 i=0 cpl=0 IP=0038:000000003e6d3862 pc=000000003e6d3862 SP=0030:000000003fe64ef0 env->regs[R_EAX]=00000000000000c3
RAX=00000000000000c3 RBX=0000000000000064 RCX=000000000000b008 RDX=0000000000b5da95
RSI=0000000000b5db58 RDI=000000003e5b40d4 RBP=000000003fe64f20 RSP=000000003fe64ef0
R8 =000000003fe64f0f R9 =000000000000c042 R10=0000000000000000 R11=0000000000000000
R12=000000000004baf1 R13=0000000000000011 R14=000000000000c040 R15=0000000000000000
RIP=000000003e6d3862 RFL=00000206 [-----P-] CPL=0 II=0 A20=1 SMM=0 HLT=0
ES =0030 0000000000000000 ffffffff 00cf9300 DPL=0 DS   [-WA]
CS =0038 0000000000000000 ffffffff 00af9a00 DPL=0 CS64 [-R-]
SS =0030 0000000000000000 ffffffff 00cf9300 DPL=0 DS   [-WA]
DS =0030 0000000000000000 ffffffff 00cf9300 DPL=0 DS   [-WA]
FS =0030 0000000000000000 ffffffff 00cf9300 DPL=0 DS   [-WA]
GS =0030 0000000000000000 ffffffff 00cf9300 DPL=0 DS   [-WA]
LDT=0000 0000000000000000 0000ffff 00008200 DPL=0 LDT
TR =0000 0000000000000000 0000ffff 00008b00 DPL=0 TSS64-busy
GDT=     000000003f5dc000 00000047
IDT=     000000003efa3018 00000fff
CR0=80010033 CR2=0000000000000000 CR3=000000003f801000 CR4=00000668
DR0=0000000000000000 DR1=0000000000000000 DR2=0000000000000000 DR3=0000000000000000 
DR6=00000000ffff0ff0 DR7=0000000000000400
CCS=0000000000000004 CCD=00000000000000c3 CCO=EFLAGS
EFER=0000000000000d00
Servicing hardware INT=0x20
   205: v=20 e=0000 i=0 cpl=0 IP=0038:000000003e6d3862 pc=000000003e6d3862 SP=0030:000000003fe64ef0 env->regs[R_EAX]=00000000000000de
RAX=00000000000000de RBX=0000000000000064 RCX=000000000000b008 RDX=0000000000b62843
RSI=0000000000b62921 RDI=000000003e5b40d4 RBP=000000003fe64f20 RSP=000000003fe64ef0
R8 =000000003fe64f0f R9 =000000000000c042 R10=0000000000000000 R11=0000000000000000
R12=000000000004bac6 R13=0000000000000011 R14=000000000000c040 R15=0000000000000000
RIP=000000003e6d3862 RFL=00000206 [-----P-] CPL=0 II=0 A20=1 SMM=0 HLT=0
ES =0030 0000000000000000 ffffffff 00cf9300 DPL=0 DS   [-WA]
CS =0038 0000000000000000 ffffffff 00af9a00 DPL=0 CS64 [-R-]
SS =0030 0000000000000000 ffffffff 00cf9300 DPL=0 DS   [-WA]
DS =0030 0000000000000000 ffffffff 00cf9300 DPL=0 DS   [-WA]
FS =0030 0000000000000000 ffffffff 00cf9300 DPL=0 DS   [-WA]
GS =0030 0000000000000000 ffffffff 00cf9300 DPL=0 DS   [-WA]
LDT=0000 0000000000000000 0000ffff 00008200 DPL=0 LDT
TR =0000 0000000000000000 0000ffff 00008b00 DPL=0 TSS64-busy
GDT=     000000003f5dc000 00000047
IDT=     000000003efa3018 00000fff
CR0=80010033 CR2=0000000000000000 CR3=000000003f801000 CR4=00000668
DR0=0000000000000000 DR1=0000000000000000 DR2=0000000000000000 DR3=0000000000000000 
DR6=00000000ffff0ff0 DR7=0000000000000400
CCS=0000000000000004 CCD=00000000000000de CCO=EFLAGS
EFER=0000000000000d00
Servicing hardware INT=0x20
   206: v=20 e=0000 i=0 cpl=0 IP=0038:000000003f6c6ea7 pc=000000003f6c6ea7 SP=0030:000000003fe654f0 env->regs[R_EAX]=00000000e0000d01
RAX=00000000e0000d01 RBX=0000000000000000 RCX=000000003ea426a8 RDX=8c2b0398e0000d01
RSI=000000003eac2018 RDI=000000003ea42674 RBP=000000003fe65560 RSP=000000003fe654f0
R8 =0000000000000001 R9 =000000003fe656a0 R10=000000003ea42674 R11=000000003f6d631e
R12=000000000000003c R13=000000003fe655f8 R14=0000000000000000 R15=0000000000000001
RIP=000000003f6c6ea7 RFL=00000282 [--S----] CPL=0 II=0 A20=1 SMM=0 HLT=0
ES =0030 0000000000000000 ffffffff 00cf9300 DPL=0 DS   [-WA]
CS =0038 0000000000000000 ffffffff 00af9a00 DPL=0 CS64 [-R-]
SS =0030 0000000000000000 ffffffff 00cf9300 DPL=0 DS   [-WA]
DS =0030 0000000000000000 ffffffff 00cf9300 DPL=0 DS   [-WA]
FS =0030 0000000000000000 ffffffff 00cf9300 DPL=0 DS   [-WA]
GS =0030 0000000000000000 ffffffff 00cf9300 DPL=0 DS   [-WA]
LDT=0000 0000000000000000 0000ffff 00008200 DPL=0 LDT
TR =0000 0000000000000000 0000ffff 00008b00 DPL=0 TSS64-busy
GDT=     000000003f5dc000 00000047
IDT=     000000003efa3018 00000fff
CR0=80010033 CR2=0000000000000000 CR3=000000003f801000 CR4=00000668
DR0=0000000000000000 DR1=0000000000000000 DR2=0000000000000000 DR3=0000000000000000 
DR6=00000000ffff0ff0 DR7=0000000000000400
CCS=0000000000000080 CCD=8c2b0398e0000d01 CCO=EFLAGS
EFER=0000000000000d00
Servicing hardware INT=0x20
   207: v=20 e=0000 i=0 cpl=0 IP=0038:000000003e6d3862 pc=000000003e6d3862 SP=0030:000000003fe64f70 env->regs[R_EAX]=00000000000000e4
RAX=00000000000000e4 RBX=0000000000000064 RCX=000000000000b008 RDX=0000000000b7520d
RSI=0000000000b752f1 RDI=000000003e5b40d4 RBP=000000003fe64fa0 RSP=000000003fe64f70
R8 =000000003fe64f8f R9 =000000000000c042 R10=0000000000000000 R11=0000000000000000
R12=000000000004baf1 R13=0000000000000011 R14=000000000000c040 R15=0000000000000000
RIP=000000003e6d3862 RFL=00000206 [-----P-] CPL=0 II=0 A20=1 SMM=0 HLT=0
ES =0030 0000000000000000 ffffffff 00cf9300 DPL=0 DS   [-WA]
CS =0038 0000000000000000 ffffffff 00af9a00 DPL=0 CS64 [-R-]
SS =0030 0000000000000000 ffffffff 00cf9300 DPL=0 DS   [-WA]
DS =0030 0000000000000000 ffffffff 00cf9300 DPL=0 DS   [-WA]
FS =0030 0000000000000000 ffffffff 00cf9300 DPL=0 DS   [-WA]
GS =0030 0000000000000000 ffffffff 00cf9300 DPL=0 DS   [-WA]
LDT=0000 0000000000000000 0000ffff 00008200 DPL=0 LDT
TR =0000 0000000000000000 0000ffff 00008b00 DPL=0 TSS64-busy
GDT=     000000003f5dc000 00000047
IDT=     000000003efa3018 00000fff
CR0=80010033 CR2=0000000000000000 CR3=000000003f801000 CR4=00000668
DR0=0000000000000000 DR1=0000000000000000 DR2=0000000000000000 DR3=0000000000000000 
DR6=00000000ffff0ff0 DR7=0000000000000400
CCS=0000000000000004 CCD=00000000000000e4 CCO=EFLAGS
EFER=0000000000000d00
Servicing hardware INT=0x20
   208: v=20 e=0000 i=0 cpl=0 IP=0038:000000003e6d3862 pc=000000003e6d3862 SP=0030:000000003fe64f70 env->regs[R_EAX]=0000000000003a05
RAX=0000000000003a05 RBX=0000000000002710 RCX=000000000000b008 RDX=0000000000b8107c
RSI=0000000000b84a81 RDI=000000003e5b40d4 RBP=000000003fe64fa0 RSP=000000003fe64f70
R8 =000000003fe64fc0 R9 =00000000000003f6 R10=0000000000000000 R11=0000000000000000
R12=000000000000c042 R13=0000000000000011 R14=000000000000c040 R15=0000000000000000
RIP=000000003e6d3862 RFL=00000206 [-----P-] CPL=0 II=0 A20=1 SMM=0 HLT=0
ES =0030 0000000000000000 ffffffff 00cf9300 DPL=0 DS   [-WA]
CS =0038 0000000000000000 ffffffff 00af9a00 DPL=0 CS64 [-R-]
SS =0030 0000000000000000 ffffffff 00cf9300 DPL=0 DS   [-WA]
DS =0030 0000000000000000 ffffffff 00cf9300 DPL=0 DS   [-WA]
FS =0030 0000000000000000 ffffffff 00cf9300 DPL=0 DS   [-WA]
GS =0030 0000000000000000 ffffffff 00cf9300 DPL=0 DS   [-WA]
LDT=0000 0000000000000000 0000ffff 00008200 DPL=0 LDT
TR =0000 0000000000000000 0000ffff 00008b00 DPL=0 TSS64-busy
GDT=     000000003f5dc000 00000047
IDT=     000000003efa3018 00000fff
CR0=80010033 CR2=0000000000000000 CR3=000000003f801000 CR4=00000668
DR0=0000000000000000 DR1=0000000000000000 DR2=0000000000000000 DR3=0000000000000000 
DR6=00000000ffff0ff0 DR7=0000000000000400
CCS=0000000000000004 CCD=0000000000003a05 CCO=EFLAGS
EFER=0000000000000d00
Servicing hardware INT=0x20
   209: v=20 e=0000 i=0 cpl=0 IP=0038:000000003e6d3862 pc=000000003e6d3862 SP=0030:000000003fe64f70 env->regs[R_EAX]=00000000000000c0
RAX=00000000000000c0 RBX=0000000000000064 RCX=000000000000b008 RDX=0000000000b857ea
RSI=0000000000b858aa RDI=000000003e5b40d4 RBP=000000003fe64fa0 RSP=000000003fe64f70
R8 =000000003fe64f8f R9 =000000000000c042 R10=0000000000000000 R11=0000000000000000
R12=000000000004baf1 R13=0000000000000011 R14=000000000000c040 R15=0000000000000000
RIP=000000003e6d3862 RFL=00000206 [-----P-] CPL=0 II=0 A20=1 SMM=0 HLT=0
ES =0030 0000000000000000 ffffffff 00cf9300 DPL=0 DS   [-WA]
CS =0038 0000000000000000 ffffffff 00af9a00 DPL=0 CS64 [-R-]
SS =0030 0000000000000000 ffffffff 00cf9300 DPL=0 DS   [-WA]
DS =0030 0000000000000000 ffffffff 00cf9300 DPL=0 DS   [-WA]
FS =0030 0000000000000000 ffffffff 00cf9300 DPL=0 DS   [-WA]
GS =0030 0000000000000000 ffffffff 00cf9300 DPL=0 DS   [-WA]
LDT=0000 0000000000000000 0000ffff 00008200 DPL=0 LDT
TR =0000 0000000000000000 0000ffff 00008b00 DPL=0 TSS64-busy
GDT=     000000003f5dc000 00000047
IDT=     000000003efa3018 00000fff
CR0=80010033 CR2=0000000000000000 CR3=000000003f801000 CR4=00000668
DR0=0000000000000000 DR1=0000000000000000 DR2=0000000000000000 DR3=0000000000000000 
DR6=00000000ffff0ff0 DR7=0000000000000400
CCS=0000000000000004 CCD=00000000000000c0 CCO=EFLAGS
EFER=0000000000000d00
Servicing hardware INT=0x20
   210: v=20 e=0000 i=0 cpl=0 IP=0038:000000003e6d3862 pc=000000003e6d3862 SP=0030:000000003fe64f70 env->regs[R_EAX]=000000000000689d
RAX=000000000000689d RBX=0000000000002710 RCX=000000000000b008 RDX=0000000000b8eb3d
RSI=0000000000b953da RDI=000000003e5b40d4 RBP=000000003fe64fa0 RSP=000000003fe64f70
R8 =000000003fe64fc0 R9 =00000000000003f6 R10=0000000000000000 R11=0000000000000000
R12=000000000000c042 R13=0000000000000011 R14=000000000000c040 R15=0000000000000000
RIP=000000003e6d3862 RFL=00000202 [-------] CPL=0 II=0 A20=1 SMM=0 HLT=0
ES =0030 0000000000000000 ffffffff 00cf9300 DPL=0 DS   [-WA]
CS =0038 0000000000000000 ffffffff 00af9a00 DPL=0 CS64 [-R-]
SS =0030 0000000000000000 ffffffff 00cf9300 DPL=0 DS   [-WA]
DS =0030 0000000000000000 ffffffff 00cf9300 DPL=0 DS   [-WA]
FS =0030 0000000000000000 ffffffff 00cf9300 DPL=0 DS   [-WA]
GS =0030 0000000000000000 ffffffff 00cf9300 DPL=0 DS   [-WA]
LDT=0000 0000000000000000 0000ffff 00008200 DPL=0 LDT
TR =0000 0000000000000000 0000ffff 00008b00 DPL=0 TSS64-busy
GDT=     000000003f5dc000 00000047
IDT=     000000003efa3018 00000fff
CR0=80010033 CR2=0000000000000000 CR3=000000003f801000 CR4=00000668
DR0=0000000000000000 DR1=0000000000000000 DR2=0000000000000000 DR3=0000000000000000 
DR6=00000000ffff0ff0 DR7=0000000000000400
CCS=0000000000000000 CCD=000000000000689d CCO=EFLAGS
EFER=0000000000000d00
Servicing hardware INT=0x20
   211: v=20 e=0000 i=0 cpl=0 IP=0038:000000003e6d3862 pc=000000003e6d3862 SP=0030:000000003fe64f70 env->regs[R_EAX]=00000000000000d2
RAX=00000000000000d2 RBX=0000000000000064 RCX=000000000000b008 RDX=0000000000b96f2d
RSI=0000000000b96fff RDI=000000003e5b40d4 RBP=000000003fe64fa0 RSP=000000003fe64f70
R8 =000000003fe64f8f R9 =000000000000c042 R10=0000000000000000 R11=0000000000000000
R12=000000000004baec R13=0000000000000011 R14=000000000000c040 R15=0000000000000000
RIP=000000003e6d3862 RFL=00000206 [-----P-] CPL=0 II=0 A20=1 SMM=0 HLT=0
ES =0030 0000000000000000 ffffffff 00cf9300 DPL=0 DS   [-WA]
CS =0038 0000000000000000 ffffffff 00af9a00 DPL=0 CS64 [-R-]
SS =0030 0000000000000000 ffffffff 00cf9300 DPL=0 DS   [-WA]
DS =0030 0000000000000000 ffffffff 00cf9300 DPL=0 DS   [-WA]
FS =0030 0000000000000000 ffffffff 00cf9300 DPL=0 DS   [-WA]
GS =0030 0000000000000000 ffffffff 00cf9300 DPL=0 DS   [-WA]
LDT=0000 0000000000000000 0000ffff 00008200 DPL=0 LDT
TR =0000 0000000000000000 0000ffff 00008b00 DPL=0 TSS64-busy
GDT=     000000003f5dc000 00000047
IDT=     000000003efa3018 00000fff
CR0=80010033 CR2=0000000000000000 CR3=000000003f801000 CR4=00000668
DR0=0000000000000000 DR1=0000000000000000 DR2=0000000000000000 DR3=0000000000000000 
DR6=00000000ffff0ff0 DR7=0000000000000400
CCS=0000000000000004 CCD=00000000000000d2 CCO=EFLAGS
EFER=0000000000000d00
Servicing hardware INT=0x20
   212: v=20 e=0000 i=0 cpl=0 IP=0038:000000003e6d3862 pc=000000003e6d3862 SP=0030:000000003fe64f70 env->regs[R_EAX]=00000000000000d3
RAX=00000000000000d3 RBX=0000000000000064 RCX=000000000000b008 RDX=0000000000b9faf2
RSI=0000000000b9fbc5 RDI=000000003e5b40d4 RBP=000000003fe64fa0 RSP=000000003fe64f70
R8 =000000003fe64f8f R9 =000000000000c042 R10=0000000000000000 R11=0000000000000000
R12=000000000004baa5 R13=0000000000000011 R14=000000000000c040 R15=0000000000000000
RIP=000000003e6d3862 RFL=00000202 [-------] CPL=0 II=0 A20=1 SMM=0 HLT=0
ES =0030 0000000000000000 ffffffff 00cf9300 DPL=0 DS   [-WA]
CS =0038 0000000000000000 ffffffff 00af9a00 DPL=0 CS64 [-R-]
SS =0030 0000000000000000 ffffffff 00cf9300 DPL=0 DS   [-WA]
DS =0030 0000000000000000 ffffffff 00cf9300 DPL=0 DS   [-WA]
FS =0030 0000000000000000 ffffffff 00cf9300 DPL=0 DS   [-WA]
GS =0030 0000000000000000 ffffffff 00cf9300 DPL=0 DS   [-WA]
LDT=0000 0000000000000000 0000ffff 00008200 DPL=0 LDT
TR =0000 0000000000000000 0000ffff 00008b00 DPL=0 TSS64-busy
GDT=     000000003f5dc000 00000047
IDT=     000000003efa3018 00000fff
CR0=80010033 CR2=0000000000000000 CR3=000000003f801000 CR4=00000668
DR0=0000000000000000 DR1=0000000000000000 DR2=0000000000000000 DR3=0000000000000000 
DR6=00000000ffff0ff0 DR7=0000000000000400
CCS=0000000000000000 CCD=00000000000000d3 CCO=EFLAGS
EFER=0000000000000d00
Servicing hardware INT=0x20
   213: v=20 e=0000 i=0 cpl=0 IP=0038:000000003e6d3862 pc=000000003e6d3862 SP=0030:000000003fe64fb0 env->regs[R_EAX]=00000000000000be
RAX=00000000000000be RBX=0000000000000064 RCX=000000000000b008 RDX=0000000000ba9deb
RSI=0000000000ba9ea9 RDI=000000003e5b40d4 RBP=000000003fe64fe0 RSP=000000003fe64fb0
R8 =000000003fe64fcf R9 =000000000000c042 R10=0000000000000000 R11=0000000000000000
R12=000000000004baf1 R13=0000000000000011 R14=000000000000c040 R15=0000000000000000
RIP=000000003e6d3862 RFL=00000206 [-----P-] CPL=0 II=0 A20=1 SMM=0 HLT=0
ES =0030 0000000000000000 ffffffff 00cf9300 DPL=0 DS   [-WA]
CS =0038 0000000000000000 ffffffff 00af9a00 DPL=0 CS64 [-R-]
SS =0030 0000000000000000 ffffffff 00cf9300 DPL=0 DS   [-WA]
DS =0030 0000000000000000 ffffffff 00cf9300 DPL=0 DS   [-WA]
FS =0030 0000000000000000 ffffffff 00cf9300 DPL=0 DS   [-WA]
GS =0030 0000000000000000 ffffffff 00cf9300 DPL=0 DS   [-WA]
LDT=0000 0000000000000000 0000ffff 00008200 DPL=0 LDT
TR =0000 0000000000000000 0000ffff 00008b00 DPL=0 TSS64-busy
GDT=     000000003f5dc000 00000047
IDT=     000000003efa3018 00000fff
CR0=80010033 CR2=0000000000000000 CR3=000000003f801000 CR4=00000668
DR0=0000000000000000 DR1=0000000000000000 DR2=0000000000000000 DR3=0000000000000000 
DR6=00000000ffff0ff0 DR7=0000000000000400
CCS=0000000000000004 CCD=00000000000000be CCO=EFLAGS
EFER=0000000000000d00
Servicing hardware INT=0x20
   214: v=20 e=0000 i=0 cpl=0 IP=0038:000000003e6d3862 pc=000000003e6d3862 SP=0030:000000003fe64fb0 env->regs[R_EAX]=0000000000001b92
RAX=0000000000001b92 RBX=0000000000002710 RCX=000000000000b008 RDX=0000000000bb7fe0
RSI=0000000000bb9b72 RDI=000000003e5b40d4 RBP=000000003fe64fe0 RSP=000000003fe64fb0
R8 =000000003fe65000 R9 =00000000000003f6 R10=0000000000000000 R11=0000000000000000
R12=000000000000c042 R13=0000000000000011 R14=000000000000c040 R15=0000000000000000
RIP=000000003e6d3862 RFL=00000202 [-------] CPL=0 II=0 A20=1 SMM=0 HLT=0
ES =0030 0000000000000000 ffffffff 00cf9300 DPL=0 DS   [-WA]
CS =0038 0000000000000000 ffffffff 00af9a00 DPL=0 CS64 [-R-]
SS =0030 0000000000000000 ffffffff 00cf9300 DPL=0 DS   [-WA]
DS =0030 0000000000000000 ffffffff 00cf9300 DPL=0 DS   [-WA]
FS =0030 0000000000000000 ffffffff 00cf9300 DPL=0 DS   [-WA]
GS =0030 0000000000000000 ffffffff 00cf9300 DPL=0 DS   [-WA]
LDT=0000 0000000000000000 0000ffff 00008200 DPL=0 LDT
TR =0000 0000000000000000 0000ffff 00008b00 DPL=0 TSS64-busy
GDT=     000000003f5dc000 00000047
IDT=     000000003efa3018 00000fff
CR0=80010033 CR2=0000000000000000 CR3=000000003f801000 CR4=00000668
DR0=0000000000000000 DR1=0000000000000000 DR2=0000000000000000 DR3=0000000000000000 
DR6=00000000ffff0ff0 DR7=0000000000000400
CCS=0000000000000000 CCD=0000000000001b92 CCO=EFLAGS
EFER=0000000000000d00
Servicing hardware INT=0x20
   215: v=20 e=0000 i=0 cpl=0 IP=0038:000000003e6d3862 pc=000000003e6d3862 SP=0030:000000003fe64fb0 env->regs[R_EAX]=00000000000000d5
RAX=00000000000000d5 RBX=0000000000000064 RCX=000000000000b008 RDX=0000000000bbad02
RSI=0000000000bbadd7 RDI=000000003e5b40d4 RBP=000000003fe64fe0 RSP=000000003fe64fb0
R8 =000000003fe64fcf R9 =000000000000c042 R10=0000000000000000 R11=0000000000000000
R12=000000000004baf1 R13=0000000000000011 R14=000000000000c040 R15=0000000000000000
RIP=000000003e6d3862 RFL=00000202 [-------] CPL=0 II=0 A20=1 SMM=0 HLT=0
ES =0030 0000000000000000 ffffffff 00cf9300 DPL=0 DS   [-WA]
CS =0038 0000000000000000 ffffffff 00af9a00 DPL=0 CS64 [-R-]
SS =0030 0000000000000000 ffffffff 00cf9300 DPL=0 DS   [-WA]
DS =0030 0000000000000000 ffffffff 00cf9300 DPL=0 DS   [-WA]
FS =0030 0000000000000000 ffffffff 00cf9300 DPL=0 DS   [-WA]
GS =0030 0000000000000000 ffffffff 00cf9300 DPL=0 DS   [-WA]
LDT=0000 0000000000000000 0000ffff 00008200 DPL=0 LDT
TR =0000 0000000000000000 0000ffff 00008b00 DPL=0 TSS64-busy
GDT=     000000003f5dc000 00000047
IDT=     000000003efa3018 00000fff
CR0=80010033 CR2=0000000000000000 CR3=000000003f801000 CR4=00000668
DR0=0000000000000000 DR1=0000000000000000 DR2=0000000000000000 DR3=0000000000000000 
DR6=00000000ffff0ff0 DR7=0000000000000400
CCS=0000000000000000 CCD=00000000000000d5 CCO=EFLAGS
EFER=0000000000000d00
Servicing hardware INT=0x20
   216: v=20 e=0000 i=0 cpl=0 IP=0038:000000003e6d3862 pc=000000003e6d3862 SP=0030:000000003fe64fb0 env->regs[R_EAX]=00000000000043c1
RAX=00000000000043c1 RBX=0000000000002710 RCX=000000000000b008 RDX=0000000000bc63d3
RSI=0000000000bca794 RDI=000000003e5b40d4 RBP=000000003fe64fe0 RSP=000000003fe64fb0
R8 =000000003fe65000 R9 =00000000000003f6 R10=0000000000000000 R11=0000000000000000
R12=000000000000c042 R13=0000000000000011 R14=000000000000c040 R15=0000000000000000
RIP=000000003e6d3862 RFL=00000202 [-------] CPL=0 II=0 A20=1 SMM=0 HLT=0
ES =0030 0000000000000000 ffffffff 00cf9300 DPL=0 DS   [-WA]
CS =0038 0000000000000000 ffffffff 00af9a00 DPL=0 CS64 [-R-]
SS =0030 0000000000000000 ffffffff 00cf9300 DPL=0 DS   [-WA]
DS =0030 0000000000000000 ffffffff 00cf9300 DPL=0 DS   [-WA]
FS =0030 0000000000000000 ffffffff 00cf9300 DPL=0 DS   [-WA]
GS =0030 0000000000000000 ffffffff 00cf9300 DPL=0 DS   [-WA]
LDT=0000 0000000000000000 0000ffff 00008200 DPL=0 LDT
TR =0000 0000000000000000 0000ffff 00008b00 DPL=0 TSS64-busy
GDT=     000000003f5dc000 00000047
IDT=     000000003efa3018 00000fff
CR0=80010033 CR2=0000000000000000 CR3=000000003f801000 CR4=00000668
DR0=0000000000000000 DR1=0000000000000000 DR2=0000000000000000 DR3=0000000000000000 
DR6=00000000ffff0ff0 DR7=0000000000000400
CCS=0000000000000000 CCD=00000000000043c1 CCO=EFLAGS
EFER=0000000000000d00
Servicing hardware INT=0x20
   217: v=20 e=0000 i=0 cpl=0 IP=0038:000000003e6d3862 pc=000000003e6d3862 SP=0030:000000003fe64fb0 env->regs[R_EAX]=00000000000000b7
RAX=00000000000000b7 RBX=0000000000000064 RCX=000000000000b008 RDX=0000000000bcb5ba
RSI=0000000000bcb671 RDI=000000003e5b40d4 RBP=000000003fe64fe0 RSP=000000003fe64fb0
R8 =000000003fe64fcf R9 =000000000000c042 R10=0000000000000000 R11=0000000000000000
R12=000000000004baf1 R13=0000000000000011 R14=000000000000c040 R15=0000000000000000
RIP=000000003e6d3862 RFL=00000206 [-----P-] CPL=0 II=0 A20=1 SMM=0 HLT=0
ES =0030 0000000000000000 ffffffff 00cf9300 DPL=0 DS   [-WA]
CS =0038 0000000000000000 ffffffff 00af9a00 DPL=0 CS64 [-R-]
SS =0030 0000000000000000 ffffffff 00cf9300 DPL=0 DS   [-WA]
DS =0030 0000000000000000 ffffffff 00cf9300 DPL=0 DS   [-WA]
FS =0030 0000000000000000 ffffffff 00cf9300 DPL=0 DS   [-WA]
GS =0030 0000000000000000 ffffffff 00cf9300 DPL=0 DS   [-WA]
LDT=0000 0000000000000000 0000ffff 00008200 DPL=0 LDT
TR =0000 0000000000000000 0000ffff 00008b00 DPL=0 TSS64-busy
GDT=     000000003f5dc000 00000047
IDT=     000000003efa3018 00000fff
CR0=80010033 CR2=0000000000000000 CR3=000000003f801000 CR4=00000668
DR0=0000000000000000 DR1=0000000000000000 DR2=0000000000000000 DR3=0000000000000000 
DR6=00000000ffff0ff0 DR7=0000000000000400
CCS=0000000000000004 CCD=00000000000000b7 CCO=EFLAGS
EFER=0000000000000d00
Servicing hardware INT=0x20
   218: v=20 e=0000 i=0 cpl=0 IP=0038:000000003e6d3862 pc=000000003e6d3862 SP=0030:000000003fe64fb0 env->regs[R_EAX]=00000000000000e1
RAX=00000000000000e1 RBX=0000000000000064 RCX=000000000000b008 RDX=0000000000bdd7fb
RSI=0000000000bdd8dc RDI=000000003e5b40d4 RBP=000000003fe64fe0 RSP=000000003fe64fb0
R8 =000000003fe64fcf R9 =000000000000c042 R10=0000000000000000 R11=0000000000000000
R12=000000000004baf1 R13=0000000000000011 R14=000000000000c040 R15=0000000000000000
RIP=000000003e6d3862 RFL=00000206 [-----P-] CPL=0 II=0 A20=1 SMM=0 HLT=0
ES =0030 0000000000000000 ffffffff 00cf9300 DPL=0 DS   [-WA]
CS =0038 0000000000000000 ffffffff 00af9a00 DPL=0 CS64 [-R-]
SS =0030 0000000000000000 ffffffff 00cf9300 DPL=0 DS   [-WA]
DS =0030 0000000000000000 ffffffff 00cf9300 DPL=0 DS   [-WA]
FS =0030 0000000000000000 ffffffff 00cf9300 DPL=0 DS   [-WA]
GS =0030 0000000000000000 ffffffff 00cf9300 DPL=0 DS   [-WA]
LDT=0000 0000000000000000 0000ffff 00008200 DPL=0 LDT
TR =0000 0000000000000000 0000ffff 00008b00 DPL=0 TSS64-busy
GDT=     000000003f5dc000 00000047
IDT=     000000003efa3018 00000fff
CR0=80010033 CR2=0000000000000000 CR3=000000003f801000 CR4=00000668
DR0=0000000000000000 DR1=0000000000000000 DR2=0000000000000000 DR3=0000000000000000 
DR6=00000000ffff0ff0 DR7=0000000000000400
CCS=0000000000000004 CCD=00000000000000e1 CCO=EFLAGS
EFER=0000000000000d00
Servicing hardware INT=0x20
   219: v=20 e=0000 i=0 cpl=0 IP=0038:000000003e6d3862 pc=000000003e6d3862 SP=0030:000000003fe64fb0 env->regs[R_EAX]=0000000000000061
RAX=0000000000000061 RBX=0000000000000064 RCX=000000000000b008 RDX=0000000000be59a1
RSI=0000000000be5a02 RDI=000000003e5b40d4 RBP=000000003fe64fe0 RSP=000000003fe64fb0
R8 =000000003fe64fcf R9 =000000000000c042 R10=0000000000000000 R11=0000000000000000
R12=000000000004baae R13=0000000000000011 R14=000000000000c040 R15=0000000000000000
RIP=000000003e6d3862 RFL=00000202 [-------] CPL=0 II=0 A20=1 SMM=0 HLT=0
ES =0030 0000000000000000 ffffffff 00cf9300 DPL=0 DS   [-WA]
CS =0038 0000000000000000 ffffffff 00af9a00 DPL=0 CS64 [-R-]
SS =0030 0000000000000000 ffffffff 00cf9300 DPL=0 DS   [-WA]
DS =0030 0000000000000000 ffffffff 00cf9300 DPL=0 DS   [-WA]
FS =0030 0000000000000000 ffffffff 00cf9300 DPL=0 DS   [-WA]
GS =0030 0000000000000000 ffffffff 00cf9300 DPL=0 DS   [-WA]
LDT=0000 0000000000000000 0000ffff 00008200 DPL=0 LDT
TR =0000 0000000000000000 0000ffff 00008b00 DPL=0 TSS64-busy
GDT=     000000003f5dc000 00000047
IDT=     000000003efa3018 00000fff
CR0=80010033 CR2=0000000000000000 CR3=000000003f801000 CR4=00000668
DR0=0000000000000000 DR1=0000000000000000 DR2=0000000000000000 DR3=0000000000000000 
DR6=00000000ffff0ff0 DR7=0000000000000400
CCS=0000000000000000 CCD=0000000000000061 CCO=EFLAGS
EFER=0000000000000d00
Servicing hardware INT=0x20
   220: v=20 e=0000 i=0 cpl=0 IP=0038:000000003f6ca5bd pc=000000003f6ca5bd SP=0030:000000003fe65590 env->regs[R_EAX]=0000000000000008
RAX=0000000000000008 RBX=800000000000000e RCX=0000000000000010 RDX=000000003fe65600
RSI=000000003fe8b9c0 RDI=000000003f5cc3f8 RBP=000000003fe65620 RSP=000000003fe65590
R8 =000000003fe6569c R9 =000000003fe656a8 R10=000000003ea42034 R11=000000003f6d631e
R12=000000003df55f98 R13=000000003fe656a8 R14=000000003fe656b0 R15=000000003fe6569c
RIP=000000003f6ca5bd RFL=00000202 [-------] CPL=0 II=0 A20=1 SMM=0 HLT=0
ES =0030 0000000000000000 ffffffff 00cf9300 DPL=0 DS   [-WA]
CS =0038 0000000000000000 ffffffff 00af9a00 DPL=0 CS64 [-R-]
SS =0030 0000000000000000 ffffffff 00cf9300 DPL=0 DS   [-WA]
DS =0030 0000000000000000 ffffffff 00cf9300 DPL=0 DS   [-WA]
FS =0030 0000000000000000 ffffffff 00cf9300 DPL=0 DS   [-WA]
GS =0030 0000000000000000 ffffffff 00cf9300 DPL=0 DS   [-WA]
LDT=0000 0000000000000000 0000ffff 00008200 DPL=0 LDT
TR =0000 0000000000000000 0000ffff 00008b00 DPL=0 TSS64-busy
GDT=     000000003f5dc000 00000047
IDT=     000000003efa3018 00000fff
CR0=80010033 CR2=0000000000000000 CR3=000000003f801000 CR4=00000668
DR0=0000000000000000 DR1=0000000000000000 DR2=0000000000000000 DR3=0000000000000000 
DR6=00000000ffff0ff0 DR7=0000000000000400
CCS=0000000000000000 CCD=000000003fe65570 CCO=EFLAGS
EFER=0000000000000d00
Servicing hardware INT=0x20
   221: v=20 e=0000 i=0 cpl=0 IP=0038:000000003e6d3862 pc=000000003e6d3862 SP=0030:000000003fe64ea0 env->regs[R_EAX]=00000000000000eb
RAX=00000000000000eb RBX=0000000000000064 RCX=000000000000b008 RDX=0000000000bf7108
RSI=0000000000bf71f3 RDI=000000003e5b40d4 RBP=000000003fe64ed0 RSP=000000003fe64ea0
R8 =000000003fe64ebf R9 =000000000000c042 R10=0000000000000000 R11=0000000000000000
R12=000000000004bac4 R13=0000000000000011 R14=000000000000c040 R15=0000000000000000
RIP=000000003e6d3862 RFL=00000206 [-----P-] CPL=0 II=0 A20=1 SMM=0 HLT=0
ES =0030 0000000000000000 ffffffff 00cf9300 DPL=0 DS   [-WA]
CS =0038 0000000000000000 ffffffff 00af9a00 DPL=0 CS64 [-R-]
SS =0030 0000000000000000 ffffffff 00cf9300 DPL=0 DS   [-WA]
DS =0030 0000000000000000 ffffffff 00cf9300 DPL=0 DS   [-WA]
FS =0030 0000000000000000 ffffffff 00cf9300 DPL=0 DS   [-WA]
GS =0030 0000000000000000 ffffffff 00cf9300 DPL=0 DS   [-WA]
LDT=0000 0000000000000000 0000ffff 00008200 DPL=0 LDT
TR =0000 0000000000000000 0000ffff 00008b00 DPL=0 TSS64-busy
GDT=     000000003f5dc000 00000047
IDT=     000000003efa3018 00000fff
CR0=80010033 CR2=0000000000000000 CR3=000000003f801000 CR4=00000668
DR0=0000000000000000 DR1=0000000000000000 DR2=0000000000000000 DR3=0000000000000000 
DR6=00000000ffff0ff0 DR7=0000000000000400
CCS=0000000000000004 CCD=00000000000000eb CCO=EFLAGS
EFER=0000000000000d00
Servicing hardware INT=0x20
   222: v=20 e=0000 i=0 cpl=0 IP=0038:000000003e6d3862 pc=000000003e6d3862 SP=0030:000000003fe64ea0 env->regs[R_EAX]=00000000000000f9
RAX=00000000000000f9 RBX=0000000000000064 RCX=000000000000b008 RDX=0000000000c01da6
RSI=0000000000c01e9f RDI=000000003e5b40d4 RBP=000000003fe64ed0 RSP=000000003fe64ea0
R8 =000000003fe64ebf R9 =000000000000c042 R10=0000000000000000 R11=0000000000000000
R12=000000000004baf1 R13=0000000000000011 R14=000000000000c040 R15=0000000000000000
RIP=000000003e6d3862 RFL=00000206 [-----P-] CPL=0 II=0 A20=1 SMM=0 HLT=0
ES =0030 0000000000000000 ffffffff 00cf9300 DPL=0 DS   [-WA]
CS =0038 0000000000000000 ffffffff 00af9a00 DPL=0 CS64 [-R-]
SS =0030 0000000000000000 ffffffff 00cf9300 DPL=0 DS   [-WA]
DS =0030 0000000000000000 ffffffff 00cf9300 DPL=0 DS   [-WA]
FS =0030 0000000000000000 ffffffff 00cf9300 DPL=0 DS   [-WA]
GS =0030 0000000000000000 ffffffff 00cf9300 DPL=0 DS   [-WA]
LDT=0000 0000000000000000 0000ffff 00008200 DPL=0 LDT
TR =0000 0000000000000000 0000ffff 00008b00 DPL=0 TSS64-busy
GDT=     000000003f5dc000 00000047
IDT=     000000003efa3018 00000fff
CR0=80010033 CR2=0000000000000000 CR3=000000003f801000 CR4=00000668
DR0=0000000000000000 DR1=0000000000000000 DR2=0000000000000000 DR3=0000000000000000 
DR6=00000000ffff0ff0 DR7=0000000000000400
CCS=0000000000000004 CCD=00000000000000f9 CCO=EFLAGS
EFER=0000000000000d00
Servicing hardware INT=0x20
   223: v=20 e=0000 i=0 cpl=0 IP=0038:000000003e6d3862 pc=000000003e6d3862 SP=0030:000000003fe64ea0 env->regs[R_EAX]=00000000000048f9
RAX=00000000000048f9 RBX=0000000000002710 RCX=000000000000b008 RDX=0000000000c0be22
RSI=0000000000c1071b RDI=000000003e5b40d4 RBP=000000003fe64ed0 RSP=000000003fe64ea0
R8 =000000003fe64ef0 R9 =00000000000003f6 R10=0000000000000000 R11=0000000000000000
R12=000000000000c042 R13=0000000000000011 R14=000000000000c040 R15=0000000000000000
RIP=000000003e6d3862 RFL=00000206 [-----P-] CPL=0 II=0 A20=1 SMM=0 HLT=0
ES =0030 0000000000000000 ffffffff 00cf9300 DPL=0 DS   [-WA]
CS =0038 0000000000000000 ffffffff 00af9a00 DPL=0 CS64 [-R-]
SS =0030 0000000000000000 ffffffff 00cf9300 DPL=0 DS   [-WA]
DS =0030 0000000000000000 ffffffff 00cf9300 DPL=0 DS   [-WA]
FS =0030 0000000000000000 ffffffff 00cf9300 DPL=0 DS   [-WA]
GS =0030 0000000000000000 ffffffff 00cf9300 DPL=0 DS   [-WA]
LDT=0000 0000000000000000 0000ffff 00008200 DPL=0 LDT
TR =0000 0000000000000000 0000ffff 00008b00 DPL=0 TSS64-busy
GDT=     000000003f5dc000 00000047
IDT=     000000003efa3018 00000fff
CR0=80010033 CR2=0000000000000000 CR3=000000003f801000 CR4=00000668
DR0=0000000000000000 DR1=0000000000000000 DR2=0000000000000000 DR3=0000000000000000 
DR6=00000000ffff0ff0 DR7=0000000000000400
CCS=0000000000000004 CCD=00000000000048f9 CCO=EFLAGS
EFER=0000000000000d00
Servicing hardware INT=0x20
   224: v=20 e=0000 i=0 cpl=0 IP=0038:000000003e6d3862 pc=000000003e6d3862 SP=0030:000000003fe64ea0 env->regs[R_EAX]=0000000000000105
RAX=0000000000000105 RBX=0000000000000064 RCX=000000000000b008 RDX=0000000000c11456
RSI=0000000000c1155b RDI=000000003e5b40d4 RBP=000000003fe64ed0 RSP=000000003fe64ea0
R8 =000000003fe64ebf R9 =000000000000c042 R10=0000000000000000 R11=0000000000000000
R12=000000000004baf1 R13=0000000000000011 R14=000000000000c040 R15=0000000000000000
RIP=000000003e6d3862 RFL=00000206 [-----P-] CPL=0 II=0 A20=1 SMM=0 HLT=0
ES =0030 0000000000000000 ffffffff 00cf9300 DPL=0 DS   [-WA]
CS =0038 0000000000000000 ffffffff 00af9a00 DPL=0 CS64 [-R-]
SS =0030 0000000000000000 ffffffff 00cf9300 DPL=0 DS   [-WA]
DS =0030 0000000000000000 ffffffff 00cf9300 DPL=0 DS   [-WA]
FS =0030 0000000000000000 ffffffff 00cf9300 DPL=0 DS   [-WA]
GS =0030 0000000000000000 ffffffff 00cf9300 DPL=0 DS   [-WA]
LDT=0000 0000000000000000 0000ffff 00008200 DPL=0 LDT
TR =0000 0000000000000000 0000ffff 00008b00 DPL=0 TSS64-busy
GDT=     000000003f5dc000 00000047
IDT=     000000003efa3018 00000fff
CR0=80010033 CR2=0000000000000000 CR3=000000003f801000 CR4=00000668
DR0=0000000000000000 DR1=0000000000000000 DR2=0000000000000000 DR3=0000000000000000 
DR6=00000000ffff0ff0 DR7=0000000000000400
CCS=0000000000000004 CCD=0000000000000105 CCO=EFLAGS
EFER=0000000000000d00
Servicing hardware INT=0x20
   225: v=20 e=0000 i=0 cpl=0 IP=0038:000000003e6d3862 pc=000000003e6d3862 SP=0030:000000003fe64ea0 env->regs[R_EAX]=00000000000000dd
RAX=00000000000000dd RBX=0000000000000064 RCX=000000000000b008 RDX=0000000000c1a031
RSI=0000000000c1a10e RDI=000000003e5b40d4 RBP=000000003fe64ed0 RSP=000000003fe64ea0
R8 =000000003fe64ebf R9 =000000000000c042 R10=0000000000000000 R11=0000000000000000
R12=000000000004baac R13=0000000000000011 R14=000000000000c040 R15=0000000000000000
RIP=000000003e6d3862 RFL=00000206 [-----P-] CPL=0 II=0 A20=1 SMM=0 HLT=0
ES =0030 0000000000000000 ffffffff 00cf9300 DPL=0 DS   [-WA]
CS =0038 0000000000000000 ffffffff 00af9a00 DPL=0 CS64 [-R-]
SS =0030 0000000000000000 ffffffff 00cf9300 DPL=0 DS   [-WA]
DS =0030 0000000000000000 ffffffff 00cf9300 DPL=0 DS   [-WA]
FS =0030 0000000000000000 ffffffff 00cf9300 DPL=0 DS   [-WA]
GS =0030 0000000000000000 ffffffff 00cf9300 DPL=0 DS   [-WA]
LDT=0000 0000000000000000 0000ffff 00008200 DPL=0 LDT
TR =0000 0000000000000000 0000ffff 00008b00 DPL=0 TSS64-busy
GDT=     000000003f5dc000 00000047
IDT=     000000003efa3018 00000fff
CR0=80010033 CR2=0000000000000000 CR3=000000003f801000 CR4=00000668
DR0=0000000000000000 DR1=0000000000000000 DR2=0000000000000000 DR3=0000000000000000 
DR6=00000000ffff0ff0 DR7=0000000000000400
CCS=0000000000000004 CCD=00000000000000dd CCO=EFLAGS
EFER=0000000000000d00
Servicing hardware INT=0x20
   226: v=20 e=0000 i=0 cpl=0 IP=0038:000000003e6d3862 pc=000000003e6d3862 SP=0030:000000003fe64ee0 env->regs[R_EAX]=00000000000000e7
RAX=00000000000000e7 RBX=0000000000000064 RCX=000000000000b008 RDX=0000000000c24142
RSI=0000000000c24229 RDI=000000003e5b40d4 RBP=000000003fe64f10 RSP=000000003fe64ee0
R8 =000000003fe64eff R9 =000000000000c042 R10=0000000000000000 R11=0000000000000000
R12=000000000004baf1 R13=0000000000000011 R14=000000000000c040 R15=0000000000000000
RIP=000000003e6d3862 RFL=00000206 [-----P-] CPL=0 II=0 A20=1 SMM=0 HLT=0
ES =0030 0000000000000000 ffffffff 00cf9300 DPL=0 DS   [-WA]
CS =0038 0000000000000000 ffffffff 00af9a00 DPL=0 CS64 [-R-]
SS =0030 0000000000000000 ffffffff 00cf9300 DPL=0 DS   [-WA]
DS =0030 0000000000000000 ffffffff 00cf9300 DPL=0 DS   [-WA]
FS =0030 0000000000000000 ffffffff 00cf9300 DPL=0 DS   [-WA]
GS =0030 0000000000000000 ffffffff 00cf9300 DPL=0 DS   [-WA]
LDT=0000 0000000000000000 0000ffff 00008200 DPL=0 LDT
TR =0000 0000000000000000 0000ffff 00008b00 DPL=0 TSS64-busy
GDT=     000000003f5dc000 00000047
IDT=     000000003efa3018 00000fff
CR0=80010033 CR2=0000000000000000 CR3=000000003f801000 CR4=00000668
DR0=0000000000000000 DR1=0000000000000000 DR2=0000000000000000 DR3=0000000000000000 
DR6=00000000ffff0ff0 DR7=0000000000000400
CCS=0000000000000004 CCD=00000000000000e7 CCO=EFLAGS
EFER=0000000000000d00
Servicing hardware INT=0x20
   227: v=20 e=0000 i=0 cpl=0 IP=0038:000000003e6d3862 pc=000000003e6d3862 SP=0030:000000003fe64ee0 env->regs[R_EAX]=000000000000010f
RAX=000000000000010f RBX=0000000000000064 RCX=000000000000b008 RDX=0000000000c34ed3
RSI=0000000000c34fe2 RDI=000000003e5b40d4 RBP=000000003fe64f10 RSP=000000003fe64ee0
R8 =000000003fe64eff R9 =000000000000c042 R10=0000000000000000 R11=0000000000000000
R12=000000000004baf1 R13=0000000000000011 R14=000000000000c040 R15=0000000000000000
RIP=000000003e6d3862 RFL=00000206 [-----P-] CPL=0 II=0 A20=1 SMM=0 HLT=0
ES =0030 0000000000000000 ffffffff 00cf9300 DPL=0 DS   [-WA]
CS =0038 0000000000000000 ffffffff 00af9a00 DPL=0 CS64 [-R-]
SS =0030 0000000000000000 ffffffff 00cf9300 DPL=0 DS   [-WA]
DS =0030 0000000000000000 ffffffff 00cf9300 DPL=0 DS   [-WA]
FS =0030 0000000000000000 ffffffff 00cf9300 DPL=0 DS   [-WA]
GS =0030 0000000000000000 ffffffff 00cf9300 DPL=0 DS   [-WA]
LDT=0000 0000000000000000 0000ffff 00008200 DPL=0 LDT
TR =0000 0000000000000000 0000ffff 00008b00 DPL=0 TSS64-busy
GDT=     000000003f5dc000 00000047
IDT=     000000003efa3018 00000fff
CR0=80010033 CR2=0000000000000000 CR3=000000003f801000 CR4=00000668
DR0=0000000000000000 DR1=0000000000000000 DR2=0000000000000000 DR3=0000000000000000 
DR6=00000000ffff0ff0 DR7=0000000000000400
CCS=0000000000000004 CCD=000000000000010f CCO=EFLAGS
EFER=0000000000000d00
Servicing hardware INT=0x20
   228: v=20 e=0000 i=0 cpl=0 IP=0038:000000003e6d3862 pc=000000003e6d3862 SP=0030:000000003fe64ee0 env->regs[R_EAX]=0000000000000b72
RAX=0000000000000b72 RBX=0000000000002710 RCX=000000000000b008 RDX=0000000000c430f3
RSI=0000000000c43c65 RDI=000000003e5b40d4 RBP=000000003fe64f10 RSP=000000003fe64ee0
R8 =000000003fe64f30 R9 =00000000000003f6 R10=0000000000000000 R11=0000000000000000
R12=000000000000c042 R13=0000000000000011 R14=000000000000c040 R15=0000000000000000
RIP=000000003e6d3862 RFL=00000206 [-----P-] CPL=0 II=0 A20=1 SMM=0 HLT=0
ES =0030 0000000000000000 ffffffff 00cf9300 DPL=0 DS   [-WA]
CS =0038 0000000000000000 ffffffff 00af9a00 DPL=0 CS64 [-R-]
SS =0030 0000000000000000 ffffffff 00cf9300 DPL=0 DS   [-WA]
DS =0030 0000000000000000 ffffffff 00cf9300 DPL=0 DS   [-WA]
FS =0030 0000000000000000 ffffffff 00cf9300 DPL=0 DS   [-WA]
GS =0030 0000000000000000 ffffffff 00cf9300 DPL=0 DS   [-WA]
LDT=0000 0000000000000000 0000ffff 00008200 DPL=0 LDT
TR =0000 0000000000000000 0000ffff 00008b00 DPL=0 TSS64-busy
GDT=     000000003f5dc000 00000047
IDT=     000000003efa3018 00000fff
CR0=80010033 CR2=0000000000000000 CR3=000000003f801000 CR4=00000668
DR0=0000000000000000 DR1=0000000000000000 DR2=0000000000000000 DR3=0000000000000000 
DR6=00000000ffff0ff0 DR7=0000000000000400
CCS=0000000000000004 CCD=0000000000000b72 CCO=EFLAGS
EFER=0000000000000d00
Servicing hardware INT=0x20
   229: v=20 e=0000 i=0 cpl=0 IP=0038:000000003ef9f419 pc=000000003ef9f419 SP=0030:000000003fe64db0 env->regs[R_EAX]=0000000000000001
RAX=0000000000000001 RBX=000000000000c042 RCX=000000000000c042 RDX=000000000000c042
RSI=0000000000000000 RDI=0000000000000000 RBP=000000003fe64dd0 RSP=000000003fe64db0
R8 =000000003fe64eff R9 =000000000000c042 R10=0000000000000000 R11=0000000000000000
R12=000000003fe64eff R13=0000000000000001 R14=0000000000000001 R15=0000000000000001
RIP=000000003ef9f419 RFL=00000246 [---Z-P-] CPL=0 II=0 A20=1 SMM=0 HLT=0
ES =0030 0000000000000000 ffffffff 00cf9300 DPL=0 DS   [-WA]
CS =0038 0000000000000000 ffffffff 00af9a00 DPL=0 CS64 [-R-]
SS =0030 0000000000000000 ffffffff 00cf9300 DPL=0 DS   [-WA]
DS =0030 0000000000000000 ffffffff 00cf9300 DPL=0 DS   [-WA]
FS =0030 0000000000000000 ffffffff 00cf9300 DPL=0 DS   [-WA]
GS =0030 0000000000000000 ffffffff 00cf9300 DPL=0 DS   [-WA]
LDT=0000 0000000000000000 0000ffff 00008200 DPL=0 LDT
TR =0000 0000000000000000 0000ffff 00008b00 DPL=0 TSS64-busy
GDT=     000000003f5dc000 00000047
IDT=     000000003efa3018 00000fff
CR0=80010033 CR2=0000000000000000 CR3=000000003f801000 CR4=00000668
DR0=0000000000000000 DR1=0000000000000000 DR2=0000000000000000 DR3=0000000000000000 
DR6=00000000ffff0ff0 DR7=0000000000000400
CCS=0000000000000044 CCD=0000000000000000 CCO=EFLAGS
EFER=0000000000000d00
Servicing hardware INT=0x20
   230: v=20 e=0000 i=0 cpl=0 IP=0038:000000003e6d3862 pc=000000003e6d3862 SP=0030:000000003fe64ee0 env->regs[R_EAX]=000000000000591c
RAX=000000000000591c RBX=0000000000002710 RCX=000000000000b008 RDX=0000000000c50e18
RSI=0000000000c56734 RDI=000000003e5b40d4 RBP=000000003fe64f10 RSP=000000003fe64ee0
R8 =000000003fe64f30 R9 =00000000000003f6 R10=0000000000000000 R11=0000000000000000
R12=000000000000c042 R13=0000000000000011 R14=000000000000c040 R15=0000000000000000
RIP=000000003e6d3862 RFL=00000202 [-------] CPL=0 II=0 A20=1 SMM=0 HLT=0
ES =0030 0000000000000000 ffffffff 00cf9300 DPL=0 DS   [-WA]
CS =0038 0000000000000000 ffffffff 00af9a00 DPL=0 CS64 [-R-]
SS =0030 0000000000000000 ffffffff 00cf9300 DPL=0 DS   [-WA]
DS =0030 0000000000000000 ffffffff 00cf9300 DPL=0 DS   [-WA]
FS =0030 0000000000000000 ffffffff 00cf9300 DPL=0 DS   [-WA]
GS =0030 0000000000000000 ffffffff 00cf9300 DPL=0 DS   [-WA]
LDT=0000 0000000000000000 0000ffff 00008200 DPL=0 LDT
TR =0000 0000000000000000 0000ffff 00008b00 DPL=0 TSS64-busy
GDT=     000000003f5dc000 00000047
IDT=     000000003efa3018 00000fff
CR0=80010033 CR2=0000000000000000 CR3=000000003f801000 CR4=00000668
DR0=0000000000000000 DR1=0000000000000000 DR2=0000000000000000 DR3=0000000000000000 
DR6=00000000ffff0ff0 DR7=0000000000000400
CCS=0000000000000000 CCD=000000000000591c CCO=EFLAGS
EFER=0000000000000d00
Servicing hardware INT=0x20
   231: v=20 e=0000 i=0 cpl=0 IP=0038:000000003e6d3862 pc=000000003e6d3862 SP=0030:000000003fe64ee0 env->regs[R_EAX]=00000000000000fc
RAX=00000000000000fc RBX=0000000000000064 RCX=000000000000b008 RDX=0000000000c5753a
RSI=0000000000c57636 RDI=000000003e5b40d4 RBP=000000003fe64f10 RSP=000000003fe64ee0
R8 =000000003fe64eff R9 =000000000000c042 R10=0000000000000000 R11=0000000000000000
R12=000000000004baf1 R13=0000000000000011 R14=000000000000c040 R15=0000000000000000
RIP=000000003e6d3862 RFL=00000206 [-----P-] CPL=0 II=0 A20=1 SMM=0 HLT=0
ES =0030 0000000000000000 ffffffff 00cf9300 DPL=0 DS   [-WA]
CS =0038 0000000000000000 ffffffff 00af9a00 DPL=0 CS64 [-R-]
SS =0030 0000000000000000 ffffffff 00cf9300 DPL=0 DS   [-WA]
DS =0030 0000000000000000 ffffffff 00cf9300 DPL=0 DS   [-WA]
FS =0030 0000000000000000 ffffffff 00cf9300 DPL=0 DS   [-WA]
GS =0030 0000000000000000 ffffffff 00cf9300 DPL=0 DS   [-WA]
LDT=0000 0000000000000000 0000ffff 00008200 DPL=0 LDT
TR =0000 0000000000000000 0000ffff 00008b00 DPL=0 TSS64-busy
GDT=     000000003f5dc000 00000047
IDT=     000000003efa3018 00000fff
CR0=80010033 CR2=0000000000000000 CR3=000000003f801000 CR4=00000668
DR0=0000000000000000 DR1=0000000000000000 DR2=0000000000000000 DR3=0000000000000000 
DR6=00000000ffff0ff0 DR7=0000000000000400
CCS=0000000000000004 CCD=00000000000000fc CCO=EFLAGS
EFER=0000000000000d00
Servicing hardware INT=0x20
   232: v=20 e=0000 i=0 cpl=0 IP=0038:000000003e6d3862 pc=000000003e6d3862 SP=0030:000000003fe64ee0 env->regs[R_EAX]=0000000000000163
RAX=0000000000000163 RBX=0000000000000064 RCX=000000000000b008 RDX=0000000000c5ff11
RSI=0000000000c60074 RDI=000000003e5b40d4 RBP=000000003fe64f10 RSP=000000003fe64ee0
R8 =000000003fe64eff R9 =000000000000c042 R10=0000000000000000 R11=0000000000000000
R12=000000000004baae R13=0000000000000011 R14=000000000000c040 R15=0000000000000000
RIP=000000003e6d3862 RFL=00000206 [-----P-] CPL=0 II=0 A20=1 SMM=0 HLT=0
ES =0030 0000000000000000 ffffffff 00cf9300 DPL=0 DS   [-WA]
CS =0038 0000000000000000 ffffffff 00af9a00 DPL=0 CS64 [-R-]
SS =0030 0000000000000000 ffffffff 00cf9300 DPL=0 DS   [-WA]
DS =0030 0000000000000000 ffffffff 00cf9300 DPL=0 DS   [-WA]
FS =0030 0000000000000000 ffffffff 00cf9300 DPL=0 DS   [-WA]
GS =0030 0000000000000000 ffffffff 00cf9300 DPL=0 DS   [-WA]
LDT=0000 0000000000000000 0000ffff 00008200 DPL=0 LDT
TR =0000 0000000000000000 0000ffff 00008b00 DPL=0 TSS64-busy
GDT=     000000003f5dc000 00000047
IDT=     000000003efa3018 00000fff
CR0=80010033 CR2=0000000000000000 CR3=000000003f801000 CR4=00000668
DR0=0000000000000000 DR1=0000000000000000 DR2=0000000000000000 DR3=0000000000000000 
DR6=00000000ffff0ff0 DR7=0000000000000400
CCS=0000000000000004 CCD=0000000000000163 CCO=EFLAGS
EFER=0000000000000d00
Servicing hardware INT=0x20
   233: v=20 e=0000 i=0 cpl=0 IP=0038:000000003e6d3862 pc=000000003e6d3862 SP=0030:000000003fe64f00 env->regs[R_EAX]=00000000000000bb
RAX=00000000000000bb RBX=0000000000000190 RCX=000000000000b008 RDX=0000000000c6c097
RSI=0000000000c6c152 RDI=000000003e5b3140 RBP=000000003fe64f30 RSP=000000003fe64f00
R8 =000000003fe64f50 R9 =00000000000001f7 R10=0000000000000000 R11=0000000000000000
R12=000000000004baf1 R13=0000000000000000 R14=000000000000c0ca R15=00000000ffffff00
RIP=000000003e6d3862 RFL=00000206 [-----P-] CPL=0 II=0 A20=1 SMM=0 HLT=0
ES =0030 0000000000000000 ffffffff 00cf9300 DPL=0 DS   [-WA]
CS =0038 0000000000000000 ffffffff 00af9a00 DPL=0 CS64 [-R-]
SS =0030 0000000000000000 ffffffff 00cf9300 DPL=0 DS   [-WA]
DS =0030 0000000000000000 ffffffff 00cf9300 DPL=0 DS   [-WA]
FS =0030 0000000000000000 ffffffff 00cf9300 DPL=0 DS   [-WA]
GS =0030 0000000000000000 ffffffff 00cf9300 DPL=0 DS   [-WA]
LDT=0000 0000000000000000 0000ffff 00008200 DPL=0 LDT
TR =0000 0000000000000000 0000ffff 00008b00 DPL=0 TSS64-busy
GDT=     000000003f5dc000 00000047
IDT=     000000003efa3018 00000fff
CR0=80010033 CR2=0000000000000000 CR3=000000003f801000 CR4=00000668
DR0=0000000000000000 DR1=0000000000000000 DR2=0000000000000000 DR3=0000000000000000 
DR6=00000000ffff0ff0 DR7=0000000000000400
CCS=0000000000000004 CCD=00000000000000bb CCO=EFLAGS
EFER=0000000000000d00
Servicing hardware INT=0x20
   234: v=20 e=0000 i=0 cpl=0 IP=0038:000000003e6d3862 pc=000000003e6d3862 SP=0030:000000003fe64f70 env->regs[R_EAX]=000000000000006a
RAX=000000000000006a RBX=0000000000000064 RCX=000000000000b008 RDX=0000000000c71289
RSI=0000000000c712f3 RDI=000000003e5b40d4 RBP=000000003fe64fa0 RSP=000000003fe64f70
R8 =000000003fe64f8f R9 =000000000000c042 R10=0000000000000000 R11=0000000000000000
R12=000000000004bac7 R13=0000000000000011 R14=000000000000c040 R15=0000000000000000
RIP=000000003e6d3862 RFL=00000206 [-----P-] CPL=0 II=0 A20=1 SMM=0 HLT=0
ES =0030 0000000000000000 ffffffff 00cf9300 DPL=0 DS   [-WA]
CS =0038 0000000000000000 ffffffff 00af9a00 DPL=0 CS64 [-R-]
SS =0030 0000000000000000 ffffffff 00cf9300 DPL=0 DS   [-WA]
DS =0030 0000000000000000 ffffffff 00cf9300 DPL=0 DS   [-WA]
FS =0030 0000000000000000 ffffffff 00cf9300 DPL=0 DS   [-WA]
GS =0030 0000000000000000 ffffffff 00cf9300 DPL=0 DS   [-WA]
LDT=0000 0000000000000000 0000ffff 00008200 DPL=0 LDT
TR =0000 0000000000000000 0000ffff 00008b00 DPL=0 TSS64-busy
GDT=     000000003f5dc000 00000047
IDT=     000000003efa3018 00000fff
CR0=80010033 CR2=0000000000000000 CR3=000000003f801000 CR4=00000668
DR0=0000000000000000 DR1=0000000000000000 DR2=0000000000000000 DR3=0000000000000000 
DR6=00000000ffff0ff0 DR7=0000000000000400
CCS=0000000000000004 CCD=000000000000006a CCO=EFLAGS
EFER=0000000000000d00
Servicing hardware INT=0x20
   235: v=20 e=0000 i=0 cpl=0 IP=0038:000000003e6d3862 pc=000000003e6d3862 SP=0030:000000003fe64f70 env->regs[R_EAX]=00000000000000f0
RAX=00000000000000f0 RBX=0000000000000064 RCX=000000000000b008 RDX=0000000000c7ba33
RSI=0000000000c7bb23 RDI=000000003e5b40d4 RBP=000000003fe64fa0 RSP=000000003fe64f70
R8 =000000003fe64f8f R9 =000000000000c042 R10=0000000000000000 R11=0000000000000000
R12=000000000004baf1 R13=0000000000000011 R14=000000000000c040 R15=0000000000000000
RIP=000000003e6d3862 RFL=00000206 [-----P-] CPL=0 II=0 A20=1 SMM=0 HLT=0
ES =0030 0000000000000000 ffffffff 00cf9300 DPL=0 DS   [-WA]
CS =0038 0000000000000000 ffffffff 00af9a00 DPL=0 CS64 [-R-]
SS =0030 0000000000000000 ffffffff 00cf9300 DPL=0 DS   [-WA]
DS =0030 0000000000000000 ffffffff 00cf9300 DPL=0 DS   [-WA]
FS =0030 0000000000000000 ffffffff 00cf9300 DPL=0 DS   [-WA]
GS =0030 0000000000000000 ffffffff 00cf9300 DPL=0 DS   [-WA]
LDT=0000 0000000000000000 0000ffff 00008200 DPL=0 LDT
TR =0000 0000000000000000 0000ffff 00008b00 DPL=0 TSS64-busy
GDT=     000000003f5dc000 00000047
IDT=     000000003efa3018 00000fff
CR0=80010033 CR2=0000000000000000 CR3=000000003f801000 CR4=00000668
DR0=0000000000000000 DR1=0000000000000000 DR2=0000000000000000 DR3=0000000000000000 
DR6=00000000ffff0ff0 DR7=0000000000000400
CCS=0000000000000004 CCD=00000000000000f0 CCO=EFLAGS
EFER=0000000000000d00
Servicing hardware INT=0x20
   236: v=20 e=0000 i=0 cpl=0 IP=0038:000000003e6d3862 pc=000000003e6d3862 SP=0030:000000003fe64f70 env->regs[R_EAX]=0000000000000081
RAX=0000000000000081 RBX=0000000000000064 RCX=000000000000b008 RDX=0000000000c81d19
RSI=0000000000c81d9a RDI=000000003e5b40d4 RBP=000000003fe64fa0 RSP=000000003fe64f70
R8 =000000003fe64f8f R9 =000000000000c042 R10=0000000000000000 R11=0000000000000000
R12=000000000004bac1 R13=0000000000000011 R14=000000000000c040 R15=0000000000000000
RIP=000000003e6d3862 RFL=00000206 [-----P-] CPL=0 II=0 A20=1 SMM=0 HLT=0
ES =0030 0000000000000000 ffffffff 00cf9300 DPL=0 DS   [-WA]
CS =0038 0000000000000000 ffffffff 00af9a00 DPL=0 CS64 [-R-]
SS =0030 0000000000000000 ffffffff 00cf9300 DPL=0 DS   [-WA]
DS =0030 0000000000000000 ffffffff 00cf9300 DPL=0 DS   [-WA]
FS =0030 0000000000000000 ffffffff 00cf9300 DPL=0 DS   [-WA]
GS =0030 0000000000000000 ffffffff 00cf9300 DPL=0 DS   [-WA]
LDT=0000 0000000000000000 0000ffff 00008200 DPL=0 LDT
TR =0000 0000000000000000 0000ffff 00008b00 DPL=0 TSS64-busy
GDT=     000000003f5dc000 00000047
IDT=     000000003efa3018 00000fff
CR0=80010033 CR2=0000000000000000 CR3=000000003f801000 CR4=00000668
DR0=0000000000000000 DR1=0000000000000000 DR2=0000000000000000 DR3=0000000000000000 
DR6=00000000ffff0ff0 DR7=0000000000000400
CCS=0000000000000004 CCD=0000000000000081 CCO=EFLAGS
EFER=0000000000000d00
Servicing hardware INT=0x20
   237: v=20 e=0000 i=0 cpl=0 IP=0038:000000003e6d3862 pc=000000003e6d3862 SP=0030:000000003fe64f70 env->regs[R_EAX]=000000000000014d
RAX=000000000000014d RBX=0000000000000064 RCX=000000000000b008 RDX=0000000000c8ce5c
RSI=0000000000c8cfa9 RDI=000000003e5b40d4 RBP=000000003fe64fa0 RSP=000000003fe64f70
R8 =000000003fe64f8f R9 =000000000000c042 R10=0000000000000000 R11=0000000000000000
R12=000000000004baf0 R13=0000000000000011 R14=000000000000c040 R15=0000000000000000
RIP=000000003e6d3862 RFL=00000206 [-----P-] CPL=0 II=0 A20=1 SMM=0 HLT=0
ES =0030 0000000000000000 ffffffff 00cf9300 DPL=0 DS   [-WA]
CS =0038 0000000000000000 ffffffff 00af9a00 DPL=0 CS64 [-R-]
SS =0030 0000000000000000 ffffffff 00cf9300 DPL=0 DS   [-WA]
DS =0030 0000000000000000 ffffffff 00cf9300 DPL=0 DS   [-WA]
FS =0030 0000000000000000 ffffffff 00cf9300 DPL=0 DS   [-WA]
GS =0030 0000000000000000 ffffffff 00cf9300 DPL=0 DS   [-WA]
LDT=0000 0000000000000000 0000ffff 00008200 DPL=0 LDT
TR =0000 0000000000000000 0000ffff 00008b00 DPL=0 TSS64-busy
GDT=     000000003f5dc000 00000047
IDT=     000000003efa3018 00000fff
CR0=80010033 CR2=0000000000000000 CR3=000000003f801000 CR4=00000668
DR0=0000000000000000 DR1=0000000000000000 DR2=0000000000000000 DR3=0000000000000000 
DR6=00000000ffff0ff0 DR7=0000000000000400
CCS=0000000000000004 CCD=000000000000014d CCO=EFLAGS
EFER=0000000000000d00
Servicing hardware INT=0x20
   238: v=20 e=0000 i=0 cpl=0 IP=0038:000000003e6d3862 pc=000000003e6d3862 SP=0030:000000003fe64f70 env->regs[R_EAX]=000000000000002c
RAX=000000000000002c RBX=0000000000000064 RCX=000000000000b008 RDX=0000000000c9442e
RSI=0000000000c9445a RDI=000000003e5b40d4 RBP=000000003fe64fa0 RSP=000000003fe64f70
R8 =000000003fe64f8f R9 =000000000000c042 R10=0000000000000000 R11=0000000000000000
R12=000000000004bab2 R13=0000000000000011 R14=000000000000c040 R15=0000000000000000
RIP=000000003e6d3862 RFL=00000202 [-------] CPL=0 II=0 A20=1 SMM=0 HLT=0
ES =0030 0000000000000000 ffffffff 00cf9300 DPL=0 DS   [-WA]
CS =0038 0000000000000000 ffffffff 00af9a00 DPL=0 CS64 [-R-]
SS =0030 0000000000000000 ffffffff 00cf9300 DPL=0 DS   [-WA]
DS =0030 0000000000000000 ffffffff 00cf9300 DPL=0 DS   [-WA]
FS =0030 0000000000000000 ffffffff 00cf9300 DPL=0 DS   [-WA]
GS =0030 0000000000000000 ffffffff 00cf9300 DPL=0 DS   [-WA]
LDT=0000 0000000000000000 0000ffff 00008200 DPL=0 LDT
TR =0000 0000000000000000 0000ffff 00008b00 DPL=0 TSS64-busy
GDT=     000000003f5dc000 00000047
IDT=     000000003efa3018 00000fff
CR0=80010033 CR2=0000000000000000 CR3=000000003f801000 CR4=00000668
DR0=0000000000000000 DR1=0000000000000000 DR2=0000000000000000 DR3=0000000000000000 
DR6=00000000ffff0ff0 DR7=0000000000000400
CCS=0000000000000000 CCD=000000000000002c CCO=EFLAGS
EFER=0000000000000d00
Servicing hardware INT=0x20
   239: v=20 e=0000 i=0 cpl=0 IP=0038:000000003e6d3862 pc=000000003e6d3862 SP=0030:000000003fe64fb0 env->regs[R_EAX]=0000000000000127
RAX=0000000000000127 RBX=0000000000000064 RCX=000000000000b008 RDX=0000000000c9ef73
RSI=0000000000c9f09a RDI=000000003e5b40d4 RBP=000000003fe64fe0 RSP=000000003fe64fb0
R8 =000000003fe64fcf R9 =000000000000c042 R10=0000000000000000 R11=0000000000000000
R12=000000000004baf1 R13=0000000000000011 R14=000000000000c040 R15=0000000000000000
RIP=000000003e6d3862 RFL=00000206 [-----P-] CPL=0 II=0 A20=1 SMM=0 HLT=0
ES =0030 0000000000000000 ffffffff 00cf9300 DPL=0 DS   [-WA]
CS =0038 0000000000000000 ffffffff 00af9a00 DPL=0 CS64 [-R-]
SS =0030 0000000000000000 ffffffff 00cf9300 DPL=0 DS   [-WA]
DS =0030 0000000000000000 ffffffff 00cf9300 DPL=0 DS   [-WA]
FS =0030 0000000000000000 ffffffff 00cf9300 DPL=0 DS   [-WA]
GS =0030 0000000000000000 ffffffff 00cf9300 DPL=0 DS   [-WA]
LDT=0000 0000000000000000 0000ffff 00008200 DPL=0 LDT
TR =0000 0000000000000000 0000ffff 00008b00 DPL=0 TSS64-busy
GDT=     000000003f5dc000 00000047
IDT=     000000003efa3018 00000fff
CR0=80010033 CR2=0000000000000000 CR3=000000003f801000 CR4=00000668
DR0=0000000000000000 DR1=0000000000000000 DR2=0000000000000000 DR3=0000000000000000 
DR6=00000000ffff0ff0 DR7=0000000000000400
CCS=0000000000000004 CCD=0000000000000127 CCO=EFLAGS
EFER=0000000000000d00
Servicing hardware INT=0x20
   240: v=20 e=0000 i=0 cpl=0 IP=0038:000000003e6d3862 pc=000000003e6d3862 SP=0030:000000003fe64fb0 env->regs[R_EAX]=0000000000000104
RAX=0000000000000104 RBX=0000000000000064 RCX=000000000000b008 RDX=0000000000caf110
RSI=0000000000caf214 RDI=000000003e5b40d4 RBP=000000003fe64fe0 RSP=000000003fe64fb0
R8 =000000003fe64fcf R9 =000000000000c042 R10=0000000000000000 R11=0000000000000000
R12=000000000004baf1 R13=0000000000000011 R14=000000000000c040 R15=0000000000000000
RIP=000000003e6d3862 RFL=00000202 [-------] CPL=0 II=0 A20=1 SMM=0 HLT=0
ES =0030 0000000000000000 ffffffff 00cf9300 DPL=0 DS   [-WA]
CS =0038 0000000000000000 ffffffff 00af9a00 DPL=0 CS64 [-R-]
SS =0030 0000000000000000 ffffffff 00cf9300 DPL=0 DS   [-WA]
DS =0030 0000000000000000 ffffffff 00cf9300 DPL=0 DS   [-WA]
FS =0030 0000000000000000 ffffffff 00cf9300 DPL=0 DS   [-WA]
GS =0030 0000000000000000 ffffffff 00cf9300 DPL=0 DS   [-WA]
LDT=0000 0000000000000000 0000ffff 00008200 DPL=0 LDT
TR =0000 0000000000000000 0000ffff 00008b00 DPL=0 TSS64-busy
GDT=     000000003f5dc000 00000047
IDT=     000000003efa3018 00000fff
CR0=80010033 CR2=0000000000000000 CR3=000000003f801000 CR4=00000668
DR0=0000000000000000 DR1=0000000000000000 DR2=0000000000000000 DR3=0000000000000000 
DR6=00000000ffff0ff0 DR7=0000000000000400
CCS=0000000000000000 CCD=0000000000000104 CCO=EFLAGS
EFER=0000000000000d00
Servicing hardware INT=0x20
   241: v=20 e=0000 i=0 cpl=0 IP=0038:000000003fe70ab2 pc=000000003fe70ab2 SP=0030:000000003fe64ed0 env->regs[R_EAX]=000000003fe8ac80
RAX=000000003fe8ac80 RBX=000000003df36000 RCX=0000000000001108 RDX=0000000000001108
RSI=0000000000000011 RDI=000000003df36000 RBP=000000003fe64f30 RSP=000000003fe64ed0
R8 =000000003df36000 R9 =000000003df46fff R10=0000000000000000 R11=0000000000000000
R12=000000003df46fff R13=000000003f7ffa48 R14=000000003f7ffa40 R15=000000003df46fff
RIP=000000003fe70ab2 RFL=00000293 [--S-A-C] CPL=0 II=0 A20=1 SMM=0 HLT=0
ES =0030 0000000000000000 ffffffff 00cf9300 DPL=0 DS   [-WA]
CS =0038 0000000000000000 ffffffff 00af9a00 DPL=0 CS64 [-R-]
SS =0030 0000000000000000 ffffffff 00cf9300 DPL=0 DS   [-WA]
DS =0030 0000000000000000 ffffffff 00cf9300 DPL=0 DS   [-WA]
FS =0030 0000000000000000 ffffffff 00cf9300 DPL=0 DS   [-WA]
GS =0030 0000000000000000 ffffffff 00cf9300 DPL=0 DS   [-WA]
LDT=0000 0000000000000000 0000ffff 00008200 DPL=0 LDT
TR =0000 0000000000000000 0000ffff 00008b00 DPL=0 TSS64-busy
GDT=     000000003f5dc000 00000047
IDT=     000000003efa3018 00000fff
CR0=80010033 CR2=0000000000000000 CR3=000000003f801000 CR4=00000668
DR0=0000000000000000 DR1=0000000000000000 DR2=0000000000000000 DR3=0000000000000000 
DR6=00000000ffff0ff0 DR7=0000000000000400
CCS=0000000000000091 CCD=fffffffffffffff8 CCO=EFLAGS
EFER=0000000000000d00
Servicing hardware INT=0x20
   242: v=20 e=0000 i=0 cpl=0 IP=0038:000000003e6d3862 pc=000000003e6d3862 SP=0030:000000003fe64fb0 env->regs[R_EAX]=0000000000000163
RAX=0000000000000163 RBX=0000000000000064 RCX=000000000000b008 RDX=0000000000cc0107
RSI=0000000000cc026a RDI=000000003e5b40d4 RBP=000000003fe64fe0 RSP=000000003fe64fb0
R8 =000000003fe64fcf R9 =000000000000c042 R10=0000000000000000 R11=0000000000000000
R12=000000000004baeb R13=0000000000000011 R14=000000000000c040 R15=0000000000000000
RIP=000000003e6d3862 RFL=00000206 [-----P-] CPL=0 II=0 A20=1 SMM=0 HLT=0
ES =0030 0000000000000000 ffffffff 00cf9300 DPL=0 DS   [-WA]
CS =0038 0000000000000000 ffffffff 00af9a00 DPL=0 CS64 [-R-]
SS =0030 0000000000000000 ffffffff 00cf9300 DPL=0 DS   [-WA]
DS =0030 0000000000000000 ffffffff 00cf9300 DPL=0 DS   [-WA]
FS =0030 0000000000000000 ffffffff 00cf9300 DPL=0 DS   [-WA]
GS =0030 0000000000000000 ffffffff 00cf9300 DPL=0 DS   [-WA]
LDT=0000 0000000000000000 0000ffff 00008200 DPL=0 LDT
TR =0000 0000000000000000 0000ffff 00008b00 DPL=0 TSS64-busy
GDT=     000000003f5dc000 00000047
IDT=     000000003efa3018 00000fff
CR0=80010033 CR2=0000000000000000 CR3=000000003f801000 CR4=00000668
DR0=0000000000000000 DR1=0000000000000000 DR2=0000000000000000 DR3=0000000000000000 
DR6=00000000ffff0ff0 DR7=0000000000000400
CCS=0000000000000004 CCD=0000000000000163 CCO=EFLAGS
EFER=0000000000000d00
Servicing hardware INT=0x20
   243: v=20 e=0000 i=0 cpl=0 IP=0038:000000003e6d3862 pc=000000003e6d3862 SP=0030:000000003fe64fb0 env->regs[R_EAX]=000000000000430a
RAX=000000000000430a RBX=0000000000002710 RCX=000000000000b008 RDX=0000000000ccc36b
RSI=0000000000cd0675 RDI=000000003e5b40d4 RBP=000000003fe64fe0 RSP=000000003fe64fb0
R8 =000000003fe65000 R9 =00000000000003f6 R10=0000000000000000 R11=0000000000000000
R12=000000000000c042 R13=0000000000000011 R14=000000000000c040 R15=0000000000000000
RIP=000000003e6d3862 RFL=00000206 [-----P-] CPL=0 II=0 A20=1 SMM=0 HLT=0
ES =0030 0000000000000000 ffffffff 00cf9300 DPL=0 DS   [-WA]
CS =0038 0000000000000000 ffffffff 00af9a00 DPL=0 CS64 [-R-]
SS =0030 0000000000000000 ffffffff 00cf9300 DPL=0 DS   [-WA]
DS =0030 0000000000000000 ffffffff 00cf9300 DPL=0 DS   [-WA]
FS =0030 0000000000000000 ffffffff 00cf9300 DPL=0 DS   [-WA]
GS =0030 0000000000000000 ffffffff 00cf9300 DPL=0 DS   [-WA]
LDT=0000 0000000000000000 0000ffff 00008200 DPL=0 LDT
TR =0000 0000000000000000 0000ffff 00008b00 DPL=0 TSS64-busy
GDT=     000000003f5dc000 00000047
IDT=     000000003efa3018 00000fff
CR0=80010033 CR2=0000000000000000 CR3=000000003f801000 CR4=00000668
DR0=0000000000000000 DR1=0000000000000000 DR2=0000000000000000 DR3=0000000000000000 
DR6=00000000ffff0ff0 DR7=0000000000000400
CCS=0000000000000004 CCD=000000000000430a CCO=EFLAGS
EFER=0000000000000d00
Servicing hardware INT=0x20
   244: v=20 e=0000 i=0 cpl=0 IP=0038:000000003e6d3862 pc=000000003e6d3862 SP=0030:000000003fe64fb0 env->regs[R_EAX]=000000000000015d
RAX=000000000000015d RBX=0000000000000064 RCX=000000000000b008 RDX=0000000000cd18c4
RSI=0000000000cd1a21 RDI=000000003e5b40d4 RBP=000000003fe64fe0 RSP=000000003fe64fb0
R8 =000000003fe64fcf R9 =000000000000c042 R10=0000000000000000 R11=0000000000000000
R12=000000000004baee R13=0000000000000011 R14=000000000000c040 R15=0000000000000000
RIP=000000003e6d3862 RFL=00000202 [-------] CPL=0 II=0 A20=1 SMM=0 HLT=0
ES =0030 0000000000000000 ffffffff 00cf9300 DPL=0 DS   [-WA]
CS =0038 0000000000000000 ffffffff 00af9a00 DPL=0 CS64 [-R-]
SS =0030 0000000000000000 ffffffff 00cf9300 DPL=0 DS   [-WA]
DS =0030 0000000000000000 ffffffff 00cf9300 DPL=0 DS   [-WA]
FS =0030 0000000000000000 ffffffff 00cf9300 DPL=0 DS   [-WA]
GS =0030 0000000000000000 ffffffff 00cf9300 DPL=0 DS   [-WA]
LDT=0000 0000000000000000 0000ffff 00008200 DPL=0 LDT
TR =0000 0000000000000000 0000ffff 00008b00 DPL=0 TSS64-busy
GDT=     000000003f5dc000 00000047
IDT=     000000003efa3018 00000fff
CR0=80010033 CR2=0000000000000000 CR3=000000003f801000 CR4=00000668
DR0=0000000000000000 DR1=0000000000000000 DR2=0000000000000000 DR3=0000000000000000 
DR6=00000000ffff0ff0 DR7=0000000000000400
CCS=0000000000000000 CCD=000000000000015d CCO=EFLAGS
EFER=0000000000000d00
Servicing hardware INT=0x20
   245: v=20 e=0000 i=0 cpl=0 IP=0038:000000003e6d3862 pc=000000003e6d3862 SP=0030:000000003fe64ea0 env->regs[R_EAX]=00000000000000f7
RAX=00000000000000f7 RBX=0000000000000064 RCX=000000000000b008 RDX=0000000000ce5859
RSI=0000000000ce5950 RDI=000000003e5b40d4 RBP=000000003fe64ed0 RSP=000000003fe64ea0
R8 =000000003fe64ebf R9 =000000000000c042 R10=0000000000000000 R11=0000000000000000
R12=000000000004baf1 R13=0000000000000011 R14=000000000000c040 R15=0000000000000000
RIP=000000003e6d3862 RFL=00000202 [-------] CPL=0 II=0 A20=1 SMM=0 HLT=0
ES =0030 0000000000000000 ffffffff 00cf9300 DPL=0 DS   [-WA]
CS =0038 0000000000000000 ffffffff 00af9a00 DPL=0 CS64 [-R-]
SS =0030 0000000000000000 ffffffff 00cf9300 DPL=0 DS   [-WA]
DS =0030 0000000000000000 ffffffff 00cf9300 DPL=0 DS   [-WA]
FS =0030 0000000000000000 ffffffff 00cf9300 DPL=0 DS   [-WA]
GS =0030 0000000000000000 ffffffff 00cf9300 DPL=0 DS   [-WA]
LDT=0000 0000000000000000 0000ffff 00008200 DPL=0 LDT
TR =0000 0000000000000000 0000ffff 00008b00 DPL=0 TSS64-busy
GDT=     000000003f5dc000 00000047
IDT=     000000003efa3018 00000fff
CR0=80010033 CR2=0000000000000000 CR3=000000003f801000 CR4=00000668
DR0=0000000000000000 DR1=0000000000000000 DR2=0000000000000000 DR3=0000000000000000 
DR6=00000000ffff0ff0 DR7=0000000000000400
CCS=0000000000000000 CCD=00000000000000f7 CCO=EFLAGS
EFER=0000000000000d00
Servicing hardware INT=0x20
   246: v=20 e=0000 i=0 cpl=0 IP=0038:000000003e6d3862 pc=000000003e6d3862 SP=0030:000000003fe64ea0 env->regs[R_EAX]=00000000000000f2
RAX=00000000000000f2 RBX=0000000000000064 RCX=000000000000b008 RDX=0000000000cf5257
RSI=0000000000cf5349 RDI=000000003e5b40d4 RBP=000000003fe64ed0 RSP=000000003fe64ea0
R8 =000000003fe64ebf R9 =000000000000c042 R10=0000000000000000 R11=0000000000000000
R12=000000000004baf1 R13=0000000000000011 R14=000000000000c040 R15=0000000000000000
RIP=000000003e6d3862 RFL=00000202 [-------] CPL=0 II=0 A20=1 SMM=0 HLT=0
ES =0030 0000000000000000 ffffffff 00cf9300 DPL=0 DS   [-WA]
CS =0038 0000000000000000 ffffffff 00af9a00 DPL=0 CS64 [-R-]
SS =0030 0000000000000000 ffffffff 00cf9300 DPL=0 DS   [-WA]
DS =0030 0000000000000000 ffffffff 00cf9300 DPL=0 DS   [-WA]
FS =0030 0000000000000000 ffffffff 00cf9300 DPL=0 DS   [-WA]
GS =0030 0000000000000000 ffffffff 00cf9300 DPL=0 DS   [-WA]
LDT=0000 0000000000000000 0000ffff 00008200 DPL=0 LDT
TR =0000 0000000000000000 0000ffff 00008b00 DPL=0 TSS64-busy
GDT=     000000003f5dc000 00000047
IDT=     000000003efa3018 00000fff
CR0=80010033 CR2=0000000000000000 CR3=000000003f801000 CR4=00000668
DR0=0000000000000000 DR1=0000000000000000 DR2=0000000000000000 DR3=0000000000000000 
DR6=00000000ffff0ff0 DR7=0000000000000400
CCS=0000000000000000 CCD=00000000000000f2 CCO=EFLAGS
EFER=0000000000000d00
Servicing hardware INT=0x20
   247: v=20 e=0000 i=0 cpl=0 IP=0038:000000003fe70648 pc=000000003fe70648 SP=0030:000000003fe64d70 env->regs[R_EAX]=000000003fe8ab30
RAX=000000003fe8ab30 RBX=000000003bb8c000 RCX=000000003f7de000 RDX=000000003f7e1fff
RSI=000000003df47000 RDI=000000003ea12740 RBP=000000003fe64db0 RSP=000000003fe64d70
R8 =000000003df36000 R9 =000000003df46fff R10=0000000000000000 R11=0000000000000000
R12=000000003df46fff R13=0000000000000007 R14=000000000002600f R15=000000003ea12748
RIP=000000003fe70648 RFL=00000246 [---Z-P-] CPL=0 II=0 A20=1 SMM=0 HLT=0
ES =0030 0000000000000000 ffffffff 00cf9300 DPL=0 DS   [-WA]
CS =0038 0000000000000000 ffffffff 00af9a00 DPL=0 CS64 [-R-]
SS =0030 0000000000000000 ffffffff 00cf9300 DPL=0 DS   [-WA]
DS =0030 0000000000000000 ffffffff 00cf9300 DPL=0 DS   [-WA]
FS =0030 0000000000000000 ffffffff 00cf9300 DPL=0 DS   [-WA]
GS =0030 0000000000000000 ffffffff 00cf9300 DPL=0 DS   [-WA]
LDT=0000 0000000000000000 0000ffff 00008200 DPL=0 LDT
TR =0000 0000000000000000 0000ffff 00008b00 DPL=0 TSS64-busy
GDT=     000000003f5dc000 00000047
IDT=     000000003efa3018 00000fff
CR0=80010033 CR2=0000000000000000 CR3=000000003f801000 CR4=00000668
DR0=0000000000000000 DR1=0000000000000000 DR2=0000000000000000 DR3=0000000000000000 
DR6=00000000ffff0ff0 DR7=0000000000000400
CCS=0000000000000044 CCD=0000000000000000 CCO=EFLAGS
EFER=0000000000000d00
Servicing hardware INT=0x20
   248: v=20 e=0000 i=0 cpl=0 IP=0038:000000003e6d3862 pc=000000003e6d3862 SP=0030:000000003fe64ea0 env->regs[R_EAX]=000000000000003f
RAX=000000000000003f RBX=0000000000000064 RCX=000000000000b008 RDX=0000000000d05fa4
RSI=0000000000d05fe3 RDI=000000003e5b40d4 RBP=000000003fe64ed0 RSP=000000003fe64ea0
R8 =000000003fe64ebf R9 =000000000000c042 R10=0000000000000000 R11=0000000000000000
R12=000000000004bae7 R13=0000000000000011 R14=000000000000c040 R15=0000000000000000
RIP=000000003e6d3862 RFL=00000206 [-----P-] CPL=0 II=0 A20=1 SMM=0 HLT=0
ES =0030 0000000000000000 ffffffff 00cf9300 DPL=0 DS   [-WA]
CS =0038 0000000000000000 ffffffff 00af9a00 DPL=0 CS64 [-R-]
SS =0030 0000000000000000 ffffffff 00cf9300 DPL=0 DS   [-WA]
DS =0030 0000000000000000 ffffffff 00cf9300 DPL=0 DS   [-WA]
FS =0030 0000000000000000 ffffffff 00cf9300 DPL=0 DS   [-WA]
GS =0030 0000000000000000 ffffffff 00cf9300 DPL=0 DS   [-WA]
LDT=0000 0000000000000000 0000ffff 00008200 DPL=0 LDT
TR =0000 0000000000000000 0000ffff 00008b00 DPL=0 TSS64-busy
GDT=     000000003f5dc000 00000047
IDT=     000000003efa3018 00000fff
CR0=80010033 CR2=0000000000000000 CR3=000000003f801000 CR4=00000668
DR0=0000000000000000 DR1=0000000000000000 DR2=0000000000000000 DR3=0000000000000000 
DR6=00000000ffff0ff0 DR7=0000000000000400
CCS=0000000000000004 CCD=000000000000003f CCO=EFLAGS
EFER=0000000000000d00
Servicing hardware INT=0x20
   249: v=20 e=0000 i=0 cpl=0 IP=0038:000000003e6d3862 pc=000000003e6d3862 SP=0030:000000003fe64ea0 env->regs[R_EAX]=0000000000004d10
RAX=0000000000004d10 RBX=0000000000002710 RCX=000000000000b008 RDX=0000000000d11684
RSI=0000000000d16394 RDI=000000003e5b40d4 RBP=000000003fe64ed0 RSP=000000003fe64ea0
R8 =000000003fe64ef0 R9 =00000000000003f6 R10=0000000000000000 R11=0000000000000000
R12=000000000000c042 R13=0000000000000011 R14=000000000000c040 R15=0000000000000000
RIP=000000003e6d3862 RFL=00000202 [-------] CPL=0 II=0 A20=1 SMM=0 HLT=0
ES =0030 0000000000000000 ffffffff 00cf9300 DPL=0 DS   [-WA]
CS =0038 0000000000000000 ffffffff 00af9a00 DPL=0 CS64 [-R-]
SS =0030 0000000000000000 ffffffff 00cf9300 DPL=0 DS   [-WA]
DS =0030 0000000000000000 ffffffff 00cf9300 DPL=0 DS   [-WA]
FS =0030 0000000000000000 ffffffff 00cf9300 DPL=0 DS   [-WA]
GS =0030 0000000000000000 ffffffff 00cf9300 DPL=0 DS   [-WA]
LDT=0000 0000000000000000 0000ffff 00008200 DPL=0 LDT
TR =0000 0000000000000000 0000ffff 00008b00 DPL=0 TSS64-busy
GDT=     000000003f5dc000 00000047
IDT=     000000003efa3018 00000fff
CR0=80010033 CR2=0000000000000000 CR3=000000003f801000 CR4=00000668
DR0=0000000000000000 DR1=0000000000000000 DR2=0000000000000000 DR3=0000000000000000 
DR6=00000000ffff0ff0 DR7=0000000000000400
CCS=0000000000000000 CCD=0000000000004d10 CCO=EFLAGS
EFER=0000000000000d00
Servicing hardware INT=0x20
   250: v=20 e=0000 i=0 cpl=0 IP=0038:000000003e6d3862 pc=000000003e6d3862 SP=0030:000000003fe64ee0 env->regs[R_EAX]=00000000000000dc
RAX=00000000000000dc RBX=0000000000000064 RCX=000000000000b008 RDX=0000000000d17732
RSI=0000000000d1780e RDI=000000003e5b40d4 RBP=000000003fe64f10 RSP=000000003fe64ee0
R8 =000000003fe64eff R9 =000000000000c042 R10=0000000000000000 R11=0000000000000000
R12=000000000004baee R13=0000000000000011 R14=000000000000c040 R15=0000000000000000
RIP=000000003e6d3862 RFL=00000202 [-------] CPL=0 II=0 A20=1 SMM=0 HLT=0
ES =0030 0000000000000000 ffffffff 00cf9300 DPL=0 DS   [-WA]
CS =0038 0000000000000000 ffffffff 00af9a00 DPL=0 CS64 [-R-]
SS =0030 0000000000000000 ffffffff 00cf9300 DPL=0 DS   [-WA]
DS =0030 0000000000000000 ffffffff 00cf9300 DPL=0 DS   [-WA]
FS =0030 0000000000000000 ffffffff 00cf9300 DPL=0 DS   [-WA]
GS =0030 0000000000000000 ffffffff 00cf9300 DPL=0 DS   [-WA]
LDT=0000 0000000000000000 0000ffff 00008200 DPL=0 LDT
TR =0000 0000000000000000 0000ffff 00008b00 DPL=0 TSS64-busy
GDT=     000000003f5dc000 00000047
IDT=     000000003efa3018 00000fff
CR0=80010033 CR2=0000000000000000 CR3=000000003f801000 CR4=00000668
DR0=0000000000000000 DR1=0000000000000000 DR2=0000000000000000 DR3=0000000000000000 
DR6=00000000ffff0ff0 DR7=0000000000000400
CCS=0000000000000000 CCD=00000000000000dc CCO=EFLAGS
EFER=0000000000000d00
Servicing hardware INT=0x20
   251: v=20 e=0000 i=0 cpl=0 IP=0038:000000003e6d3862 pc=000000003e6d3862 SP=0030:000000003fe64ee0 env->regs[R_EAX]=0000000000000113
RAX=0000000000000113 RBX=0000000000000064 RCX=000000000000b008 RDX=0000000000d2629d
RSI=0000000000d263b0 RDI=000000003e5b40d4 RBP=000000003fe64f10 RSP=000000003fe64ee0
R8 =000000003fe64eff R9 =000000000000c042 R10=0000000000000000 R11=0000000000000000
R12=000000000004baf1 R13=0000000000000011 R14=000000000000c040 R15=0000000000000000
RIP=000000003e6d3862 RFL=00000202 [-------] CPL=0 II=0 A20=1 SMM=0 HLT=0
ES =0030 0000000000000000 ffffffff 00cf9300 DPL=0 DS   [-WA]
CS =0038 0000000000000000 ffffffff 00af9a00 DPL=0 CS64 [-R-]
SS =0030 0000000000000000 ffffffff 00cf9300 DPL=0 DS   [-WA]
DS =0030 0000000000000000 ffffffff 00cf9300 DPL=0 DS   [-WA]
FS =0030 0000000000000000 ffffffff 00cf9300 DPL=0 DS   [-WA]
GS =0030 0000000000000000 ffffffff 00cf9300 DPL=0 DS   [-WA]
LDT=0000 0000000000000000 0000ffff 00008200 DPL=0 LDT
TR =0000 0000000000000000 0000ffff 00008b00 DPL=0 TSS64-busy
GDT=     000000003f5dc000 00000047
IDT=     000000003efa3018 00000fff
CR0=80010033 CR2=0000000000000000 CR3=000000003f801000 CR4=00000668
DR0=0000000000000000 DR1=0000000000000000 DR2=0000000000000000 DR3=0000000000000000 
DR6=00000000ffff0ff0 DR7=0000000000000400
CCS=0000000000000000 CCD=0000000000000113 CCO=EFLAGS
EFER=0000000000000d00
Servicing hardware INT=0x20
   252: v=20 e=0000 i=0 cpl=0 IP=0038:000000003e6d3862 pc=000000003e6d3862 SP=0030:000000003fe64ee0 env->regs[R_EAX]=0000000000000087
RAX=0000000000000087 RBX=0000000000000064 RCX=000000000000b008 RDX=0000000000d28f00
RSI=0000000000d28f87 RDI=000000003e5b40d4 RBP=000000003fe64f10 RSP=000000003fe64ee0
R8 =000000003fe64eff R9 =000000000000c042 R10=0000000000000000 R11=0000000000000000
R12=000000000004bad8 R13=0000000000000011 R14=000000000000c040 R15=0000000000000000
RIP=000000003e6d3862 RFL=00000206 [-----P-] CPL=0 II=0 A20=1 SMM=0 HLT=0
ES =0030 0000000000000000 ffffffff 00cf9300 DPL=0 DS   [-WA]
CS =0038 0000000000000000 ffffffff 00af9a00 DPL=0 CS64 [-R-]
SS =0030 0000000000000000 ffffffff 00cf9300 DPL=0 DS   [-WA]
DS =0030 0000000000000000 ffffffff 00cf9300 DPL=0 DS   [-WA]
FS =0030 0000000000000000 ffffffff 00cf9300 DPL=0 DS   [-WA]
GS =0030 0000000000000000 ffffffff 00cf9300 DPL=0 DS   [-WA]
LDT=0000 0000000000000000 0000ffff 00008200 DPL=0 LDT
TR =0000 0000000000000000 0000ffff 00008b00 DPL=0 TSS64-busy
GDT=     000000003f5dc000 00000047
IDT=     000000003efa3018 00000fff
CR0=80010033 CR2=0000000000000000 CR3=000000003f801000 CR4=00000668
DR0=0000000000000000 DR1=0000000000000000 DR2=0000000000000000 DR3=0000000000000000 
DR6=00000000ffff0ff0 DR7=0000000000000400
CCS=0000000000000004 CCD=0000000000000087 CCO=EFLAGS
EFER=0000000000000d00
Servicing hardware INT=0x20
   253: v=20 e=0000 i=0 cpl=0 IP=0038:000000003e6d3862 pc=000000003e6d3862 SP=0030:000000003fe64ee0 env->regs[R_EAX]=0000000000000115
RAX=0000000000000115 RBX=0000000000000064 RCX=000000000000b008 RDX=0000000000d35813
RSI=0000000000d35928 RDI=000000003e5b40d4 RBP=000000003fe64f10 RSP=000000003fe64ee0
R8 =000000003fe64eff R9 =000000000000c042 R10=0000000000000000 R11=0000000000000000
R12=000000000004baf1 R13=0000000000000011 R14=000000000000c040 R15=0000000000000000
RIP=000000003e6d3862 RFL=00000202 [-------] CPL=0 II=0 A20=1 SMM=0 HLT=0
ES =0030 0000000000000000 ffffffff 00cf9300 DPL=0 DS   [-WA]
CS =0038 0000000000000000 ffffffff 00af9a00 DPL=0 CS64 [-R-]
SS =0030 0000000000000000 ffffffff 00cf9300 DPL=0 DS   [-WA]
DS =0030 0000000000000000 ffffffff 00cf9300 DPL=0 DS   [-WA]
FS =0030 0000000000000000 ffffffff 00cf9300 DPL=0 DS   [-WA]
GS =0030 0000000000000000 ffffffff 00cf9300 DPL=0 DS   [-WA]
LDT=0000 0000000000000000 0000ffff 00008200 DPL=0 LDT
TR =0000 0000000000000000 0000ffff 00008b00 DPL=0 TSS64-busy
GDT=     000000003f5dc000 00000047
IDT=     000000003efa3018 00000fff
CR0=80010033 CR2=0000000000000000 CR3=000000003f801000 CR4=00000668
DR0=0000000000000000 DR1=0000000000000000 DR2=0000000000000000 DR3=0000000000000000 
DR6=00000000ffff0ff0 DR7=0000000000000400
CCS=0000000000000000 CCD=0000000000000115 CCO=EFLAGS
EFER=0000000000000d00
Servicing hardware INT=0x20
   254: v=20 e=0000 i=0 cpl=0 IP=0038:000000003e6d3862 pc=000000003e6d3862 SP=0030:000000003fe64ee0 env->regs[R_EAX]=0000000000000012
RAX=0000000000000012 RBX=0000000000000064 RCX=000000000000b008 RDX=0000000000d3a6b8
RSI=0000000000d3a6ca RDI=000000003e5b40d4 RBP=000000003fe64f10 RSP=000000003fe64ee0
R8 =000000003fe64eff R9 =000000000000c042 R10=0000000000000000 R11=0000000000000000
R12=000000000004bac5 R13=0000000000000011 R14=000000000000c040 R15=0000000000000000
RIP=000000003e6d3862 RFL=00000206 [-----P-] CPL=0 II=0 A20=1 SMM=0 HLT=0
ES =0030 0000000000000000 ffffffff 00cf9300 DPL=0 DS   [-WA]
CS =0038 0000000000000000 ffffffff 00af9a00 DPL=0 CS64 [-R-]
SS =0030 0000000000000000 ffffffff 00cf9300 DPL=0 DS   [-WA]
DS =0030 0000000000000000 ffffffff 00cf9300 DPL=0 DS   [-WA]
FS =0030 0000000000000000 ffffffff 00cf9300 DPL=0 DS   [-WA]
GS =0030 0000000000000000 ffffffff 00cf9300 DPL=0 DS   [-WA]
LDT=0000 0000000000000000 0000ffff 00008200 DPL=0 LDT
TR =0000 0000000000000000 0000ffff 00008b00 DPL=0 TSS64-busy
GDT=     000000003f5dc000 00000047
IDT=     000000003efa3018 00000fff
CR0=80010033 CR2=0000000000000000 CR3=000000003f801000 CR4=00000668
DR0=0000000000000000 DR1=0000000000000000 DR2=0000000000000000 DR3=0000000000000000 
DR6=00000000ffff0ff0 DR7=0000000000000400
CCS=0000000000000004 CCD=0000000000000012 CCO=EFLAGS
EFER=0000000000000d00
Servicing hardware INT=0x20
   255: v=20 e=0000 i=0 cpl=0 IP=0038:000000003e6d3862 pc=000000003e6d3862 SP=0030:000000003fe64ee0 env->regs[R_EAX]=000000000000010e
RAX=000000000000010e RBX=0000000000000064 RCX=000000000000b008 RDX=0000000000d47312
RSI=0000000000d47420 RDI=000000003e5b40d4 RBP=000000003fe64f10 RSP=000000003fe64ee0
R8 =000000003fe64eff R9 =000000000000c042 R10=0000000000000000 R11=0000000000000000
R12=000000000004baf1 R13=0000000000000011 R14=000000000000c040 R15=0000000000000000
RIP=000000003e6d3862 RFL=00000202 [-------] CPL=0 II=0 A20=1 SMM=0 HLT=0
ES =0030 0000000000000000 ffffffff 00cf9300 DPL=0 DS   [-WA]
CS =0038 0000000000000000 ffffffff 00af9a00 DPL=0 CS64 [-R-]
SS =0030 0000000000000000 ffffffff 00cf9300 DPL=0 DS   [-WA]
DS =0030 0000000000000000 ffffffff 00cf9300 DPL=0 DS   [-WA]
FS =0030 0000000000000000 ffffffff 00cf9300 DPL=0 DS   [-WA]
GS =0030 0000000000000000 ffffffff 00cf9300 DPL=0 DS   [-WA]
LDT=0000 0000000000000000 0000ffff 00008200 DPL=0 LDT
TR =0000 0000000000000000 0000ffff 00008b00 DPL=0 TSS64-busy
GDT=     000000003f5dc000 00000047
IDT=     000000003efa3018 00000fff
CR0=80010033 CR2=0000000000000000 CR3=000000003f801000 CR4=00000668
DR0=0000000000000000 DR1=0000000000000000 DR2=0000000000000000 DR3=0000000000000000 
DR6=00000000ffff0ff0 DR7=0000000000000400
CCS=0000000000000000 CCD=000000000000010e CCO=EFLAGS
EFER=0000000000000d00
Servicing hardware INT=0x20
   256: v=20 e=0000 i=0 cpl=0 IP=0038:000000003e6d3862 pc=000000003e6d3862 SP=0030:000000003fe64ee0 env->regs[R_EAX]=00000000000000e7
RAX=00000000000000e7 RBX=0000000000000064 RCX=000000000000b008 RDX=0000000000d4be8b
RSI=0000000000d4bf72 RDI=000000003e5b40d4 RBP=000000003fe64f10 RSP=000000003fe64ee0
R8 =000000003fe64eff R9 =000000000000c042 R10=0000000000000000 R11=0000000000000000
R12=000000000004bac5 R13=0000000000000011 R14=000000000000c040 R15=0000000000000000
RIP=000000003e6d3862 RFL=00000206 [-----P-] CPL=0 II=0 A20=1 SMM=0 HLT=0
ES =0030 0000000000000000 ffffffff 00cf9300 DPL=0 DS   [-WA]
CS =0038 0000000000000000 ffffffff 00af9a00 DPL=0 CS64 [-R-]
SS =0030 0000000000000000 ffffffff 00cf9300 DPL=0 DS   [-WA]
DS =0030 0000000000000000 ffffffff 00cf9300 DPL=0 DS   [-WA]
FS =0030 0000000000000000 ffffffff 00cf9300 DPL=0 DS   [-WA]
GS =0030 0000000000000000 ffffffff 00cf9300 DPL=0 DS   [-WA]
LDT=0000 0000000000000000 0000ffff 00008200 DPL=0 LDT
TR =0000 0000000000000000 0000ffff 00008b00 DPL=0 TSS64-busy
GDT=     000000003f5dc000 00000047
IDT=     000000003efa3018 00000fff
CR0=80010033 CR2=0000000000000000 CR3=000000003f801000 CR4=00000668
DR0=0000000000000000 DR1=0000000000000000 DR2=0000000000000000 DR3=0000000000000000 
DR6=00000000ffff0ff0 DR7=0000000000000400
CCS=0000000000000004 CCD=00000000000000e7 CCO=EFLAGS
EFER=0000000000000d00
Servicing hardware INT=0x20
   257: v=20 e=0000 i=0 cpl=0 IP=0038:000000003e6d3862 pc=000000003e6d3862 SP=0030:000000003fe64ee0 env->regs[R_EAX]=0000000000001b2f
RAX=0000000000001b2f RBX=0000000000002710 RCX=000000000000b008 RDX=0000000000d56026
RSI=0000000000d57b55 RDI=000000003e5b40d4 RBP=000000003fe64f10 RSP=000000003fe64ee0
R8 =000000003fe64f30 R9 =00000000000003f6 R10=0000000000000000 R11=0000000000000000
R12=000000000000c042 R13=0000000000000011 R14=000000000000c040 R15=0000000000000000
RIP=000000003e6d3862 RFL=00000202 [-------] CPL=0 II=0 A20=1 SMM=0 HLT=0
ES =0030 0000000000000000 ffffffff 00cf9300 DPL=0 DS   [-WA]
CS =0038 0000000000000000 ffffffff 00af9a00 DPL=0 CS64 [-R-]
SS =0030 0000000000000000 ffffffff 00cf9300 DPL=0 DS   [-WA]
DS =0030 0000000000000000 ffffffff 00cf9300 DPL=0 DS   [-WA]
FS =0030 0000000000000000 ffffffff 00cf9300 DPL=0 DS   [-WA]
GS =0030 0000000000000000 ffffffff 00cf9300 DPL=0 DS   [-WA]
LDT=0000 0000000000000000 0000ffff 00008200 DPL=0 LDT
TR =0000 0000000000000000 0000ffff 00008b00 DPL=0 TSS64-busy
GDT=     000000003f5dc000 00000047
IDT=     000000003efa3018 00000fff
CR0=80010033 CR2=0000000000000000 CR3=000000003f801000 CR4=00000668
DR0=0000000000000000 DR1=0000000000000000 DR2=0000000000000000 DR3=0000000000000000 
DR6=00000000ffff0ff0 DR7=0000000000000400
CCS=0000000000000000 CCD=0000000000001b2f CCO=EFLAGS
EFER=0000000000000d00
Servicing hardware INT=0x20
   258: v=20 e=0000 i=0 cpl=0 IP=0038:000000003e6d3862 pc=000000003e6d3862 SP=0030:000000003fe65050 env->regs[R_EAX]=0000000000000155
RAX=0000000000000155 RBX=0000000000000064 RCX=000000000000b008 RDX=0000000000d5d5d6
RSI=0000000000d5d72b RDI=000000003e5b40d4 RBP=000000003fe65080 RSP=000000003fe65050
R8 =000000003fe6506f R9 =000000000000c042 R10=0000000000000000 R11=0000000000000000
R12=000000000004baec R13=0000000000000011 R14=000000000000c040 R15=0000000000000000
RIP=000000003e6d3862 RFL=00000206 [-----P-] CPL=0 II=0 A20=1 SMM=0 HLT=0
ES =0030 0000000000000000 ffffffff 00cf9300 DPL=0 DS   [-WA]
CS =0038 0000000000000000 ffffffff 00af9a00 DPL=0 CS64 [-R-]
SS =0030 0000000000000000 ffffffff 00cf9300 DPL=0 DS   [-WA]
DS =0030 0000000000000000 ffffffff 00cf9300 DPL=0 DS   [-WA]
FS =0030 0000000000000000 ffffffff 00cf9300 DPL=0 DS   [-WA]
GS =0030 0000000000000000 ffffffff 00cf9300 DPL=0 DS   [-WA]
LDT=0000 0000000000000000 0000ffff 00008200 DPL=0 LDT
TR =0000 0000000000000000 0000ffff 00008b00 DPL=0 TSS64-busy
GDT=     000000003f5dc000 00000047
IDT=     000000003efa3018 00000fff
CR0=80010033 CR2=0000000000000000 CR3=000000003f801000 CR4=00000668
DR0=0000000000000000 DR1=0000000000000000 DR2=0000000000000000 DR3=0000000000000000 
DR6=00000000ffff0ff0 DR7=0000000000000400
CCS=0000000000000004 CCD=0000000000000155 CCO=EFLAGS
EFER=0000000000000d00
Servicing hardware INT=0x20
   259: v=20 e=0000 i=0 cpl=0 IP=0038:000000003e6d3862 pc=000000003e6d3862 SP=0030:000000003fe65050 env->regs[R_EAX]=00000000000000fa
RAX=00000000000000fa RBX=0000000000000064 RCX=000000000000b008 RDX=0000000000d6caef
RSI=0000000000d6cbe9 RDI=000000003e5b40d4 RBP=000000003fe65080 RSP=000000003fe65050
R8 =000000003fe6506f R9 =000000000000c042 R10=0000000000000000 R11=0000000000000000
R12=000000000004baf1 R13=0000000000000011 R14=000000000000c040 R15=0000000000000000
RIP=000000003e6d3862 RFL=00000206 [-----P-] CPL=0 II=0 A20=1 SMM=0 HLT=0
ES =0030 0000000000000000 ffffffff 00cf9300 DPL=0 DS   [-WA]
CS =0038 0000000000000000 ffffffff 00af9a00 DPL=0 CS64 [-R-]
SS =0030 0000000000000000 ffffffff 00cf9300 DPL=0 DS   [-WA]
DS =0030 0000000000000000 ffffffff 00cf9300 DPL=0 DS   [-WA]
FS =0030 0000000000000000 ffffffff 00cf9300 DPL=0 DS   [-WA]
GS =0030 0000000000000000 ffffffff 00cf9300 DPL=0 DS   [-WA]
LDT=0000 0000000000000000 0000ffff 00008200 DPL=0 LDT
TR =0000 0000000000000000 0000ffff 00008b00 DPL=0 TSS64-busy
GDT=     000000003f5dc000 00000047
IDT=     000000003efa3018 00000fff
CR0=80010033 CR2=0000000000000000 CR3=000000003f801000 CR4=00000668
DR0=0000000000000000 DR1=0000000000000000 DR2=0000000000000000 DR3=0000000000000000 
DR6=00000000ffff0ff0 DR7=0000000000000400
CCS=0000000000000004 CCD=00000000000000fa CCO=EFLAGS
EFER=0000000000000d00
Servicing hardware INT=0x20
   260: v=20 e=0000 i=0 cpl=0 IP=0038:000000003e6d3862 pc=000000003e6d3862 SP=0030:000000003fe65050 env->regs[R_EAX]=000000000000015f
RAX=000000000000015f RBX=0000000000000064 RCX=000000000000b008 RDX=0000000000d6eda6
RSI=0000000000d6ef05 RDI=000000003e5b40d4 RBP=000000003fe65080 RSP=000000003fe65050
R8 =000000003fe6506f R9 =000000000000c042 R10=0000000000000000 R11=0000000000000000
R12=000000000004bade R13=0000000000000011 R14=000000000000c040 R15=0000000000000000
RIP=000000003e6d3862 RFL=00000206 [-----P-] CPL=0 II=0 A20=1 SMM=0 HLT=0
ES =0030 0000000000000000 ffffffff 00cf9300 DPL=0 DS   [-WA]
CS =0038 0000000000000000 ffffffff 00af9a00 DPL=0 CS64 [-R-]
SS =0030 0000000000000000 ffffffff 00cf9300 DPL=0 DS   [-WA]
DS =0030 0000000000000000 ffffffff 00cf9300 DPL=0 DS   [-WA]
FS =0030 0000000000000000 ffffffff 00cf9300 DPL=0 DS   [-WA]
GS =0030 0000000000000000 ffffffff 00cf9300 DPL=0 DS   [-WA]
LDT=0000 0000000000000000 0000ffff 00008200 DPL=0 LDT
TR =0000 0000000000000000 0000ffff 00008b00 DPL=0 TSS64-busy
GDT=     000000003f5dc000 00000047
IDT=     000000003efa3018 00000fff
CR0=80010033 CR2=0000000000000000 CR3=000000003f801000 CR4=00000668
DR0=0000000000000000 DR1=0000000000000000 DR2=0000000000000000 DR3=0000000000000000 
DR6=00000000ffff0ff0 DR7=0000000000000400
CCS=0000000000000004 CCD=000000000000015f CCO=EFLAGS
EFER=0000000000000d00
Servicing hardware INT=0x20
   261: v=20 e=0000 i=0 cpl=0 IP=0038:000000003e6d3862 pc=000000003e6d3862 SP=0030:000000003fe65050 env->regs[R_EAX]=00000000000000c6
RAX=00000000000000c6 RBX=0000000000000064 RCX=000000000000b008 RDX=0000000000d7cafd
RSI=0000000000d7cbc3 RDI=000000003e5b40d4 RBP=000000003fe65080 RSP=000000003fe65050
R8 =000000003fe6506f R9 =000000000000c042 R10=0000000000000000 R11=0000000000000000
R12=000000000004baf1 R13=0000000000000011 R14=000000000000c040 R15=0000000000000000
RIP=000000003e6d3862 RFL=00000206 [-----P-] CPL=0 II=0 A20=1 SMM=0 HLT=0
ES =0030 0000000000000000 ffffffff 00cf9300 DPL=0 DS   [-WA]
CS =0038 0000000000000000 ffffffff 00af9a00 DPL=0 CS64 [-R-]
SS =0030 0000000000000000 ffffffff 00cf9300 DPL=0 DS   [-WA]
DS =0030 0000000000000000 ffffffff 00cf9300 DPL=0 DS   [-WA]
FS =0030 0000000000000000 ffffffff 00cf9300 DPL=0 DS   [-WA]
GS =0030 0000000000000000 ffffffff 00cf9300 DPL=0 DS   [-WA]
LDT=0000 0000000000000000 0000ffff 00008200 DPL=0 LDT
TR =0000 0000000000000000 0000ffff 00008b00 DPL=0 TSS64-busy
GDT=     000000003f5dc000 00000047
IDT=     000000003efa3018 00000fff
CR0=80010033 CR2=0000000000000000 CR3=000000003f801000 CR4=00000668
DR0=0000000000000000 DR1=0000000000000000 DR2=0000000000000000 DR3=0000000000000000 
DR6=00000000ffff0ff0 DR7=0000000000000400
CCS=0000000000000004 CCD=00000000000000c6 CCO=EFLAGS
EFER=0000000000000d00
Servicing hardware INT=0x20
   262: v=20 e=0000 i=0 cpl=0 IP=0038:000000003e6d3862 pc=000000003e6d3862 SP=0030:000000003fe65050 env->regs[R_EAX]=0000000000000009
RAX=0000000000000009 RBX=0000000000000064 RCX=000000000000b008 RDX=0000000000d805c9
RSI=0000000000d805d2 RDI=000000003e5b40d4 RBP=000000003fe65080 RSP=000000003fe65050
R8 =000000003fe6506f R9 =000000000000c042 R10=0000000000000000 R11=0000000000000000
R12=000000000004bad1 R13=0000000000000011 R14=000000000000c040 R15=0000000000000000
RIP=000000003e6d3862 RFL=00000206 [-----P-] CPL=0 II=0 A20=1 SMM=0 HLT=0
ES =0030 0000000000000000 ffffffff 00cf9300 DPL=0 DS   [-WA]
CS =0038 0000000000000000 ffffffff 00af9a00 DPL=0 CS64 [-R-]
SS =0030 0000000000000000 ffffffff 00cf9300 DPL=0 DS   [-WA]
DS =0030 0000000000000000 ffffffff 00cf9300 DPL=0 DS   [-WA]
FS =0030 0000000000000000 ffffffff 00cf9300 DPL=0 DS   [-WA]
GS =0030 0000000000000000 ffffffff 00cf9300 DPL=0 DS   [-WA]
LDT=0000 0000000000000000 0000ffff 00008200 DPL=0 LDT
TR =0000 0000000000000000 0000ffff 00008b00 DPL=0 TSS64-busy
GDT=     000000003f5dc000 00000047
IDT=     000000003efa3018 00000fff
CR0=80010033 CR2=0000000000000000 CR3=000000003f801000 CR4=00000668
DR0=0000000000000000 DR1=0000000000000000 DR2=0000000000000000 DR3=0000000000000000 
DR6=00000000ffff0ff0 DR7=0000000000000400
CCS=0000000000000004 CCD=0000000000000009 CCO=EFLAGS
EFER=0000000000000d00
Servicing hardware INT=0x20
   263: v=20 e=0000 i=0 cpl=0 IP=0038:000000003e6d3862 pc=000000003e6d3862 SP=0030:000000003fe65050 env->regs[R_EAX]=0000000000001fcb
RAX=0000000000001fcb RBX=0000000000002710 RCX=000000000000b008 RDX=0000000000d8c58a
RSI=0000000000d8e555 RDI=000000003e5b40d4 RBP=000000003fe65080 RSP=000000003fe65050
R8 =000000003fe650a0 R9 =00000000000003f6 R10=0000000000000000 R11=0000000000000000
R12=000000000000c042 R13=0000000000000011 R14=000000000000c040 R15=0000000000000000
RIP=000000003e6d3862 RFL=00000202 [-------] CPL=0 II=0 A20=1 SMM=0 HLT=0
ES =0030 0000000000000000 ffffffff 00cf9300 DPL=0 DS   [-WA]
CS =0038 0000000000000000 ffffffff 00af9a00 DPL=0 CS64 [-R-]
SS =0030 0000000000000000 ffffffff 00cf9300 DPL=0 DS   [-WA]
DS =0030 0000000000000000 ffffffff 00cf9300 DPL=0 DS   [-WA]
FS =0030 0000000000000000 ffffffff 00cf9300 DPL=0 DS   [-WA]
GS =0030 0000000000000000 ffffffff 00cf9300 DPL=0 DS   [-WA]
LDT=0000 0000000000000000 0000ffff 00008200 DPL=0 LDT
TR =0000 0000000000000000 0000ffff 00008b00 DPL=0 TSS64-busy
GDT=     000000003f5dc000 00000047
IDT=     000000003efa3018 00000fff
CR0=80010033 CR2=0000000000000000 CR3=000000003f801000 CR4=00000668
DR0=0000000000000000 DR1=0000000000000000 DR2=0000000000000000 DR3=0000000000000000 
DR6=00000000ffff0ff0 DR7=0000000000000400
CCS=0000000000000000 CCD=0000000000001fcb CCO=EFLAGS
EFER=0000000000000d00
Servicing hardware INT=0x20
   264: v=20 e=0000 i=0 cpl=0 IP=0038:000000003e6d3862 pc=000000003e6d3862 SP=0030:000000003fe65090 env->regs[R_EAX]=0000000000000153
RAX=0000000000000153 RBX=0000000000000064 RCX=000000000000b008 RDX=0000000000d91cda
RSI=0000000000d91e2d RDI=000000003e5b40d4 RBP=000000003fe650c0 RSP=000000003fe65090
R8 =000000003fe650af R9 =000000000000c042 R10=0000000000000000 R11=0000000000000000
R12=000000000004badc R13=0000000000000011 R14=000000000000c040 R15=0000000000000000
RIP=000000003e6d3862 RFL=00000206 [-----P-] CPL=0 II=0 A20=1 SMM=0 HLT=0
ES =0030 0000000000000000 ffffffff 00cf9300 DPL=0 DS   [-WA]
CS =0038 0000000000000000 ffffffff 00af9a00 DPL=0 CS64 [-R-]
SS =0030 0000000000000000 ffffffff 00cf9300 DPL=0 DS   [-WA]
DS =0030 0000000000000000 ffffffff 00cf9300 DPL=0 DS   [-WA]
FS =0030 0000000000000000 ffffffff 00cf9300 DPL=0 DS   [-WA]
GS =0030 0000000000000000 ffffffff 00cf9300 DPL=0 DS   [-WA]
LDT=0000 0000000000000000 0000ffff 00008200 DPL=0 LDT
TR =0000 0000000000000000 0000ffff 00008b00 DPL=0 TSS64-busy
GDT=     000000003f5dc000 00000047
IDT=     000000003efa3018 00000fff
CR0=80010033 CR2=0000000000000000 CR3=000000003f801000 CR4=00000668
DR0=0000000000000000 DR1=0000000000000000 DR2=0000000000000000 DR3=0000000000000000 
DR6=00000000ffff0ff0 DR7=0000000000000400
CCS=0000000000000004 CCD=0000000000000153 CCO=EFLAGS
EFER=0000000000000d00
Servicing hardware INT=0x20
   265: v=20 e=0000 i=0 cpl=0 IP=0038:000000003e6d3862 pc=000000003e6d3862 SP=0030:000000003fe65090 env->regs[R_EAX]=00000000000000d6
RAX=00000000000000d6 RBX=0000000000000064 RCX=000000000000b008 RDX=0000000000d9f9e2
RSI=0000000000d9fab8 RDI=000000003e5b40d4 RBP=000000003fe650c0 RSP=000000003fe65090
R8 =000000003fe650af R9 =000000000000c042 R10=0000000000000000 R11=0000000000000000
R12=000000000004baf1 R13=0000000000000011 R14=000000000000c040 R15=0000000000000000
RIP=000000003e6d3862 RFL=00000202 [-------] CPL=0 II=0 A20=1 SMM=0 HLT=0
ES =0030 0000000000000000 ffffffff 00cf9300 DPL=0 DS   [-WA]
CS =0038 0000000000000000 ffffffff 00af9a00 DPL=0 CS64 [-R-]
SS =0030 0000000000000000 ffffffff 00cf9300 DPL=0 DS   [-WA]
DS =0030 0000000000000000 ffffffff 00cf9300 DPL=0 DS   [-WA]
FS =0030 0000000000000000 ffffffff 00cf9300 DPL=0 DS   [-WA]
GS =0030 0000000000000000 ffffffff 00cf9300 DPL=0 DS   [-WA]
LDT=0000 0000000000000000 0000ffff 00008200 DPL=0 LDT
TR =0000 0000000000000000 0000ffff 00008b00 DPL=0 TSS64-busy
GDT=     000000003f5dc000 00000047
IDT=     000000003efa3018 00000fff
CR0=80010033 CR2=0000000000000000 CR3=000000003f801000 CR4=00000668
DR0=0000000000000000 DR1=0000000000000000 DR2=0000000000000000 DR3=0000000000000000 
DR6=00000000ffff0ff0 DR7=0000000000000400
CCS=0000000000000000 CCD=00000000000000d6 CCO=EFLAGS
EFER=0000000000000d00
Servicing hardware INT=0x20
   266: v=20 e=0000 i=0 cpl=0 IP=0038:000000003e6d3862 pc=000000003e6d3862 SP=0030:000000003fe65090 env->regs[R_EAX]=00000000000000d3
RAX=00000000000000d3 RBX=0000000000000064 RCX=000000000000b008 RDX=0000000000da3463
RSI=0000000000da3536 RDI=000000003e5b40d4 RBP=000000003fe650c0 RSP=000000003fe65090
R8 =000000003fe650af R9 =000000000000c042 R10=0000000000000000 R11=0000000000000000
R12=000000000004bacf R13=0000000000000011 R14=000000000000c040 R15=0000000000000000
RIP=000000003e6d3862 RFL=00000202 [-------] CPL=0 II=0 A20=1 SMM=0 HLT=0
ES =0030 0000000000000000 ffffffff 00cf9300 DPL=0 DS   [-WA]
CS =0038 0000000000000000 ffffffff 00af9a00 DPL=0 CS64 [-R-]
SS =0030 0000000000000000 ffffffff 00cf9300 DPL=0 DS   [-WA]
DS =0030 0000000000000000 ffffffff 00cf9300 DPL=0 DS   [-WA]
FS =0030 0000000000000000 ffffffff 00cf9300 DPL=0 DS   [-WA]
GS =0030 0000000000000000 ffffffff 00cf9300 DPL=0 DS   [-WA]
LDT=0000 0000000000000000 0000ffff 00008200 DPL=0 LDT
TR =0000 0000000000000000 0000ffff 00008b00 DPL=0 TSS64-busy
GDT=     000000003f5dc000 00000047
IDT=     000000003efa3018 00000fff
CR0=80010033 CR2=0000000000000000 CR3=000000003f801000 CR4=00000668
DR0=0000000000000000 DR1=0000000000000000 DR2=0000000000000000 DR3=0000000000000000 
DR6=00000000ffff0ff0 DR7=0000000000000400
CCS=0000000000000000 CCD=00000000000000d3 CCO=EFLAGS
EFER=0000000000000d00
Servicing hardware INT=0x20
   267: v=20 e=0000 i=0 cpl=0 IP=0038:000000003e6d3862 pc=000000003e6d3862 SP=0030:000000003fe65090 env->regs[R_EAX]=0000000000000104
RAX=0000000000000104 RBX=0000000000000064 RCX=000000000000b008 RDX=0000000000dafd0e
RSI=0000000000dafe12 RDI=000000003e5b40d4 RBP=000000003fe650c0 RSP=000000003fe65090
R8 =000000003fe650af R9 =000000000000c042 R10=0000000000000000 R11=0000000000000000
R12=000000000004baf1 R13=0000000000000011 R14=000000000000c040 R15=0000000000000000
RIP=000000003e6d3862 RFL=00000202 [-------] CPL=0 II=0 A20=1 SMM=0 HLT=0
ES =0030 0000000000000000 ffffffff 00cf9300 DPL=0 DS   [-WA]
CS =0038 0000000000000000 ffffffff 00af9a00 DPL=0 CS64 [-R-]
SS =0030 0000000000000000 ffffffff 00cf9300 DPL=0 DS   [-WA]
DS =0030 0000000000000000 ffffffff 00cf9300 DPL=0 DS   [-WA]
FS =0030 0000000000000000 ffffffff 00cf9300 DPL=0 DS   [-WA]
GS =0030 0000000000000000 ffffffff 00cf9300 DPL=0 DS   [-WA]
LDT=0000 0000000000000000 0000ffff 00008200 DPL=0 LDT
TR =0000 0000000000000000 0000ffff 00008b00 DPL=0 TSS64-busy
GDT=     000000003f5dc000 00000047
IDT=     000000003efa3018 00000fff
CR0=80010033 CR2=0000000000000000 CR3=000000003f801000 CR4=00000668
DR0=0000000000000000 DR1=0000000000000000 DR2=0000000000000000 DR3=0000000000000000 
DR6=00000000ffff0ff0 DR7=0000000000000400
CCS=0000000000000000 CCD=0000000000000104 CCO=EFLAGS
EFER=0000000000000d00
Servicing hardware INT=0x20
   268: v=20 e=0000 i=0 cpl=0 IP=0038:000000003ef9f419 pc=000000003ef9f419 SP=0030:000000003fe64f60 env->regs[R_EAX]=0000000000000001
RAX=0000000000000001 RBX=000000000000c042 RCX=000000000000c042 RDX=000000000000c042
RSI=0000000000000000 RDI=0000000000000000 RBP=000000003fe64f80 RSP=000000003fe64f60
R8 =000000003fe650af R9 =000000000000c042 R10=0000000000000000 R11=0000000000000000
R12=000000003fe650af R13=0000000000000001 R14=0000000000000001 R15=0000000000000001
RIP=000000003ef9f419 RFL=00000246 [---Z-P-] CPL=0 II=0 A20=1 SMM=0 HLT=0
ES =0030 0000000000000000 ffffffff 00cf9300 DPL=0 DS   [-WA]
CS =0038 0000000000000000 ffffffff 00af9a00 DPL=0 CS64 [-R-]
SS =0030 0000000000000000 ffffffff 00cf9300 DPL=0 DS   [-WA]
DS =0030 0000000000000000 ffffffff 00cf9300 DPL=0 DS   [-WA]
FS =0030 0000000000000000 ffffffff 00cf9300 DPL=0 DS   [-WA]
GS =0030 0000000000000000 ffffffff 00cf9300 DPL=0 DS   [-WA]
LDT=0000 0000000000000000 0000ffff 00008200 DPL=0 LDT
TR =0000 0000000000000000 0000ffff 00008b00 DPL=0 TSS64-busy
GDT=     000000003f5dc000 00000047
IDT=     000000003efa3018 00000fff
CR0=80010033 CR2=0000000000000000 CR3=000000003f801000 CR4=00000668
DR0=0000000000000000 DR1=0000000000000000 DR2=0000000000000000 DR3=0000000000000000 
DR6=00000000ffff0ff0 DR7=0000000000000400
CCS=0000000000000044 CCD=0000000000000000 CCO=EFLAGS
EFER=0000000000000d00
Servicing hardware INT=0x20
   269: v=20 e=0000 i=0 cpl=0 IP=0038:000000003e6d3862 pc=000000003e6d3862 SP=0030:000000003fe65090 env->regs[R_EAX]=000000000000007b
RAX=000000000000007b RBX=0000000000000064 RCX=000000000000b008 RDX=0000000000dc3243
RSI=0000000000dc32be RDI=000000003e5b40d4 RBP=000000003fe650c0 RSP=000000003fe65090
R8 =000000003fe650af R9 =000000000000c042 R10=0000000000000000 R11=0000000000000000
R12=000000000004baf1 R13=0000000000000011 R14=000000000000c040 R15=0000000000000000
RIP=000000003e6d3862 RFL=00000206 [-----P-] CPL=0 II=0 A20=1 SMM=0 HLT=0
ES =0030 0000000000000000 ffffffff 00cf9300 DPL=0 DS   [-WA]
CS =0038 0000000000000000 ffffffff 00af9a00 DPL=0 CS64 [-R-]
SS =0030 0000000000000000 ffffffff 00cf9300 DPL=0 DS   [-WA]
DS =0030 0000000000000000 ffffffff 00cf9300 DPL=0 DS   [-WA]
FS =0030 0000000000000000 ffffffff 00cf9300 DPL=0 DS   [-WA]
GS =0030 0000000000000000 ffffffff 00cf9300 DPL=0 DS   [-WA]
LDT=0000 0000000000000000 0000ffff 00008200 DPL=0 LDT
TR =0000 0000000000000000 0000ffff 00008b00 DPL=0 TSS64-busy
GDT=     000000003f5dc000 00000047
IDT=     000000003efa3018 00000fff
CR0=80010033 CR2=0000000000000000 CR3=000000003f801000 CR4=00000668
DR0=0000000000000000 DR1=0000000000000000 DR2=0000000000000000 DR3=0000000000000000 
DR6=00000000ffff0ff0 DR7=0000000000000400
CCS=0000000000000004 CCD=000000000000007b CCO=EFLAGS
EFER=0000000000000d00
Servicing hardware INT=0x20
   270: v=20 e=0000 i=0 cpl=0 IP=0038:000000003e6d3862 pc=000000003e6d3862 SP=0030:000000003fe65090 env->regs[R_EAX]=0000000000000104
RAX=0000000000000104 RBX=0000000000000064 RCX=000000000000b008 RDX=0000000000dc63e8
RSI=0000000000dc64ec RDI=000000003e5b40d4 RBP=000000003fe650c0 RSP=000000003fe65090
R8 =000000003fe650af R9 =000000000000c042 R10=0000000000000000 R11=0000000000000000
R12=000000000004bad6 R13=0000000000000011 R14=000000000000c040 R15=0000000000000000
RIP=000000003e6d3862 RFL=00000202 [-------] CPL=0 II=0 A20=1 SMM=0 HLT=0
ES =0030 0000000000000000 ffffffff 00cf9300 DPL=0 DS   [-WA]
CS =0038 0000000000000000 ffffffff 00af9a00 DPL=0 CS64 [-R-]
SS =0030 0000000000000000 ffffffff 00cf9300 DPL=0 DS   [-WA]
DS =0030 0000000000000000 ffffffff 00cf9300 DPL=0 DS   [-WA]
FS =0030 0000000000000000 ffffffff 00cf9300 DPL=0 DS   [-WA]
GS =0030 0000000000000000 ffffffff 00cf9300 DPL=0 DS   [-WA]
LDT=0000 0000000000000000 0000ffff 00008200 DPL=0 LDT
TR =0000 0000000000000000 0000ffff 00008b00 DPL=0 TSS64-busy
GDT=     000000003f5dc000 00000047
IDT=     000000003efa3018 00000fff
CR0=80010033 CR2=0000000000000000 CR3=000000003f801000 CR4=00000668
DR0=0000000000000000 DR1=0000000000000000 DR2=0000000000000000 DR3=0000000000000000 
DR6=00000000ffff0ff0 DR7=0000000000000400
CCS=0000000000000000 CCD=0000000000000104 CCO=EFLAGS
EFER=0000000000000d00
Servicing hardware INT=0x20
   271: v=20 e=0000 i=0 cpl=0 IP=0038:000000003e6d37a0 pc=000000003e6d37a0 SP=0030:000000003fe65020 env->regs[R_EAX]=0000000000003900
RAX=0000000000003900 RBX=000000000000b008 RCX=000000000000b008 RDX=0000000000dd197b
RSI=0000000000dd52fe RDI=000000003e5b40d4 RBP=000000003fe65080 RSP=000000003fe65020
R8 =000000003fe650e0 R9 =00000000000003f6 R10=0000000000000000 R11=0000000000000000
R12=0000000000000000 R13=0000000000000011 R14=000000000000c040 R15=0000000000000000
RIP=000000003e6d37a0 RFL=00000202 [-------] CPL=0 II=0 A20=1 SMM=0 HLT=0
ES =0030 0000000000000000 ffffffff 00cf9300 DPL=0 DS   [-WA]
CS =0038 0000000000000000 ffffffff 00af9a00 DPL=0 CS64 [-R-]
SS =0030 0000000000000000 ffffffff 00cf9300 DPL=0 DS   [-WA]
DS =0030 0000000000000000 ffffffff 00cf9300 DPL=0 DS   [-WA]
FS =0030 0000000000000000 ffffffff 00cf9300 DPL=0 DS   [-WA]
GS =0030 0000000000000000 ffffffff 00cf9300 DPL=0 DS   [-WA]
LDT=0000 0000000000000000 0000ffff 00008200 DPL=0 LDT
TR =0000 0000000000000000 0000ffff 00008b00 DPL=0 TSS64-busy
GDT=     000000003f5dc000 00000047
IDT=     000000003efa3018 00000fff
CR0=80010033 CR2=0000000000000000 CR3=000000003f801000 CR4=00000668
DR0=0000000000000000 DR1=0000000000000000 DR2=0000000000000000 DR3=0000000000000000 
DR6=00000000ffff0ff0 DR7=0000000000000400
CCS=0000000000000000 CCD=0000000000000001 CCO=EFLAGS
EFER=0000000000000d00
Servicing hardware INT=0x20
   272: v=20 e=0000 i=0 cpl=0 IP=0038:000000003e6d3862 pc=000000003e6d3862 SP=0030:000000003fe65050 env->regs[R_EAX]=00000000000000ea
RAX=00000000000000ea RBX=0000000000000064 RCX=000000000000b008 RDX=0000000000dd7bc2
RSI=0000000000dd7cac RDI=000000003e5b40d4 RBP=000000003fe65080 RSP=000000003fe65050
R8 =000000003fe6506f R9 =000000000000c042 R10=0000000000000000 R11=0000000000000000
R12=000000000004baf0 R13=0000000000000011 R14=000000000000c040 R15=0000000000000000
RIP=000000003e6d3862 RFL=00000202 [-------] CPL=0 II=0 A20=1 SMM=0 HLT=0
ES =0030 0000000000000000 ffffffff 00cf9300 DPL=0 DS   [-WA]
CS =0038 0000000000000000 ffffffff 00af9a00 DPL=0 CS64 [-R-]
SS =0030 0000000000000000 ffffffff 00cf9300 DPL=0 DS   [-WA]
DS =0030 0000000000000000 ffffffff 00cf9300 DPL=0 DS   [-WA]
FS =0030 0000000000000000 ffffffff 00cf9300 DPL=0 DS   [-WA]
GS =0030 0000000000000000 ffffffff 00cf9300 DPL=0 DS   [-WA]
LDT=0000 0000000000000000 0000ffff 00008200 DPL=0 LDT
TR =0000 0000000000000000 0000ffff 00008b00 DPL=0 TSS64-busy
GDT=     000000003f5dc000 00000047
IDT=     000000003efa3018 00000fff
CR0=80010033 CR2=0000000000000000 CR3=000000003f801000 CR4=00000668
DR0=0000000000000000 DR1=0000000000000000 DR2=0000000000000000 DR3=0000000000000000 
DR6=00000000ffff0ff0 DR7=0000000000000400
CCS=0000000000000000 CCD=00000000000000ea CCO=EFLAGS
EFER=0000000000000d00
Servicing hardware INT=0x20
   273: v=20 e=0000 i=0 cpl=0 IP=0038:000000003e6d3862 pc=000000003e6d3862 SP=0030:000000003fe65050 env->regs[R_EAX]=000000000000010a
RAX=000000000000010a RBX=0000000000000064 RCX=000000000000b008 RDX=0000000000de7073
RSI=0000000000de717d RDI=000000003e5b40d4 RBP=000000003fe65080 RSP=000000003fe65050
R8 =000000003fe6506f R9 =000000000000c042 R10=0000000000000000 R11=0000000000000000
R12=000000000004baf1 R13=0000000000000011 R14=000000000000c040 R15=0000000000000000
RIP=000000003e6d3862 RFL=00000206 [-----P-] CPL=0 II=0 A20=1 SMM=0 HLT=0
ES =0030 0000000000000000 ffffffff 00cf9300 DPL=0 DS   [-WA]
CS =0038 0000000000000000 ffffffff 00af9a00 DPL=0 CS64 [-R-]
SS =0030 0000000000000000 ffffffff 00cf9300 DPL=0 DS   [-WA]
DS =0030 0000000000000000 ffffffff 00cf9300 DPL=0 DS   [-WA]
FS =0030 0000000000000000 ffffffff 00cf9300 DPL=0 DS   [-WA]
GS =0030 0000000000000000 ffffffff 00cf9300 DPL=0 DS   [-WA]
LDT=0000 0000000000000000 0000ffff 00008200 DPL=0 LDT
TR =0000 0000000000000000 0000ffff 00008b00 DPL=0 TSS64-busy
GDT=     000000003f5dc000 00000047
IDT=     000000003efa3018 00000fff
CR0=80010033 CR2=0000000000000000 CR3=000000003f801000 CR4=00000668
DR0=0000000000000000 DR1=0000000000000000 DR2=0000000000000000 DR3=0000000000000000 
DR6=00000000ffff0ff0 DR7=0000000000000400
CCS=0000000000000004 CCD=000000000000010a CCO=EFLAGS
EFER=0000000000000d00
Servicing hardware INT=0x20
   274: v=20 e=0000 i=0 cpl=0 IP=0038:000000003e6d3862 pc=000000003e6d3862 SP=0030:000000003fe65050 env->regs[R_EAX]=0000000000000156
RAX=0000000000000156 RBX=0000000000000064 RCX=000000000000b008 RDX=0000000000de9327
RSI=0000000000de947d RDI=000000003e5b40d4 RBP=000000003fe65080 RSP=000000003fe65050
R8 =000000003fe6506f R9 =000000000000c042 R10=0000000000000000 R11=0000000000000000
R12=000000000004badd R13=0000000000000011 R14=000000000000c040 R15=0000000000000000
RIP=000000003e6d3862 RFL=00000206 [-----P-] CPL=0 II=0 A20=1 SMM=0 HLT=0
ES =0030 0000000000000000 ffffffff 00cf9300 DPL=0 DS   [-WA]
CS =0038 0000000000000000 ffffffff 00af9a00 DPL=0 CS64 [-R-]
SS =0030 0000000000000000 ffffffff 00cf9300 DPL=0 DS   [-WA]
DS =0030 0000000000000000 ffffffff 00cf9300 DPL=0 DS   [-WA]
FS =0030 0000000000000000 ffffffff 00cf9300 DPL=0 DS   [-WA]
GS =0030 0000000000000000 ffffffff 00cf9300 DPL=0 DS   [-WA]
LDT=0000 0000000000000000 0000ffff 00008200 DPL=0 LDT
TR =0000 0000000000000000 0000ffff 00008b00 DPL=0 TSS64-busy
GDT=     000000003f5dc000 00000047
IDT=     000000003efa3018 00000fff
CR0=80010033 CR2=0000000000000000 CR3=000000003f801000 CR4=00000668
DR0=0000000000000000 DR1=0000000000000000 DR2=0000000000000000 DR3=0000000000000000 
DR6=00000000ffff0ff0 DR7=0000000000000400
CCS=0000000000000004 CCD=0000000000000156 CCO=EFLAGS
EFER=0000000000000d00
Servicing hardware INT=0x20
   275: v=20 e=0000 i=0 cpl=0 IP=0038:000000003e6d3862 pc=000000003e6d3862 SP=0030:000000003fe65050 env->regs[R_EAX]=00000000000000e7
RAX=00000000000000e7 RBX=0000000000000064 RCX=000000000000b008 RDX=0000000000df69cb
RSI=0000000000df6ab2 RDI=000000003e5b40d4 RBP=000000003fe65080 RSP=000000003fe65050
R8 =000000003fe6506f R9 =000000000000c042 R10=0000000000000000 R11=0000000000000000
R12=000000000004baf1 R13=0000000000000011 R14=000000000000c040 R15=0000000000000000
RIP=000000003e6d3862 RFL=00000206 [-----P-] CPL=0 II=0 A20=1 SMM=0 HLT=0
ES =0030 0000000000000000 ffffffff 00cf9300 DPL=0 DS   [-WA]
CS =0038 0000000000000000 ffffffff 00af9a00 DPL=0 CS64 [-R-]
SS =0030 0000000000000000 ffffffff 00cf9300 DPL=0 DS   [-WA]
DS =0030 0000000000000000 ffffffff 00cf9300 DPL=0 DS   [-WA]
FS =0030 0000000000000000 ffffffff 00cf9300 DPL=0 DS   [-WA]
GS =0030 0000000000000000 ffffffff 00cf9300 DPL=0 DS   [-WA]
LDT=0000 0000000000000000 0000ffff 00008200 DPL=0 LDT
TR =0000 0000000000000000 0000ffff 00008b00 DPL=0 TSS64-busy
GDT=     000000003f5dc000 00000047
IDT=     000000003efa3018 00000fff
CR0=80010033 CR2=0000000000000000 CR3=000000003f801000 CR4=00000668
DR0=0000000000000000 DR1=0000000000000000 DR2=0000000000000000 DR3=0000000000000000 
DR6=00000000ffff0ff0 DR7=0000000000000400
CCS=0000000000000004 CCD=00000000000000e7 CCO=EFLAGS
EFER=0000000000000d00
Servicing hardware INT=0x20
   276: v=20 e=0000 i=0 cpl=0 IP=0038:000000003e6d3862 pc=000000003e6d3862 SP=0030:000000003fe65050 env->regs[R_EAX]=0000000000000099
RAX=0000000000000099 RBX=0000000000000064 RCX=000000000000b008 RDX=0000000000dfaad7
RSI=0000000000dfab70 RDI=000000003e5b40d4 RBP=000000003fe65080 RSP=000000003fe65050
R8 =000000003fe6506f R9 =000000000000c042 R10=0000000000000000 R11=0000000000000000
R12=000000000004bacc R13=0000000000000011 R14=000000000000c040 R15=0000000000000000
RIP=000000003e6d3862 RFL=00000206 [-----P-] CPL=0 II=0 A20=1 SMM=0 HLT=0
ES =0030 0000000000000000 ffffffff 00cf9300 DPL=0 DS   [-WA]
CS =0038 0000000000000000 ffffffff 00af9a00 DPL=0 CS64 [-R-]
SS =0030 0000000000000000 ffffffff 00cf9300 DPL=0 DS   [-WA]
DS =0030 0000000000000000 ffffffff 00cf9300 DPL=0 DS   [-WA]
FS =0030 0000000000000000 ffffffff 00cf9300 DPL=0 DS   [-WA]
GS =0030 0000000000000000 ffffffff 00cf9300 DPL=0 DS   [-WA]
LDT=0000 0000000000000000 0000ffff 00008200 DPL=0 LDT
TR =0000 0000000000000000 0000ffff 00008b00 DPL=0 TSS64-busy
GDT=     000000003f5dc000 00000047
IDT=     000000003efa3018 00000fff
CR0=80010033 CR2=0000000000000000 CR3=000000003f801000 CR4=00000668
DR0=0000000000000000 DR1=0000000000000000 DR2=0000000000000000 DR3=0000000000000000 
DR6=00000000ffff0ff0 DR7=0000000000000400
CCS=0000000000000004 CCD=0000000000000099 CCO=EFLAGS
EFER=0000000000000d00
Servicing hardware INT=0x20
   277: v=20 e=0000 i=0 cpl=0 IP=0038:000000003e6d3862 pc=000000003e6d3862 SP=0030:000000003fe65090 env->regs[R_EAX]=00000000000000d1
RAX=00000000000000d1 RBX=0000000000000064 RCX=000000000000b008 RDX=0000000000e081d4
RSI=0000000000e082a5 RDI=000000003e5b40d4 RBP=000000003fe650c0 RSP=000000003fe65090
R8 =000000003fe650af R9 =000000000000c042 R10=0000000000000000 R11=0000000000000000
R12=000000000004baf1 R13=0000000000000011 R14=000000000000c040 R15=0000000000000000
RIP=000000003e6d3862 RFL=00000206 [-----P-] CPL=0 II=0 A20=1 SMM=0 HLT=0
ES =0030 0000000000000000 ffffffff 00cf9300 DPL=0 DS   [-WA]
CS =0038 0000000000000000 ffffffff 00af9a00 DPL=0 CS64 [-R-]
SS =0030 0000000000000000 ffffffff 00cf9300 DPL=0 DS   [-WA]
DS =0030 0000000000000000 ffffffff 00cf9300 DPL=0 DS   [-WA]
FS =0030 0000000000000000 ffffffff 00cf9300 DPL=0 DS   [-WA]
GS =0030 0000000000000000 ffffffff 00cf9300 DPL=0 DS   [-WA]
LDT=0000 0000000000000000 0000ffff 00008200 DPL=0 LDT
TR =0000 0000000000000000 0000ffff 00008b00 DPL=0 TSS64-busy
GDT=     000000003f5dc000 00000047
IDT=     000000003efa3018 00000fff
CR0=80010033 CR2=0000000000000000 CR3=000000003f801000 CR4=00000668
DR0=0000000000000000 DR1=0000000000000000 DR2=0000000000000000 DR3=0000000000000000 
DR6=00000000ffff0ff0 DR7=0000000000000400
CCS=0000000000000004 CCD=00000000000000d1 CCO=EFLAGS
EFER=0000000000000d00
Servicing hardware INT=0x20
   278: v=20 e=0000 i=0 cpl=0 IP=0038:000000003e6d3862 pc=000000003e6d3862 SP=0030:000000003fe65090 env->regs[R_EAX]=000000000000014e
RAX=000000000000014e RBX=0000000000000064 RCX=000000000000b008 RDX=0000000000e0bdd8
RSI=0000000000e0bf26 RDI=000000003e5b40d4 RBP=000000003fe650c0 RSP=000000003fe65090
R8 =000000003fe650af R9 =000000000000c042 R10=0000000000000000 R11=0000000000000000
R12=000000000004bad0 R13=0000000000000011 R14=000000000000c040 R15=0000000000000000
RIP=000000003e6d3862 RFL=00000206 [-----P-] CPL=0 II=0 A20=1 SMM=0 HLT=0
ES =0030 0000000000000000 ffffffff 00cf9300 DPL=0 DS   [-WA]
CS =0038 0000000000000000 ffffffff 00af9a00 DPL=0 CS64 [-R-]
SS =0030 0000000000000000 ffffffff 00cf9300 DPL=0 DS   [-WA]
DS =0030 0000000000000000 ffffffff 00cf9300 DPL=0 DS   [-WA]
FS =0030 0000000000000000 ffffffff 00cf9300 DPL=0 DS   [-WA]
GS =0030 0000000000000000 ffffffff 00cf9300 DPL=0 DS   [-WA]
LDT=0000 0000000000000000 0000ffff 00008200 DPL=0 LDT
TR =0000 0000000000000000 0000ffff 00008b00 DPL=0 TSS64-busy
GDT=     000000003f5dc000 00000047
IDT=     000000003efa3018 00000fff
CR0=80010033 CR2=0000000000000000 CR3=000000003f801000 CR4=00000668
DR0=0000000000000000 DR1=0000000000000000 DR2=0000000000000000 DR3=0000000000000000 
DR6=00000000ffff0ff0 DR7=0000000000000400
CCS=0000000000000004 CCD=000000000000014e CCO=EFLAGS
EFER=0000000000000d00
Servicing hardware INT=0x20
   279: v=20 e=0000 i=0 cpl=0 IP=0038:000000003e6d3862 pc=000000003e6d3862 SP=0030:000000003fe65090 env->regs[R_EAX]=0000000000000900
RAX=0000000000000900 RBX=0000000000002710 RCX=000000000000b008 RDX=0000000000e169ee
RSI=0000000000e172ee RDI=000000003e5b40d4 RBP=000000003fe650c0 RSP=000000003fe65090
R8 =000000003fe650e0 R9 =00000000000003f6 R10=0000000000000000 R11=0000000000000000
R12=000000000000c042 R13=0000000000000011 R14=000000000000c040 R15=0000000000000000
RIP=000000003e6d3862 RFL=00000206 [-----P-] CPL=0 II=0 A20=1 SMM=0 HLT=0
ES =0030 0000000000000000 ffffffff 00cf9300 DPL=0 DS   [-WA]
CS =0038 0000000000000000 ffffffff 00af9a00 DPL=0 CS64 [-R-]
SS =0030 0000000000000000 ffffffff 00cf9300 DPL=0 DS   [-WA]
DS =0030 0000000000000000 ffffffff 00cf9300 DPL=0 DS   [-WA]
FS =0030 0000000000000000 ffffffff 00cf9300 DPL=0 DS   [-WA]
GS =0030 0000000000000000 ffffffff 00cf9300 DPL=0 DS   [-WA]
LDT=0000 0000000000000000 0000ffff 00008200 DPL=0 LDT
TR =0000 0000000000000000 0000ffff 00008b00 DPL=0 TSS64-busy
GDT=     000000003f5dc000 00000047
IDT=     000000003efa3018 00000fff
CR0=80010033 CR2=0000000000000000 CR3=000000003f801000 CR4=00000668
DR0=0000000000000000 DR1=0000000000000000 DR2=0000000000000000 DR3=0000000000000000 
DR6=00000000ffff0ff0 DR7=0000000000000400
CCS=0000000000000004 CCD=0000000000000900 CCO=EFLAGS
EFER=0000000000000d00
Servicing hardware INT=0x20
   280: v=20 e=0000 i=0 cpl=0 IP=0038:000000003e6d3862 pc=000000003e6d3862 SP=0030:000000003fe65090 env->regs[R_EAX]=0000000000000025
RAX=0000000000000025 RBX=0000000000000064 RCX=000000000000b008 RDX=0000000000e1d7f4
RSI=0000000000e1d819 RDI=000000003e5b40d4 RBP=000000003fe650c0 RSP=000000003fe65090
R8 =000000003fe650af R9 =000000000000c042 R10=0000000000000000 R11=0000000000000000
R12=000000000004bac1 R13=0000000000000011 R14=000000000000c040 R15=0000000000000000
RIP=000000003e6d3862 RFL=00000202 [-------] CPL=0 II=0 A20=1 SMM=0 HLT=0
ES =0030 0000000000000000 ffffffff 00cf9300 DPL=0 DS   [-WA]
CS =0038 0000000000000000 ffffffff 00af9a00 DPL=0 CS64 [-R-]
SS =0030 0000000000000000 ffffffff 00cf9300 DPL=0 DS   [-WA]
DS =0030 0000000000000000 ffffffff 00cf9300 DPL=0 DS   [-WA]
FS =0030 0000000000000000 ffffffff 00cf9300 DPL=0 DS   [-WA]
GS =0030 0000000000000000 ffffffff 00cf9300 DPL=0 DS   [-WA]
LDT=0000 0000000000000000 0000ffff 00008200 DPL=0 LDT
TR =0000 0000000000000000 0000ffff 00008b00 DPL=0 TSS64-busy
GDT=     000000003f5dc000 00000047
IDT=     000000003efa3018 00000fff
CR0=80010033 CR2=0000000000000000 CR3=000000003f801000 CR4=00000668
DR0=0000000000000000 DR1=0000000000000000 DR2=0000000000000000 DR3=0000000000000000 
DR6=00000000ffff0ff0 DR7=0000000000000400
CCS=0000000000000000 CCD=0000000000000025 CCO=EFLAGS
EFER=0000000000000d00
Servicing hardware INT=0x20
   281: v=20 e=0000 i=0 cpl=0 IP=0038:000000003e6d3862 pc=000000003e6d3862 SP=0030:000000003fe65090 env->regs[R_EAX]=000000000000010f
RAX=000000000000010f RBX=0000000000000064 RCX=000000000000b008 RDX=0000000000e28349
RSI=0000000000e28458 RDI=000000003e5b40d4 RBP=000000003fe650c0 RSP=000000003fe65090
R8 =000000003fe650af R9 =000000000000c042 R10=0000000000000000 R11=0000000000000000
R12=000000000004baf1 R13=0000000000000011 R14=000000000000c040 R15=0000000000000000
RIP=000000003e6d3862 RFL=00000206 [-----P-] CPL=0 II=0 A20=1 SMM=0 HLT=0
ES =0030 0000000000000000 ffffffff 00cf9300 DPL=0 DS   [-WA]
CS =0038 0000000000000000 ffffffff 00af9a00 DPL=0 CS64 [-R-]
SS =0030 0000000000000000 ffffffff 00cf9300 DPL=0 DS   [-WA]
DS =0030 0000000000000000 ffffffff 00cf9300 DPL=0 DS   [-WA]
FS =0030 0000000000000000 ffffffff 00cf9300 DPL=0 DS   [-WA]
GS =0030 0000000000000000 ffffffff 00cf9300 DPL=0 DS   [-WA]
LDT=0000 0000000000000000 0000ffff 00008200 DPL=0 LDT
TR =0000 0000000000000000 0000ffff 00008b00 DPL=0 TSS64-busy
GDT=     000000003f5dc000 00000047
IDT=     000000003efa3018 00000fff
CR0=80010033 CR2=0000000000000000 CR3=000000003f801000 CR4=00000668
DR0=0000000000000000 DR1=0000000000000000 DR2=0000000000000000 DR3=0000000000000000 
DR6=00000000ffff0ff0 DR7=0000000000000400
CCS=0000000000000004 CCD=000000000000010f CCO=EFLAGS
EFER=0000000000000d00
Servicing hardware INT=0x20
   282: v=20 e=0000 i=0 cpl=0 IP=0038:000000003e6d3862 pc=000000003e6d3862 SP=0030:000000003fe65090 env->regs[R_EAX]=00000000000000e7
RAX=00000000000000e7 RBX=0000000000000064 RCX=000000000000b008 RDX=0000000000e2f1e1
RSI=0000000000e2f2c8 RDI=000000003e5b40d4 RBP=000000003fe650c0 RSP=000000003fe65090
R8 =000000003fe650af R9 =000000000000c042 R10=0000000000000000 R11=0000000000000000
R12=000000000004bab5 R13=0000000000000011 R14=000000000000c040 R15=0000000000000000
RIP=000000003e6d3862 RFL=00000206 [-----P-] CPL=0 II=0 A20=1 SMM=0 HLT=0
ES =0030 0000000000000000 ffffffff 00cf9300 DPL=0 DS   [-WA]
CS =0038 0000000000000000 ffffffff 00af9a00 DPL=0 CS64 [-R-]
SS =0030 0000000000000000 ffffffff 00cf9300 DPL=0 DS   [-WA]
DS =0030 0000000000000000 ffffffff 00cf9300 DPL=0 DS   [-WA]
FS =0030 0000000000000000 ffffffff 00cf9300 DPL=0 DS   [-WA]
GS =0030 0000000000000000 ffffffff 00cf9300 DPL=0 DS   [-WA]
LDT=0000 0000000000000000 0000ffff 00008200 DPL=0 LDT
TR =0000 0000000000000000 0000ffff 00008b00 DPL=0 TSS64-busy
GDT=     000000003f5dc000 00000047
IDT=     000000003efa3018 00000fff
CR0=80010033 CR2=0000000000000000 CR3=000000003f801000 CR4=00000668
DR0=0000000000000000 DR1=0000000000000000 DR2=0000000000000000 DR3=0000000000000000 
DR6=00000000ffff0ff0 DR7=0000000000000400
CCS=0000000000000004 CCD=00000000000000e7 CCO=EFLAGS
EFER=0000000000000d00
Servicing hardware INT=0x20
   283: v=20 e=0000 i=0 cpl=0 IP=0038:000000003e6d3862 pc=000000003e6d3862 SP=0030:000000003fe65090 env->regs[R_EAX]=0000000000000112
RAX=0000000000000112 RBX=0000000000000064 RCX=000000000000b008 RDX=0000000000e39e1c
RSI=0000000000e39f2e RDI=000000003e5b40d4 RBP=000000003fe650c0 RSP=000000003fe65090
R8 =000000003fe650af R9 =000000000000c042 R10=0000000000000000 R11=0000000000000000
R12=000000000004baf1 R13=0000000000000011 R14=000000000000c040 R15=0000000000000000
RIP=000000003e6d3862 RFL=00000206 [-----P-] CPL=0 II=0 A20=1 SMM=0 HLT=0
ES =0030 0000000000000000 ffffffff 00cf9300 DPL=0 DS   [-WA]
CS =0038 0000000000000000 ffffffff 00af9a00 DPL=0 CS64 [-R-]
SS =0030 0000000000000000 ffffffff 00cf9300 DPL=0 DS   [-WA]
DS =0030 0000000000000000 ffffffff 00cf9300 DPL=0 DS   [-WA]
FS =0030 0000000000000000 ffffffff 00cf9300 DPL=0 DS   [-WA]
GS =0030 0000000000000000 ffffffff 00cf9300 DPL=0 DS   [-WA]
LDT=0000 0000000000000000 0000ffff 00008200 DPL=0 LDT
TR =0000 0000000000000000 0000ffff 00008b00 DPL=0 TSS64-busy
GDT=     000000003f5dc000 00000047
IDT=     000000003efa3018 00000fff
CR0=80010033 CR2=0000000000000000 CR3=000000003f801000 CR4=00000668
DR0=0000000000000000 DR1=0000000000000000 DR2=0000000000000000 DR3=0000000000000000 
DR6=00000000ffff0ff0 DR7=0000000000000400
CCS=0000000000000004 CCD=0000000000000112 CCO=EFLAGS
EFER=0000000000000d00
Servicing hardware INT=0x20
   284: v=20 e=0000 i=0 cpl=0 IP=0038:000000003e6d3862 pc=000000003e6d3862 SP=0030:000000003fe65090 env->regs[R_EAX]=0000000000000143
RAX=0000000000000143 RBX=0000000000000064 RCX=000000000000b008 RDX=0000000000e409a2
RSI=0000000000e40ae5 RDI=000000003e5b40d4 RBP=000000003fe650c0 RSP=000000003fe65090
R8 =000000003fe650af R9 =000000000000c042 R10=0000000000000000 R11=0000000000000000
R12=000000000004baba R13=0000000000000011 R14=000000000000c040 R15=0000000000000000
RIP=000000003e6d3862 RFL=00000202 [-------] CPL=0 II=0 A20=1 SMM=0 HLT=0
ES =0030 0000000000000000 ffffffff 00cf9300 DPL=0 DS   [-WA]
CS =0038 0000000000000000 ffffffff 00af9a00 DPL=0 CS64 [-R-]
SS =0030 0000000000000000 ffffffff 00cf9300 DPL=0 DS   [-WA]
DS =0030 0000000000000000 ffffffff 00cf9300 DPL=0 DS   [-WA]
FS =0030 0000000000000000 ffffffff 00cf9300 DPL=0 DS   [-WA]
GS =0030 0000000000000000 ffffffff 00cf9300 DPL=0 DS   [-WA]
LDT=0000 0000000000000000 0000ffff 00008200 DPL=0 LDT
TR =0000 0000000000000000 0000ffff 00008b00 DPL=0 TSS64-busy
GDT=     000000003f5dc000 00000047
IDT=     000000003efa3018 00000fff
CR0=80010033 CR2=0000000000000000 CR3=000000003f801000 CR4=00000668
DR0=0000000000000000 DR1=0000000000000000 DR2=0000000000000000 DR3=0000000000000000 
DR6=00000000ffff0ff0 DR7=0000000000000400
CCS=0000000000000000 CCD=0000000000000143 CCO=EFLAGS
EFER=0000000000000d00
Servicing hardware INT=0x20
   285: v=20 e=0000 i=0 cpl=0 IP=0038:000000003e721f55 pc=000000003e721f55 SP=0030:000000003fe65ac0 env->regs[R_EAX]=8000000000000006
RAX=8000000000000006 RBX=8000000000000006 RCX=000000003eb6ca80 RDX=000000003e5b6000
RSI=0000000000000002 RDI=000000003e726100 RBP=000000003fe65b20 RSP=000000003fe65ac0
R8 =000000003fe659a1 R9 =0000000000000064 R10=000000003f58b954 R11=000000003fe65a20
R12=000000003e726100 R13=000000003fe65b5c R14=000000003fe65ae4 R15=0000000000000000
RIP=000000003e721f55 RFL=00000246 [---Z-P-] CPL=0 II=0 A20=1 SMM=0 HLT=0
ES =0030 0000000000000000 ffffffff 00cf9300 DPL=0 DS   [-WA]
CS =0038 0000000000000000 ffffffff 00af9a00 DPL=0 CS64 [-R-]
SS =0030 0000000000000000 ffffffff 00cf9300 DPL=0 DS   [-WA]
DS =0030 0000000000000000 ffffffff 00cf9300 DPL=0 DS   [-WA]
FS =0030 0000000000000000 ffffffff 00cf9300 DPL=0 DS   [-WA]
GS =0030 0000000000000000 ffffffff 00cf9300 DPL=0 DS   [-WA]
LDT=0000 0000000000000000 0000ffff 00008200 DPL=0 LDT
TR =0000 0000000000000000 0000ffff 00008b00 DPL=0 TSS64-busy
GDT=     000000003f5dc000 00000047
IDT=     000000003efa3018 00000fff
CR0=80010033 CR2=0000000000000000 CR3=000000003f801000 CR4=00000668
DR0=0000000000000000 DR1=0000000000000000 DR2=0000000000000000 DR3=0000000000000000 
DR6=00000000ffff0ff0 DR7=0000000000000400
CCS=0000000000000044 CCD=0000000000000000 CCO=EFLAGS
EFER=0000000000000d00
Servicing hardware INT=0x20
   286: v=20 e=0000 i=0 cpl=0 IP=0038:000000003e6d3862 pc=000000003e6d3862 SP=0030:000000003fe64f40 env->regs[R_EAX]=00000000000000e3
RAX=00000000000000e3 RBX=0000000000000064 RCX=000000000000b008 RDX=0000000000e558ab
RSI=0000000000e5598e RDI=000000003e5b40d4 RBP=000000003fe64f70 RSP=000000003fe64f40
R8 =000000003fe64f5f R9 =000000000000c042 R10=0000000000000000 R11=0000000000000000
R12=000000000004baf1 R13=0000000000000011 R14=000000000000c040 R15=0000000000000000
RIP=000000003e6d3862 RFL=00000202 [-------] CPL=0 II=0 A20=1 SMM=0 HLT=0
ES =0030 0000000000000000 ffffffff 00cf9300 DPL=0 DS   [-WA]
CS =0038 0000000000000000 ffffffff 00af9a00 DPL=0 CS64 [-R-]
SS =0030 0000000000000000 ffffffff 00cf9300 DPL=0 DS   [-WA]
DS =0030 0000000000000000 ffffffff 00cf9300 DPL=0 DS   [-WA]
FS =0030 0000000000000000 ffffffff 00cf9300 DPL=0 DS   [-WA]
GS =0030 0000000000000000 ffffffff 00cf9300 DPL=0 DS   [-WA]
LDT=0000 0000000000000000 0000ffff 00008200 DPL=0 LDT
TR =0000 0000000000000000 0000ffff 00008b00 DPL=0 TSS64-busy
GDT=     000000003f5dc000 00000047
IDT=     000000003efa3018 00000fff
CR0=80010033 CR2=0000000000000000 CR3=000000003f801000 CR4=00000668
DR0=0000000000000000 DR1=0000000000000000 DR2=0000000000000000 DR3=0000000000000000 
DR6=00000000ffff0ff0 DR7=0000000000000400
CCS=0000000000000000 CCD=00000000000000e3 CCO=EFLAGS
EFER=0000000000000d00
Servicing hardware INT=0x20
   287: v=20 e=0000 i=0 cpl=0 IP=0038:000000003e6d3862 pc=000000003e6d3862 SP=0030:000000003fe64f40 env->regs[R_EAX]=000000000000015f
RAX=000000000000015f RBX=0000000000000064 RCX=000000000000b008 RDX=0000000000e5a7a1
RSI=0000000000e5a900 RDI=000000003e5b40d4 RBP=000000003fe64f70 RSP=000000003fe64f40
R8 =000000003fe64f5f R9 =000000000000c042 R10=0000000000000000 R11=0000000000000000
R12=000000000004bac9 R13=0000000000000011 R14=000000000000c040 R15=0000000000000000
RIP=000000003e6d3862 RFL=00000206 [-----P-] CPL=0 II=0 A20=1 SMM=0 HLT=0
ES =0030 0000000000000000 ffffffff 00cf9300 DPL=0 DS   [-WA]
CS =0038 0000000000000000 ffffffff 00af9a00 DPL=0 CS64 [-R-]
SS =0030 0000000000000000 ffffffff 00cf9300 DPL=0 DS   [-WA]
DS =0030 0000000000000000 ffffffff 00cf9300 DPL=0 DS   [-WA]
FS =0030 0000000000000000 ffffffff 00cf9300 DPL=0 DS   [-WA]
GS =0030 0000000000000000 ffffffff 00cf9300 DPL=0 DS   [-WA]
LDT=0000 0000000000000000 0000ffff 00008200 DPL=0 LDT
TR =0000 0000000000000000 0000ffff 00008b00 DPL=0 TSS64-busy
GDT=     000000003f5dc000 00000047
IDT=     000000003efa3018 00000fff
CR0=80010033 CR2=0000000000000000 CR3=000000003f801000 CR4=00000668
DR0=0000000000000000 DR1=0000000000000000 DR2=0000000000000000 DR3=0000000000000000 
DR6=00000000ffff0ff0 DR7=0000000000000400
CCS=0000000000000004 CCD=000000000000015f CCO=EFLAGS
EFER=0000000000000d00
Servicing hardware INT=0x20
   288: v=20 e=0000 i=0 cpl=0 IP=0038:000000003e6d3862 pc=000000003e6d3862 SP=0030:000000003fe64f40 env->regs[R_EAX]=00000000000000df
RAX=00000000000000df RBX=0000000000000064 RCX=000000000000b008 RDX=0000000000e64cea
RSI=0000000000e64dc9 RDI=000000003e5b40d4 RBP=000000003fe64f70 RSP=000000003fe64f40
R8 =000000003fe64f5f R9 =000000000000c042 R10=0000000000000000 R11=0000000000000000
R12=000000000004baf1 R13=0000000000000011 R14=000000000000c040 R15=0000000000000000
RIP=000000003e6d3862 RFL=00000202 [-------] CPL=0 II=0 A20=1 SMM=0 HLT=0
ES =0030 0000000000000000 ffffffff 00cf9300 DPL=0 DS   [-WA]
CS =0038 0000000000000000 ffffffff 00af9a00 DPL=0 CS64 [-R-]
SS =0030 0000000000000000 ffffffff 00cf9300 DPL=0 DS   [-WA]
DS =0030 0000000000000000 ffffffff 00cf9300 DPL=0 DS   [-WA]
FS =0030 0000000000000000 ffffffff 00cf9300 DPL=0 DS   [-WA]
GS =0030 0000000000000000 ffffffff 00cf9300 DPL=0 DS   [-WA]
LDT=0000 0000000000000000 0000ffff 00008200 DPL=0 LDT
TR =0000 0000000000000000 0000ffff 00008b00 DPL=0 TSS64-busy
GDT=     000000003f5dc000 00000047
IDT=     000000003efa3018 00000fff
CR0=80010033 CR2=0000000000000000 CR3=000000003f801000 CR4=00000668
DR0=0000000000000000 DR1=0000000000000000 DR2=0000000000000000 DR3=0000000000000000 
DR6=00000000ffff0ff0 DR7=0000000000000400
CCS=0000000000000000 CCD=00000000000000df CCO=EFLAGS
EFER=0000000000000d00
Servicing hardware INT=0x20
   289: v=20 e=0000 i=0 cpl=0 IP=0038:000000003e6d3862 pc=000000003e6d3862 SP=0030:000000003fe64f40 env->regs[R_EAX]=0000000000000103
RAX=0000000000000103 RBX=0000000000000064 RCX=000000000000b008 RDX=0000000000e74278
RSI=0000000000e7437b RDI=000000003e5b40d4 RBP=000000003fe64f70 RSP=000000003fe64f40
R8 =000000003fe64f5f R9 =000000000000c042 R10=0000000000000000 R11=0000000000000000
R12=000000000004baf1 R13=0000000000000011 R14=000000000000c040 R15=0000000000000000
RIP=000000003e6d3862 RFL=00000206 [-----P-] CPL=0 II=0 A20=1 SMM=0 HLT=0
ES =0030 0000000000000000 ffffffff 00cf9300 DPL=0 DS   [-WA]
CS =0038 0000000000000000 ffffffff 00af9a00 DPL=0 CS64 [-R-]
SS =0030 0000000000000000 ffffffff 00cf9300 DPL=0 DS   [-WA]
DS =0030 0000000000000000 ffffffff 00cf9300 DPL=0 DS   [-WA]
FS =0030 0000000000000000 ffffffff 00cf9300 DPL=0 DS   [-WA]
GS =0030 0000000000000000 ffffffff 00cf9300 DPL=0 DS   [-WA]
LDT=0000 0000000000000000 0000ffff 00008200 DPL=0 LDT
TR =0000 0000000000000000 0000ffff 00008b00 DPL=0 TSS64-busy
GDT=     000000003f5dc000 00000047
IDT=     000000003efa3018 00000fff
CR0=80010033 CR2=0000000000000000 CR3=000000003f801000 CR4=00000668
DR0=0000000000000000 DR1=0000000000000000 DR2=0000000000000000 DR3=0000000000000000 
DR6=00000000ffff0ff0 DR7=0000000000000400
CCS=0000000000000004 CCD=0000000000000103 CCO=EFLAGS
EFER=0000000000000d00
Servicing hardware INT=0x20
   290: v=20 e=0000 i=0 cpl=0 IP=0038:000000003e6d3862 pc=000000003e6d3862 SP=0030:000000003fe64f40 env->regs[R_EAX]=0000000000000143
RAX=0000000000000143 RBX=0000000000000064 RCX=000000000000b008 RDX=0000000000e75063
RSI=0000000000e751a6 RDI=000000003e5b40d4 RBP=000000003fe64f70 RSP=000000003fe64f40
R8 =000000003fe64f5f R9 =000000000000c042 R10=0000000000000000 R11=0000000000000000
R12=000000000004baea R13=0000000000000011 R14=000000000000c040 R15=0000000000000000
RIP=000000003e6d3862 RFL=00000202 [-------] CPL=0 II=0 A20=1 SMM=0 HLT=0
ES =0030 0000000000000000 ffffffff 00cf9300 DPL=0 DS   [-WA]
CS =0038 0000000000000000 ffffffff 00af9a00 DPL=0 CS64 [-R-]
SS =0030 0000000000000000 ffffffff 00cf9300 DPL=0 DS   [-WA]
DS =0030 0000000000000000 ffffffff 00cf9300 DPL=0 DS   [-WA]
FS =0030 0000000000000000 ffffffff 00cf9300 DPL=0 DS   [-WA]
GS =0030 0000000000000000 ffffffff 00cf9300 DPL=0 DS   [-WA]
LDT=0000 0000000000000000 0000ffff 00008200 DPL=0 LDT
TR =0000 0000000000000000 0000ffff 00008b00 DPL=0 TSS64-busy
GDT=     000000003f5dc000 00000047
IDT=     000000003efa3018 00000fff
CR0=80010033 CR2=0000000000000000 CR3=000000003f801000 CR4=00000668
DR0=0000000000000000 DR1=0000000000000000 DR2=0000000000000000 DR3=0000000000000000 
DR6=00000000ffff0ff0 DR7=0000000000000400
CCS=0000000000000000 CCD=0000000000000143 CCO=EFLAGS
EFER=0000000000000d00
Servicing hardware INT=0x20
   291: v=20 e=0000 i=0 cpl=0 IP=0038:000000003fe728ef pc=000000003fe728ef SP=0030:000000003fe64f28 env->regs[R_EAX]=000000003fe728ef
RAX=000000003fe728ef RBX=000000003e666018 RCX=000000003de41000 RDX=0000000000000011
RSI=0000000000000011 RDI=000000003de41000 RBP=000000003fe64f70 RSP=000000003fe64f28
R8 =000000003de41000 R9 =00000000000003f6 R10=0000000000000000 R11=0000000000000000
R12=000000000000c042 R13=0000000000000011 R14=000000000000c040 R15=0000000000000000
RIP=000000003fe728ef RFL=00000246 [---Z-P-] CPL=0 II=0 A20=1 SMM=0 HLT=0
ES =0030 0000000000000000 ffffffff 00cf9300 DPL=0 DS   [-WA]
CS =0038 0000000000000000 ffffffff 00af9a00 DPL=0 CS64 [-R-]
SS =0030 0000000000000000 ffffffff 00cf9300 DPL=0 DS   [-WA]
DS =0030 0000000000000000 ffffffff 00cf9300 DPL=0 DS   [-WA]
FS =0030 0000000000000000 ffffffff 00cf9300 DPL=0 DS   [-WA]
GS =0030 0000000000000000 ffffffff 00cf9300 DPL=0 DS   [-WA]
LDT=0000 0000000000000000 0000ffff 00008200 DPL=0 LDT
TR =0000 0000000000000000 0000ffff 00008b00 DPL=0 TSS64-busy
GDT=     000000003f5dc000 00000047
IDT=     000000003efa3018 00000fff
CR0=80010033 CR2=0000000000000000 CR3=000000003f801000 CR4=00000668
DR0=0000000000000000 DR1=0000000000000000 DR2=0000000000000000 DR3=0000000000000000 
DR6=00000000ffff0ff0 DR7=0000000000000400
CCS=0000000000000044 CCD=0000000000000000 CCO=EFLAGS
EFER=0000000000000d00
Servicing hardware INT=0x20
   292: v=20 e=0000 i=0 cpl=0 IP=0038:000000003e6d3862 pc=000000003e6d3862 SP=0030:000000003fe64f80 env->regs[R_EAX]=00000000000000fe
RAX=00000000000000fe RBX=0000000000000064 RCX=000000000000b008 RDX=0000000000e86a0b
RSI=0000000000e86b09 RDI=000000003e5b40d4 RBP=000000003fe64fb0 RSP=000000003fe64f80
R8 =000000003fe64f9f R9 =000000000000c042 R10=0000000000000000 R11=0000000000000000
R12=000000000004baf1 R13=0000000000000011 R14=000000000000c040 R15=0000000000000000
RIP=000000003e6d3862 RFL=00000202 [-------] CPL=0 II=0 A20=1 SMM=0 HLT=0
ES =0030 0000000000000000 ffffffff 00cf9300 DPL=0 DS   [-WA]
CS =0038 0000000000000000 ffffffff 00af9a00 DPL=0 CS64 [-R-]
SS =0030 0000000000000000 ffffffff 00cf9300 DPL=0 DS   [-WA]
DS =0030 0000000000000000 ffffffff 00cf9300 DPL=0 DS   [-WA]
FS =0030 0000000000000000 ffffffff 00cf9300 DPL=0 DS   [-WA]
GS =0030 0000000000000000 ffffffff 00cf9300 DPL=0 DS   [-WA]
LDT=0000 0000000000000000 0000ffff 00008200 DPL=0 LDT
TR =0000 0000000000000000 0000ffff 00008b00 DPL=0 TSS64-busy
GDT=     000000003f5dc000 00000047
IDT=     000000003efa3018 00000fff
CR0=80010033 CR2=0000000000000000 CR3=000000003f801000 CR4=00000668
DR0=0000000000000000 DR1=0000000000000000 DR2=0000000000000000 DR3=0000000000000000 
DR6=00000000ffff0ff0 DR7=0000000000000400
CCS=0000000000000000 CCD=00000000000000fe CCO=EFLAGS
EFER=0000000000000d00
Servicing hardware INT=0x20
   293: v=20 e=0000 i=0 cpl=0 IP=0038:000000003e6d3862 pc=000000003e6d3862 SP=0030:000000003fe64f80 env->regs[R_EAX]=0000000000001dea
RAX=0000000000001dea RBX=0000000000002710 RCX=000000000000b008 RDX=0000000000e93801
RSI=0000000000e955eb RDI=000000003e5b40d4 RBP=000000003fe64fb0 RSP=000000003fe64f80
R8 =000000003fe64fd0 R9 =00000000000003f6 R10=0000000000000000 R11=0000000000000000
R12=000000000000c042 R13=0000000000000011 R14=000000000000c040 R15=0000000000000000
RIP=000000003e6d3862 RFL=00000202 [-------] CPL=0 II=0 A20=1 SMM=0 HLT=0
ES =0030 0000000000000000 ffffffff 00cf9300 DPL=0 DS   [-WA]
CS =0038 0000000000000000 ffffffff 00af9a00 DPL=0 CS64 [-R-]
SS =0030 0000000000000000 ffffffff 00cf9300 DPL=0 DS   [-WA]
DS =0030 0000000000000000 ffffffff 00cf9300 DPL=0 DS   [-WA]
FS =0030 0000000000000000 ffffffff 00cf9300 DPL=0 DS   [-WA]
GS =0030 0000000000000000 ffffffff 00cf9300 DPL=0 DS   [-WA]
LDT=0000 0000000000000000 0000ffff 00008200 DPL=0 LDT
TR =0000 0000000000000000 0000ffff 00008b00 DPL=0 TSS64-busy
GDT=     000000003f5dc000 00000047
IDT=     000000003efa3018 00000fff
CR0=80010033 CR2=0000000000000000 CR3=000000003f801000 CR4=00000668
DR0=0000000000000000 DR1=0000000000000000 DR2=0000000000000000 DR3=0000000000000000 
DR6=00000000ffff0ff0 DR7=0000000000000400
CCS=0000000000000000 CCD=0000000000001dea CCO=EFLAGS
EFER=0000000000000d00
Servicing hardware INT=0x20
   294: v=20 e=0000 i=0 cpl=0 IP=0038:000000003e6d3862 pc=000000003e6d3862 SP=0030:000000003fe64f80 env->regs[R_EAX]=00000000000000bc
RAX=00000000000000bc RBX=0000000000000064 RCX=000000000000b008 RDX=0000000000e97f85
RSI=0000000000e98041 RDI=000000003e5b40d4 RBP=000000003fe64fb0 RSP=000000003fe64f80
R8 =000000003fe64f9f R9 =000000000000c042 R10=0000000000000000 R11=0000000000000000
R12=000000000004bae0 R13=0000000000000011 R14=000000000000c040 R15=0000000000000000
RIP=000000003e6d3862 RFL=00000202 [-------] CPL=0 II=0 A20=1 SMM=0 HLT=0
ES =0030 0000000000000000 ffffffff 00cf9300 DPL=0 DS   [-WA]
CS =0038 0000000000000000 ffffffff 00af9a00 DPL=0 CS64 [-R-]
SS =0030 0000000000000000 ffffffff 00cf9300 DPL=0 DS   [-WA]
DS =0030 0000000000000000 ffffffff 00cf9300 DPL=0 DS   [-WA]
FS =0030 0000000000000000 ffffffff 00cf9300 DPL=0 DS   [-WA]
GS =0030 0000000000000000 ffffffff 00cf9300 DPL=0 DS   [-WA]
LDT=0000 0000000000000000 0000ffff 00008200 DPL=0 LDT
TR =0000 0000000000000000 0000ffff 00008b00 DPL=0 TSS64-busy
GDT=     000000003f5dc000 00000047
IDT=     000000003efa3018 00000fff
CR0=80010033 CR2=0000000000000000 CR3=000000003f801000 CR4=00000668
DR0=0000000000000000 DR1=0000000000000000 DR2=0000000000000000 DR3=0000000000000000 
DR6=00000000ffff0ff0 DR7=0000000000000400
CCS=0000000000000000 CCD=00000000000000bc CCO=EFLAGS
EFER=0000000000000d00
Servicing hardware INT=0x20
   295: v=20 e=0000 i=0 cpl=0 IP=0038:000000003e6d3862 pc=000000003e6d3862 SP=0030:000000003fe64f80 env->regs[R_EAX]=00000000000051fb
RAX=00000000000051fb RBX=0000000000002710 RCX=000000000000b008 RDX=0000000000ea137d
RSI=0000000000ea6578 RDI=000000003e5b40d4 RBP=000000003fe64fb0 RSP=000000003fe64f80
R8 =000000003fe64fd0 R9 =00000000000003f6 R10=0000000000000000 R11=0000000000000000
R12=000000000000c042 R13=0000000000000011 R14=000000000000c040 R15=0000000000000000
RIP=000000003e6d3862 RFL=00000202 [-------] CPL=0 II=0 A20=1 SMM=0 HLT=0
ES =0030 0000000000000000 ffffffff 00cf9300 DPL=0 DS   [-WA]
CS =0038 0000000000000000 ffffffff 00af9a00 DPL=0 CS64 [-R-]
SS =0030 0000000000000000 ffffffff 00cf9300 DPL=0 DS   [-WA]
DS =0030 0000000000000000 ffffffff 00cf9300 DPL=0 DS   [-WA]
FS =0030 0000000000000000 ffffffff 00cf9300 DPL=0 DS   [-WA]
GS =0030 0000000000000000 ffffffff 00cf9300 DPL=0 DS   [-WA]
LDT=0000 0000000000000000 0000ffff 00008200 DPL=0 LDT
TR =0000 0000000000000000 0000ffff 00008b00 DPL=0 TSS64-busy
GDT=     000000003f5dc000 00000047
IDT=     000000003efa3018 00000fff
CR0=80010033 CR2=0000000000000000 CR3=000000003f801000 CR4=00000668
DR0=0000000000000000 DR1=0000000000000000 DR2=0000000000000000 DR3=0000000000000000 
DR6=00000000ffff0ff0 DR7=0000000000000400
CCS=0000000000000000 CCD=00000000000051fb CCO=EFLAGS
EFER=0000000000000d00
Servicing hardware INT=0x20
   296: v=20 e=0000 i=0 cpl=0 IP=0038:000000003e6d3862 pc=000000003e6d3862 SP=0030:000000003fe64f80 env->regs[R_EAX]=0000000000000155
RAX=0000000000000155 RBX=0000000000000064 RCX=000000000000b008 RDX=0000000000ea975f
RSI=0000000000ea98b4 RDI=000000003e5b40d4 RBP=000000003fe64fb0 RSP=000000003fe64f80
R8 =000000003fe64f9f R9 =000000000000c042 R10=0000000000000000 R11=0000000000000000
R12=000000000004bade R13=0000000000000011 R14=000000000000c040 R15=0000000000000000
RIP=000000003e6d3862 RFL=00000206 [-----P-] CPL=0 II=0 A20=1 SMM=0 HLT=0
ES =0030 0000000000000000 ffffffff 00cf9300 DPL=0 DS   [-WA]
CS =0038 0000000000000000 ffffffff 00af9a00 DPL=0 CS64 [-R-]
SS =0030 0000000000000000 ffffffff 00cf9300 DPL=0 DS   [-WA]
DS =0030 0000000000000000 ffffffff 00cf9300 DPL=0 DS   [-WA]
FS =0030 0000000000000000 ffffffff 00cf9300 DPL=0 DS   [-WA]
GS =0030 0000000000000000 ffffffff 00cf9300 DPL=0 DS   [-WA]
LDT=0000 0000000000000000 0000ffff 00008200 DPL=0 LDT
TR =0000 0000000000000000 0000ffff 00008b00 DPL=0 TSS64-busy
GDT=     000000003f5dc000 00000047
IDT=     000000003efa3018 00000fff
CR0=80010033 CR2=0000000000000000 CR3=000000003f801000 CR4=00000668
DR0=0000000000000000 DR1=0000000000000000 DR2=0000000000000000 DR3=0000000000000000 
DR6=00000000ffff0ff0 DR7=0000000000000400
CCS=0000000000000004 CCD=0000000000000155 CCO=EFLAGS
EFER=0000000000000d00
Servicing hardware INT=0x20
   297: v=20 e=0000 i=0 cpl=0 IP=0038:000000003e6d3862 pc=000000003e6d3862 SP=0030:000000003fe64f80 env->regs[R_EAX]=000000000000010a
RAX=000000000000010a RBX=0000000000000064 RCX=000000000000b008 RDX=0000000000ebadb5
RSI=0000000000ebaebf RDI=000000003e5b40d4 RBP=000000003fe64fb0 RSP=000000003fe64f80
R8 =000000003fe64f9f R9 =000000000000c042 R10=0000000000000000 R11=0000000000000000
R12=000000000004baf1 R13=0000000000000011 R14=000000000000c040 R15=0000000000000000
RIP=000000003e6d3862 RFL=00000206 [-----P-] CPL=0 II=0 A20=1 SMM=0 HLT=0
ES =0030 0000000000000000 ffffffff 00cf9300 DPL=0 DS   [-WA]
CS =0038 0000000000000000 ffffffff 00af9a00 DPL=0 CS64 [-R-]
SS =0030 0000000000000000 ffffffff 00cf9300 DPL=0 DS   [-WA]
DS =0030 0000000000000000 ffffffff 00cf9300 DPL=0 DS   [-WA]
FS =0030 0000000000000000 ffffffff 00cf9300 DPL=0 DS   [-WA]
GS =0030 0000000000000000 ffffffff 00cf9300 DPL=0 DS   [-WA]
LDT=0000 0000000000000000 0000ffff 00008200 DPL=0 LDT
TR =0000 0000000000000000 0000ffff 00008b00 DPL=0 TSS64-busy
GDT=     000000003f5dc000 00000047
IDT=     000000003efa3018 00000fff
CR0=80010033 CR2=0000000000000000 CR3=000000003f801000 CR4=00000668
DR0=0000000000000000 DR1=0000000000000000 DR2=0000000000000000 DR3=0000000000000000 
DR6=00000000ffff0ff0 DR7=0000000000000400
CCS=0000000000000004 CCD=000000000000010a CCO=EFLAGS
EFER=0000000000000d00
Servicing hardware INT=0x20
   298: v=20 e=0000 i=0 cpl=0 IP=0038:000000003eb57266 pc=000000003eb57266 SP=0030:000000003fe64a98 env->regs[R_EAX]=000000003eb6ca80
RAX=000000003eb6ca80 RBX=0000000000000008 RCX=000000003eb6ca80 RDX=000000003fe64a6c
RSI=000000003eb0fff0 RDI=0000000000000001 RBP=000000003fe64ad0 RSP=000000003fe64a98
R8 =000000003fe64a6c R9 =000000003fe64a70 R10=0000000000000000 R11=0000000000000000
R12=000000000000001f R13=0000000000000011 R14=000000000000c040 R15=0000000000000000
RIP=000000003eb57266 RFL=00000206 [-----P-] CPL=0 II=0 A20=1 SMM=0 HLT=0
ES =0030 0000000000000000 ffffffff 00cf9300 DPL=0 DS   [-WA]
CS =0038 0000000000000000 ffffffff 00af9a00 DPL=0 CS64 [-R-]
SS =0030 0000000000000000 ffffffff 00cf9300 DPL=0 DS   [-WA]
DS =0030 0000000000000000 ffffffff 00cf9300 DPL=0 DS   [-WA]
FS =0030 0000000000000000 ffffffff 00cf9300 DPL=0 DS   [-WA]
GS =0030 0000000000000000 ffffffff 00cf9300 DPL=0 DS   [-WA]
LDT=0000 0000000000000000 0000ffff 00008200 DPL=0 LDT
TR =0000 0000000000000000 0000ffff 00008b00 DPL=0 TSS64-busy
GDT=     000000003f5dc000 00000047
IDT=     000000003efa3018 00000fff
CR0=80010033 CR2=0000000000000000 CR3=000000003f801000 CR4=00000668
DR0=0000000000000000 DR1=0000000000000000 DR2=0000000000000000 DR3=0000000000000000 
DR6=00000000ffff0ff0 DR7=0000000000000400
CCS=0000000000000020 CCD=000000003fe64aa0 CCO=SUBQ
EFER=0000000000000d00
Servicing hardware INT=0x20
   299: v=20 e=0000 i=0 cpl=0 IP=0038:000000003e6d3862 pc=000000003e6d3862 SP=0030:000000003fe64f80 env->regs[R_EAX]=000000000000005a
RAX=000000000000005a RBX=0000000000000064 RCX=000000000000b008 RDX=0000000000ec3b98
RSI=0000000000ec3bf2 RDI=000000003e5b40d4 RBP=000000003fe64fb0 RSP=000000003fe64f80
R8 =000000003fe64f9f R9 =000000000000c042 R10=0000000000000000 R11=0000000000000000
R12=000000000004bab0 R13=0000000000000011 R14=000000000000c040 R15=0000000000000000
RIP=000000003e6d3862 RFL=00000206 [-----P-] CPL=0 II=0 A20=1 SMM=0 HLT=0
ES =0030 0000000000000000 ffffffff 00cf9300 DPL=0 DS   [-WA]
CS =0038 0000000000000000 ffffffff 00af9a00 DPL=0 CS64 [-R-]
SS =0030 0000000000000000 ffffffff 00cf9300 DPL=0 DS   [-WA]
DS =0030 0000000000000000 ffffffff 00cf9300 DPL=0 DS   [-WA]
FS =0030 0000000000000000 ffffffff 00cf9300 DPL=0 DS   [-WA]
GS =0030 0000000000000000 ffffffff 00cf9300 DPL=0 DS   [-WA]
LDT=0000 0000000000000000 0000ffff 00008200 DPL=0 LDT
TR =0000 0000000000000000 0000ffff 00008b00 DPL=0 TSS64-busy
GDT=     000000003f5dc000 00000047
IDT=     000000003efa3018 00000fff
CR0=80010033 CR2=0000000000000000 CR3=000000003f801000 CR4=00000668
DR0=0000000000000000 DR1=0000000000000000 DR2=0000000000000000 DR3=0000000000000000 
DR6=00000000ffff0ff0 DR7=0000000000000400
CCS=0000000000000004 CCD=000000000000005a CCO=EFLAGS
EFER=0000000000000d00
Servicing hardware INT=0x20
   300: v=20 e=0000 i=0 cpl=0 IP=0038:000000003e6d3862 pc=000000003e6d3862 SP=0030:000000003fe64ff0 env->regs[R_EAX]=0000000000000158
RAX=0000000000000158 RBX=0000000000000064 RCX=000000000000b008 RDX=0000000000ecf632
RSI=0000000000ecf78a RDI=000000003e5b40d4 RBP=000000003fe65020 RSP=000000003fe64ff0
R8 =000000003fe6500f R9 =000000000000c042 R10=0000000000000000 R11=0000000000000000
R12=000000000004baf1 R13=0000000000000011 R14=000000000000c040 R15=0000000000000000
RIP=000000003e6d3862 RFL=00000202 [-------] CPL=0 II=0 A20=1 SMM=0 HLT=0
ES =0030 0000000000000000 ffffffff 00cf9300 DPL=0 DS   [-WA]
CS =0038 0000000000000000 ffffffff 00af9a00 DPL=0 CS64 [-R-]
SS =0030 0000000000000000 ffffffff 00cf9300 DPL=0 DS   [-WA]
DS =0030 0000000000000000 ffffffff 00cf9300 DPL=0 DS   [-WA]
FS =0030 0000000000000000 ffffffff 00cf9300 DPL=0 DS   [-WA]
GS =0030 0000000000000000 ffffffff 00cf9300 DPL=0 DS   [-WA]
LDT=0000 0000000000000000 0000ffff 00008200 DPL=0 LDT
TR =0000 0000000000000000 0000ffff 00008b00 DPL=0 TSS64-busy
GDT=     000000003f5dc000 00000047
IDT=     000000003efa3018 00000fff
CR0=80010033 CR2=0000000000000000 CR3=000000003f801000 CR4=00000668
DR0=0000000000000000 DR1=0000000000000000 DR2=0000000000000000 DR3=0000000000000000 
DR6=00000000ffff0ff0 DR7=0000000000000400
CCS=0000000000000000 CCD=0000000000000158 CCO=EFLAGS
EFER=0000000000000d00
Servicing hardware INT=0x20
   301: v=20 e=0000 i=0 cpl=0 IP=0038:000000003efa05be pc=000000003efa05be SP=0030:000000003fe64cd0 env->regs[R_EAX]=0000000000000000
RAX=0000000000000000 RBX=00000000000001f1 RCX=0000000000000000 RDX=00000000000001f1
RSI=0000000000000000 RDI=0000000000000000 RBP=000000003fe64d40 RSP=000000003fe64cd0
R8 =000000003fe64e20 R9 =00000000000001f1 R10=0000000000000000 R11=0000000000000000
R12=0000000000000001 R13=000000003fe64e20 R14=0000000000000001 R15=0000000000000001
RIP=000000003efa05be RFL=00000246 [---Z-P-] CPL=0 II=0 A20=1 SMM=0 HLT=0
ES =0030 0000000000000000 ffffffff 00cf9300 DPL=0 DS   [-WA]
CS =0038 0000000000000000 ffffffff 00af9a00 DPL=0 CS64 [-R-]
SS =0030 0000000000000000 ffffffff 00cf9300 DPL=0 DS   [-WA]
DS =0030 0000000000000000 ffffffff 00cf9300 DPL=0 DS   [-WA]
FS =0030 0000000000000000 ffffffff 00cf9300 DPL=0 DS   [-WA]
GS =0030 0000000000000000 ffffffff 00cf9300 DPL=0 DS   [-WA]
LDT=0000 0000000000000000 0000ffff 00008200 DPL=0 LDT
TR =0000 0000000000000000 0000ffff 00008b00 DPL=0 TSS64-busy
GDT=     000000003f5dc000 00000047
IDT=     000000003efa3018 00000fff
CR0=80010033 CR2=0000000000000000 CR3=000000003f801000 CR4=00000668
DR0=0000000000000000 DR1=0000000000000000 DR2=0000000000000000 DR3=0000000000000000 
DR6=00000000ffff0ff0 DR7=0000000000000400
CCS=0000000000000044 CCD=0000000000000000 CCO=EFLAGS
EFER=0000000000000d00
Servicing hardware INT=0x20
   302: v=20 e=0000 i=0 cpl=0 IP=0038:000000003e6d3862 pc=000000003e6d3862 SP=0030:000000003fe64e40 env->regs[R_EAX]=0000000000000070
RAX=0000000000000070 RBX=0000000000000064 RCX=000000000000b008 RDX=0000000000ee335a
RSI=0000000000ee33ca RDI=000000003e5b40d4 RBP=000000003fe64e70 RSP=000000003fe64e40
R8 =000000003fe64e5f R9 =000000000000c042 R10=0000000000000000 R11=0000000000000000
R12=000000000004baf1 R13=0000000000000011 R14=000000000000c040 R15=0000000000000000
RIP=000000003e6d3862 RFL=00000202 [-------] CPL=0 II=0 A20=1 SMM=0 HLT=0
ES =0030 0000000000000000 ffffffff 00cf9300 DPL=0 DS   [-WA]
CS =0038 0000000000000000 ffffffff 00af9a00 DPL=0 CS64 [-R-]
SS =0030 0000000000000000 ffffffff 00cf9300 DPL=0 DS   [-WA]
DS =0030 0000000000000000 ffffffff 00cf9300 DPL=0 DS   [-WA]
FS =0030 0000000000000000 ffffffff 00cf9300 DPL=0 DS   [-WA]
GS =0030 0000000000000000 ffffffff 00cf9300 DPL=0 DS   [-WA]
LDT=0000 0000000000000000 0000ffff 00008200 DPL=0 LDT
TR =0000 0000000000000000 0000ffff 00008b00 DPL=0 TSS64-busy
GDT=     000000003f5dc000 00000047
IDT=     000000003efa3018 00000fff
CR0=80010033 CR2=0000000000000000 CR3=000000003f801000 CR4=00000668
DR0=0000000000000000 DR1=0000000000000000 DR2=0000000000000000 DR3=0000000000000000 
DR6=00000000ffff0ff0 DR7=0000000000000400
CCS=0000000000000000 CCD=0000000000000070 CCO=EFLAGS
EFER=0000000000000d00
Servicing hardware INT=0x20
   303: v=20 e=0000 i=0 cpl=0 IP=0038:000000003e6d3862 pc=000000003e6d3862 SP=0030:000000003fe64fe0 env->regs[R_EAX]=0000000000000155
RAX=0000000000000155 RBX=0000000000000064 RCX=000000000000b008 RDX=0000000000eed060
RSI=0000000000eed1b5 RDI=000000003e5b40d4 RBP=000000003fe65010 RSP=000000003fe64fe0
R8 =000000003fe64fff R9 =000000000000c042 R10=0000000000000000 R11=0000000000000000
R12=000000000004baf1 R13=0000000000000011 R14=000000000000c040 R15=0000000000000000
RIP=000000003e6d3862 RFL=00000206 [-----P-] CPL=0 II=0 A20=1 SMM=0 HLT=0
ES =0030 0000000000000000 ffffffff 00cf9300 DPL=0 DS   [-WA]
CS =0038 0000000000000000 ffffffff 00af9a00 DPL=0 CS64 [-R-]
SS =0030 0000000000000000 ffffffff 00cf9300 DPL=0 DS   [-WA]
DS =0030 0000000000000000 ffffffff 00cf9300 DPL=0 DS   [-WA]
FS =0030 0000000000000000 ffffffff 00cf9300 DPL=0 DS   [-WA]
GS =0030 0000000000000000 ffffffff 00cf9300 DPL=0 DS   [-WA]
LDT=0000 0000000000000000 0000ffff 00008200 DPL=0 LDT
TR =0000 0000000000000000 0000ffff 00008b00 DPL=0 TSS64-busy
GDT=     000000003f5dc000 00000047
IDT=     000000003efa3018 00000fff
CR0=80010033 CR2=0000000000000000 CR3=000000003f801000 CR4=00000668
DR0=0000000000000000 DR1=0000000000000000 DR2=0000000000000000 DR3=0000000000000000 
DR6=00000000ffff0ff0 DR7=0000000000000400
CCS=0000000000000004 CCD=0000000000000155 CCO=EFLAGS
EFER=0000000000000d00
Servicing hardware INT=0x20
   304: v=20 e=0000 i=0 cpl=0 IP=0038:000000003e6d3862 pc=000000003e6d3862 SP=0030:000000003fe64fe0 env->regs[R_EAX]=0000000000001a23
RAX=0000000000001a23 RBX=0000000000002710 RCX=000000000000b008 RDX=0000000000ef4538
RSI=0000000000ef5f5b RDI=000000003e5b40d4 RBP=000000003fe65010 RSP=000000003fe64fe0
R8 =000000003fe65030 R9 =00000000000003f6 R10=0000000000000000 R11=0000000000000000
R12=000000000000c042 R13=0000000000000011 R14=000000000000c040 R15=0000000000000000
RIP=000000003e6d3862 RFL=00000202 [-------] CPL=0 II=0 A20=1 SMM=0 HLT=0
ES =0030 0000000000000000 ffffffff 00cf9300 DPL=0 DS   [-WA]
CS =0038 0000000000000000 ffffffff 00af9a00 DPL=0 CS64 [-R-]
SS =0030 0000000000000000 ffffffff 00cf9300 DPL=0 DS   [-WA]
DS =0030 0000000000000000 ffffffff 00cf9300 DPL=0 DS   [-WA]
FS =0030 0000000000000000 ffffffff 00cf9300 DPL=0 DS   [-WA]
GS =0030 0000000000000000 ffffffff 00cf9300 DPL=0 DS   [-WA]
LDT=0000 0000000000000000 0000ffff 00008200 DPL=0 LDT
TR =0000 0000000000000000 0000ffff 00008b00 DPL=0 TSS64-busy
GDT=     000000003f5dc000 00000047
IDT=     000000003efa3018 00000fff
CR0=80010033 CR2=0000000000000000 CR3=000000003f801000 CR4=00000668
DR0=0000000000000000 DR1=0000000000000000 DR2=0000000000000000 DR3=0000000000000000 
DR6=00000000ffff0ff0 DR7=0000000000000400
CCS=0000000000000000 CCD=0000000000001a23 CCO=EFLAGS
EFER=0000000000000d00
Servicing hardware INT=0x20
   305: v=20 e=0000 i=0 cpl=0 IP=0038:000000003ef9f419 pc=000000003ef9f419 SP=0030:000000003fe64990 env->regs[R_EAX]=0000000000000004
RAX=0000000000000004 RBX=000000000000c042 RCX=000000000000c042 RDX=000000000000c042
RSI=0000000000000000 RDI=0000000000000000 RBP=000000003fe649b0 RSP=000000003fe64990
R8 =000000003fe64adf R9 =000000000000c042 R10=0000000000000000 R11=0000000000000000
R12=000000003fe64adf R13=0000000000000001 R14=0000000000000001 R15=0000000000000001
RIP=000000003ef9f419 RFL=00000246 [---Z-P-] CPL=0 II=0 A20=1 SMM=0 HLT=0
ES =0030 0000000000000000 ffffffff 00cf9300 DPL=0 DS   [-WA]
CS =0038 0000000000000000 ffffffff 00af9a00 DPL=0 CS64 [-R-]
SS =0030 0000000000000000 ffffffff 00cf9300 DPL=0 DS   [-WA]
DS =0030 0000000000000000 ffffffff 00cf9300 DPL=0 DS   [-WA]
FS =0030 0000000000000000 ffffffff 00cf9300 DPL=0 DS   [-WA]
GS =0030 0000000000000000 ffffffff 00cf9300 DPL=0 DS   [-WA]
LDT=0000 0000000000000000 0000ffff 00008200 DPL=0 LDT
TR =0000 0000000000000000 0000ffff 00008b00 DPL=0 TSS64-busy
GDT=     000000003f5dc000 00000047
IDT=     000000003efa3018 00000fff
CR0=80010033 CR2=0000000000000000 CR3=000000003f801000 CR4=00000668
DR0=0000000000000000 DR1=0000000000000000 DR2=0000000000000000 DR3=0000000000000000 
DR6=00000000ffff0ff0 DR7=0000000000000400
CCS=0000000000000044 CCD=0000000000000000 CCO=EFLAGS
EFER=0000000000000d00
Servicing hardware INT=0x20
   306: v=20 e=0000 i=0 cpl=0 IP=0038:000000003eb1f604 pc=000000003eb1f604 SP=0030:000000003fe652a0 env->regs[R_EAX]=000000003e660000
RAX=000000003e660000 RBX=000000003df55698 RCX=000000003df55698 RDX=0000000000000000
RSI=0000000000000042 RDI=000000003eb2d300 RBP=000000003fe65370 RSP=000000003fe652a0
R8 =000000003e660018 R9 =000000003e650698 R10=0000000000000042 R11=000000003df56876
R12=000000003e65161a R13=0000000000000000 R14=0000000000730013 R15=0000000000000000
RIP=000000003eb1f604 RFL=00000246 [---Z-P-] CPL=0 II=0 A20=1 SMM=0 HLT=0
ES =0030 0000000000000000 ffffffff 00cf9300 DPL=0 DS   [-WA]
CS =0038 0000000000000000 ffffffff 00af9a00 DPL=0 CS64 [-R-]
SS =0030 0000000000000000 ffffffff 00cf9300 DPL=0 DS   [-WA]
DS =0030 0000000000000000 ffffffff 00cf9300 DPL=0 DS   [-WA]
FS =0030 0000000000000000 ffffffff 00cf9300 DPL=0 DS   [-WA]
GS =0030 0000000000000000 ffffffff 00cf9300 DPL=0 DS   [-WA]
LDT=0000 0000000000000000 0000ffff 00008200 DPL=0 LDT
TR =0000 0000000000000000 0000ffff 00008b00 DPL=0 TSS64-busy
GDT=     000000003f5dc000 00000047
IDT=     000000003efa3018 00000fff
CR0=80010033 CR2=0000000000000000 CR3=000000003f801000 CR4=00000668
DR0=0000000000000000 DR1=0000000000000000 DR2=0000000000000000 DR3=0000000000000000 
DR6=00000000ffff0ff0 DR7=0000000000000400
CCS=0000000000000044 CCD=0000000000000000 CCO=EFLAGS
EFER=0000000000000d00
Servicing hardware INT=0x20
   307: v=20 e=0000 i=0 cpl=0 IP=0038:000000003e6b93bd pc=000000003e6b93bd SP=0030:000000003fe64a10 env->regs[R_EAX]=0000000000000060
RAX=0000000000000060 RBX=000000003e639318 RCX=00000000000003fd RDX=00000000000003fd
RSI=0000000000000005 RDI=000000003e639318 RBP=000000003fe64a60 RSP=000000003fe64a10
R8 =000000000000000f R9 =00000000000003fd R10=000000000666e700 R11=000000000000002c
R12=000000003fe64bd8 R13=0000000000000000 R14=000000003fe64acf R15=000000003fe64bd5
RIP=000000003e6b93bd RFL=00000293 [--S-A-C] CPL=0 II=0 A20=1 SMM=0 HLT=0
ES =0030 0000000000000000 ffffffff 00cf9300 DPL=0 DS   [-WA]
CS =0038 0000000000000000 ffffffff 00af9a00 DPL=0 CS64 [-R-]
SS =0030 0000000000000000 ffffffff 00cf9300 DPL=0 DS   [-WA]
DS =0030 0000000000000000 ffffffff 00cf9300 DPL=0 DS   [-WA]
FS =0030 0000000000000000 ffffffff 00cf9300 DPL=0 DS   [-WA]
GS =0030 0000000000000000 ffffffff 00cf9300 DPL=0 DS   [-WA]
LDT=0000 0000000000000000 0000ffff 00008200 DPL=0 LDT
TR =0000 0000000000000000 0000ffff 00008b00 DPL=0 TSS64-busy
GDT=     000000003f5dc000 00000047
IDT=     000000003efa3018 00000fff
CR0=80010033 CR2=0000000000000000 CR3=000000003f801000 CR4=00000668
DR0=0000000000000000 DR1=0000000000000000 DR2=0000000000000000 DR3=0000000000000000 
DR6=00000000ffff0ff0 DR7=0000000000000400
CCS=0000000000000091 CCD=fffffffffffffffe CCO=EFLAGS
EFER=0000000000000d00
Servicing hardware INT=0x20
   308: v=20 e=0000 i=0 cpl=0 IP=0038:000000003de3c519 pc=000000003de3c519 SP=0030:000000003fe65550 env->regs[R_EAX]=0000000000000000
RAX=0000000000000000 RBX=0000000000000000 RCX=0000000005d90001 RDX=0000000000000000
RSI=000000003de51000 RDI=0000000035ddb76f RBP=000000003fe65619 RSP=000000003fe65550
R8 =000000000656e770 R9 =00000000355fd000 R10=000000003fe7285c R11=0000000000000000
R12=0000000000100000 R13=000000003e660320 R14=0000000000000000 R15=000000000000656f
RIP=000000003de3c519 RFL=00010202 [-------] CPL=0 II=0 A20=1 SMM=0 HLT=0
ES =0030 0000000000000000 ffffffff 00cf9300 DPL=0 DS   [-WA]
CS =0038 0000000000000000 ffffffff 00af9a00 DPL=0 CS64 [-R-]
SS =0030 0000000000000000 ffffffff 00cf9300 DPL=0 DS   [-WA]
DS =0030 0000000000000000 ffffffff 00cf9300 DPL=0 DS   [-WA]
FS =0030 0000000000000000 ffffffff 00cf9300 DPL=0 DS   [-WA]
GS =0030 0000000000000000 ffffffff 00cf9300 DPL=0 DS   [-WA]
LDT=0000 0000000000000000 0000ffff 00008200 DPL=0 LDT
TR =0000 0000000000000000 0000ffff 00008b00 DPL=0 TSS64-busy
GDT=     000000003f5dc000 00000047
IDT=     000000003efa3018 00000fff
CR0=80010033 CR2=0000000000000000 CR3=000000003f801000 CR4=00000668
DR0=0000000000000000 DR1=0000000000000000 DR2=0000000000000000 DR3=0000000000000000 
DR6=00000000ffff0ff0 DR7=0000000000000400
CCS=0000000000000000 CCD=000000000656e770 CCO=EFLAGS
EFER=0000000000000d00
Servicing hardware INT=0x20
   309: v=20 e=0000 i=0 cpl=0 IP=0038:000000003de3c519 pc=000000003de3c519 SP=0030:000000003fe65550 env->regs[R_EAX]=0000000000000000
RAX=0000000000000000 RBX=0000000000000000 RCX=0000000005420001 RDX=0000000000000000
RSI=000000003de51000 RDI=000000003674b76f RBP=000000003fe65619 RSP=000000003fe65550
R8 =000000000656e770 R9 =00000000355fd000 R10=000000003fe7285c R11=0000000000000000
R12=0000000000100000 R13=000000003e660320 R14=0000000000000000 R15=000000000000656f
RIP=000000003de3c519 RFL=00010202 [-------] CPL=0 II=0 A20=1 SMM=0 HLT=0
ES =0030 0000000000000000 ffffffff 00cf9300 DPL=0 DS   [-WA]
CS =0038 0000000000000000 ffffffff 00af9a00 DPL=0 CS64 [-R-]
SS =0030 0000000000000000 ffffffff 00cf9300 DPL=0 DS   [-WA]
DS =0030 0000000000000000 ffffffff 00cf9300 DPL=0 DS   [-WA]
FS =0030 0000000000000000 ffffffff 00cf9300 DPL=0 DS   [-WA]
GS =0030 0000000000000000 ffffffff 00cf9300 DPL=0 DS   [-WA]
LDT=0000 0000000000000000 0000ffff 00008200 DPL=0 LDT
TR =0000 0000000000000000 0000ffff 00008b00 DPL=0 TSS64-busy
GDT=     000000003f5dc000 00000047
IDT=     000000003efa3018 00000fff
CR0=80010033 CR2=0000000000000000 CR3=000000003f801000 CR4=00000668
DR0=0000000000000000 DR1=0000000000000000 DR2=0000000000000000 DR3=0000000000000000 
DR6=00000000ffff0ff0 DR7=0000000000000400
CCS=0000000000000000 CCD=0000000000000000 CCO=EFLAGS
EFER=0000000000000d00
Servicing hardware INT=0x20
   310: v=20 e=0000 i=0 cpl=0 IP=0038:000000003de3c519 pc=000000003de3c519 SP=0030:000000003fe65550 env->regs[R_EAX]=0000000000000000
RAX=0000000000000000 RBX=0000000000000000 RCX=0000000004bc0001 RDX=0000000000000000
RSI=000000003de51000 RDI=0000000036fab76f RBP=000000003fe65619 RSP=000000003fe65550
R8 =000000000656e770 R9 =00000000355fd000 R10=000000003fe7285c R11=0000000000000000
R12=0000000000100000 R13=000000003e660320 R14=0000000000000000 R15=000000000000656f
RIP=000000003de3c519 RFL=00010202 [-------] CPL=0 II=0 A20=1 SMM=0 HLT=0
ES =0030 0000000000000000 ffffffff 00cf9300 DPL=0 DS   [-WA]
CS =0038 0000000000000000 ffffffff 00af9a00 DPL=0 CS64 [-R-]
SS =0030 0000000000000000 ffffffff 00cf9300 DPL=0 DS   [-WA]
DS =0030 0000000000000000 ffffffff 00cf9300 DPL=0 DS   [-WA]
FS =0030 0000000000000000 ffffffff 00cf9300 DPL=0 DS   [-WA]
GS =0030 0000000000000000 ffffffff 00cf9300 DPL=0 DS   [-WA]
LDT=0000 0000000000000000 0000ffff 00008200 DPL=0 LDT
TR =0000 0000000000000000 0000ffff 00008b00 DPL=0 TSS64-busy
GDT=     000000003f5dc000 00000047
IDT=     000000003efa3018 00000fff
CR0=80010033 CR2=0000000000000000 CR3=000000003f801000 CR4=00000668
DR0=0000000000000000 DR1=0000000000000000 DR2=0000000000000000 DR3=0000000000000000 
DR6=00000000ffff0ff0 DR7=0000000000000400
CCS=0000000000000000 CCD=0000000000000000 CCO=EFLAGS
EFER=0000000000000d00
Servicing hardware INT=0x20
   311: v=20 e=0000 i=0 cpl=0 IP=0038:000000003de3c519 pc=000000003de3c519 SP=0030:000000003fe65550 env->regs[R_EAX]=0000000000000000
RAX=0000000000000000 RBX=0000000000000000 RCX=0000000004330001 RDX=0000000000000000
RSI=000000003de51000 RDI=000000003783b76f RBP=000000003fe65619 RSP=000000003fe65550
R8 =000000000656e770 R9 =00000000355fd000 R10=000000003fe7285c R11=0000000000000000
R12=0000000000100000 R13=000000003e660320 R14=0000000000000000 R15=000000000000656f
RIP=000000003de3c519 RFL=00010202 [-------] CPL=0 II=0 A20=1 SMM=0 HLT=0
ES =0030 0000000000000000 ffffffff 00cf9300 DPL=0 DS   [-WA]
CS =0038 0000000000000000 ffffffff 00af9a00 DPL=0 CS64 [-R-]
SS =0030 0000000000000000 ffffffff 00cf9300 DPL=0 DS   [-WA]
DS =0030 0000000000000000 ffffffff 00cf9300 DPL=0 DS   [-WA]
FS =0030 0000000000000000 ffffffff 00cf9300 DPL=0 DS   [-WA]
GS =0030 0000000000000000 ffffffff 00cf9300 DPL=0 DS   [-WA]
LDT=0000 0000000000000000 0000ffff 00008200 DPL=0 LDT
TR =0000 0000000000000000 0000ffff 00008b00 DPL=0 TSS64-busy
GDT=     000000003f5dc000 00000047
IDT=     000000003efa3018 00000fff
CR0=80010033 CR2=0000000000000000 CR3=000000003f801000 CR4=00000668
DR0=0000000000000000 DR1=0000000000000000 DR2=0000000000000000 DR3=0000000000000000 
DR6=00000000ffff0ff0 DR7=0000000000000400
CCS=0000000000000000 CCD=0000000000000000 CCO=EFLAGS
EFER=0000000000000d00
Servicing hardware INT=0x20
   312: v=20 e=0000 i=0 cpl=0 IP=0038:000000003de3c519 pc=000000003de3c519 SP=0030:000000003fe65550 env->regs[R_EAX]=0000000000000000
RAX=0000000000000000 RBX=0000000000000000 RCX=0000000003ab0001 RDX=0000000000000000
RSI=000000003de51000 RDI=00000000380bb76f RBP=000000003fe65619 RSP=000000003fe65550
R8 =000000000656e770 R9 =00000000355fd000 R10=000000003fe7285c R11=0000000000000000
R12=0000000000100000 R13=000000003e660320 R14=0000000000000000 R15=000000000000656f
RIP=000000003de3c519 RFL=00010202 [-------] CPL=0 II=0 A20=1 SMM=0 HLT=0
ES =0030 0000000000000000 ffffffff 00cf9300 DPL=0 DS   [-WA]
CS =0038 0000000000000000 ffffffff 00af9a00 DPL=0 CS64 [-R-]
SS =0030 0000000000000000 ffffffff 00cf9300 DPL=0 DS   [-WA]
DS =0030 0000000000000000 ffffffff 00cf9300 DPL=0 DS   [-WA]
FS =0030 0000000000000000 ffffffff 00cf9300 DPL=0 DS   [-WA]
GS =0030 0000000000000000 ffffffff 00cf9300 DPL=0 DS   [-WA]
LDT=0000 0000000000000000 0000ffff 00008200 DPL=0 LDT
TR =0000 0000000000000000 0000ffff 00008b00 DPL=0 TSS64-busy
GDT=     000000003f5dc000 00000047
IDT=     000000003efa3018 00000fff
CR0=80010033 CR2=0000000000000000 CR3=000000003f801000 CR4=00000668
DR0=0000000000000000 DR1=0000000000000000 DR2=0000000000000000 DR3=0000000000000000 
DR6=00000000ffff0ff0 DR7=0000000000000400
CCS=0000000000000000 CCD=0000000000000000 CCO=EFLAGS
EFER=0000000000000d00
Servicing hardware INT=0x20
   313: v=20 e=0000 i=0 cpl=0 IP=0038:000000003de3c519 pc=000000003de3c519 SP=0030:000000003fe65550 env->regs[R_EAX]=0000000000000000
RAX=0000000000000000 RBX=0000000000000000 RCX=00000000033c0001 RDX=0000000000000000
RSI=000000003de51000 RDI=00000000387ab76f RBP=000000003fe65619 RSP=000000003fe65550
R8 =000000000656e770 R9 =00000000355fd000 R10=000000003fe7285c R11=0000000000000000
R12=0000000000100000 R13=000000003e660320 R14=0000000000000000 R15=000000000000656f
RIP=000000003de3c519 RFL=00010202 [-------] CPL=0 II=0 A20=1 SMM=0 HLT=0
ES =0030 0000000000000000 ffffffff 00cf9300 DPL=0 DS   [-WA]
CS =0038 0000000000000000 ffffffff 00af9a00 DPL=0 CS64 [-R-]
SS =0030 0000000000000000 ffffffff 00cf9300 DPL=0 DS   [-WA]
DS =0030 0000000000000000 ffffffff 00cf9300 DPL=0 DS   [-WA]
FS =0030 0000000000000000 ffffffff 00cf9300 DPL=0 DS   [-WA]
GS =0030 0000000000000000 ffffffff 00cf9300 DPL=0 DS   [-WA]
LDT=0000 0000000000000000 0000ffff 00008200 DPL=0 LDT
TR =0000 0000000000000000 0000ffff 00008b00 DPL=0 TSS64-busy
GDT=     000000003f5dc000 00000047
IDT=     000000003efa3018 00000fff
CR0=80010033 CR2=0000000000000000 CR3=000000003f801000 CR4=00000668
DR0=0000000000000000 DR1=0000000000000000 DR2=0000000000000000 DR3=0000000000000000 
DR6=00000000ffff0ff0 DR7=0000000000000400
CCS=0000000000000000 CCD=0000000000000000 CCO=EFLAGS
EFER=0000000000000d00
Servicing hardware INT=0x20
   314: v=20 e=0000 i=0 cpl=0 IP=0038:000000003de3c519 pc=000000003de3c519 SP=0030:000000003fe65550 env->regs[R_EAX]=0000000000000000
RAX=0000000000000000 RBX=0000000000000000 RCX=0000000002ae0001 RDX=0000000000000000
RSI=000000003de51000 RDI=000000003908b76f RBP=000000003fe65619 RSP=000000003fe65550
R8 =000000000656e770 R9 =00000000355fd000 R10=000000003fe7285c R11=0000000000000000
R12=0000000000100000 R13=000000003e660320 R14=0000000000000000 R15=000000000000656f
RIP=000000003de3c519 RFL=00010202 [-------] CPL=0 II=0 A20=1 SMM=0 HLT=0
ES =0030 0000000000000000 ffffffff 00cf9300 DPL=0 DS   [-WA]
CS =0038 0000000000000000 ffffffff 00af9a00 DPL=0 CS64 [-R-]
SS =0030 0000000000000000 ffffffff 00cf9300 DPL=0 DS   [-WA]
DS =0030 0000000000000000 ffffffff 00cf9300 DPL=0 DS   [-WA]
FS =0030 0000000000000000 ffffffff 00cf9300 DPL=0 DS   [-WA]
GS =0030 0000000000000000 ffffffff 00cf9300 DPL=0 DS   [-WA]
LDT=0000 0000000000000000 0000ffff 00008200 DPL=0 LDT
TR =0000 0000000000000000 0000ffff 00008b00 DPL=0 TSS64-busy
GDT=     000000003f5dc000 00000047
IDT=     000000003efa3018 00000fff
CR0=80010033 CR2=0000000000000000 CR3=000000003f801000 CR4=00000668
DR0=0000000000000000 DR1=0000000000000000 DR2=0000000000000000 DR3=0000000000000000 
DR6=00000000ffff0ff0 DR7=0000000000000400
CCS=0000000000000000 CCD=0000000000000000 CCO=EFLAGS
EFER=0000000000000d00
Servicing hardware INT=0x20
   315: v=20 e=0000 i=0 cpl=0 IP=0038:000000003de3c519 pc=000000003de3c519 SP=0030:000000003fe65550 env->regs[R_EAX]=0000000000000000
RAX=0000000000000000 RBX=0000000000000000 RCX=0000000002280001 RDX=0000000000000000
RSI=000000003de51000 RDI=00000000398eb76f RBP=000000003fe65619 RSP=000000003fe65550
R8 =000000000656e770 R9 =00000000355fd000 R10=000000003fe7285c R11=0000000000000000
R12=0000000000100000 R13=000000003e660320 R14=0000000000000000 R15=000000000000656f
RIP=000000003de3c519 RFL=00010202 [-------] CPL=0 II=0 A20=1 SMM=0 HLT=0
ES =0030 0000000000000000 ffffffff 00cf9300 DPL=0 DS   [-WA]
CS =0038 0000000000000000 ffffffff 00af9a00 DPL=0 CS64 [-R-]
SS =0030 0000000000000000 ffffffff 00cf9300 DPL=0 DS   [-WA]
DS =0030 0000000000000000 ffffffff 00cf9300 DPL=0 DS   [-WA]
FS =0030 0000000000000000 ffffffff 00cf9300 DPL=0 DS   [-WA]
GS =0030 0000000000000000 ffffffff 00cf9300 DPL=0 DS   [-WA]
LDT=0000 0000000000000000 0000ffff 00008200 DPL=0 LDT
TR =0000 0000000000000000 0000ffff 00008b00 DPL=0 TSS64-busy
GDT=     000000003f5dc000 00000047
IDT=     000000003efa3018 00000fff
CR0=80010033 CR2=0000000000000000 CR3=000000003f801000 CR4=00000668
DR0=0000000000000000 DR1=0000000000000000 DR2=0000000000000000 DR3=0000000000000000 
DR6=00000000ffff0ff0 DR7=0000000000000400
CCS=0000000000000000 CCD=0000000000000000 CCO=EFLAGS
EFER=0000000000000d00
Servicing hardware INT=0x20
   316: v=20 e=0000 i=0 cpl=0 IP=0038:000000003de3c519 pc=000000003de3c519 SP=0030:000000003fe65550 env->regs[R_EAX]=0000000000000000
RAX=0000000000000000 RBX=0000000000000000 RCX=0000000001a40001 RDX=0000000000000000
RSI=000000003de51000 RDI=000000003a12b76f RBP=000000003fe65619 RSP=000000003fe65550
R8 =000000000656e770 R9 =00000000355fd000 R10=000000003fe7285c R11=0000000000000000
R12=0000000000100000 R13=000000003e660320 R14=0000000000000000 R15=000000000000656f
RIP=000000003de3c519 RFL=00010202 [-------] CPL=0 II=0 A20=1 SMM=0 HLT=0
ES =0030 0000000000000000 ffffffff 00cf9300 DPL=0 DS   [-WA]
CS =0038 0000000000000000 ffffffff 00af9a00 DPL=0 CS64 [-R-]
SS =0030 0000000000000000 ffffffff 00cf9300 DPL=0 DS   [-WA]
DS =0030 0000000000000000 ffffffff 00cf9300 DPL=0 DS   [-WA]
FS =0030 0000000000000000 ffffffff 00cf9300 DPL=0 DS   [-WA]
GS =0030 0000000000000000 ffffffff 00cf9300 DPL=0 DS   [-WA]
LDT=0000 0000000000000000 0000ffff 00008200 DPL=0 LDT
TR =0000 0000000000000000 0000ffff 00008b00 DPL=0 TSS64-busy
GDT=     000000003f5dc000 00000047
IDT=     000000003efa3018 00000fff
CR0=80010033 CR2=0000000000000000 CR3=000000003f801000 CR4=00000668
DR0=0000000000000000 DR1=0000000000000000 DR2=0000000000000000 DR3=0000000000000000 
DR6=00000000ffff0ff0 DR7=0000000000000400
CCS=0000000000000000 CCD=0000000000000000 CCO=EFLAGS
EFER=0000000000000d00
Servicing hardware INT=0x20
   317: v=20 e=0000 i=0 cpl=0 IP=0038:000000003de3c519 pc=000000003de3c519 SP=0030:000000003fe65550 env->regs[R_EAX]=0000000000000000
RAX=0000000000000000 RBX=0000000000000000 RCX=00000000011a0001 RDX=0000000000000000
RSI=000000003de51000 RDI=000000003a9cb76f RBP=000000003fe65619 RSP=000000003fe65550
R8 =000000000656e770 R9 =00000000355fd000 R10=000000003fe7285c R11=0000000000000000
R12=0000000000100000 R13=000000003e660320 R14=0000000000000000 R15=000000000000656f
RIP=000000003de3c519 RFL=00010202 [-------] CPL=0 II=0 A20=1 SMM=0 HLT=0
ES =0030 0000000000000000 ffffffff 00cf9300 DPL=0 DS   [-WA]
CS =0038 0000000000000000 ffffffff 00af9a00 DPL=0 CS64 [-R-]
SS =0030 0000000000000000 ffffffff 00cf9300 DPL=0 DS   [-WA]
DS =0030 0000000000000000 ffffffff 00cf9300 DPL=0 DS   [-WA]
FS =0030 0000000000000000 ffffffff 00cf9300 DPL=0 DS   [-WA]
GS =0030 0000000000000000 ffffffff 00cf9300 DPL=0 DS   [-WA]
LDT=0000 0000000000000000 0000ffff 00008200 DPL=0 LDT
TR =0000 0000000000000000 0000ffff 00008b00 DPL=0 TSS64-busy
GDT=     000000003f5dc000 00000047
IDT=     000000003efa3018 00000fff
CR0=80010033 CR2=0000000000000000 CR3=000000003f801000 CR4=00000668
DR0=0000000000000000 DR1=0000000000000000 DR2=0000000000000000 DR3=0000000000000000 
DR6=00000000ffff0ff0 DR7=0000000000000400
CCS=0000000000000000 CCD=0000000000000000 CCO=EFLAGS
EFER=0000000000000d00
Servicing hardware INT=0x20
   318: v=20 e=0000 i=0 cpl=0 IP=0038:000000003de3c519 pc=000000003de3c519 SP=0030:000000003fe65550 env->regs[R_EAX]=0000000000000000
RAX=0000000000000000 RBX=0000000000000000 RCX=0000000000880001 RDX=0000000000000000
RSI=000000003de51000 RDI=000000003b2eb76f RBP=000000003fe65619 RSP=000000003fe65550
R8 =000000000656e770 R9 =00000000355fd000 R10=000000003fe7285c R11=0000000000000000
R12=0000000000100000 R13=000000003e660320 R14=0000000000000000 R15=000000000000656f
RIP=000000003de3c519 RFL=00010202 [-------] CPL=0 II=0 A20=1 SMM=0 HLT=0
ES =0030 0000000000000000 ffffffff 00cf9300 DPL=0 DS   [-WA]
CS =0038 0000000000000000 ffffffff 00af9a00 DPL=0 CS64 [-R-]
SS =0030 0000000000000000 ffffffff 00cf9300 DPL=0 DS   [-WA]
DS =0030 0000000000000000 ffffffff 00cf9300 DPL=0 DS   [-WA]
FS =0030 0000000000000000 ffffffff 00cf9300 DPL=0 DS   [-WA]
GS =0030 0000000000000000 ffffffff 00cf9300 DPL=0 DS   [-WA]
LDT=0000 0000000000000000 0000ffff 00008200 DPL=0 LDT
TR =0000 0000000000000000 0000ffff 00008b00 DPL=0 TSS64-busy
GDT=     000000003f5dc000 00000047
IDT=     000000003efa3018 00000fff
CR0=80010033 CR2=0000000000000000 CR3=000000003f801000 CR4=00000668
DR0=0000000000000000 DR1=0000000000000000 DR2=0000000000000000 DR3=0000000000000000 
DR6=00000000ffff0ff0 DR7=0000000000000400
CCS=0000000000000000 CCD=0000000000000000 CCO=EFLAGS
EFER=0000000000000d00
Servicing hardware INT=0x20
   319: v=20 e=0000 i=0 cpl=0 IP=0038:000000003eb1f785 pc=000000003eb1f785 SP=0030:000000003fe64890 env->regs[R_EAX]=000000003fe6490a
RAX=000000003fe6490a RBX=000000003de50110 RCX=0000000000000000 RDX=000000003e72d692
RSI=0000000000000078 RDI=00000000000000f2 RBP=000000003fe64980 RSP=000000003fe64890
R8 =0000000000000006 R9 =000000003e72d6a7 R10=000000003e7a1218 R11=000000003e7a1a98
R12=000000003de50d4e R13=000000003e660237 R14=000000003e7a1ab8 R15=000000003e7a1228
RIP=000000003eb1f785 RFL=00000203 [------C] CPL=0 II=0 A20=1 SMM=0 HLT=0
ES =0030 0000000000000000 ffffffff 00cf9300 DPL=0 DS   [-WA]
CS =0038 0000000000000000 ffffffff 00af9a00 DPL=0 CS64 [-R-]
SS =0030 0000000000000000 ffffffff 00cf9300 DPL=0 DS   [-WA]
DS =0030 0000000000000000 ffffffff 00cf9300 DPL=0 DS   [-WA]
FS =0030 0000000000000000 ffffffff 00cf9300 DPL=0 DS   [-WA]
GS =0030 0000000000000000 ffffffff 00cf9300 DPL=0 DS   [-WA]
LDT=0000 0000000000000000 0000ffff 00008200 DPL=0 LDT
TR =0000 0000000000000000 0000ffff 00008b00 DPL=0 TSS64-busy
GDT=     000000003f5dc000 00000047
IDT=     000000003efa3018 00000fff
CR0=80010033 CR2=0000000000000000 CR3=000000003f801000 CR4=00000668
DR0=0000000000000000 DR1=0000000000000000 DR2=0000000000000000 DR3=0000000000000000 
DR6=00000000ffff0ff0 DR7=0000000000000400
CCS=0000000000000001 CCD=0000000000000002 CCO=EFLAGS
EFER=0000000000000d00
Servicing hardware INT=0x20
   320: v=20 e=0000 i=0 cpl=0 IP=0038:000000003e6d3862 pc=000000003e6d3862 SP=0030:000000003fe64d70 env->regs[R_EAX]=00000000000000ee
RAX=00000000000000ee RBX=0000000000000064 RCX=000000000000b008 RDX=0000000000fd1811
RSI=0000000000fd18ff RDI=000000003e5b40d4 RBP=000000003fe64da0 RSP=000000003fe64d70
R8 =000000003fe64d8f R9 =000000000000c042 R10=0000000000000000 R11=0000000000000000
R12=000000000004baf1 R13=0000000000000011 R14=000000000000c040 R15=0000000000000000
RIP=000000003e6d3862 RFL=00000206 [-----P-] CPL=0 II=0 A20=1 SMM=0 HLT=0
ES =0030 0000000000000000 ffffffff 00cf9300 DPL=0 DS   [-WA]
CS =0038 0000000000000000 ffffffff 00af9a00 DPL=0 CS64 [-R-]
SS =0030 0000000000000000 ffffffff 00cf9300 DPL=0 DS   [-WA]
DS =0030 0000000000000000 ffffffff 00cf9300 DPL=0 DS   [-WA]
FS =0030 0000000000000000 ffffffff 00cf9300 DPL=0 DS   [-WA]
GS =0030 0000000000000000 ffffffff 00cf9300 DPL=0 DS   [-WA]
LDT=0000 0000000000000000 0000ffff 00008200 DPL=0 LDT
TR =0000 0000000000000000 0000ffff 00008b00 DPL=0 TSS64-busy
GDT=     000000003f5dc000 00000047
IDT=     000000003efa3018 00000fff
CR0=80010033 CR2=0000000000000000 CR3=000000003f801000 CR4=00000668
DR0=0000000000000000 DR1=0000000000000000 DR2=0000000000000000 DR3=0000000000000000 
DR6=00000000ffff0ff0 DR7=0000000000000400
CCS=0000000000000004 CCD=00000000000000ee CCO=EFLAGS
EFER=0000000000000d00
Servicing hardware INT=0x20
   321: v=20 e=0000 i=0 cpl=0 IP=0038:000000003e6d3862 pc=000000003e6d3862 SP=0030:000000003fe64d70 env->regs[R_EAX]=00000000000000e4
RAX=00000000000000e4 RBX=0000000000000064 RCX=000000000000b008 RDX=0000000000fdb5ef
RSI=0000000000fdb6d3 RDI=000000003e5b40d4 RBP=000000003fe64da0 RSP=000000003fe64d70
R8 =000000003fe64d8f R9 =000000000000c042 R10=0000000000000000 R11=0000000000000000
R12=000000000004baf1 R13=0000000000000011 R14=000000000000c040 R15=0000000000000000
RIP=000000003e6d3862 RFL=00000206 [-----P-] CPL=0 II=0 A20=1 SMM=0 HLT=0
ES =0030 0000000000000000 ffffffff 00cf9300 DPL=0 DS   [-WA]
CS =0038 0000000000000000 ffffffff 00af9a00 DPL=0 CS64 [-R-]
SS =0030 0000000000000000 ffffffff 00cf9300 DPL=0 DS   [-WA]
DS =0030 0000000000000000 ffffffff 00cf9300 DPL=0 DS   [-WA]
FS =0030 0000000000000000 ffffffff 00cf9300 DPL=0 DS   [-WA]
GS =0030 0000000000000000 ffffffff 00cf9300 DPL=0 DS   [-WA]
LDT=0000 0000000000000000 0000ffff 00008200 DPL=0 LDT
TR =0000 0000000000000000 0000ffff 00008b00 DPL=0 TSS64-busy
GDT=     000000003f5dc000 00000047
IDT=     000000003efa3018 00000fff
CR0=80010033 CR2=0000000000000000 CR3=000000003f801000 CR4=00000668
DR0=0000000000000000 DR1=0000000000000000 DR2=0000000000000000 DR3=0000000000000000 
DR6=00000000ffff0ff0 DR7=0000000000000400
CCS=0000000000000004 CCD=00000000000000e4 CCO=EFLAGS
EFER=0000000000000d00
Servicing hardware INT=0x20
   322: v=20 e=0000 i=0 cpl=0 IP=0038:000000003e6d3862 pc=000000003e6d3862 SP=0030:000000003fe64d70 env->regs[R_EAX]=00000000000000e5
RAX=00000000000000e5 RBX=0000000000000064 RCX=000000000000b008 RDX=0000000000fe5384
RSI=0000000000fe5469 RDI=000000003e5b40d4 RBP=000000003fe64da0 RSP=000000003fe64d70
R8 =000000003fe64d8f R9 =000000000000c042 R10=0000000000000000 R11=0000000000000000
R12=000000000004baf1 R13=0000000000000011 R14=000000000000c040 R15=0000000000000000
RIP=000000003e6d3862 RFL=00000202 [-------] CPL=0 II=0 A20=1 SMM=0 HLT=0
ES =0030 0000000000000000 ffffffff 00cf9300 DPL=0 DS   [-WA]
CS =0038 0000000000000000 ffffffff 00af9a00 DPL=0 CS64 [-R-]
SS =0030 0000000000000000 ffffffff 00cf9300 DPL=0 DS   [-WA]
DS =0030 0000000000000000 ffffffff 00cf9300 DPL=0 DS   [-WA]
FS =0030 0000000000000000 ffffffff 00cf9300 DPL=0 DS   [-WA]
GS =0030 0000000000000000 ffffffff 00cf9300 DPL=0 DS   [-WA]
LDT=0000 0000000000000000 0000ffff 00008200 DPL=0 LDT
TR =0000 0000000000000000 0000ffff 00008b00 DPL=0 TSS64-busy
GDT=     000000003f5dc000 00000047
IDT=     000000003efa3018 00000fff
CR0=80010033 CR2=0000000000000000 CR3=000000003f801000 CR4=00000668
DR0=0000000000000000 DR1=0000000000000000 DR2=0000000000000000 DR3=0000000000000000 
DR6=00000000ffff0ff0 DR7=0000000000000400
CCS=0000000000000000 CCD=00000000000000e5 CCO=EFLAGS
EFER=0000000000000d00
Servicing hardware INT=0x20
   323: v=20 e=0000 i=0 cpl=0 IP=0038:000000003e6d3862 pc=000000003e6d3862 SP=0030:000000003fe64d70 env->regs[R_EAX]=00000000000013c0
RAX=00000000000013c0 RBX=0000000000002710 RCX=000000000000b008 RDX=0000000000fecea0
RSI=0000000000fee260 RDI=000000003e5b40d4 RBP=000000003fe64da0 RSP=000000003fe64d70
R8 =000000003fe64dc0 R9 =00000000000003f6 R10=0000000000000000 R11=0000000000000000
R12=000000000000c042 R13=0000000000000011 R14=000000000000c040 R15=0000000000000000
RIP=000000003e6d3862 RFL=00000206 [-----P-] CPL=0 II=0 A20=1 SMM=0 HLT=0
ES =0030 0000000000000000 ffffffff 00cf9300 DPL=0 DS   [-WA]
CS =0038 0000000000000000 ffffffff 00af9a00 DPL=0 CS64 [-R-]
SS =0030 0000000000000000 ffffffff 00cf9300 DPL=0 DS   [-WA]
DS =0030 0000000000000000 ffffffff 00cf9300 DPL=0 DS   [-WA]
FS =0030 0000000000000000 ffffffff 00cf9300 DPL=0 DS   [-WA]
GS =0030 0000000000000000 ffffffff 00cf9300 DPL=0 DS   [-WA]
LDT=0000 0000000000000000 0000ffff 00008200 DPL=0 LDT
TR =0000 0000000000000000 0000ffff 00008b00 DPL=0 TSS64-busy
GDT=     000000003f5dc000 00000047
IDT=     000000003efa3018 00000fff
CR0=80010033 CR2=0000000000000000 CR3=000000003f801000 CR4=00000668
DR0=0000000000000000 DR1=0000000000000000 DR2=0000000000000000 DR3=0000000000000000 
DR6=00000000ffff0ff0 DR7=0000000000000400
CCS=0000000000000004 CCD=00000000000013c0 CCO=EFLAGS
EFER=0000000000000d00
Servicing hardware INT=0x20
   324: v=20 e=0000 i=0 cpl=0 IP=0038:000000003e6d3862 pc=000000003e6d3862 SP=0030:000000003fe64d70 env->regs[R_EAX]=00000000000000ec
RAX=00000000000000ec RBX=0000000000000064 RCX=000000000000b008 RDX=0000000000ff896e
RSI=0000000000ff8a5a RDI=000000003e5b40d4 RBP=000000003fe64da0 RSP=000000003fe64d70
R8 =000000003fe64d8f R9 =000000000000c042 R10=0000000000000000 R11=0000000000000000
R12=000000000004baf1 R13=0000000000000011 R14=000000000000c040 R15=0000000000000000
RIP=000000003e6d3862 RFL=00000202 [-------] CPL=0 II=0 A20=1 SMM=0 HLT=0
ES =0030 0000000000000000 ffffffff 00cf9300 DPL=0 DS   [-WA]
CS =0038 0000000000000000 ffffffff 00af9a00 DPL=0 CS64 [-R-]
SS =0030 0000000000000000 ffffffff 00cf9300 DPL=0 DS   [-WA]
DS =0030 0000000000000000 ffffffff 00cf9300 DPL=0 DS   [-WA]
FS =0030 0000000000000000 ffffffff 00cf9300 DPL=0 DS   [-WA]
GS =0030 0000000000000000 ffffffff 00cf9300 DPL=0 DS   [-WA]
LDT=0000 0000000000000000 0000ffff 00008200 DPL=0 LDT
TR =0000 0000000000000000 0000ffff 00008b00 DPL=0 TSS64-busy
GDT=     000000003f5dc000 00000047
IDT=     000000003efa3018 00000fff
CR0=80010033 CR2=0000000000000000 CR3=000000003f801000 CR4=00000668
DR0=0000000000000000 DR1=0000000000000000 DR2=0000000000000000 DR3=0000000000000000 
DR6=00000000ffff0ff0 DR7=0000000000000400
CCS=0000000000000000 CCD=00000000000000ec CCO=EFLAGS
EFER=0000000000000d00
Servicing hardware INT=0x20
   325: v=20 e=0000 i=0 cpl=0 IP=0038:000000003e6d3862 pc=000000003e6d3862 SP=0030:000000003fe64d70 env->regs[R_EAX]=000000000000013c
RAX=000000000000013c RBX=0000000000000064 RCX=000000000000b008 RDX=0000000000002840
RSI=000000000000297c RDI=000000003e5b40d4 RBP=000000003fe64da0 RSP=000000003fe64d70
R8 =000000003fe64d8f R9 =000000000000c042 R10=0000000000000000 R11=0000000000000000
R12=000000000004baf1 R13=0000000000000011 R14=000000000000c040 R15=0000000000000000
RIP=000000003e6d3862 RFL=00000206 [-----P-] CPL=0 II=0 A20=1 SMM=0 HLT=0
ES =0030 0000000000000000 ffffffff 00cf9300 DPL=0 DS   [-WA]
CS =0038 0000000000000000 ffffffff 00af9a00 DPL=0 CS64 [-R-]
SS =0030 0000000000000000 ffffffff 00cf9300 DPL=0 DS   [-WA]
DS =0030 0000000000000000 ffffffff 00cf9300 DPL=0 DS   [-WA]
FS =0030 0000000000000000 ffffffff 00cf9300 DPL=0 DS   [-WA]
GS =0030 0000000000000000 ffffffff 00cf9300 DPL=0 DS   [-WA]
LDT=0000 0000000000000000 0000ffff 00008200 DPL=0 LDT
TR =0000 0000000000000000 0000ffff 00008b00 DPL=0 TSS64-busy
GDT=     000000003f5dc000 00000047
IDT=     000000003efa3018 00000fff
CR0=80010033 CR2=0000000000000000 CR3=000000003f801000 CR4=00000668
DR0=0000000000000000 DR1=0000000000000000 DR2=0000000000000000 DR3=0000000000000000 
DR6=00000000ffff0ff0 DR7=0000000000000400
CCS=0000000000000004 CCD=000000000000013c CCO=EFLAGS
EFER=0000000000000d00
Servicing hardware INT=0x20
   326: v=20 e=0000 i=0 cpl=0 IP=0038:000000003e6d3862 pc=000000003e6d3862 SP=0030:000000003fe64d70 env->regs[R_EAX]=0000000000003075
RAX=0000000000003075 RBX=0000000000002710 RCX=000000000000b008 RDX=000000000000873a
RSI=000000000000b7af RDI=000000003e5b40d4 RBP=000000003fe64da0 RSP=000000003fe64d70
R8 =000000003fe64dc0 R9 =00000000000003f6 R10=0000000000000000 R11=0000000000000000
R12=000000000000c042 R13=0000000000000011 R14=000000000000c040 R15=0000000000000000
RIP=000000003e6d3862 RFL=00000202 [-------] CPL=0 II=0 A20=1 SMM=0 HLT=0
ES =0030 0000000000000000 ffffffff 00cf9300 DPL=0 DS   [-WA]
CS =0038 0000000000000000 ffffffff 00af9a00 DPL=0 CS64 [-R-]
SS =0030 0000000000000000 ffffffff 00cf9300 DPL=0 DS   [-WA]
DS =0030 0000000000000000 ffffffff 00cf9300 DPL=0 DS   [-WA]
FS =0030 0000000000000000 ffffffff 00cf9300 DPL=0 DS   [-WA]
GS =0030 0000000000000000 ffffffff 00cf9300 DPL=0 DS   [-WA]
LDT=0000 0000000000000000 0000ffff 00008200 DPL=0 LDT
TR =0000 0000000000000000 0000ffff 00008b00 DPL=0 TSS64-busy
GDT=     000000003f5dc000 00000047
IDT=     000000003efa3018 00000fff
CR0=80010033 CR2=0000000000000000 CR3=000000003f801000 CR4=00000668
DR0=0000000000000000 DR1=0000000000000000 DR2=0000000000000000 DR3=0000000000000000 
DR6=00000000ffff0ff0 DR7=0000000000000400
CCS=0000000000000000 CCD=0000000000003075 CCO=EFLAGS
EFER=0000000000000d00
Servicing hardware INT=0x20
   327: v=20 e=0000 i=0 cpl=0 IP=0038:000000003ef9f419 pc=000000003ef9f419 SP=0030:000000003fe64c00 env->regs[R_EAX]=0000000000000050
RAX=0000000000000050 RBX=00000000000001f7 RCX=00000000000001f7 RDX=00000000000001f7
RSI=0000000000000000 RDI=0000000000000000 RBP=000000003fe64c20 RSP=000000003fe64c00
R8 =000000003fe64d4f R9 =00000000000001f7 R10=0000000000000000 R11=0000000000000000
R12=000000003fe64d4f R13=0000000000000001 R14=0000000000000001 R15=0000000000000001
RIP=000000003ef9f419 RFL=00000246 [---Z-P-] CPL=0 II=0 A20=1 SMM=0 HLT=0
ES =0030 0000000000000000 ffffffff 00cf9300 DPL=0 DS   [-WA]
CS =0038 0000000000000000 ffffffff 00af9a00 DPL=0 CS64 [-R-]
SS =0030 0000000000000000 ffffffff 00cf9300 DPL=0 DS   [-WA]
DS =0030 0000000000000000 ffffffff 00cf9300 DPL=0 DS   [-WA]
FS =0030 0000000000000000 ffffffff 00cf9300 DPL=0 DS   [-WA]
GS =0030 0000000000000000 ffffffff 00cf9300 DPL=0 DS   [-WA]
LDT=0000 0000000000000000 0000ffff 00008200 DPL=0 LDT
TR =0000 0000000000000000 0000ffff 00008b00 DPL=0 TSS64-busy
GDT=     000000003f5dc000 00000047
IDT=     000000003efa3018 00000fff
CR0=80010033 CR2=0000000000000000 CR3=000000003f801000 CR4=00000668
DR0=0000000000000000 DR1=0000000000000000 DR2=0000000000000000 DR3=0000000000000000 
DR6=00000000ffff0ff0 DR7=0000000000000400
CCS=0000000000000044 CCD=0000000000000000 CCO=EFLAGS
EFER=0000000000000d00
Servicing hardware INT=0x20
   328: v=20 e=0000 i=0 cpl=0 IP=0038:000000003e6d3862 pc=000000003e6d3862 SP=0030:000000003fe64d70 env->regs[R_EAX]=0000000000000160
RAX=0000000000000160 RBX=0000000000000064 RCX=000000000000b008 RDX=00000000000208ed
RSI=0000000000020a4d RDI=000000003e5b40d4 RBP=000000003fe64da0 RSP=000000003fe64d70
R8 =000000003fe64d8f R9 =000000000000c042 R10=0000000000000000 R11=0000000000000000
R12=000000000004baf1 R13=0000000000000011 R14=000000000000c040 R15=0000000000000000
RIP=000000003e6d3862 RFL=00000206 [-----P-] CPL=0 II=0 A20=1 SMM=0 HLT=0
ES =0030 0000000000000000 ffffffff 00cf9300 DPL=0 DS   [-WA]
CS =0038 0000000000000000 ffffffff 00af9a00 DPL=0 CS64 [-R-]
SS =0030 0000000000000000 ffffffff 00cf9300 DPL=0 DS   [-WA]
DS =0030 0000000000000000 ffffffff 00cf9300 DPL=0 DS   [-WA]
FS =0030 0000000000000000 ffffffff 00cf9300 DPL=0 DS   [-WA]
GS =0030 0000000000000000 ffffffff 00cf9300 DPL=0 DS   [-WA]
LDT=0000 0000000000000000 0000ffff 00008200 DPL=0 LDT
TR =0000 0000000000000000 0000ffff 00008b00 DPL=0 TSS64-busy
GDT=     000000003f5dc000 00000047
IDT=     000000003efa3018 00000fff
CR0=80010033 CR2=0000000000000000 CR3=000000003f801000 CR4=00000668
DR0=0000000000000000 DR1=0000000000000000 DR2=0000000000000000 DR3=0000000000000000 
DR6=00000000ffff0ff0 DR7=0000000000000400
CCS=0000000000000004 CCD=0000000000000160 CCO=EFLAGS
EFER=0000000000000d00
Servicing hardware INT=0x20
   329: v=20 e=0000 i=0 cpl=0 IP=0038:000000003e6d3811 pc=000000003e6d3811 SP=0030:000000003fe64d00 env->regs[R_EAX]=0000000000024163
RAX=0000000000024163 RBX=000000000000b008 RCX=000000000000b008 RDX=000000000000b008
RSI=000000000002a0fc RDI=000000003e5b40d4 RBP=000000003fe64d60 RSP=000000003fe64d00
R8 =000000003fe64dc0 R9 =00000000000003f6 R10=0000000000000000 R11=0000000000000000
R12=0000000000000000 R13=0000000000000011 R14=000000000000c040 R15=0000000000000000
RIP=000000003e6d3811 RFL=00000293 [--S-A-C] CPL=0 II=0 A20=1 SMM=0 HLT=0
ES =0030 0000000000000000 ffffffff 00cf9300 DPL=0 DS   [-WA]
CS =0038 0000000000000000 ffffffff 00af9a00 DPL=0 CS64 [-R-]
SS =0030 0000000000000000 ffffffff 00cf9300 DPL=0 DS   [-WA]
DS =0030 0000000000000000 ffffffff 00cf9300 DPL=0 DS   [-WA]
FS =0030 0000000000000000 ffffffff 00cf9300 DPL=0 DS   [-WA]
GS =0030 0000000000000000 ffffffff 00cf9300 DPL=0 DS   [-WA]
LDT=0000 0000000000000000 0000ffff 00008200 DPL=0 LDT
TR =0000 0000000000000000 0000ffff 00008b00 DPL=0 TSS64-busy
GDT=     000000003f5dc000 00000047
IDT=     000000003efa3018 00000fff
CR0=80010033 CR2=0000000000000000 CR3=000000003f801000 CR4=00000668
DR0=0000000000000000 DR1=0000000000000000 DR2=0000000000000000 DR3=0000000000000000 
DR6=00000000ffff0ff0 DR7=0000000000000400
CCS=0000000000000091 CCD=00000000000060fe CCO=EFLAGS
EFER=0000000000000d00
Servicing hardware INT=0x20
   330: v=20 e=0000 i=0 cpl=0 IP=0038:000000003e6d3862 pc=000000003e6d3862 SP=0030:000000003fe64d70 env->regs[R_EAX]=0000000000000101
RAX=0000000000000101 RBX=0000000000000064 RCX=000000000000b008 RDX=000000000002afc2
RSI=000000000002b0c3 RDI=000000003e5b40d4 RBP=000000003fe64da0 RSP=000000003fe64d70
R8 =000000003fe64d8f R9 =000000000000c042 R10=0000000000000000 R11=0000000000000000
R12=000000000004baf1 R13=0000000000000011 R14=000000000000c040 R15=0000000000000000
RIP=000000003e6d3862 RFL=00000202 [-------] CPL=0 II=0 A20=1 SMM=0 HLT=0
ES =0030 0000000000000000 ffffffff 00cf9300 DPL=0 DS   [-WA]
CS =0038 0000000000000000 ffffffff 00af9a00 DPL=0 CS64 [-R-]
SS =0030 0000000000000000 ffffffff 00cf9300 DPL=0 DS   [-WA]
DS =0030 0000000000000000 ffffffff 00cf9300 DPL=0 DS   [-WA]
FS =0030 0000000000000000 ffffffff 00cf9300 DPL=0 DS   [-WA]
GS =0030 0000000000000000 ffffffff 00cf9300 DPL=0 DS   [-WA]
LDT=0000 0000000000000000 0000ffff 00008200 DPL=0 LDT
TR =0000 0000000000000000 0000ffff 00008b00 DPL=0 TSS64-busy
GDT=     000000003f5dc000 00000047
IDT=     000000003efa3018 00000fff
CR0=80010033 CR2=0000000000000000 CR3=000000003f801000 CR4=00000668
DR0=0000000000000000 DR1=0000000000000000 DR2=0000000000000000 DR3=0000000000000000 
DR6=00000000ffff0ff0 DR7=0000000000000400
CCS=0000000000000000 CCD=0000000000000101 CCO=EFLAGS
EFER=0000000000000d00
Servicing hardware INT=0x20
   331: v=20 e=0000 i=0 cpl=0 IP=0038:000000003e6d3862 pc=000000003e6d3862 SP=0030:000000003fe64d70 env->regs[R_EAX]=000000000000014f
RAX=000000000000014f RBX=0000000000000064 RCX=000000000000b008 RDX=00000000000351f1
RSI=0000000000035340 RDI=000000003e5b40d4 RBP=000000003fe64da0 RSP=000000003fe64d70
R8 =000000003fe64d8f R9 =000000000000c042 R10=0000000000000000 R11=0000000000000000
R12=000000000004baf1 R13=0000000000000011 R14=000000000000c040 R15=0000000000000000
RIP=000000003e6d3862 RFL=00000202 [-------] CPL=0 II=0 A20=1 SMM=0 HLT=0
ES =0030 0000000000000000 ffffffff 00cf9300 DPL=0 DS   [-WA]
CS =0038 0000000000000000 ffffffff 00af9a00 DPL=0 CS64 [-R-]
SS =0030 0000000000000000 ffffffff 00cf9300 DPL=0 DS   [-WA]
DS =0030 0000000000000000 ffffffff 00cf9300 DPL=0 DS   [-WA]
FS =0030 0000000000000000 ffffffff 00cf9300 DPL=0 DS   [-WA]
GS =0030 0000000000000000 ffffffff 00cf9300 DPL=0 DS   [-WA]
LDT=0000 0000000000000000 0000ffff 00008200 DPL=0 LDT
TR =0000 0000000000000000 0000ffff 00008b00 DPL=0 TSS64-busy
GDT=     000000003f5dc000 00000047
IDT=     000000003efa3018 00000fff
CR0=80010033 CR2=0000000000000000 CR3=000000003f801000 CR4=00000668
DR0=0000000000000000 DR1=0000000000000000 DR2=0000000000000000 DR3=0000000000000000 
DR6=00000000ffff0ff0 DR7=0000000000000400
CCS=0000000000000000 CCD=000000000000014f CCO=EFLAGS
EFER=0000000000000d00
Servicing hardware INT=0x20
   332: v=20 e=0000 i=0 cpl=0 IP=0038:000000003e6d3862 pc=000000003e6d3862 SP=0030:000000003fe64d70 env->regs[R_EAX]=00000000000000e4
RAX=00000000000000e4 RBX=0000000000000064 RCX=000000000000b008 RDX=000000000003f21a
RSI=000000000003f2fe RDI=000000003e5b40d4 RBP=000000003fe64da0 RSP=000000003fe64d70
R8 =000000003fe64d8f R9 =000000000000c042 R10=0000000000000000 R11=0000000000000000
R12=000000000004baf1 R13=0000000000000011 R14=000000000000c040 R15=0000000000000000
RIP=000000003e6d3862 RFL=00000206 [-----P-] CPL=0 II=0 A20=1 SMM=0 HLT=0
ES =0030 0000000000000000 ffffffff 00cf9300 DPL=0 DS   [-WA]
CS =0038 0000000000000000 ffffffff 00af9a00 DPL=0 CS64 [-R-]
SS =0030 0000000000000000 ffffffff 00cf9300 DPL=0 DS   [-WA]
DS =0030 0000000000000000 ffffffff 00cf9300 DPL=0 DS   [-WA]
FS =0030 0000000000000000 ffffffff 00cf9300 DPL=0 DS   [-WA]
GS =0030 0000000000000000 ffffffff 00cf9300 DPL=0 DS   [-WA]
LDT=0000 0000000000000000 0000ffff 00008200 DPL=0 LDT
TR =0000 0000000000000000 0000ffff 00008b00 DPL=0 TSS64-busy
GDT=     000000003f5dc000 00000047
IDT=     000000003efa3018 00000fff
CR0=80010033 CR2=0000000000000000 CR3=000000003f801000 CR4=00000668
DR0=0000000000000000 DR1=0000000000000000 DR2=0000000000000000 DR3=0000000000000000 
DR6=00000000ffff0ff0 DR7=0000000000000400
CCS=0000000000000004 CCD=00000000000000e4 CCO=EFLAGS
EFER=0000000000000d00
Servicing hardware INT=0x20
   333: v=20 e=0000 i=0 cpl=0 IP=0038:000000003e6d3862 pc=000000003e6d3862 SP=0030:000000003fe64ca0 env->regs[R_EAX]=00000000000000f9
RAX=00000000000000f9 RBX=0000000000000064 RCX=000000000000b008 RDX=000000000004932e
RSI=0000000000049427 RDI=000000003e5b40d4 RBP=000000003fe64cd0 RSP=000000003fe64ca0
R8 =000000003fe64cbf R9 =000000000000c042 R10=0000000000000000 R11=0000000000000000
R12=000000000004baf1 R13=0000000000000011 R14=000000000000c040 R15=0000000000000000
RIP=000000003e6d3862 RFL=00000206 [-----P-] CPL=0 II=0 A20=1 SMM=0 HLT=0
ES =0030 0000000000000000 ffffffff 00cf9300 DPL=0 DS   [-WA]
CS =0038 0000000000000000 ffffffff 00af9a00 DPL=0 CS64 [-R-]
SS =0030 0000000000000000 ffffffff 00cf9300 DPL=0 DS   [-WA]
DS =0030 0000000000000000 ffffffff 00cf9300 DPL=0 DS   [-WA]
FS =0030 0000000000000000 ffffffff 00cf9300 DPL=0 DS   [-WA]
GS =0030 0000000000000000 ffffffff 00cf9300 DPL=0 DS   [-WA]
LDT=0000 0000000000000000 0000ffff 00008200 DPL=0 LDT
TR =0000 0000000000000000 0000ffff 00008b00 DPL=0 TSS64-busy
GDT=     000000003f5dc000 00000047
IDT=     000000003efa3018 00000fff
CR0=80010033 CR2=0000000000000000 CR3=000000003f801000 CR4=00000668
DR0=0000000000000000 DR1=0000000000000000 DR2=0000000000000000 DR3=0000000000000000 
DR6=00000000ffff0ff0 DR7=0000000000000400
CCS=0000000000000004 CCD=00000000000000f9 CCO=EFLAGS
EFER=0000000000000d00
Servicing hardware INT=0x20
   334: v=20 e=0000 i=0 cpl=0 IP=0038:000000003e6d3862 pc=000000003e6d3862 SP=0030:000000003fe64ca0 env->regs[R_EAX]=0000000000004897
RAX=0000000000004897 RBX=0000000000002710 RCX=000000000000b008 RDX=000000000004d991
RSI=0000000000052228 RDI=000000003e5b40d4 RBP=000000003fe64cd0 RSP=000000003fe64ca0
R8 =000000003fe64cf0 R9 =00000000000003f6 R10=0000000000000000 R11=0000000000000000
R12=000000000000c042 R13=0000000000000011 R14=000000000000c040 R15=0000000000000000
RIP=000000003e6d3862 RFL=00000202 [-------] CPL=0 II=0 A20=1 SMM=0 HLT=0
ES =0030 0000000000000000 ffffffff 00cf9300 DPL=0 DS   [-WA]
CS =0038 0000000000000000 ffffffff 00af9a00 DPL=0 CS64 [-R-]
SS =0030 0000000000000000 ffffffff 00cf9300 DPL=0 DS   [-WA]
DS =0030 0000000000000000 ffffffff 00cf9300 DPL=0 DS   [-WA]
FS =0030 0000000000000000 ffffffff 00cf9300 DPL=0 DS   [-WA]
GS =0030 0000000000000000 ffffffff 00cf9300 DPL=0 DS   [-WA]
LDT=0000 0000000000000000 0000ffff 00008200 DPL=0 LDT
TR =0000 0000000000000000 0000ffff 00008b00 DPL=0 TSS64-busy
GDT=     000000003f5dc000 00000047
IDT=     000000003efa3018 00000fff
CR0=80010033 CR2=0000000000000000 CR3=000000003f801000 CR4=00000668
DR0=0000000000000000 DR1=0000000000000000 DR2=0000000000000000 DR3=0000000000000000 
DR6=00000000ffff0ff0 DR7=0000000000000400
CCS=0000000000000000 CCD=0000000000004897 CCO=EFLAGS
EFER=0000000000000d00
Servicing hardware INT=0x20
   335: v=20 e=0000 i=0 cpl=0 IP=0038:000000003e6d3862 pc=000000003e6d3862 SP=0030:000000003fe64d70 env->regs[R_EAX]=0000000000002406
RAX=0000000000002406 RBX=0000000000002710 RCX=000000000000b008 RDX=000000000005badc
RSI=000000000005dee2 RDI=000000003e5b40d4 RBP=000000003fe64da0 RSP=000000003fe64d70
R8 =000000003fe64dc0 R9 =00000000000003f6 R10=0000000000000000 R11=0000000000000000
R12=000000000000c042 R13=0000000000000011 R14=000000000000c040 R15=0000000000000000
RIP=000000003e6d3862 RFL=00000206 [-----P-] CPL=0 II=0 A20=1 SMM=0 HLT=0
ES =0030 0000000000000000 ffffffff 00cf9300 DPL=0 DS   [-WA]
CS =0038 0000000000000000 ffffffff 00af9a00 DPL=0 CS64 [-R-]
SS =0030 0000000000000000 ffffffff 00cf9300 DPL=0 DS   [-WA]
DS =0030 0000000000000000 ffffffff 00cf9300 DPL=0 DS   [-WA]
FS =0030 0000000000000000 ffffffff 00cf9300 DPL=0 DS   [-WA]
GS =0030 0000000000000000 ffffffff 00cf9300 DPL=0 DS   [-WA]
LDT=0000 0000000000000000 0000ffff 00008200 DPL=0 LDT
TR =0000 0000000000000000 0000ffff 00008b00 DPL=0 TSS64-busy
GDT=     000000003f5dc000 00000047
IDT=     000000003efa3018 00000fff
CR0=80010033 CR2=0000000000000000 CR3=000000003f801000 CR4=00000668
DR0=0000000000000000 DR1=0000000000000000 DR2=0000000000000000 DR3=0000000000000000 
DR6=00000000ffff0ff0 DR7=0000000000000400
CCS=0000000000000004 CCD=0000000000002406 CCO=EFLAGS
EFER=0000000000000d00
Servicing hardware INT=0x20
   336: v=20 e=0000 i=0 cpl=0 IP=0038:000000003e6d3862 pc=000000003e6d3862 SP=0030:000000003fe64d70 env->regs[R_EAX]=0000000000000158
RAX=0000000000000158 RBX=0000000000000064 RCX=000000000000b008 RDX=000000000005ed15
RSI=000000000005ee6d RDI=000000003e5b40d4 RBP=000000003fe64da0 RSP=000000003fe64d70
R8 =000000003fe64d8f R9 =000000000000c042 R10=0000000000000000 R11=0000000000000000
R12=000000000004baf1 R13=0000000000000011 R14=000000000000c040 R15=0000000000000000
RIP=000000003e6d3862 RFL=00000202 [-------] CPL=0 II=0 A20=1 SMM=0 HLT=0
ES =0030 0000000000000000 ffffffff 00cf9300 DPL=0 DS   [-WA]
CS =0038 0000000000000000 ffffffff 00af9a00 DPL=0 CS64 [-R-]
SS =0030 0000000000000000 ffffffff 00cf9300 DPL=0 DS   [-WA]
DS =0030 0000000000000000 ffffffff 00cf9300 DPL=0 DS   [-WA]
FS =0030 0000000000000000 ffffffff 00cf9300 DPL=0 DS   [-WA]
GS =0030 0000000000000000 ffffffff 00cf9300 DPL=0 DS   [-WA]
LDT=0000 0000000000000000 0000ffff 00008200 DPL=0 LDT
TR =0000 0000000000000000 0000ffff 00008b00 DPL=0 TSS64-busy
GDT=     000000003f5dc000 00000047
IDT=     000000003efa3018 00000fff
CR0=80010033 CR2=0000000000000000 CR3=000000003f801000 CR4=00000668
DR0=0000000000000000 DR1=0000000000000000 DR2=0000000000000000 DR3=0000000000000000 
DR6=00000000ffff0ff0 DR7=0000000000000400
CCS=0000000000000000 CCD=0000000000000158 CCO=EFLAGS
EFER=0000000000000d00
Servicing hardware INT=0x20
   337: v=20 e=0000 i=0 cpl=0 IP=0038:000000003e6d3862 pc=000000003e6d3862 SP=0030:000000003fe64d70 env->regs[R_EAX]=00000000000000e9
RAX=00000000000000e9 RBX=0000000000000064 RCX=000000000000b008 RDX=0000000000068c44
RSI=0000000000068d2d RDI=000000003e5b40d4 RBP=000000003fe64da0 RSP=000000003fe64d70
R8 =000000003fe64d8f R9 =000000000000c042 R10=0000000000000000 R11=0000000000000000
R12=000000000004baf1 R13=0000000000000011 R14=000000000000c040 R15=0000000000000000
RIP=000000003e6d3862 RFL=00000202 [-------] CPL=0 II=0 A20=1 SMM=0 HLT=0
ES =0030 0000000000000000 ffffffff 00cf9300 DPL=0 DS   [-WA]
CS =0038 0000000000000000 ffffffff 00af9a00 DPL=0 CS64 [-R-]
SS =0030 0000000000000000 ffffffff 00cf9300 DPL=0 DS   [-WA]
DS =0030 0000000000000000 ffffffff 00cf9300 DPL=0 DS   [-WA]
FS =0030 0000000000000000 ffffffff 00cf9300 DPL=0 DS   [-WA]
GS =0030 0000000000000000 ffffffff 00cf9300 DPL=0 DS   [-WA]
LDT=0000 0000000000000000 0000ffff 00008200 DPL=0 LDT
TR =0000 0000000000000000 0000ffff 00008b00 DPL=0 TSS64-busy
GDT=     000000003f5dc000 00000047
IDT=     000000003efa3018 00000fff
CR0=80010033 CR2=0000000000000000 CR3=000000003f801000 CR4=00000668
DR0=0000000000000000 DR1=0000000000000000 DR2=0000000000000000 DR3=0000000000000000 
DR6=00000000ffff0ff0 DR7=0000000000000400
CCS=0000000000000000 CCD=00000000000000e9 CCO=EFLAGS
EFER=0000000000000d00
Servicing hardware INT=0x20
   338: v=20 e=0000 i=0 cpl=0 IP=0038:000000003e6d3862 pc=000000003e6d3862 SP=0030:000000003fe64d70 env->regs[R_EAX]=000000000000015b
RAX=000000000000015b RBX=0000000000000064 RCX=000000000000b008 RDX=000000000007289c
RSI=00000000000729f7 RDI=000000003e5b40d4 RBP=000000003fe64da0 RSP=000000003fe64d70
R8 =000000003fe64d8f R9 =000000000000c042 R10=0000000000000000 R11=0000000000000000
R12=000000000004baf1 R13=0000000000000011 R14=000000000000c040 R15=0000000000000000
RIP=000000003e6d3862 RFL=00000202 [-------] CPL=0 II=0 A20=1 SMM=0 HLT=0
ES =0030 0000000000000000 ffffffff 00cf9300 DPL=0 DS   [-WA]
CS =0038 0000000000000000 ffffffff 00af9a00 DPL=0 CS64 [-R-]
SS =0030 0000000000000000 ffffffff 00cf9300 DPL=0 DS   [-WA]
DS =0030 0000000000000000 ffffffff 00cf9300 DPL=0 DS   [-WA]
FS =0030 0000000000000000 ffffffff 00cf9300 DPL=0 DS   [-WA]
GS =0030 0000000000000000 ffffffff 00cf9300 DPL=0 DS   [-WA]
LDT=0000 0000000000000000 0000ffff 00008200 DPL=0 LDT
TR =0000 0000000000000000 0000ffff 00008b00 DPL=0 TSS64-busy
GDT=     000000003f5dc000 00000047
IDT=     000000003efa3018 00000fff
CR0=80010033 CR2=0000000000000000 CR3=000000003f801000 CR4=00000668
DR0=0000000000000000 DR1=0000000000000000 DR2=0000000000000000 DR3=0000000000000000 
DR6=00000000ffff0ff0 DR7=0000000000000400
CCS=0000000000000000 CCD=000000000000015b CCO=EFLAGS
EFER=0000000000000d00
Servicing hardware INT=0x20
   339: v=20 e=0000 i=0 cpl=0 IP=0038:000000003e6d3862 pc=000000003e6d3862 SP=0030:000000003fe64d70 env->regs[R_EAX]=0000000000000160
RAX=0000000000000160 RBX=0000000000000064 RCX=000000000000b008 RDX=000000000007c55a
RSI=000000000007c6ba RDI=000000003e5b40d4 RBP=000000003fe64da0 RSP=000000003fe64d70
R8 =000000003fe64d8f R9 =000000000000c042 R10=0000000000000000 R11=0000000000000000
R12=000000000004baf1 R13=0000000000000011 R14=000000000000c040 R15=0000000000000000
RIP=000000003e6d3862 RFL=00000206 [-----P-] CPL=0 II=0 A20=1 SMM=0 HLT=0
ES =0030 0000000000000000 ffffffff 00cf9300 DPL=0 DS   [-WA]
CS =0038 0000000000000000 ffffffff 00af9a00 DPL=0 CS64 [-R-]
SS =0030 0000000000000000 ffffffff 00cf9300 DPL=0 DS   [-WA]
DS =0030 0000000000000000 ffffffff 00cf9300 DPL=0 DS   [-WA]
FS =0030 0000000000000000 ffffffff 00cf9300 DPL=0 DS   [-WA]
GS =0030 0000000000000000 ffffffff 00cf9300 DPL=0 DS   [-WA]
LDT=0000 0000000000000000 0000ffff 00008200 DPL=0 LDT
TR =0000 0000000000000000 0000ffff 00008b00 DPL=0 TSS64-busy
GDT=     000000003f5dc000 00000047
IDT=     000000003efa3018 00000fff
CR0=80010033 CR2=0000000000000000 CR3=000000003f801000 CR4=00000668
DR0=0000000000000000 DR1=0000000000000000 DR2=0000000000000000 DR3=0000000000000000 
DR6=00000000ffff0ff0 DR7=0000000000000400
CCS=0000000000000004 CCD=0000000000000160 CCO=EFLAGS
EFER=0000000000000d00
Servicing hardware INT=0x20
   340: v=20 e=0000 i=0 cpl=0 IP=0038:000000003e6d3862 pc=000000003e6d3862 SP=0030:000000003fe64d70 env->regs[R_EAX]=0000000000000661
RAX=0000000000000661 RBX=0000000000002710 RCX=000000000000b008 RDX=0000000000084d64
RSI=00000000000853c5 RDI=000000003e5b40d4 RBP=000000003fe64da0 RSP=000000003fe64d70
R8 =000000003fe64dc0 R9 =00000000000003f6 R10=0000000000000000 R11=0000000000000000
R12=000000000000c042 R13=0000000000000011 R14=000000000000c040 R15=0000000000000000
RIP=000000003e6d3862 RFL=00000202 [-------] CPL=0 II=0 A20=1 SMM=0 HLT=0
ES =0030 0000000000000000 ffffffff 00cf9300 DPL=0 DS   [-WA]
CS =0038 0000000000000000 ffffffff 00af9a00 DPL=0 CS64 [-R-]
SS =0030 0000000000000000 ffffffff 00cf9300 DPL=0 DS   [-WA]
DS =0030 0000000000000000 ffffffff 00cf9300 DPL=0 DS   [-WA]
FS =0030 0000000000000000 ffffffff 00cf9300 DPL=0 DS   [-WA]
GS =0030 0000000000000000 ffffffff 00cf9300 DPL=0 DS   [-WA]
LDT=0000 0000000000000000 0000ffff 00008200 DPL=0 LDT
TR =0000 0000000000000000 0000ffff 00008b00 DPL=0 TSS64-busy
GDT=     000000003f5dc000 00000047
IDT=     000000003efa3018 00000fff
CR0=80010033 CR2=0000000000000000 CR3=000000003f801000 CR4=00000668
DR0=0000000000000000 DR1=0000000000000000 DR2=0000000000000000 DR3=0000000000000000 
DR6=00000000ffff0ff0 DR7=0000000000000400
CCS=0000000000000000 CCD=0000000000000661 CCO=EFLAGS
EFER=0000000000000d00
Servicing hardware INT=0x20
   341: v=20 e=0000 i=0 cpl=0 IP=0038:000000003e6d3862 pc=000000003e6d3862 SP=0030:000000003fe64d70 env->regs[R_EAX]=000000000000015e
RAX=000000000000015e RBX=0000000000000064 RCX=000000000000b008 RDX=000000000008fa56
RSI=000000000008fbb4 RDI=000000003e5b40d4 RBP=000000003fe64da0 RSP=000000003fe64d70
R8 =000000003fe64d8f R9 =000000000000c042 R10=0000000000000000 R11=0000000000000000
R12=000000000004baf1 R13=0000000000000011 R14=000000000000c040 R15=0000000000000000
RIP=000000003e6d3862 RFL=00000202 [-------] CPL=0 II=0 A20=1 SMM=0 HLT=0
ES =0030 0000000000000000 ffffffff 00cf9300 DPL=0 DS   [-WA]
CS =0038 0000000000000000 ffffffff 00af9a00 DPL=0 CS64 [-R-]
SS =0030 0000000000000000 ffffffff 00cf9300 DPL=0 DS   [-WA]
DS =0030 0000000000000000 ffffffff 00cf9300 DPL=0 DS   [-WA]
FS =0030 0000000000000000 ffffffff 00cf9300 DPL=0 DS   [-WA]
GS =0030 0000000000000000 ffffffff 00cf9300 DPL=0 DS   [-WA]
LDT=0000 0000000000000000 0000ffff 00008200 DPL=0 LDT
TR =0000 0000000000000000 0000ffff 00008b00 DPL=0 TSS64-busy
GDT=     000000003f5dc000 00000047
IDT=     000000003efa3018 00000fff
CR0=80010033 CR2=0000000000000000 CR3=000000003f801000 CR4=00000668
DR0=0000000000000000 DR1=0000000000000000 DR2=0000000000000000 DR3=0000000000000000 
DR6=00000000ffff0ff0 DR7=0000000000000400
CCS=0000000000000000 CCD=000000000000015e CCO=EFLAGS
EFER=0000000000000d00
Servicing hardware INT=0x20
   342: v=20 e=0000 i=0 cpl=0 IP=0038:000000003e6d3862 pc=000000003e6d3862 SP=0030:000000003fe64d70 env->regs[R_EAX]=0000000000000164
RAX=0000000000000164 RBX=0000000000000064 RCX=000000000000b008 RDX=00000000000996e0
RSI=0000000000099844 RDI=000000003e5b40d4 RBP=000000003fe64da0 RSP=000000003fe64d70
R8 =000000003fe64d8f R9 =000000000000c042 R10=0000000000000000 R11=0000000000000000
R12=000000000004baf1 R13=0000000000000011 R14=000000000000c040 R15=0000000000000000
RIP=000000003e6d3862 RFL=00000202 [-------] CPL=0 II=0 A20=1 SMM=0 HLT=0
ES =0030 0000000000000000 ffffffff 00cf9300 DPL=0 DS   [-WA]
CS =0038 0000000000000000 ffffffff 00af9a00 DPL=0 CS64 [-R-]
SS =0030 0000000000000000 ffffffff 00cf9300 DPL=0 DS   [-WA]
DS =0030 0000000000000000 ffffffff 00cf9300 DPL=0 DS   [-WA]
FS =0030 0000000000000000 ffffffff 00cf9300 DPL=0 DS   [-WA]
GS =0030 0000000000000000 ffffffff 00cf9300 DPL=0 DS   [-WA]
LDT=0000 0000000000000000 0000ffff 00008200 DPL=0 LDT
TR =0000 0000000000000000 0000ffff 00008b00 DPL=0 TSS64-busy
GDT=     000000003f5dc000 00000047
IDT=     000000003efa3018 00000fff
CR0=80010033 CR2=0000000000000000 CR3=000000003f801000 CR4=00000668
DR0=0000000000000000 DR1=0000000000000000 DR2=0000000000000000 DR3=0000000000000000 
DR6=00000000ffff0ff0 DR7=0000000000000400
CCS=0000000000000000 CCD=0000000000000164 CCO=EFLAGS
EFER=0000000000000d00
Servicing hardware INT=0x20
   343: v=20 e=0000 i=0 cpl=0 IP=0038:000000003e6d3862 pc=000000003e6d3862 SP=0030:000000003fe64d70 env->regs[R_EAX]=0000000000001bfc
RAX=0000000000001bfc RBX=0000000000002710 RCX=000000000000b008 RDX=00000000000a09ab
RSI=00000000000a25a7 RDI=000000003e5b40d4 RBP=000000003fe64da0 RSP=000000003fe64d70
R8 =000000003fe64dc0 R9 =00000000000003f6 R10=0000000000000000 R11=0000000000000000
R12=000000000000c042 R13=0000000000000011 R14=000000000000c040 R15=0000000000000000
RIP=000000003e6d3862 RFL=00000206 [-----P-] CPL=0 II=0 A20=1 SMM=0 HLT=0
ES =0030 0000000000000000 ffffffff 00cf9300 DPL=0 DS   [-WA]
CS =0038 0000000000000000 ffffffff 00af9a00 DPL=0 CS64 [-R-]
SS =0030 0000000000000000 ffffffff 00cf9300 DPL=0 DS   [-WA]
DS =0030 0000000000000000 ffffffff 00cf9300 DPL=0 DS   [-WA]
FS =0030 0000000000000000 ffffffff 00cf9300 DPL=0 DS   [-WA]
GS =0030 0000000000000000 ffffffff 00cf9300 DPL=0 DS   [-WA]
LDT=0000 0000000000000000 0000ffff 00008200 DPL=0 LDT
TR =0000 0000000000000000 0000ffff 00008b00 DPL=0 TSS64-busy
GDT=     000000003f5dc000 00000047
IDT=     000000003efa3018 00000fff
CR0=80010033 CR2=0000000000000000 CR3=000000003f801000 CR4=00000668
DR0=0000000000000000 DR1=0000000000000000 DR2=0000000000000000 DR3=0000000000000000 
DR6=00000000ffff0ff0 DR7=0000000000000400
CCS=0000000000000004 CCD=0000000000001bfc CCO=EFLAGS
EFER=0000000000000d00
Servicing hardware INT=0x20
   344: v=20 e=0000 i=0 cpl=0 IP=0038:000000003ef9f419 pc=000000003ef9f419 SP=0030:000000003fe64b70 env->regs[R_EAX]=0000000000000004
RAX=0000000000000004 RBX=000000000000c042 RCX=000000000000c042 RDX=000000000000c042
RSI=0000000000000000 RDI=0000000000000000 RBP=000000003fe64b90 RSP=000000003fe64b70
R8 =000000003fe64cbf R9 =000000000000c042 R10=0000000000000000 R11=0000000000000000
R12=000000003fe64cbf R13=0000000000000001 R14=0000000000000001 R15=0000000000000001
RIP=000000003ef9f419 RFL=00000246 [---Z-P-] CPL=0 II=0 A20=1 SMM=0 HLT=0
ES =0030 0000000000000000 ffffffff 00cf9300 DPL=0 DS   [-WA]
CS =0038 0000000000000000 ffffffff 00af9a00 DPL=0 CS64 [-R-]
SS =0030 0000000000000000 ffffffff 00cf9300 DPL=0 DS   [-WA]
DS =0030 0000000000000000 ffffffff 00cf9300 DPL=0 DS   [-WA]
FS =0030 0000000000000000 ffffffff 00cf9300 DPL=0 DS   [-WA]
GS =0030 0000000000000000 ffffffff 00cf9300 DPL=0 DS   [-WA]
LDT=0000 0000000000000000 0000ffff 00008200 DPL=0 LDT
TR =0000 0000000000000000 0000ffff 00008b00 DPL=0 TSS64-busy
GDT=     000000003f5dc000 00000047
IDT=     000000003efa3018 00000fff
CR0=80010033 CR2=0000000000000000 CR3=000000003f801000 CR4=00000668
DR0=0000000000000000 DR1=0000000000000000 DR2=0000000000000000 DR3=0000000000000000 
DR6=00000000ffff0ff0 DR7=0000000000000400
CCS=0000000000000044 CCD=0000000000000000 CCO=EFLAGS
EFER=0000000000000d00
Servicing hardware INT=0x20
   345: v=20 e=0000 i=0 cpl=0 IP=0038:000000003e6d3862 pc=000000003e6d3862 SP=0030:000000003fe64ca0 env->regs[R_EAX]=0000000000007702
RAX=0000000000007702 RBX=0000000000002710 RCX=000000000000b008 RDX=00000000000ae425
RSI=00000000000b5b27 RDI=000000003e5b40d4 RBP=000000003fe64cd0 RSP=000000003fe64ca0
R8 =000000003fe64cf0 R9 =00000000000003f6 R10=0000000000000000 R11=0000000000000000
R12=000000000000c042 R13=0000000000000011 R14=000000000000c040 R15=0000000000000000
RIP=000000003e6d3862 RFL=00000202 [-------] CPL=0 II=0 A20=1 SMM=0 HLT=0
ES =0030 0000000000000000 ffffffff 00cf9300 DPL=0 DS   [-WA]
CS =0038 0000000000000000 ffffffff 00af9a00 DPL=0 CS64 [-R-]
SS =0030 0000000000000000 ffffffff 00cf9300 DPL=0 DS   [-WA]
DS =0030 0000000000000000 ffffffff 00cf9300 DPL=0 DS   [-WA]
FS =0030 0000000000000000 ffffffff 00cf9300 DPL=0 DS   [-WA]
GS =0030 0000000000000000 ffffffff 00cf9300 DPL=0 DS   [-WA]
LDT=0000 0000000000000000 0000ffff 00008200 DPL=0 LDT
TR =0000 0000000000000000 0000ffff 00008b00 DPL=0 TSS64-busy
GDT=     000000003f5dc000 00000047
IDT=     000000003efa3018 00000fff
CR0=80010033 CR2=0000000000000000 CR3=000000003f801000 CR4=00000668
DR0=0000000000000000 DR1=0000000000000000 DR2=0000000000000000 DR3=0000000000000000 
DR6=00000000ffff0ff0 DR7=0000000000000400
CCS=0000000000000000 CCD=0000000000007702 CCO=EFLAGS
EFER=0000000000000d00
Servicing hardware INT=0x20
   346: v=20 e=0000 i=0 cpl=0 IP=0038:000000003e6b93bd pc=000000003e6b93bd SP=0030:000000003fe64b20 env->regs[R_EAX]=0000000000000060
RAX=0000000000000060 RBX=000000003e639318 RCX=00000000000003fd RDX=00000000000003fd
RSI=0000000000000005 RDI=000000003e639318 RBP=000000003fe64b70 RSP=000000003fe64b20
R8 =0000000000000002 R9 =00000000000003fd R10=000000003fe72800 R11=0000000000000030
R12=000000003fe64ce8 R13=0000000000000000 R14=000000003fe64bdf R15=000000003fe64ce5
RIP=000000003e6b93bd RFL=00000293 [--S-A-C] CPL=0 II=0 A20=1 SMM=0 HLT=0
ES =0030 0000000000000000 ffffffff 00cf9300 DPL=0 DS   [-WA]
CS =0038 0000000000000000 ffffffff 00af9a00 DPL=0 CS64 [-R-]
SS =0030 0000000000000000 ffffffff 00cf9300 DPL=0 DS   [-WA]
DS =0030 0000000000000000 ffffffff 00cf9300 DPL=0 DS   [-WA]
FS =0030 0000000000000000 ffffffff 00cf9300 DPL=0 DS   [-WA]
GS =0030 0000000000000000 ffffffff 00cf9300 DPL=0 DS   [-WA]
LDT=0000 0000000000000000 0000ffff 00008200 DPL=0 LDT
TR =0000 0000000000000000 0000ffff 00008b00 DPL=0 TSS64-busy
GDT=     000000003f5dc000 00000047
IDT=     000000003efa3018 00000fff
CR0=80010033 CR2=0000000000000000 CR3=000000003f801000 CR4=00000668
DR0=0000000000000000 DR1=0000000000000000 DR2=0000000000000000 DR3=0000000000000000 
DR6=00000000ffff0ff0 DR7=0000000000000400
CCS=0000000000000091 CCD=fffffffffffffffe CCO=EFLAGS
EFER=0000000000000d00
Servicing hardware INT=0x20
   347: v=20 e=0000 i=0 cpl=0 IP=0038:000000003e6b93bd pc=000000003e6b93bd SP=0030:000000003fe64b20 env->regs[R_EAX]=0000000000000060
RAX=0000000000000060 RBX=000000003e639318 RCX=00000000000003fd RDX=00000000000003fd
RSI=0000000000000005 RDI=000000003e639318 RBP=000000003fe64b70 RSP=000000003fe64b20
R8 =0000000000000009 R9 =00000000000003fd R10=000000003de4f358 R11=000000000000001e
R12=000000003fe64ce8 R13=0000000000000000 R14=000000003fe64bdf R15=000000003fe64ce5
RIP=000000003e6b93bd RFL=00000293 [--S-A-C] CPL=0 II=0 A20=1 SMM=0 HLT=0
ES =0030 0000000000000000 ffffffff 00cf9300 DPL=0 DS   [-WA]
CS =0038 0000000000000000 ffffffff 00af9a00 DPL=0 CS64 [-R-]
SS =0030 0000000000000000 ffffffff 00cf9300 DPL=0 DS   [-WA]
DS =0030 0000000000000000 ffffffff 00cf9300 DPL=0 DS   [-WA]
FS =0030 0000000000000000 ffffffff 00cf9300 DPL=0 DS   [-WA]
GS =0030 0000000000000000 ffffffff 00cf9300 DPL=0 DS   [-WA]
LDT=0000 0000000000000000 0000ffff 00008200 DPL=0 LDT
TR =0000 0000000000000000 0000ffff 00008b00 DPL=0 TSS64-busy
GDT=     000000003f5dc000 00000047
IDT=     000000003efa3018 00000fff
CR0=80010033 CR2=0000000000000000 CR3=000000003f801000 CR4=00000668
DR0=0000000000000000 DR1=0000000000000000 DR2=0000000000000000 DR3=0000000000000000 
DR6=00000000ffff0ff0 DR7=0000000000000400
CCS=0000000000000091 CCD=fffffffffffffffe CCO=EFLAGS
EFER=0000000000000d00
Servicing hardware INT=0x20
   348: v=20 e=0000 i=0 cpl=0 IP=0038:000000003de3c519 pc=000000003de3c519 SP=0030:000000003fe65660 env->regs[R_EAX]=0000000000000000
RAX=0000000000000000 RBX=0000000000000000 RCX=0000000000dd0001 RDX=0000000000000000
RSI=0000000000000000 RDI=000000003d022fff RBP=000000003fe65770 RSP=000000003fe65660
R8 =0000000001000000 R9 =000000003cdf3000 R10=000000003fe7285c R11=0000000000000000
R12=0000000000001000 R13=0000000081040000 R14=0000000000000000 R15=000000003f5ec018
RIP=000000003de3c519 RFL=00010206 [-----P-] CPL=0 II=0 A20=1 SMM=0 HLT=0
ES =0030 0000000000000000 ffffffff 00cf9300 DPL=0 DS   [-WA]
CS =0038 0000000000000000 ffffffff 00af9a00 DPL=0 CS64 [-R-]
SS =0030 0000000000000000 ffffffff 00cf9300 DPL=0 DS   [-WA]
DS =0030 0000000000000000 ffffffff 00cf9300 DPL=0 DS   [-WA]
FS =0030 0000000000000000 ffffffff 00cf9300 DPL=0 DS   [-WA]
GS =0030 0000000000000000 ffffffff 00cf9300 DPL=0 DS   [-WA]
LDT=0000 0000000000000000 0000ffff 00008200 DPL=0 LDT
TR =0000 0000000000000000 0000ffff 00008b00 DPL=0 TSS64-busy
GDT=     000000003f5dc000 00000047
IDT=     000000003efa3018 00000fff
CR0=80010033 CR2=0000000000000000 CR3=000000003f801000 CR4=00000668
DR0=0000000000000000 DR1=0000000000000000 DR2=0000000000000000 DR3=0000000000000000 
DR6=00000000ffff0ff0 DR7=0000000000000400
CCS=0000000000000004 CCD=0000000001000000 CCO=EFLAGS
EFER=0000000000000d00
Servicing hardware INT=0x20
   349: v=20 e=0000 i=0 cpl=0 IP=0038:000000003de3c519 pc=000000003de3c519 SP=0030:000000003fe65660 env->regs[R_EAX]=0000000000000000
RAX=0000000000000000 RBX=0000000000000000 RCX=00000000004a0001 RDX=0000000000000000
RSI=0000000000000000 RDI=000000003d952fff RBP=000000003fe65770 RSP=000000003fe65660
R8 =0000000001000000 R9 =000000003cdf3000 R10=000000003fe7285c R11=0000000000000000
R12=0000000000001000 R13=0000000081040000 R14=0000000000000000 R15=000000003f5ec018
RIP=000000003de3c519 RFL=00010206 [-----P-] CPL=0 II=0 A20=1 SMM=0 HLT=0
ES =0030 0000000000000000 ffffffff 00cf9300 DPL=0 DS   [-WA]
CS =0038 0000000000000000 ffffffff 00af9a00 DPL=0 CS64 [-R-]
SS =0030 0000000000000000 ffffffff 00cf9300 DPL=0 DS   [-WA]
DS =0030 0000000000000000 ffffffff 00cf9300 DPL=0 DS   [-WA]
FS =0030 0000000000000000 ffffffff 00cf9300 DPL=0 DS   [-WA]
GS =0030 0000000000000000 ffffffff 00cf9300 DPL=0 DS   [-WA]
LDT=0000 0000000000000000 0000ffff 00008200 DPL=0 LDT
TR =0000 0000000000000000 0000ffff 00008b00 DPL=0 TSS64-busy
GDT=     000000003f5dc000 00000047
IDT=     000000003efa3018 00000fff
CR0=80010033 CR2=0000000000000000 CR3=000000003f801000 CR4=00000668
DR0=0000000000000000 DR1=0000000000000000 DR2=0000000000000000 DR3=0000000000000000 
DR6=00000000ffff0ff0 DR7=0000000000000400
CCS=0000000000000004 CCD=0000000000000000 CCO=EFLAGS
EFER=0000000000000d00
Servicing hardware INT=0x20
   350: v=20 e=0000 i=0 cpl=0 IP=0038:000000003eb29b60 pc=000000003eb29b60 SP=0030:000000003fe64998 env->regs[R_EAX]=000000003fe64a2f
RAX=000000003fe64a2f RBX=000000003de50068 RCX=000000003fe64a1a RDX=000000003e72d440
RSI=000000000000006f RDI=00000000000000f2 RBP=000000003fe64a90 RSP=000000003fe64998
R8 =0000000000000016 R9 =0000000000000030 R10=000000003e7a1218 R11=000000003e7a1a98
R12=000000003de50d7c R13=000000003de50fa2 R14=000000003e7a1ab8 R15=000000003e7a1228
RIP=000000003eb29b60 RFL=00000202 [-------] CPL=0 II=0 A20=1 SMM=0 HLT=0
ES =0030 0000000000000000 ffffffff 00cf9300 DPL=0 DS   [-WA]
CS =0038 0000000000000000 ffffffff 00af9a00 DPL=0 CS64 [-R-]
SS =0030 0000000000000000 ffffffff 00cf9300 DPL=0 DS   [-WA]
DS =0030 0000000000000000 ffffffff 00cf9300 DPL=0 DS   [-WA]
FS =0030 0000000000000000 ffffffff 00cf9300 DPL=0 DS   [-WA]
GS =0030 0000000000000000 ffffffff 00cf9300 DPL=0 DS   [-WA]
LDT=0000 0000000000000000 0000ffff 00008200 DPL=0 LDT
TR =0000 0000000000000000 0000ffff 00008b00 DPL=0 TSS64-busy
GDT=     000000003f5dc000 00000047
IDT=     000000003efa3018 00000fff
CR0=80010033 CR2=0000000000000000 CR3=000000003f801000 CR4=00000668
DR0=0000000000000000 DR1=0000000000000000 DR2=0000000000000000 DR3=0000000000000000 
DR6=00000000ffff0ff0 DR7=0000000000000400
CCS=0000000000000000 CCD=000000003fe64970 CCO=EFLAGS
EFER=0000000000000d00
Servicing hardware INT=0x20
   351: v=20 e=0000 i=0 cpl=0 IP=0038:000000003de3bc11 pc=000000003de3bc11 SP=0030:000000003fe65620 env->regs[R_EAX]=0000000000000000
RAX=0000000000000000 RBX=0000000000000000 RCX=0000000000000068 RDX=000000003cd97000
RSI=000000003fe65868 RDI=000000003fe657c8 RBP=000000003f5ec018 RSP=000000003fe65620
R8 =0000000000001000 R9 =000000003cd97000 R10=000000003fe7285c R11=0000000000000000
R12=000000003de41120 R13=0000000081040000 R14=000000003fe657c8 R15=000000003fe659d0
RIP=000000003de3bc11 RFL=00000202 [-------] CPL=0 II=0 A20=1 SMM=0 HLT=0
ES =0030 0000000000000000 ffffffff 00cf9300 DPL=0 DS   [-WA]
CS =0038 0000000000000000 ffffffff 00af9a00 DPL=0 CS64 [-R-]
SS =0030 0000000000000000 ffffffff 00cf9300 DPL=0 DS   [-WA]
DS =0030 0000000000000000 ffffffff 00cf9300 DPL=0 DS   [-WA]
FS =0030 0000000000000000 ffffffff 00cf9300 DPL=0 DS   [-WA]
GS =0030 0000000000000000 ffffffff 00cf9300 DPL=0 DS   [-WA]
LDT=0000 0000000000000000 0000ffff 00008200 DPL=0 LDT
TR =0000 0000000000000000 0000ffff 00008b00 DPL=0 TSS64-busy
GDT=     000000003f5dc000 00000047
IDT=     000000003efa3018 00000fff
CR0=80010033 CR2=0000000000000000 CR3=000000003f801000 CR4=00000668
DR0=0000000000000000 DR1=0000000000000000 DR2=0000000000000000 DR3=0000000000000000 
DR6=00000000ffff0ff0 DR7=0000000000000400
CCS=0000000000000000 CCD=0000000000000068 CCO=EFLAGS
EFER=0000000000000d00
Servicing hardware INT=0x20
   352: v=20 e=0000 i=0 cpl=0 IP=0008:0000000010018d77 pc=0000000010018d77 SP=0010:0000000004e69b60 env->regs[R_EAX]=0000000000000000
RAX=0000000000000000 RBX=0000000000000000 RCX=0000000010108e20 RDX=00000000ffffffff
RSI=00000000001db720 RDI=0000000000000000 RBP=00000000002661c0 RSP=0000000004e69b60
R8 =0000000000000072 R9 =00000000100eca8e R10=0000000000000052 R11=0000000000000073
R12=0000000000000000 R13=0000000000000000 R14=0000000000265a54 R15=0000000000265c5d
RIP=0000000010018d77 RFL=00000202 [-------] CPL=0 II=0 A20=1 SMM=0 HLT=0
ES =0010 0000000000000000 000fffff 000f9300 DPL=0 DS   [-WA]
CS =0008 0000000000000000 000fffff 002f9a00 DPL=0 CS64 [-R-]
SS =0010 0000000000000000 000fffff 000f9300 DPL=0 DS   [-WA]
DS =0010 0000000000000000 000fffff 000f9300 DPL=0 DS   [-WA]
FS =0010 0000000000000000 000fffff 000f9300 DPL=0 DS   [-WA]
GS =0010 0000000000000000 000fffff 000f9300 DPL=0 DS   [-WA]
LDT=0000 0000000000000000 0000ffff 00008200 DPL=0 LDT
TR =0000 0000000000000000 0000ffff 00008b00 DPL=0 TSS64-busy
GDT=     00000000036d0cf0 00000017
IDT=     00000000036cfce0 00000fff
CR0=80010033 CR2=0000000000000000 CR3=000000003de50000 CR4=00000668
DR0=0000000000000000 DR1=0000000000000000 DR2=0000000000000000 DR3=0000000000000000 
DR6=00000000ffff0ff0 DR7=0000000000000400
CCS=0000000000000028 CCD=0000000004e69b38 CCO=ADDQ
EFER=0000000000000d00
Servicing hardware INT=0x20
   353: v=20 e=0000 i=0 cpl=0 IP=0008:00000000001a8780 pc=00000000001a8780 SP=0010:0000000004e699e8 env->regs[R_EAX]=00000000000000e8
RAX=00000000000000e8 RBX=0000000004e69a50 RCX=0000000000000001 RDX=0000000000000001
RSI=0000000010000000 RDI=ffffffffffffffff RBP=0000000004e69af0 RSP=0000000004e699e8
R8 =475850414c483031 R9 =475850414c483031 R10=0000000100000000 R11=0000000000000001
R12=0000000000000000 R13=0000000000000000 R14=0000000000265a54 R15=0000000000265c5d
RIP=00000000001a8780 RFL=00000246 [---Z-P-] CPL=0 II=0 A20=1 SMM=0 HLT=0
ES =0010 0000000000000000 000fffff 000f9300 DPL=0 DS   [-WA]
CS =0008 0000000000000000 000fffff 002f9a00 DPL=0 CS64 [-R-]
SS =0010 0000000000000000 000fffff 000f9300 DPL=0 DS   [-WA]
DS =0010 0000000000000000 000fffff 000f9300 DPL=0 DS   [-WA]
FS =0010 0000000000000000 000fffff 000f9300 DPL=0 DS   [-WA]
GS =0010 0000000000000000 000fffff 000f9300 DPL=0 DS   [-WA]
LDT=0000 0000000000000000 0000ffff 00008200 DPL=0 LDT
TR =0000 0000000000000000 0000ffff 00008b00 DPL=0 TSS64-busy
GDT=     00000000036d0cf0 00000017
IDT=     00000000036cfce0 00000fff
CR0=80010033 CR2=0000000000000000 CR3=000000003de50000 CR4=00000668
DR0=0000000000000000 DR1=0000000000000000 DR2=0000000000000000 DR3=0000000000000000 
DR6=00000000ffff0ff0 DR7=0000000000000400
CCS=0000000000000044 CCD=0000000000000000 CCO=EFLAGS
EFER=0000000000000d00
Servicing hardware INT=0x20
   354: v=20 e=0000 i=0 cpl=0 IP=0008:0000000010005ec0 pc=0000000010005ec0 SP=0010:0000000004e697b0 env->regs[R_EAX]=0000000000000000
RAX=0000000000000000 RBX=0000000004e69a00 RCX=0000000100a00028 RDX=0000000104014730
RSI=0000000000000020 RDI=0000000000000000 RBP=0000000004e698b0 RSP=0000000004e697b0
R8 =0000000103f6c0a0 R9 =0000000004e698c0 R10=0000000000000000 R11=000000000392dc00
R12=0000000100a00028 R13=0000000000000000 R14=0000000000000001 R15=00000000100d1ec0
RIP=0000000010005ec0 RFL=00000246 [---Z-P-] CPL=0 II=0 A20=1 SMM=0 HLT=0
ES =0010 0000000000000000 000fffff 000f9300 DPL=0 DS   [-WA]
CS =0008 0000000000000000 000fffff 002f9a00 DPL=0 CS64 [-R-]
SS =0010 0000000000000000 000fffff 000f9300 DPL=0 DS   [-WA]
DS =0010 0000000000000000 000fffff 000f9300 DPL=0 DS   [-WA]
FS =0010 0000000000000000 000fffff 000f9300 DPL=0 DS   [-WA]
GS =0010 000000000392dce0 000fffff 000f9300 DPL=0 DS   [-WA]
LDT=0000 0000000000000000 0000ffff 00008200 DPL=0 LDT
TR =0000 0000000000000000 0000ffff 00008b00 DPL=0 TSS64-busy
GDT=     00000000036d0cf0 00000017
IDT=     00000000036cfce0 00000fff
CR0=80010033 CR2=0000000000000000 CR3=000000003de50000 CR4=00000668
DR0=0000000000000000 DR1=0000000000000000 DR2=0000000000000000 DR3=0000000000000000 
DR6=00000000ffff0ff0 DR7=0000000000000400
CCS=0000000000000044 CCD=0000000000000000 CCO=EFLAGS
EFER=0000000000000d00
Servicing hardware INT=0x20
   355: v=20 e=0000 i=0 cpl=0 IP=0008:00000000100081d8 pc=00000000100081d8 SP=0010:0000000004e69690 env->regs[R_EAX]=0000000000000060
RAX=0000000000000060 RBX=000000000392dc00 RCX=00000000101064b1 RDX=00000000000003fd
RSI=0000000000000001 RDI=000000000392dc00 RBP=0000000000000000 RSP=0000000004e69690
R8 =0000000000000073 R9 =000000000000000a R10=0000000000000000 R11=0000000004e69ae0
R12=0000000000000000 R13=0000000010233530 R14=0000000000000000 R15=0000000000000000
RIP=00000000100081d8 RFL=00000216 [----AP-] CPL=0 II=0 A20=1 SMM=0 HLT=0
ES =0010 0000000000000000 000fffff 000f9300 DPL=0 DS   [-WA]
CS =0008 0000000000000000 000fffff 002f9a00 DPL=0 CS64 [-R-]
SS =0010 0000000000000000 000fffff 000f9300 DPL=0 DS   [-WA]
DS =0010 0000000000000000 000fffff 000f9300 DPL=0 DS   [-WA]
FS =0010 0000000000000000 000fffff 000f9300 DPL=0 DS   [-WA]
GS =0010 000000000392dce0 000fffff 000f9300 DPL=0 DS   [-WA]
LDT=0000 0000000000000000 0000ffff 00008200 DPL=0 LDT
TR =0000 0000000000000000 0000ffff 00008b00 DPL=0 TSS64-busy
GDT=     00000000036d0cf0 00000017
IDT=     00000000036cfce0 00000fff
CR0=80010033 CR2=0000000000000000 CR3=000000003de50000 CR4=00000668
DR0=0000000000000000 DR1=0000000000000000 DR2=0000000000000000 DR3=0000000000000000 
DR6=00000000ffff0ff0 DR7=0000000000000400
CCS=0000000000000014 CCD=0000000000000069 CCO=EFLAGS
EFER=0000000000000d00
Servicing hardware INT=0x20
   356: v=20 e=0000 i=0 cpl=0 IP=0008:0000000010004e58 pc=0000000010004e58 SP=0010:0000000004e69398 env->regs[R_EAX]=0000000000000060
RAX=0000000000000060 RBX=0000000010121fd0 RCX=0000000000000030 RDX=00000000000003fd
RSI=0000000004e694e0 RDI=000000000392dbe0 RBP=000000001001fe10 RSP=0000000004e69398
R8 =0000000000000001 R9 =0000000010106528 R10=00000000101068de R11=0000000100a27500
R12=8000000000000000 R13=0000000000000001 R14=00000000ffffffff R15=0000000000000000
RIP=0000000010004e58 RFL=00000212 [----A--] CPL=0 II=0 A20=1 SMM=0 HLT=0
ES =0010 0000000000000000 000fffff 000f9300 DPL=0 DS   [-WA]
CS =0008 0000000000000000 000fffff 002f9a00 DPL=0 CS64 [-R-]
SS =0010 0000000000000000 000fffff 000f9300 DPL=0 DS   [-WA]
DS =0010 0000000000000000 000fffff 000f9300 DPL=0 DS   [-WA]
FS =0010 0000000000000000 000fffff 000f9300 DPL=0 DS   [-WA]
GS =0010 000000000392dce0 000fffff 000f9300 DPL=0 DS   [-WA]
LDT=0000 0000000000000000 0000ffff 00008200 DPL=0 LDT
TR =0000 0000000000000000 0000ffff 00008b00 DPL=0 TSS64-busy
GDT=     00000000036d0cf0 00000017
IDT=     00000000036cfce0 00000fff
CR0=80010033 CR2=0000000000000000 CR3=000000003de50000 CR4=00000668
DR0=0000000000000000 DR1=0000000000000000 DR2=0000000000000000 DR3=0000000000000000 
DR6=00000000ffff0ff0 DR7=0000000000000400
CCS=0000000000000010 CCD=0000000000000026 CCO=EFLAGS
EFER=0000000000000d00
Servicing hardware INT=0x20
   357: v=20 e=0000 i=0 cpl=0 IP=0008:0000000010004f58 pc=0000000010004f58 SP=0010:0000000004e69398 env->regs[R_EAX]=0000000000000060
RAX=0000000000000060 RBX=0000000000000000 RCX=0000000000000030 RDX=00000000000003fd
RSI=0000000010121fd0 RDI=0000000000000000 RBP=000000001001fe10 RSP=0000000004e69398
R8 =0000000000000001 R9 =0000000010106528 R10=00000000101071e1 R11=000000001010714a
R12=8000000000000000 R13=0000000000000001 R14=00000000ffffffff R15=0000000000000000
RIP=0000000010004f58 RFL=00000212 [----A--] CPL=0 II=0 A20=1 SMM=0 HLT=0
ES =0010 0000000000000000 000fffff 000f9300 DPL=0 DS   [-WA]
CS =0008 0000000000000000 000fffff 002f9a00 DPL=0 CS64 [-R-]
SS =0010 0000000000000000 000fffff 000f9300 DPL=0 DS   [-WA]
DS =0010 0000000000000000 000fffff 000f9300 DPL=0 DS   [-WA]
FS =0010 0000000000000000 000fffff 000f9300 DPL=0 DS   [-WA]
GS =0010 000000000392dce0 000fffff 000f9300 DPL=0 DS   [-WA]
LDT=0000 0000000000000000 0000ffff 00008200 DPL=0 LDT
TR =0000 0000000000000000 0000ffff 00008b00 DPL=0 TSS64-busy
GDT=     00000000036d0cf0 00000017
IDT=     00000000036cfce0 00000fff
CR0=80010033 CR2=0000000000000000 CR3=000000003de50000 CR4=00000668
DR0=0000000000000000 DR1=0000000000000000 DR2=0000000000000000 DR3=0000000000000000 
DR6=00000000ffff0ff0 DR7=0000000000000400
CCS=0000000000000010 CCD=0000000000000026 CCO=EFLAGS
EFER=0000000000000d00
Servicing hardware INT=0x20
   358: v=20 e=0000 i=0 cpl=0 IP=0008:0000000010004790 pc=0000000010004790 SP=0010:0000000004e693d0 env->regs[R_EAX]=000000000000000a
RAX=000000000000000a RBX=0000000010121fd0 RCX=000000000000000a RDX=00000000000003f8
RSI=0000000004e694e0 RDI=000000000392dbe0 RBP=000000001001fe10 RSP=0000000004e693d0
R8 =0000000000000030 R9 =0000000000000000 R10=0000000010106540 R11=00000000101065ed
R12=8000000000000000 R13=0000000000000001 R14=00000000ffffffff R15=0000000000000000
RIP=0000000010004790 RFL=00000206 [-----P-] CPL=0 II=0 A20=1 SMM=0 HLT=0
ES =0010 0000000000000000 000fffff 000f9300 DPL=0 DS   [-WA]
CS =0008 0000000000000000 000fffff 002f9a00 DPL=0 CS64 [-R-]
SS =0010 0000000000000000 000fffff 000f9300 DPL=0 DS   [-WA]
DS =0010 0000000000000000 000fffff 000f9300 DPL=0 DS   [-WA]
FS =0010 0000000000000000 000fffff 000f9300 DPL=0 DS   [-WA]
GS =0010 000000000392dce0 000fffff 000f9300 DPL=0 DS   [-WA]
LDT=0000 0000000000000000 0000ffff 00008200 DPL=0 LDT
TR =0000 0000000000000000 0000ffff 00008b00 DPL=0 TSS64-busy
GDT=     00000000036d0cf0 00000017
IDT=     00000000036cfce0 00000fff
CR0=80010033 CR2=0000000000000000 CR3=000000003de50000 CR4=00000668
DR0=0000000000000000 DR1=0000000000000000 DR2=0000000000000000 DR3=0000000000000000 
DR6=00000000ffff0ff0 DR7=0000000000000400
CCS=0000000000000004 CCD=0000000004e693c0 CCO=EFLAGS
EFER=0000000000000d00
Servicing hardware INT=0x20
   359: v=20 e=0000 i=0 cpl=0 IP=0008:0000000010004790 pc=0000000010004790 SP=0010:0000000004e693d0 env->regs[R_EAX]=000000000000000a
RAX=000000000000000a RBX=0000000010121fd0 RCX=000000000000000a RDX=00000000000003f8
RSI=0000000004e694e0 RDI=000000000392dbe0 RBP=000000001001fe10 RSP=0000000004e693d0
R8 =0000000000000030 R9 =0000000000000000 R10=0000000010106540 R11=00000000101065ed
R12=8000000000000000 R13=0000000000000001 R14=00000000ffffffff R15=0000000000000000
RIP=0000000010004790 RFL=00000206 [-----P-] CPL=0 II=0 A20=1 SMM=0 HLT=0
ES =0010 0000000000000000 000fffff 000f9300 DPL=0 DS   [-WA]
CS =0008 0000000000000000 000fffff 002f9a00 DPL=0 CS64 [-R-]
SS =0010 0000000000000000 000fffff 000f9300 DPL=0 DS   [-WA]
DS =0010 0000000000000000 000fffff 000f9300 DPL=0 DS   [-WA]
FS =0010 0000000000000000 000fffff 000f9300 DPL=0 DS   [-WA]
GS =0010 000000000392dce0 000fffff 000f9300 DPL=0 DS   [-WA]
LDT=0000 0000000000000000 0000ffff 00008200 DPL=0 LDT
TR =0000 0000000000000000 0000ffff 00008b00 DPL=0 TSS64-busy
GDT=     00000000036d0cf0 00000017
IDT=     00000000036cfce0 00000fff
CR0=80010033 CR2=0000000000000000 CR3=000000003de50000 CR4=00000668
DR0=0000000000000000 DR1=0000000000000000 DR2=0000000000000000 DR3=0000000000000000 
DR6=00000000ffff0ff0 DR7=0000000000000400
CCS=0000000000000004 CCD=0000000004e69360 CCO=EFLAGS
EFER=0000000000000d00
Servicing hardware INT=0x20
   360: v=20 e=0000 i=0 cpl=0 IP=0008:0000000010004790 pc=0000000010004790 SP=0010:0000000004e693d0 env->regs[R_EAX]=000000000000000a
RAX=000000000000000a RBX=0000000010121fd0 RCX=000000000000000a RDX=00000000000003f8
RSI=0000000004e694e0 RDI=000000000392dbe0 RBP=000000001001fe10 RSP=0000000004e693d0
R8 =0000000000000030 R9 =0000000000000000 R10=0000000010106540 R11=00000000101065ed
R12=8000000000000000 R13=0000000000000001 R14=00000000ffffffff R15=0000000000000000
RIP=0000000010004790 RFL=00000206 [-----P-] CPL=0 II=0 A20=1 SMM=0 HLT=0
ES =0010 0000000000000000 000fffff 000f9300 DPL=0 DS   [-WA]
CS =0008 0000000000000000 000fffff 002f9a00 DPL=0 CS64 [-R-]
SS =0010 0000000000000000 000fffff 000f9300 DPL=0 DS   [-WA]
DS =0010 0000000000000000 000fffff 000f9300 DPL=0 DS   [-WA]
FS =0010 0000000000000000 000fffff 000f9300 DPL=0 DS   [-WA]
GS =0010 000000000392dce0 000fffff 000f9300 DPL=0 DS   [-WA]
LDT=0000 0000000000000000 0000ffff 00008200 DPL=0 LDT
TR =0000 0000000000000000 0000ffff 00008b00 DPL=0 TSS64-busy
GDT=     00000000036d0cf0 00000017
IDT=     00000000036cfce0 00000fff
CR0=80010033 CR2=0000000000000000 CR3=000000003de50000 CR4=00000668
DR0=0000000000000000 DR1=0000000000000000 DR2=0000000000000000 DR3=0000000000000000 
DR6=00000000ffff0ff0 DR7=0000000000000400
CCS=0000000000000004 CCD=0000000004e69360 CCO=EFLAGS
EFER=0000000000000d00
Servicing hardware INT=0x20
   361: v=20 e=0000 i=0 cpl=0 IP=0008:0000000010004790 pc=0000000010004790 SP=0010:0000000004e693d0 env->regs[R_EAX]=000000000000000a
RAX=000000000000000a RBX=0000000010121fd0 RCX=000000000000000a RDX=00000000000003f8
RSI=0000000004e694e0 RDI=000000000392dbe0 RBP=000000001001fe10 RSP=0000000004e693d0
R8 =0000000000000030 R9 =0000000000000000 R10=0000000010106540 R11=00000000101065ed
R12=8000000000000000 R13=0000000000000001 R14=00000000ffffffff R15=0000000000000000
RIP=0000000010004790 RFL=00000206 [-----P-] CPL=0 II=0 A20=1 SMM=0 HLT=0
ES =0010 0000000000000000 000fffff 000f9300 DPL=0 DS   [-WA]
CS =0008 0000000000000000 000fffff 002f9a00 DPL=0 CS64 [-R-]
SS =0010 0000000000000000 000fffff 000f9300 DPL=0 DS   [-WA]
DS =0010 0000000000000000 000fffff 000f9300 DPL=0 DS   [-WA]
FS =0010 0000000000000000 000fffff 000f9300 DPL=0 DS   [-WA]
GS =0010 000000000392dce0 000fffff 000f9300 DPL=0 DS   [-WA]
LDT=0000 0000000000000000 0000ffff 00008200 DPL=0 LDT
TR =0000 0000000000000000 0000ffff 00008b00 DPL=0 TSS64-busy
GDT=     00000000036d0cf0 00000017
IDT=     00000000036cfce0 00000fff
CR0=80010033 CR2=0000000000000000 CR3=000000003de50000 CR4=00000668
DR0=0000000000000000 DR1=0000000000000000 DR2=0000000000000000 DR3=0000000000000000 
DR6=00000000ffff0ff0 DR7=0000000000000400
CCS=0000000000000004 CCD=0000000004e69360 CCO=EFLAGS
EFER=0000000000000d00
Servicing hardware INT=0x20
   362: v=20 e=0000 i=0 cpl=0 IP=0008:0000000010004790 pc=0000000010004790 SP=0010:0000000004e693d0 env->regs[R_EAX]=000000000000000a
RAX=000000000000000a RBX=0000000010121fd0 RCX=000000000000000a RDX=00000000000003f8
RSI=0000000004e694e0 RDI=000000000392dbe0 RBP=000000001001fe10 RSP=0000000004e693d0
R8 =0000000000000030 R9 =0000000000000000 R10=0000000010106540 R11=00000000101065ed
R12=8000000000000000 R13=0000000000000001 R14=00000000ffffffff R15=0000000000000000
RIP=0000000010004790 RFL=00000206 [-----P-] CPL=0 II=0 A20=1 SMM=0 HLT=0
ES =0010 0000000000000000 000fffff 000f9300 DPL=0 DS   [-WA]
CS =0008 0000000000000000 000fffff 002f9a00 DPL=0 CS64 [-R-]
SS =0010 0000000000000000 000fffff 000f9300 DPL=0 DS   [-WA]
DS =0010 0000000000000000 000fffff 000f9300 DPL=0 DS   [-WA]
FS =0010 0000000000000000 000fffff 000f9300 DPL=0 DS   [-WA]
GS =0010 000000000392dce0 000fffff 000f9300 DPL=0 DS   [-WA]
LDT=0000 0000000000000000 0000ffff 00008200 DPL=0 LDT
TR =0000 0000000000000000 0000ffff 00008b00 DPL=0 TSS64-busy
GDT=     00000000036d0cf0 00000017
IDT=     00000000036cfce0 00000fff
CR0=80010033 CR2=0000000000000000 CR3=000000003de50000 CR4=00000668
DR0=0000000000000000 DR1=0000000000000000 DR2=0000000000000000 DR3=0000000000000000 
DR6=00000000ffff0ff0 DR7=0000000000000400
CCS=0000000000000004 CCD=0000000004e69360 CCO=EFLAGS
EFER=0000000000000d00
Servicing hardware INT=0x20
   363: v=20 e=0000 i=0 cpl=0 IP=0008:0000000010004790 pc=0000000010004790 SP=0010:0000000004e693d0 env->regs[R_EAX]=000000000000000a
RAX=000000000000000a RBX=0000000010121fd0 RCX=000000000000000a RDX=00000000000003f8
RSI=0000000004e694e0 RDI=000000000392dbe0 RBP=000000001001fe10 RSP=0000000004e693d0
R8 =0000000000000030 R9 =0000000000000000 R10=0000000010106540 R11=00000000101065ed
R12=8000000000000000 R13=0000000000000001 R14=00000000ffffffff R15=0000000000000000
RIP=0000000010004790 RFL=00000206 [-----P-] CPL=0 II=0 A20=1 SMM=0 HLT=0
ES =0010 0000000000000000 000fffff 000f9300 DPL=0 DS   [-WA]
CS =0008 0000000000000000 000fffff 002f9a00 DPL=0 CS64 [-R-]
SS =0010 0000000000000000 000fffff 000f9300 DPL=0 DS   [-WA]
DS =0010 0000000000000000 000fffff 000f9300 DPL=0 DS   [-WA]
FS =0010 0000000000000000 000fffff 000f9300 DPL=0 DS   [-WA]
GS =0010 000000000392dce0 000fffff 000f9300 DPL=0 DS   [-WA]
LDT=0000 0000000000000000 0000ffff 00008200 DPL=0 LDT
TR =0000 0000000000000000 0000ffff 00008b00 DPL=0 TSS64-busy
GDT=     00000000036d0cf0 00000017
IDT=     00000000036cfce0 00000fff
CR0=80010033 CR2=0000000000000000 CR3=000000003de50000 CR4=00000668
DR0=0000000000000000 DR1=0000000000000000 DR2=0000000000000000 DR3=0000000000000000 
DR6=00000000ffff0ff0 DR7=0000000000000400
CCS=0000000000000004 CCD=0000000004e69360 CCO=EFLAGS
EFER=0000000000000d00
Servicing hardware INT=0x20
   364: v=20 e=0000 i=0 cpl=0 IP=0008:0000000010004790 pc=0000000010004790 SP=0010:0000000004e693d0 env->regs[R_EAX]=000000000000000a
RAX=000000000000000a RBX=0000000010121fd0 RCX=000000000000000a RDX=00000000000003f8
RSI=0000000004e694e0 RDI=000000000392dbe0 RBP=000000001001fe10 RSP=0000000004e693d0
R8 =0000000000000030 R9 =0000000000000000 R10=0000000010106540 R11=00000000101065ed
R12=8000000000000000 R13=0000000000000001 R14=00000000ffffffff R15=0000000000000000
RIP=0000000010004790 RFL=00000206 [-----P-] CPL=0 II=0 A20=1 SMM=0 HLT=0
ES =0010 0000000000000000 000fffff 000f9300 DPL=0 DS   [-WA]
CS =0008 0000000000000000 000fffff 002f9a00 DPL=0 CS64 [-R-]
SS =0010 0000000000000000 000fffff 000f9300 DPL=0 DS   [-WA]
DS =0010 0000000000000000 000fffff 000f9300 DPL=0 DS   [-WA]
FS =0010 0000000000000000 000fffff 000f9300 DPL=0 DS   [-WA]
GS =0010 000000000392dce0 000fffff 000f9300 DPL=0 DS   [-WA]
LDT=0000 0000000000000000 0000ffff 00008200 DPL=0 LDT
TR =0000 0000000000000000 0000ffff 00008b00 DPL=0 TSS64-busy
GDT=     00000000036d0cf0 00000017
IDT=     00000000036cfce0 00000fff
CR0=80010033 CR2=0000000000000000 CR3=000000003de50000 CR4=00000668
DR0=0000000000000000 DR1=0000000000000000 DR2=0000000000000000 DR3=0000000000000000 
DR6=00000000ffff0ff0 DR7=0000000000000400
CCS=0000000000000004 CCD=0000000004e69360 CCO=EFLAGS
EFER=0000000000000d00
